TS_PCODE,month,gi_star
MMR001001,2021-01-01,-0.272694209528333
MMR001002,2021-01-01,0.026391022707356278
MMR001003,2021-01-01,-0.11634185001923551
MMR001004,2021-01-01,-0.17397548907923654
MMR001005,2021-01-01,0.12078916082531276
MMR001006,2021-01-01,-0.3653135595692385
MMR001007,2021-01-01,0.10094372064890576
MMR001008,2021-01-01,0.026391022707356278
MMR001009,2021-01-01,0.3474539592334021
MMR001010,2021-01-01,-0.44879469734314437
MMR001011,2021-01-01,-0.44879469734314437
MMR001012,2021-01-01,0.026391022707356278
MMR001013,2021-01-01,-0.050670369054871135
MMR001014,2021-01-01,-0.40906085196402153
MMR001015,2021-01-01,-0.4855034895033482
MMR001016,2021-01-01,-0.40906085196402153
MMR001017,2021-01-01,-0.3653135595692385
MMR001018,2021-01-01,-0.44879469734314437
MMR002001,2021-01-01,-0.5198303770078394
MMR002002,2021-01-01,-0.40906085196402153
MMR002003,2021-01-01,-0.44879469734314437
MMR002004,2021-01-01,-0.40906085196402153
MMR002005,2021-01-01,-0.4855034895033482
MMR002006,2021-01-01,1.9399512723864951
MMR002007,2021-01-01,2.551302762798069
MMR003001,2021-01-01,2.247008726420983
MMR003002,2021-01-01,2.203650396064245
MMR003003,2021-01-01,4.999683105081097
MMR003004,2021-01-01,3.832530625900929
MMR003005,2021-01-01,-0.3653135595692385
MMR003006,2021-01-01,-0.44879469734314437
MMR003007,2021-01-01,-0.11634185001923551
MMR004001,2021-01-01,-0.40906085196402153
MMR004002,2021-01-01,-0.44879469734314437
MMR004003,2021-01-01,-0.3653135595692385
MMR004004,2021-01-01,-0.3653135595692385
MMR004005,2021-01-01,-0.3653135595692385
MMR004006,2021-01-01,-0.050670369054871135
MMR004007,2021-01-01,-0.11634185001923551
MMR004008,2021-01-01,0.3474539592334021
MMR004009,2021-01-01,0.8635891747065719
MMR005001,2021-01-01,-0.5522215306087197
MMR005002,2021-01-01,-0.4855034895033482
MMR005003,2021-01-01,-0.44879469734314437
MMR005004,2021-01-01,-0.44879469734314437
MMR005005,2021-01-01,-0.44879469734314437
MMR005006,2021-01-01,-0.4855034895033482
MMR005007,2021-01-01,-0.5198303770078394
MMR005008,2021-01-01,-0.5522215306087197
MMR005009,2021-01-01,-0.5198303770078394
MMR005010,2021-01-01,-0.4855034895033482
MMR005011,2021-01-01,-0.40906085196402153
MMR005012,2021-01-01,-0.4855034895033482
MMR005013,2021-01-01,-0.44879469734314437
MMR005014,2021-01-01,-0.4855034895033482
MMR005015,2021-01-01,-0.44879469734314437
MMR005016,2021-01-01,-0.44879469734314437
MMR005017,2021-01-01,-0.5198303770078394
MMR005018,2021-01-01,-0.4855034895033482
MMR005019,2021-01-01,-0.4855034895033482
MMR005020,2021-01-01,-0.44879469734314437
MMR005021,2021-01-01,-0.44879469734314437
MMR005022,2021-01-01,-0.5198303770078394
MMR005023,2021-01-01,-0.11634185001923551
MMR005024,2021-01-01,-0.44879469734314437
MMR005025,2021-01-01,-0.44879469734314437
MMR005026,2021-01-01,-0.44879469734314437
MMR005027,2021-01-01,-0.5830014134743672
MMR005028,2021-01-01,-0.40906085196402153
MMR005029,2021-01-01,-0.5198303770078394
MMR005030,2021-01-01,-0.050670369054871135
MMR005031,2021-01-01,-0.44879469734314437
MMR005032,2021-01-01,-0.11634185001923551
MMR005033,2021-01-01,0.2528197894648772
MMR005034,2021-01-01,0.1718793988493663
MMR005035,2021-01-01,0.24455744910513186
MMR005036,2021-01-01,-0.31588670509412864
MMR005037,2021-01-01,-0.3653135595692385
MMR006001,2021-01-01,-0.44879469734314437
MMR006002,2021-01-01,-0.3653135595692385
MMR006003,2021-01-01,-0.3653135595692385
MMR006004,2021-01-01,-0.3653135595692385
MMR006005,2021-01-01,-0.3653135595692385
MMR006006,2021-01-01,-0.3653135595692385
MMR006007,2021-01-01,-0.40906085196402153
MMR006008,2021-01-01,-0.44879469734314437
MMR006009,2021-01-01,-0.2575269431750679
MMR006010,2021-01-01,-0.3653135595692385
MMR007001,2021-01-01,-0.5830014134743672
MMR007002,2021-01-01,-0.3653135595692385
MMR007003,2021-01-01,-0.40906085196402153
MMR007004,2021-01-01,0.2528197894648772
MMR007005,2021-01-01,0.4618428973787341
MMR007006,2021-01-01,2.647211875622291
MMR007007,2021-01-01,0.4618428973787341
MMR007008,2021-01-01,6.051412493635614
MMR007009,2021-01-01,-0.44879469734314437
MMR007010,2021-01-01,-0.44879469734314437
MMR007011,2021-01-01,5.051921102758342
MMR007012,2021-01-01,2.8369512658536657
MMR007013,2021-01-01,-0.40906085196402153
MMR007014,2021-01-01,3.134324257251315
MMR008001,2021-01-01,-0.44879469734314437
MMR008002,2021-01-01,-0.5830014134743672
MMR008003,2021-01-01,-0.5198303770078394
MMR008004,2021-01-01,-0.3653135595692385
MMR008005,2021-01-01,-0.44879469734314437
MMR008006,2021-01-01,-0.4855034895033482
MMR008007,2021-01-01,-0.40906085196402153
MMR008008,2021-01-01,-0.5830014134743672
MMR008009,2021-01-01,-0.3653135595692385
MMR008010,2021-01-01,-0.44879469734314437
MMR008011,2021-01-01,-0.31588670509412864
MMR008012,2021-01-01,-0.5830014134743672
MMR008013,2021-01-01,-0.5830014134743672
MMR008014,2021-01-01,-0.44879469734314437
MMR009001,2021-01-01,-0.5522215306087197
MMR009002,2021-01-01,-0.4855034895033482
MMR009003,2021-01-01,-0.4855034895033482
MMR009004,2021-01-01,-0.4855034895033482
MMR009005,2021-01-01,-0.44879469734314437
MMR009006,2021-01-01,-0.5198303770078394
MMR009007,2021-01-01,-0.40906085196402153
MMR009008,2021-01-01,-0.4855034895033482
MMR009009,2021-01-01,-0.050670369054871135
MMR009010,2021-01-01,-0.4855034895033482
MMR009011,2021-01-01,0.1718793988493663
MMR009012,2021-01-01,-0.44879469734314437
MMR009013,2021-01-01,-0.17397548907923654
MMR009014,2021-01-01,-0.050670369054871135
MMR009015,2021-01-01,-0.44879469734314437
MMR009016,2021-01-01,-0.5522215306087197
MMR009017,2021-01-01,-0.4855034895033482
MMR009018,2021-01-01,-0.5198303770078394
MMR009019,2021-01-01,-0.5198303770078394
MMR009020,2021-01-01,-0.44879469734314437
MMR009021,2021-01-01,-0.5198303770078394
MMR009022,2021-01-01,-0.44879469734314437
MMR009023,2021-01-01,-0.5522215306087197
MMR009024,2021-01-01,-0.44879469734314437
MMR009025,2021-01-01,-0.5198303770078394
MMR010001,2021-01-01,-0.31588670509412864
MMR010002,2021-01-01,-0.3653135595692385
MMR010003,2021-01-01,-0.40906085196402153
MMR010004,2021-01-01,-0.40906085196402153
MMR010005,2021-01-01,-0.3653135595692385
MMR010006,2021-01-01,-0.5198303770078394
MMR010007,2021-01-01,-0.6124146876439628
MMR010008,2021-01-01,-0.44879469734314437
MMR010009,2021-01-01,-0.4855034895033482
MMR010010,2021-01-01,-0.4855034895033482
MMR010011,2021-01-01,5.6872653934352675
MMR010012,2021-01-01,-0.225638904979907
MMR010013,2021-01-01,-0.5198303770078394
MMR010014,2021-01-01,-0.44879469734314437
MMR010015,2021-01-01,-0.44879469734314437
MMR010016,2021-01-01,-0.5198303770078394
MMR010017,2021-01-01,-0.44879469734314437
MMR010018,2021-01-01,-0.5198303770078394
MMR010019,2021-01-01,-0.5198303770078394
MMR010020,2021-01-01,-0.5198303770078394
MMR010021,2021-01-01,-0.4855034895033482
MMR010022,2021-01-01,-0.40906085196402153
MMR010023,2021-01-01,-0.5198303770078394
MMR010024,2021-01-01,-0.40906085196402153
MMR010028,2021-01-01,-0.4855034895033482
MMR010029,2021-01-01,-0.44879469734314437
MMR010030,2021-01-01,-0.5198303770078394
MMR010031,2021-01-01,-0.4855034895033482
MMR011001,2021-01-01,0.026391022707356278
MMR011002,2021-01-01,0.026391022707356278
MMR011003,2021-01-01,-0.18182209097026958
MMR011004,2021-01-01,0.12078916082531276
MMR011005,2021-01-01,0.026391022707356278
MMR011006,2021-01-01,-0.3653135595692385
MMR011007,2021-01-01,0.606891881219864
MMR011008,2021-01-01,-0.3653135595692385
MMR011009,2021-01-01,0.606891881219864
MMR011010,2021-01-01,2.7361999289630416
MMR012001,2021-01-01,0.4278270185005161
MMR012002,2021-01-01,0.897294772050112
MMR012003,2021-01-01,0.897294772050112
MMR012004,2021-01-01,1.3327466467214897
MMR012005,2021-01-01,0.5177342867779691
MMR012006,2021-01-01,0.8050016033043924
MMR012007,2021-01-01,0.24455744910513186
MMR012008,2021-01-01,1.0929946016144152
MMR012009,2021-01-01,0.8050016033043924
MMR012010,2021-01-01,1.5418269440982217
MMR012011,2021-01-01,0.24455744910513186
MMR012012,2021-01-01,-0.18182209097026958
MMR012013,2021-01-01,0.24455744910513186
MMR012014,2021-01-01,0.03761299441770118
MMR012015,2021-01-01,-0.44879469734314437
MMR012016,2021-01-01,-0.050670369054871135
MMR012017,2021-01-01,-0.5198303770078394
MMR013001,2021-01-01,-0.44879469734314437
MMR013002,2021-01-01,-0.4855034895033482
MMR013003,2021-01-01,-0.44879469734314437
MMR013004,2021-01-01,-0.6406512235017753
MMR013005,2021-01-01,-0.5522215306087197
MMR013006,2021-01-01,-0.4855034895033482
MMR013007,2021-01-01,-0.44879469734314437
MMR013009,2021-01-01,-0.5198303770078394
MMR013010,2021-01-01,-0.44879469734314437
MMR013011,2021-01-01,-0.40906085196402153
MMR013012,2021-01-01,-0.44879469734314437
MMR013013,2021-01-01,-0.40906085196402153
MMR013014,2021-01-01,-0.40906085196402153
MMR013015,2021-01-01,-0.44879469734314437
MMR013016,2021-01-01,-0.31588670509412864
MMR013017,2021-01-01,-0.40906085196402153
MMR013018,2021-01-01,-0.4855034895033482
MMR013019,2021-01-01,-0.4855034895033482
MMR013020,2021-01-01,-0.40906085196402153
MMR013021,2021-01-01,-0.40906085196402153
MMR013022,2021-01-01,-0.5522215306087197
MMR013023,2021-01-01,-0.44879469734314437
MMR013024,2021-01-01,-0.31588670509412864
MMR013025,2021-01-01,-0.3653135595692385
MMR013026,2021-01-01,-0.40906085196402153
MMR013027,2021-01-01,-0.5830014134743672
MMR013028,2021-01-01,-0.44879469734314437
MMR013029,2021-01-01,-0.2575269431750679
MMR013030,2021-01-01,-0.3653135595692385
MMR013031,2021-01-01,-0.3653135595692385
MMR013032,2021-01-01,-0.18182209097026958
MMR013033,2021-01-01,-0.40906085196402153
MMR013034,2021-01-01,-0.44879469734314437
MMR013035,2021-01-01,-0.4855034895033482
MMR013036,2021-01-01,-0.3653135595692385
MMR013037,2021-01-01,-0.40906085196402153
MMR013038,2021-01-01,-0.4855034895033482
MMR013039,2021-01-01,-0.44879469734314437
MMR013040,2021-01-01,-0.3653135595692385
MMR013041,2021-01-01,-0.4855034895033482
MMR013042,2021-01-01,-0.6124146876439628
MMR013043,2021-01-01,-0.5522215306087197
MMR013044,2021-01-01,-0.5198303770078394
MMR013046,2021-01-01,-0.4855034895033482
MMR013047,2021-01-01,-0.44879469734314437
MMR014001,2021-01-01,-0.44879469734314437
MMR014002,2021-01-01,-0.4855034895033482
MMR014003,2021-01-01,-0.4855034895033482
MMR014004,2021-01-01,-0.4855034895033482
MMR014005,2021-01-01,-0.5198303770078394
MMR014006,2021-01-01,-0.40906085196402153
MMR014007,2021-01-01,-0.4855034895033482
MMR014008,2021-01-01,4.721519688609908
MMR014009,2021-01-01,-0.5198303770078394
MMR014010,2021-01-01,-0.5198303770078394
MMR014011,2021-01-01,-0.44879469734314437
MMR014012,2021-01-01,-0.44879469734314437
MMR014013,2021-01-01,-0.4855034895033482
MMR014014,2021-01-01,-0.44879469734314437
MMR014015,2021-01-01,1.2094440626351748
MMR014016,2021-01-01,1.5418269440982217
MMR014017,2021-01-01,-0.4855034895033482
MMR014018,2021-01-01,-0.050670369054871135
MMR014019,2021-01-01,-0.17397548907923654
MMR014020,2021-01-01,-0.5198303770078394
MMR014021,2021-01-01,0.12078916082531276
MMR015001,2021-01-01,2.713604725679408
MMR015002,2021-01-01,0.897294772050112
MMR015003,2021-01-01,1.939951272386495
MMR015004,2021-01-01,-0.17397548907923654
MMR015005,2021-01-01,-0.44879469734314437
MMR015006,2021-01-01,-0.3653135595692385
MMR015007,2021-01-01,-0.31588670509412864
MMR015008,2021-01-01,-0.44879469734314437
MMR015009,2021-01-01,2.551302762798069
MMR015010,2021-01-01,2.203650396064245
MMR015011,2021-01-01,1.5552989505637775
MMR015012,2021-01-01,6.897729300178905
MMR015013,2021-01-01,4.019935228194659
MMR015014,2021-01-01,7.285761484482785
MMR015015,2021-01-01,4.380909769421134
MMR015016,2021-01-01,8.708064853287139
MMR015017,2021-01-01,5.051921102758342
MMR015018,2021-01-01,-0.5522215306087197
MMR015019,2021-01-01,2.2097634220399405
MMR015020,2021-01-01,0.7455782875216754
MMR015021,2021-01-01,-0.050670369054871135
MMR015022,2021-01-01,0.4618428973787341
MMR015023,2021-01-01,2.0652000424035175
MMR015024,2021-01-01,-0.4855034895033482
MMR016001,2021-01-01,-0.4855034895033482
MMR016002,2021-01-01,-0.44879469734314437
MMR016003,2021-01-01,-0.40906085196402153
MMR016005,2021-01-01,-0.40906085196402153
MMR016006,2021-01-01,-0.44879469734314437
MMR016007,2021-01-01,-0.5522215306087197
MMR016008,2021-01-01,-0.050670369054871135
MMR016009,2021-01-01,-0.3653135595692385
MMR016010,2021-01-01,-0.40906085196402153
MMR016011,2021-01-01,-0.40906085196402153
MMR017001,2021-01-01,-0.40906085196402153
MMR017002,2021-01-01,-0.44879469734314437
MMR017003,2021-01-01,-0.44879469734314437
MMR017004,2021-01-01,-0.2575269431750679
MMR017005,2021-01-01,-0.4855034895033482
MMR017006,2021-01-01,-0.44879469734314437
MMR017007,2021-01-01,-0.4855034895033482
MMR017008,2021-01-01,-0.4855034895033482
MMR017009,2021-01-01,-0.44879469734314437
MMR017010,2021-01-01,-0.44879469734314437
MMR017011,2021-01-01,-0.44879469734314437
MMR017012,2021-01-01,-0.44879469734314437
MMR017013,2021-01-01,-0.4855034895033482
MMR017014,2021-01-01,-0.40906085196402153
MMR017015,2021-01-01,-0.44879469734314437
MMR017016,2021-01-01,-0.3653135595692385
MMR017017,2021-01-01,-0.5198303770078394
MMR017018,2021-01-01,-0.40906085196402153
MMR017019,2021-01-01,-0.4855034895033482
MMR017020,2021-01-01,-0.5198303770078394
MMR017021,2021-01-01,-0.4855034895033482
MMR017022,2021-01-01,-0.4855034895033482
MMR017023,2021-01-01,-0.3653135595692385
MMR017024,2021-01-01,-0.3653135595692385
MMR017025,2021-01-01,-0.5198303770078394
MMR017026,2021-01-01,-0.31588670509412864
MMR018001,2021-01-01,-0.40906085196402153
MMR018002,2021-01-01,-0.40906085196402153
MMR018003,2021-01-01,-0.5198303770078394
MMR018004,2021-01-01,-0.40906085196402153
MMR018005,2021-01-01,-0.44879469734314437
MMR018006,2021-01-01,-0.5522215306087197
MMR018007,2021-01-01,-0.5522215306087197
MMR018008,2021-01-01,-0.4855034895033482
MMR001001,2021-02-01,0
MMR001002,2021-02-01,0.6444198381370467
MMR001003,2021-02-01,0.3288422279021966
MMR001004,2021-02-01,0.46287271881713254
MMR001005,2021-02-01,-0.21547268132706704
MMR001006,2021-02-01,-0.5745938168721787
MMR001007,2021-02-01,0.5837294264558046
MMR001008,2021-02-01,0.9666297572055701
MMR001009,2021-02-01,0.1770357447724553
MMR001010,2021-02-01,0.1770357447724553
MMR001011,2021-02-01,0.1770357447724553
MMR001012,2021-02-01,0.6444198381370467
MMR001013,2021-02-01,-0.11802382984830362
MMR001014,2021-02-01,-0.6444198381370467
MMR001015,2021-02-01,0.054807037983699354
MMR001016,2021-02-01,-0.6444198381370467
MMR001017,2021-02-01,-0.5745938168721787
MMR001018,2021-02-01,-0.7081429790898213
MMR002001,2021-02-01,-0.8228848334526803
MMR002002,2021-02-01,-0.6444198381370467
MMR002003,2021-02-01,-0.7081429790898213
MMR002004,2021-02-01,-0.6444198381370467
MMR002005,2021-02-01,-0.7672985317717923
MMR002006,2021-02-01,1.9473931924970087
MMR002007,2021-02-01,2.657496403033827
MMR003001,2021-02-01,2.5200848024488334
MMR003002,2021-02-01,2.899889271616711
MMR003003,2021-02-01,3.9888177474479996
MMR003004,2021-02-01,3.0113837649518014
MMR003005,2021-02-01,0.14364845421804465
MMR003006,2021-02-01,-0.11802382984830362
MMR003007,2021-02-01,0.054807037983699354
MMR004001,2021-02-01,-0.6444198381370467
MMR004002,2021-02-01,-0.7081429790898213
MMR004003,2021-02-01,-0.5745938168721787
MMR004004,2021-02-01,-0.5745938168721787
MMR004005,2021-02-01,-0.5745938168721787
MMR004006,2021-02-01,-0.41308340446906244
MMR004007,2021-02-01,-0.49326334185329507
MMR004008,2021-02-01,-0.11802382984830362
MMR004009,2021-02-01,0.46287271881713254
MMR005001,2021-02-01,-0.8755941396837071
MMR005002,2021-02-01,-0.7672985317717923
MMR005003,2021-02-01,-0.7081429790898213
MMR005004,2021-02-01,-0.7081429790898213
MMR005005,2021-02-01,-0.7081429790898213
MMR005006,2021-02-01,-0.7672985317717923
MMR005007,2021-02-01,-0.8228848334526803
MMR005008,2021-02-01,-0.8755941396837071
MMR005009,2021-02-01,-0.8228848334526803
MMR005010,2021-02-01,-0.49326334185329507
MMR005011,2021-02-01,-0.6444198381370467
MMR005012,2021-02-01,-0.49326334185329507
MMR005013,2021-02-01,-0.41308340446906244
MMR005014,2021-02-01,-0.49326334185329507
MMR005015,2021-02-01,-0.7081429790898213
MMR005016,2021-02-01,-0.41308340446906244
MMR005017,2021-02-01,-0.5657333229987177
MMR005018,2021-02-01,-0.7672985317717923
MMR005019,2021-02-01,-0.7672985317717923
MMR005020,2021-02-01,-0.7081429790898213
MMR005021,2021-02-01,-0.7081429790898213
MMR005022,2021-02-01,-0.8228848334526803
MMR005023,2021-02-01,-0.49326334185329507
MMR005024,2021-02-01,-0.7081429790898213
MMR005025,2021-02-01,-0.7081429790898213
MMR005026,2021-02-01,-0.7081429790898213
MMR005027,2021-02-01,-0.9259297572851976
MMR005028,2021-02-01,-0.6444198381370467
MMR005029,2021-02-01,-0.8228848334526803
MMR005030,2021-02-01,-0.41308340446906244
MMR005031,2021-02-01,-0.7081429790898213
MMR005032,2021-02-01,-0.49326334185329507
MMR005033,2021-02-01,0.054807037983699354
MMR005034,2021-02-01,-0.05143030209079256
MMR005035,2021-02-01,-0.0826791037821243
MMR005036,2021-02-01,-0.4960746226927455
MMR005037,2021-02-01,-0.5745938168721787
MMR006001,2021-02-01,-0.41308340446906244
MMR006002,2021-02-01,-0.21547268132706704
MMR006003,2021-02-01,-0.21547268132706704
MMR006004,2021-02-01,-0.21547268132706704
MMR006005,2021-02-01,-0.5745938168721787
MMR006006,2021-02-01,-0.5745938168721787
MMR006007,2021-02-01,-0.32220991906852336
MMR006008,2021-02-01,-0.41308340446906244
MMR006009,2021-02-01,-0.403798857920312
MMR006010,2021-02-01,-0.5745938168721787
MMR007001,2021-02-01,-0.9259297572851976
MMR007002,2021-02-01,-0.5745938168721787
MMR007003,2021-02-01,-0.6444198381370467
MMR007004,2021-02-01,-0.21922815193479786
MMR007005,2021-02-01,0
MMR007006,2021-02-01,1.4614068271089624
MMR007007,2021-02-01,0
MMR007008,2021-02-01,4.834448396534496
MMR007009,2021-02-01,-0.7081429790898213
MMR007010,2021-02-01,-0.7081429790898213
MMR007011,2021-02-01,4.1653348867611575
MMR007012,2021-02-01,1.6990181774946824
MMR007013,2021-02-01,-0.6444198381370467
MMR007014,2021-02-01,1.9473931924970087
MMR008001,2021-02-01,-0.7081429790898213
MMR008002,2021-02-01,-0.9259297572851976
MMR008003,2021-02-01,-0.8228848334526803
MMR008004,2021-02-01,-0.5745938168721787
MMR008005,2021-02-01,-0.7081429790898213
MMR008006,2021-02-01,-0.7672985317717923
MMR008007,2021-02-01,-0.6444198381370467
MMR008008,2021-02-01,-0.9259297572851976
MMR008009,2021-02-01,-0.5745938168721787
MMR008010,2021-02-01,-0.7081429790898213
MMR008011,2021-02-01,-0.4960746226927455
MMR008012,2021-02-01,-0.9259297572851976
MMR008013,2021-02-01,-0.9259297572851976
MMR008014,2021-02-01,-0.7081429790898213
MMR009001,2021-02-01,-0.8755941396837071
MMR009002,2021-02-01,-0.7672985317717923
MMR009003,2021-02-01,-0.7672985317717923
MMR009004,2021-02-01,-0.7672985317717923
MMR009005,2021-02-01,-0.7081429790898213
MMR009006,2021-02-01,-0.8228848334526803
MMR009007,2021-02-01,-0.6444198381370467
MMR009008,2021-02-01,-0.7672985317717923
MMR009009,2021-02-01,-0.11802382984830362
MMR009010,2021-02-01,-0.7672985317717923
MMR009011,2021-02-01,-0.05143030209079256
MMR009012,2021-02-01,-0.7081429790898213
MMR009013,2021-02-01,-0.3085818125447551
MMR009014,2021-02-01,-0.11802382984830362
MMR009015,2021-02-01,-0.7081429790898213
MMR009016,2021-02-01,-0.8755941396837071
MMR009017,2021-02-01,-0.7672985317717923
MMR009018,2021-02-01,-0.8228848334526803
MMR009019,2021-02-01,-0.8228848334526803
MMR009020,2021-02-01,-0.7081429790898213
MMR009021,2021-02-01,-0.8228848334526803
MMR009022,2021-02-01,-0.7081429790898213
MMR009023,2021-02-01,-0.8755941396837071
MMR009024,2021-02-01,-0.7081429790898213
MMR009025,2021-02-01,-0.8228848334526803
MMR010001,2021-02-01,-0.0826791037821243
MMR010002,2021-02-01,0.14364845421804465
MMR010003,2021-02-01,0.6444198381370467
MMR010004,2021-02-01,0.3222099190685235
MMR010005,2021-02-01,0.14364845421804465
MMR010006,2021-02-01,-0.05143030209079256
MMR010007,2021-02-01,0.3542804429355059
MMR010008,2021-02-01,-0.11802382984830362
MMR010009,2021-02-01,-0.21922815193479786
MMR010010,2021-02-01,-0.7672985317717923
MMR010011,2021-02-01,6.444198381370468
MMR010012,2021-02-01,-0.6323735453271219
MMR010013,2021-02-01,-0.3085818125447551
MMR010014,2021-02-01,-0.11802382984830362
MMR010015,2021-02-01,-0.7081429790898213
MMR010016,2021-02-01,-0.8228848334526803
MMR010017,2021-02-01,-0.7081429790898213
MMR010018,2021-02-01,-0.8228848334526803
MMR010019,2021-02-01,-0.8228848334526803
MMR010020,2021-02-01,-0.8228848334526803
MMR010021,2021-02-01,-0.7672985317717923
MMR010022,2021-02-01,-0.6444198381370467
MMR010023,2021-02-01,-0.8228848334526803
MMR010024,2021-02-01,-0.6444198381370467
MMR010028,2021-02-01,-0.7672985317717923
MMR010029,2021-02-01,-0.7081429790898213
MMR010030,2021-02-01,-0.8228848334526803
MMR010031,2021-02-01,-0.7672985317717923
MMR011001,2021-02-01,-0.32220991906852336
MMR011002,2021-02-01,0.3222099190685235
MMR011003,2021-02-01,-0.28465706463351875
MMR011004,2021-02-01,-0.21547268132706704
MMR011005,2021-02-01,-0.32220991906852336
MMR011006,2021-02-01,-0.5745938168721787
MMR011007,2021-02-01,0.14364845421804465
MMR011008,2021-02-01,-0.5745938168721787
MMR011009,2021-02-01,0.14364845421804465
MMR011010,2021-02-01,2.537512341738526
MMR012001,2021-02-01,0.10094971448007797
MMR012002,2021-02-01,0.9666297572055701
MMR012003,2021-02-01,0.3222099190685235
MMR012004,2021-02-01,0.9666297572055701
MMR012005,2021-02-01,0.20572120836317
MMR012006,2021-02-01,0.7441119340391181
MMR012007,2021-02-01,-0.0826791037821243
MMR012008,2021-02-01,1.9392541319436032
MMR012009,2021-02-01,1.984298490770982
MMR012010,2021-02-01,1.9473931924970087
MMR012011,2021-02-01,0.3307164151284969
MMR012012,2021-02-01,-0.28465706463351875
MMR012013,2021-02-01,0.3307164151284969
MMR012014,2021-02-01,-0.23148243932129933
MMR012015,2021-02-01,-0.7081429790898213
MMR012016,2021-02-01,-0.11802382984830362
MMR012017,2021-02-01,-0.5657333229987177
MMR013001,2021-02-01,-0.41308340446906244
MMR013002,2021-02-01,-0.49326334185329507
MMR013003,2021-02-01,-0.41308340446906244
MMR013004,2021-02-01,-1.020913151002917
MMR013005,2021-02-01,-0.8755941396837071
MMR013006,2021-02-01,-0.49326334185329507
MMR013007,2021-02-01,-0.41308340446906244
MMR013009,2021-02-01,-0.8228848334526803
MMR013010,2021-02-01,-0.7081429790898213
MMR013011,2021-02-01,-0.6444198381370467
MMR013012,2021-02-01,-0.7081429790898213
MMR013013,2021-02-01,-0.6444198381370467
MMR013014,2021-02-01,-0.6444198381370467
MMR013015,2021-02-01,-0.7081429790898213
MMR013016,2021-02-01,-0.4960746226927455
MMR013017,2021-02-01,-0.6444198381370467
MMR013018,2021-02-01,-0.7672985317717923
MMR013019,2021-02-01,-0.7672985317717923
MMR013020,2021-02-01,-0.6444198381370467
MMR013021,2021-02-01,-0.6444198381370467
MMR013022,2021-02-01,-0.8755941396837071
MMR013023,2021-02-01,-0.7081429790898213
MMR013024,2021-02-01,-0.4960746226927455
MMR013025,2021-02-01,-0.5745938168721787
MMR013026,2021-02-01,-0.6444198381370467
MMR013027,2021-02-01,-0.9259297572851976
MMR013028,2021-02-01,-0.7081429790898213
MMR013029,2021-02-01,-0.403798857920312
MMR013030,2021-02-01,-0.5745938168721787
MMR013031,2021-02-01,-0.5745938168721787
MMR013032,2021-02-01,-0.28465706463351875
MMR013033,2021-02-01,-0.6444198381370467
MMR013034,2021-02-01,-0.7081429790898213
MMR013035,2021-02-01,-0.7672985317717923
MMR013036,2021-02-01,-0.5745938168721787
MMR013037,2021-02-01,-0.6444198381370467
MMR013038,2021-02-01,-0.7672985317717923
MMR013039,2021-02-01,-0.7081429790898213
MMR013040,2021-02-01,-0.5745938168721787
MMR013041,2021-02-01,-0.7672985317717923
MMR013042,2021-02-01,-0.9742712180726417
MMR013043,2021-02-01,-0.8755941396837071
MMR013044,2021-02-01,-0.8228848334526803
MMR013046,2021-02-01,-0.7672985317717923
MMR013047,2021-02-01,-0.41308340446906244
MMR014001,2021-02-01,-0.7081429790898213
MMR014002,2021-02-01,-0.7672985317717923
MMR014003,2021-02-01,-0.7672985317717923
MMR014004,2021-02-01,-0.7672985317717923
MMR014005,2021-02-01,-0.8228848334526803
MMR014006,2021-02-01,-0.6444198381370467
MMR014007,2021-02-01,-0.7672985317717923
MMR014008,2021-02-01,5.889912363802789
MMR014009,2021-02-01,-0.8228848334526803
MMR014010,2021-02-01,-0.8228848334526803
MMR014011,2021-02-01,-0.7081429790898213
MMR014012,2021-02-01,-0.7081429790898213
MMR014013,2021-02-01,-0.7672985317717923
MMR014014,2021-02-01,-0.7081429790898213
MMR014015,2021-02-01,1.7486302710869452
MMR014016,2021-02-01,2.242452767117767
MMR014017,2021-02-01,-0.7672985317717923
MMR014018,2021-02-01,0.1770357447724553
MMR014019,2021-02-01,-0.05143030209079256
MMR014020,2021-02-01,-0.8228848334526803
MMR014021,2021-02-01,0.5027695897631563
MMR015001,2021-02-01,5.448141313587511
MMR015002,2021-02-01,3.2220991906852343
MMR015003,2021-02-01,2.537512341738526
MMR015004,2021-02-01,-0.5657333229987177
MMR015005,2021-02-01,-0.7081429790898213
MMR015006,2021-02-01,-0.5745938168721787
MMR015007,2021-02-01,-0.4960746226927455
MMR015008,2021-02-01,-0.7081429790898213
MMR015009,2021-02-01,7.326071165120278
MMR015010,2021-02-01,6.766408300438991
MMR015011,2021-02-01,5.605902927896384
MMR015012,2021-02-01,8.275862735538613
MMR015013,2021-02-01,4.961700124874341
MMR015014,2021-02-01,10.06933260636263
MMR015015,2021-02-01,7.410828138576037
MMR015016,2021-02-01,12.569537878844326
MMR015017,2021-02-01,5.809546026272141
MMR015018,2021-02-01,-0.6323735453271219
MMR015019,2021-02-01,4.861131225747287
MMR015020,2021-02-01,2.537512341738526
MMR015021,2021-02-01,-0.11802382984830362
MMR015022,2021-02-01,2.2554694334796643
MMR015023,2021-02-01,6.966950029575166
MMR015024,2021-02-01,-0.7672985317717923
MMR016001,2021-02-01,-0.7672985317717923
MMR016002,2021-02-01,-0.7081429790898213
MMR016003,2021-02-01,-0.6444198381370467
MMR016005,2021-02-01,-0.6444198381370467
MMR016006,2021-02-01,-0.7081429790898213
MMR016007,2021-02-01,-0.8755941396837071
MMR016008,2021-02-01,0.1770357447724553
MMR016009,2021-02-01,-0.5745938168721787
MMR016010,2021-02-01,-0.6444198381370467
MMR016011,2021-02-01,-0.6444198381370467
MMR017001,2021-02-01,-0.32220991906852336
MMR017002,2021-02-01,-0.41308340446906244
MMR017003,2021-02-01,-0.41308340446906244
MMR017004,2021-02-01,0.10094971448007797
MMR017005,2021-02-01,-0.7672985317717923
MMR017006,2021-02-01,-0.7081429790898213
MMR017007,2021-02-01,-0.7672985317717923
MMR017008,2021-02-01,-0.7672985317717923
MMR017009,2021-02-01,-0.7081429790898213
MMR017010,2021-02-01,-0.7081429790898213
MMR017011,2021-02-01,-0.7081429790898213
MMR017012,2021-02-01,-0.7081429790898213
MMR017013,2021-02-01,-0.7672985317717923
MMR017014,2021-02-01,-0.6444198381370467
MMR017015,2021-02-01,-0.7081429790898213
MMR017016,2021-02-01,-0.5745938168721787
MMR017017,2021-02-01,-0.8228848334526803
MMR017018,2021-02-01,-0.6444198381370467
MMR017019,2021-02-01,-0.7672985317717923
MMR017020,2021-02-01,-0.8228848334526803
MMR017021,2021-02-01,-0.7672985317717923
MMR017022,2021-02-01,-0.7672985317717923
MMR017023,2021-02-01,-0.5745938168721787
MMR017024,2021-02-01,-0.5745938168721787
MMR017025,2021-02-01,-0.8228848334526803
MMR017026,2021-02-01,-0.4960746226927455
MMR018001,2021-02-01,-0.6444198381370467
MMR018002,2021-02-01,-0.6444198381370467
MMR018003,2021-02-01,-0.8228848334526803
MMR018004,2021-02-01,-0.6444198381370467
MMR018005,2021-02-01,-0.7081429790898213
MMR018006,2021-02-01,-0.8755941396837071
MMR018007,2021-02-01,-0.8755941396837071
MMR018008,2021-02-01,-0.7672985317717923
MMR001001,2021-03-01,1.9110408201164768
MMR001002,2021-03-01,2.0548324376699587
MMR001003,2021-03-01,0.6110398818781205
MMR001004,2021-03-01,2.9324060123597677
MMR001005,2021-03-01,0.43193349088703853
MMR001006,2021-03-01,-0.6451802521310172
MMR001007,2021-03-01,2.8162839169718277
MMR001008,2021-03-01,4.792982075515199
MMR001009,2021-03-01,3.2609936154814276
MMR001010,2021-03-01,0.753568425945955
MMR001011,2021-03-01,0.31108162779263626
MMR001012,2021-03-01,1.893764811914356
MMR001013,2021-03-01,0.31108162779263626
MMR001014,2021-03-01,-0.5222495744196805
MMR001015,2021-03-01,0.33706819570994156
MMR001016,2021-03-01,-1.0054524516864876
MMR001017,2021-03-01,-1.004218166470369
MMR001018,2021-03-01,-0.8688831672828805
MMR002001,2021-03-01,-1.3096106553604594
MMR002002,2021-03-01,-0.8443848259308852
MMR002003,2021-03-01,-1.01637876666732
MMR002004,2021-03-01,-1.3275877031976924
MMR002005,2021-03-01,-1.580733607467312
MMR002006,2021-03-01,0.6060728265615152
MMR002007,2021-03-01,1.3295282767354182
MMR003001,2021-03-01,2.2896762142203393
MMR003002,2021-03-01,3.0212381922035725
MMR003003,2021-03-01,1.2357164125488636
MMR003004,2021-03-01,0.42798966505196306
MMR003005,2021-03-01,0.6114524480567145
MMR003006,2021-03-01,0.753568425945955
MMR003007,2021-03-01,-0.07388933354232707
MMR004001,2021-03-01,-0.5222495744196805
MMR004002,2021-03-01,0.753568425945955
MMR004003,2021-03-01,-1.004218166470369
MMR004004,2021-03-01,-0.28614233779166526
MMR004005,2021-03-01,0.25241453371736255
MMR004006,2021-03-01,-1.3113699654361992
MMR004007,2021-03-01,-0.21087517662641675
MMR004008,2021-03-01,-1.4588655648206388
MMR004009,2021-03-01,-1.4381566149883451
MMR005001,2021-03-01,-1.6822543648473796
MMR005002,2021-03-01,-1.0327902351309537
MMR005003,2021-03-01,-1.3113699654361992
MMR005004,2021-03-01,-1.1638743660517596
MMR005005,2021-03-01,-0.8688831672828805
MMR005006,2021-03-01,-1.306761921299133
MMR005007,2021-03-01,-1.4381566149883451
MMR005008,2021-03-01,-1.8038364805722231
MMR005009,2021-03-01,-1.6952485342441164
MMR005010,2021-03-01,-1.4437477643832224
MMR005011,2021-03-01,-1.3275877031976924
MMR005012,2021-03-01,-0.8958043920468644
MMR005013,2021-03-01,-0.7213875678984409
MMR005014,2021-03-01,-0.8958043920468644
MMR005015,2021-03-01,-0.8688831672828805
MMR005016,2021-03-01,-0.7213875678984409
MMR005017,2021-03-01,-0.4097889379652597
MMR005018,2021-03-01,-1.0327902351309537
MMR005019,2021-03-01,-0.3478610197105062
MMR005020,2021-03-01,-0.4263963691295618
MMR005021,2021-03-01,-0.5738919685140013
MMR005022,2021-03-01,-1.1810646957325737
MMR005023,2021-03-01,-0.7588185489627748
MMR005024,2021-03-01,-1.4588655648206388
MMR005025,2021-03-01,-1.1638743660517596
MMR005026,2021-03-01,-1.4588655648206388
MMR005027,2021-03-01,0.05961044759996374
MMR005028,2021-03-01,-0.5222495744196805
MMR005029,2021-03-01,0.10439490054628295
MMR005030,2021-03-01,-0.2789007697451222
MMR005031,2021-03-01,-0.2789007697451222
MMR005032,2021-03-01,-1.1697760782150433
MMR005033,2021-03-01,1.980898312719016
MMR005034,2021-03-01,2.161130254592454
MMR005035,2021-03-01,-1.0219774904186998
MMR005036,2021-03-01,-1.0219774904186998
MMR005037,2021-03-01,-0.6451802521310172
MMR006001,2021-03-01,-0.1314051703606827
MMR006002,2021-03-01,0.43193349088703853
MMR006003,2021-03-01,0.43193349088703853
MMR006004,2021-03-01,0.43193349088703853
MMR006005,2021-03-01,-0.46566129496134123
MMR006006,2021-03-01,-0.28614233779166526
MMR006007,2021-03-01,0.6052238058695365
MMR006008,2021-03-01,0.4585772271770757
MMR006009,2021-03-01,-0.5795617513884326
MMR006010,2021-03-01,-1.004218166470369
MMR007001,2021-03-01,-0.866104738658293
MMR007002,2021-03-01,0.25241453371736255
MMR007003,2021-03-01,-0.0390466971528732
MMR007004,2021-03-01,-0.07388933354232707
MMR007005,2021-03-01,-0.8443848259308852
MMR007006,2021-03-01,-0.3468192113352112
MMR007007,2021-03-01,0.2830885543583315
MMR007008,2021-03-01,1.2613085371972539
MMR007009,2021-03-01,-1.3113699654361992
MMR007010,2021-03-01,-1.3113699654361992
MMR007011,2021-03-01,1.158983254214479
MMR007012,2021-03-01,-0.8958043920468644
MMR007013,2021-03-01,-1.16652007744209
MMR007014,2021-03-01,-0.7213875678984409
MMR008001,2021-03-01,-1.3113699654361992
MMR008002,2021-03-01,-1.5603911283519853
MMR008003,2021-03-01,-1.4381566149883451
MMR008004,2021-03-01,-1.004218166470369
MMR008005,2021-03-01,-1.1638743660517596
MMR008006,2021-03-01,-1.306761921299133
MMR008007,2021-03-01,-0.0390466971528732
MMR008008,2021-03-01,-0.866104738658293
MMR008009,2021-03-01,-1.1837371236400451
MMR008010,2021-03-01,-1.3113699654361992
MMR008011,2021-03-01,-1.0219774904186998
MMR008012,2021-03-01,-1.6761055266342675
MMR008013,2021-03-01,-1.7918199249165494
MMR008014,2021-03-01,-1.3113699654361992
MMR009001,2021-03-01,-1.560672249122536
MMR009002,2021-03-01,-1.0327902351309537
MMR009003,2021-03-01,-0.7588185489627748
MMR009004,2021-03-01,-1.4437477643832224
MMR009005,2021-03-01,-1.3113699654361992
MMR009006,2021-03-01,-1.1810646957325737
MMR009007,2021-03-01,-1.16652007744209
MMR009008,2021-03-01,-1.4437477643832224
MMR009009,2021-03-01,-1.1638743660517596
MMR009010,2021-03-01,-1.4437477643832224
MMR009011,2021-03-01,-1.4381566149883451
MMR009012,2021-03-01,-1.4588655648206388
MMR009013,2021-03-01,-1.5667025746162306
MMR009014,2021-03-01,-1.3113699654361992
MMR009015,2021-03-01,-1.4588655648206388
MMR009016,2021-03-01,-1.6822543648473796
MMR009017,2021-03-01,-1.4437477643832224
MMR009018,2021-03-01,-1.3096106553604594
MMR009019,2021-03-01,-1.4381566149883451
MMR009020,2021-03-01,-1.3113699654361992
MMR009021,2021-03-01,-0.4097889379652597
MMR009022,2021-03-01,-1.3113699654361992
MMR009023,2021-03-01,0.01989525530042906
MMR009024,2021-03-01,0.01609042902375715
MMR009025,2021-03-01,-1.6952485342441164
MMR010001,2021-03-01,0.011271810556088536
MMR010002,2021-03-01,-0.10662338062198932
MMR010003,2021-03-01,0.6052238058695362
MMR010004,2021-03-01,0.2830885543583315
MMR010005,2021-03-01,0.43193349088703853
MMR010006,2021-03-01,-0.28124297833737405
MMR010007,2021-03-01,-0.01475826431213648
MMR010008,2021-03-01,-0.8688831672828805
MMR010009,2021-03-01,-1.0327902351309537
MMR010010,2021-03-01,-1.0327902351309537
MMR010011,2021-03-01,2.054832437669958
MMR010012,2021-03-01,-0.9527616704983188
MMR010013,2021-03-01,-1.1810646957325737
MMR010014,2021-03-01,-0.7213875678984409
MMR010015,2021-03-01,-1.3113699654361992
MMR010016,2021-03-01,-1.3096106553604594
MMR010017,2021-03-01,-1.3113699654361992
MMR010018,2021-03-01,-0.7954268168489167
MMR010019,2021-03-01,-1.5667025746162306
MMR010020,2021-03-01,-0.9239727764768024
MMR010021,2021-03-01,-1.4437477643832224
MMR010022,2021-03-01,-0.3611819486640779
MMR010023,2021-03-01,-1.6952485342441164
MMR010024,2021-03-01,-1.16652007744209
MMR010028,2021-03-01,-1.0327902351309537
MMR010029,2021-03-01,-0.8688831672828805
MMR010030,2021-03-01,-1.5667025746162306
MMR010031,2021-03-01,-1.4437477643832224
MMR011001,2021-03-01,0.2830885543583315
MMR011002,2021-03-01,0.44415618011393404
MMR011003,2021-03-01,-0.5864301442492865
MMR011004,2021-03-01,-0.6451802521310172
MMR011005,2021-03-01,-0.3611819486640779
MMR011006,2021-03-01,-0.8246992093006932
MMR011007,2021-03-01,0.43193349088703853
MMR011008,2021-03-01,0.7909714052263904
MMR011009,2021-03-01,-0.6451802521310172
MMR011010,2021-03-01,2.0810288204059115
MMR012001,2021-03-01,-0.8318775534440828
MMR012002,2021-03-01,-0.8443848259308852
MMR012003,2021-03-01,-1.3275877031976924
MMR012004,2021-03-01,-1.16652007744209
MMR012005,2021-03-01,-1.4381566149883451
MMR012006,2021-03-01,-0.6086777700287844
MMR012007,2021-03-01,-1.0219774904186998
MMR012008,2021-03-01,-0.10662338062198932
MMR012009,2021-03-01,0.21792167075104632
MMR012010,2021-03-01,-0.5738919685140013
MMR012011,2021-03-01,-0.8153276302237422
MMR012012,2021-03-01,-0.5864301442492865
MMR012013,2021-03-01,-0.8153276302237422
MMR012014,2021-03-01,-1.6761055266342675
MMR012015,2021-03-01,-1.3113699654361992
MMR012016,2021-03-01,-1.3113699654361992
MMR012017,2021-03-01,-1.3096106553604594
MMR013001,2021-03-01,0.753568425945955
MMR013002,2021-03-01,0.474054038794031
MMR013003,2021-03-01,-0.5738919685140013
MMR013004,2021-03-01,0.023197194748362952
MMR013005,2021-03-01,-0.8311795547734754
MMR013006,2021-03-01,-1.1697760782150433
MMR013007,2021-03-01,0.1635860284081966
MMR013009,2021-03-01,0.23294086017416862
MMR013010,2021-03-01,0.016090429023756955
MMR013011,2021-03-01,-0.20011432290847556
MMR013012,2021-03-01,-0.2789007697451222
MMR013013,2021-03-01,-0.0390466971528732
MMR013014,2021-03-01,0.12202092860272933
MMR013015,2021-03-01,-0.2789007697451222
MMR013016,2021-03-01,-0.40202790983382675
MMR013017,2021-03-01,-0.5222495744196805
MMR013018,2021-03-01,-0.4848468627945957
MMR013019,2021-03-01,0.20008235262585186
MMR013020,2021-03-01,-0.20011432290847556
MMR013021,2021-03-01,0.12202092860272933
MMR013022,2021-03-01,-0.466433207598945
MMR013023,2021-03-01,-1.01637876666732
MMR013024,2021-03-01,-0.40202790983382675
MMR013025,2021-03-01,-0.6451802521310172
MMR013026,2021-03-01,-0.8443848259308852
MMR013027,2021-03-01,-1.3289623317874213
MMR013028,2021-03-01,-1.4588655648206388
MMR013029,2021-03-01,-0.8318775534440828
MMR013030,2021-03-01,-1.1837371236400451
MMR013031,2021-03-01,-0.8246992093006932
MMR013032,2021-03-01,-0.5864301442492865
MMR013033,2021-03-01,-0.3611819486640779
MMR013034,2021-03-01,-0.5738919685140013
MMR013035,2021-03-01,-0.8958043920468644
MMR013036,2021-03-01,-0.6451802521310172
MMR013037,2021-03-01,-0.5222495744196805
MMR013038,2021-03-01,-0.6218327058786851
MMR013039,2021-03-01,-0.5738919685140013
MMR013040,2021-03-01,0.07289557654768664
MMR013041,2021-03-01,-0.3478610197105062
MMR013042,2021-03-01,0.7600506120750374
MMR013043,2021-03-01,-0.7095974390486318
MMR013044,2021-03-01,-0.6668808572210311
MMR013046,2021-03-01,0.33706819570994134
MMR013047,2021-03-01,0.1635860284081966
MMR014001,2021-03-01,-1.3113699654361992
MMR014002,2021-03-01,-1.0327902351309537
MMR014003,2021-03-01,-1.4437477643832224
MMR014004,2021-03-01,-1.4437477643832224
MMR014005,2021-03-01,-1.5667025746162306
MMR014006,2021-03-01,-1.3275877031976924
MMR014007,2021-03-01,-1.4437477643832224
MMR014008,2021-03-01,0.9814245767570876
MMR014009,2021-03-01,-1.3096106553604594
MMR014010,2021-03-01,-1.3096106553604594
MMR014011,2021-03-01,-1.4588655648206388
MMR014012,2021-03-01,-1.3113699654361992
MMR014013,2021-03-01,-1.4437477643832224
MMR014014,2021-03-01,-1.3113699654361992
MMR014015,2021-03-01,-0.4097889379652597
MMR014016,2021-03-01,0.016090429023756955
MMR014017,2021-03-01,-1.4437477643832224
MMR014018,2021-03-01,-1.1638743660517596
MMR014019,2021-03-01,-1.4381566149883451
MMR014020,2021-03-01,-1.6952485342441164
MMR014021,2021-03-01,-0.8246992093006932
MMR015001,2021-03-01,1.9652091068979247
MMR015002,2021-03-01,1.249494308891946
MMR015003,2021-03-01,0.753568425945955
MMR015004,2021-03-01,-1.0525187361046882
MMR015005,2021-03-01,-1.4588655648206388
MMR015006,2021-03-01,-1.1837371236400451
MMR015007,2021-03-01,-1.0219774904186998
MMR015008,2021-03-01,-1.4588655648206388
MMR015009,2021-03-01,3.8427936771108815
MMR015010,2021-03-01,3.6655086952259817
MMR015011,2021-03-01,2.418222173848225
MMR015012,2021-03-01,2.528841685055374
MMR015013,2021-03-01,1.3572985282737071
MMR015014,2021-03-01,3.788940842770576
MMR015015,2021-03-01,3.6655086952259817
MMR015016,2021-03-01,4.735949609325824
MMR015017,2021-03-01,1.843912469634926
MMR015018,2021-03-01,-0.9527616704983188
MMR015019,2021-03-01,1.9110408201164768
MMR015020,2021-03-01,0.6060728265615152
MMR015021,2021-03-01,-0.5738919685140014
MMR015022,2021-03-01,-0.0390466971528732
MMR015023,2021-03-01,3.48375576277153
MMR015024,2021-03-01,-1.580733607467312
MMR016001,2021-03-01,-1.580733607467312
MMR016002,2021-03-01,-1.4588655648206388
MMR016003,2021-03-01,-1.3275877031976924
MMR016005,2021-03-01,-1.3275877031976924
MMR016006,2021-03-01,-1.4588655648206388
MMR016007,2021-03-01,-1.8038364805722231
MMR016008,2021-03-01,-1.1638743660517596
MMR016009,2021-03-01,-1.1837371236400451
MMR016010,2021-03-01,-1.3275877031976924
MMR016011,2021-03-01,-1.3275877031976924
MMR017001,2021-03-01,-0.8443848259308852
MMR017002,2021-03-01,-1.01637876666732
MMR017003,2021-03-01,-1.01637876666732
MMR017004,2021-03-01,-0.07493014727713243
MMR017005,2021-03-01,-1.580733607467312
MMR017006,2021-03-01,-1.4588655648206388
MMR017007,2021-03-01,-1.580733607467312
MMR017008,2021-03-01,-1.580733607467312
MMR017009,2021-03-01,-1.4588655648206388
MMR017010,2021-03-01,-1.4588655648206388
MMR017011,2021-03-01,-1.3113699654361992
MMR017012,2021-03-01,-1.3113699654361992
MMR017013,2021-03-01,-1.580733607467312
MMR017014,2021-03-01,-1.3275877031976924
MMR017015,2021-03-01,-1.4588655648206388
MMR017016,2021-03-01,-1.1837371236400451
MMR017017,2021-03-01,-1.6952485342441164
MMR017018,2021-03-01,-1.3275877031976924
MMR017019,2021-03-01,-1.580733607467312
MMR017020,2021-03-01,-1.6952485342441164
MMR017021,2021-03-01,-1.580733607467312
MMR017022,2021-03-01,-1.580733607467312
MMR017023,2021-03-01,-1.1837371236400451
MMR017024,2021-03-01,-1.1837371236400451
MMR017025,2021-03-01,-1.6952485342441164
MMR017026,2021-03-01,-1.0219774904186998
MMR018001,2021-03-01,-1.3275877031976924
MMR018002,2021-03-01,-1.16652007744209
MMR018003,2021-03-01,-1.5667025746162306
MMR018004,2021-03-01,-1.16652007744209
MMR018005,2021-03-01,-1.3113699654361992
MMR018006,2021-03-01,-1.3175080176728493
MMR018007,2021-03-01,-1.6822543648473796
MMR018008,2021-03-01,-1.306761921299133
MMR001001,2021-04-01,6.707178864929641
MMR001002,2021-04-01,6.7219184626707555
MMR001003,2021-04-01,1.642787638328854
MMR001004,2021-04-01,3.586727130781387
MMR001005,2021-04-01,1.5572363586055742
MMR001006,2021-04-01,-0.653034601995886
MMR001007,2021-04-01,2.9744426738268723
MMR001008,2021-04-01,5.163772612128301
MMR001009,2021-04-01,4.091881216664077
MMR001010,2021-04-01,4.805307192480148
MMR001011,2021-04-01,0.9138927789379421
MMR001012,2021-04-01,7.288516953777104
MMR001013,2021-04-01,4.416165751125928
MMR001014,2021-04-01,0.77263430605411
MMR001015,2021-04-01,1.0404321709416073
MMR001016,2021-04-01,-0.21891305338199776
MMR001017,2021-04-01,-0.5740963534029767
MMR001018,2021-04-01,-0.4481022658018299
MMR002001,2021-04-01,-0.9352211143298172
MMR002002,2021-04-01,-0.7146867331000517
MMR002003,2021-04-01,-0.8372437071560506
MMR002004,2021-04-01,-0.9979859786532251
MMR002005,2021-04-01,-1.1280475116524797
MMR002006,2021-04-01,0.9138927789379421
MMR002007,2021-04-01,1.5572363586055742
MMR003001,2021-04-01,2.4562400695035858
MMR003002,2021-04-01,2.401604967984858
MMR003003,2021-04-01,1.5844253458620265
MMR003004,2021-04-01,0.5840566366331833
MMR003005,2021-04-01,0.4521008783048441
MMR003006,2021-04-01,0.3950375237989814
MMR003007,2021-04-01,0.19713451659946235
MMR004001,2021-04-01,0.27686062633605596
MMR004002,2021-04-01,0.654465151368462
MMR004003,2021-04-01,-0.653034601995886
MMR004004,2021-04-01,0.3731626297119348
MMR004005,2021-04-01,1.241483364233937
MMR004006,2021-04-01,-0.6426729864789402
MMR004007,2021-04-01,-0.10404321709416092
MMR004008,2021-04-01,-0.7075298933713103
MMR004009,2021-04-01,-0.7091237020742571
MMR005001,2021-04-01,-1.088684900224215
MMR005002,2021-04-01,-0.5859275910039581
MMR005003,2021-04-01,0.07075298933713096
MMR005004,2021-04-01,-0.7723868002636805
MMR005005,2021-04-01,-0.6426729864789402
MMR005006,2021-04-01,-0.8871053246975812
MMR005007,2021-04-01,-1.0482698204575973
MMR005008,2021-04-01,-1.2490715149893892
MMR005009,2021-04-01,-0.7656480551381472
MMR005010,2021-04-01,-0.7063986844814073
MMR005011,2021-04-01,-0.9979859786532251
MMR005012,2021-04-01,-0.22451431057161017
MMR005013,2021-04-01,0.26532371001424127
MMR005014,2021-04-01,-0.7063986844814073
MMR005015,2021-04-01,-0.5129591726942
MMR005016,2021-04-01,0.26532371001424127
MMR005017,2021-04-01,0.025692887756313586
MMR005018,2021-04-01,-0.22451431057161017
MMR005019,2021-04-01,0.19713451659946235
MMR005020,2021-04-01,0.135609896229501
MMR005021,2021-04-01,0.005896082444760741
MMR005022,2021-04-01,-0.8786967612659272
MMR005023,2021-04-01,-0.043807670355436305
MMR005024,2021-04-01,-0.9021006140484207
MMR005025,2021-04-01,-0.7075298933713103
MMR005026,2021-04-01,-0.9669575209407907
MMR005027,2021-04-01,0.4995691844223457
MMR005028,2021-04-01,0.06438619217117576
MMR005029,2021-04-01,0.42136335920354395
MMR005030,2021-04-01,0.7193220582608318
MMR005031,2021-04-01,0.5896082444760917
MMR005032,2021-04-01,-0.2847498573103348
MMR005033,2021-04-01,2.36561419919355
MMR005034,2021-04-01,2.569288775631366
MMR005035,2021-04-01,-0.586513413806835
MMR005036,2021-04-01,-0.7682499645638824
MMR005037,2021-04-01,0.2152861325261162
MMR006001,2021-04-01,-0.3832453589094598
MMR006002,2021-04-01,-0.021528613252611677
MMR006003,2021-04-01,-0.021528613252611677
MMR006004,2021-04-01,0.3731626297119348
MMR006005,2021-04-01,-0.49515810481006745
MMR006006,2021-04-01,-0.4162198562171581
MMR006007,2021-04-01,0.06438619217117592
MMR006008,2021-04-01,-0.058960824447609306
MMR006009,2021-04-01,-0.4034492628240502
MMR006010,2021-04-01,-0.7319728505887954
MMR007001,2021-04-01,-0.8742460727391049
MMR007002,2021-04-01,-0.10046686184552096
MMR007003,2021-04-01,-0.21891305338199776
MMR007004,2021-04-01,-0.2847498573103348
MMR007005,2021-04-01,-0.7146867331000517
MMR007006,2021-04-01,-0.5353852502470847
MMR007007,2021-04-01,-0.07726343060541101
MMR007008,2021-04-01,1.7779478327369052
MMR007009,2021-04-01,-1.031814427833161
MMR007010,2021-04-01,-1.031814427833161
MMR007011,2021-04-01,1.1609032644190567
MMR007012,2021-04-01,-0.766634231220132
MMR007013,2021-04-01,-0.9271611672649317
MMR007014,2021-04-01,-0.6426729864789402
MMR008001,2021-04-01,-0.9669575209407907
MMR008002,2021-04-01,-1.2304203986698514
MMR008003,2021-04-01,-1.1047941735214875
MMR008004,2021-04-01,-0.8109110991817046
MMR008005,2021-04-01,-0.9021006140484207
MMR008006,2021-04-01,-1.0075764181750306
MMR008007,2021-04-01,-0.28973786477029123
MMR008008,2021-04-01,-0.8742460727391049
MMR008009,2021-04-01,-0.8898493477746139
MMR008010,2021-04-01,-1.031814427833161
MMR008011,2021-04-01,-0.7682499645638824
MMR008012,2021-04-01,-1.3321844917929218
MMR008013,2021-04-01,-1.3830665383544571
MMR008014,2021-04-01,-1.031814427833161
MMR009001,2021-04-01,-1.088684900224215
MMR009002,2021-04-01,-0.766634231220132
MMR009003,2021-04-01,-0.6461631377426826
MMR009004,2021-04-01,-0.947340871436306
MMR009005,2021-04-01,-0.8372437071560506
MMR009006,2021-04-01,-0.7091237020742571
MMR009007,2021-04-01,-0.7855115444883449
MMR009008,2021-04-01,-1.0075764181750306
MMR009009,2021-04-01,-0.9021006140484207
MMR009010,2021-04-01,-1.1280475116524797
MMR009011,2021-04-01,-1.1047941735214875
MMR009012,2021-04-01,-1.031814427833161
MMR009013,2021-04-01,-0.9917454673937073
MMR009014,2021-04-01,-0.9021006140484207
MMR009015,2021-04-01,-1.031814427833161
MMR009016,2021-04-01,-1.1956093100676644
MMR009017,2021-04-01,-0.8871053246975812
MMR009018,2021-04-01,-0.9352211143298172
MMR009019,2021-04-01,-0.030831465307576463
MMR009020,2021-04-01,-0.9021006140484207
MMR009021,2021-04-01,-0.596074995946477
MMR009022,2021-04-01,-0.9021006140484207
MMR009023,2021-04-01,0.4082568375840804
MMR009024,2021-04-01,-0.12381773133997935
MMR009025,2021-04-01,-0.9917454673937073
MMR010001,2021-04-01,0.685642441492497
MMR010002,2021-04-01,0.8467921212693905
MMR010003,2021-04-01,1.2684079857721635
MMR010004,2021-04-01,0.41851024911264273
MMR010005,2021-04-01,0.2152861325261162
MMR010006,2021-04-01,-0.030831465307576463
MMR010007,2021-04-01,0.3406997047026902
MMR010008,2021-04-01,-0.9021006140484207
MMR010009,2021-04-01,-1.0075764181750306
MMR010010,2021-04-01,-0.766634231220132
MMR010011,2021-04-01,0.8434591174424032
MMR010012,2021-04-01,-0.44713844116351686
MMR010013,2021-04-01,-1.1047941735214875
MMR010014,2021-04-01,-0.6426729864789402
MMR010015,2021-04-01,-0.9669575209407907
MMR010016,2021-04-01,-0.8221724082020372
MMR010017,2021-04-01,0.07075298933713096
MMR010018,2021-04-01,0.19526594694798374
MMR010019,2021-04-01,-0.31345323062702674
MMR010020,2021-04-01,-0.652599349010367
MMR010021,2021-04-01,-0.10404321709416092
MMR010022,2021-04-01,-0.28973786477029123
MMR010023,2021-04-01,-1.2743672327131577
MMR010024,2021-04-01,-0.7146867331000517
MMR010028,2021-04-01,-0.7063986844814073
MMR010029,2021-04-01,-0.5129591726942
MMR010030,2021-04-01,-1.0482698204575973
MMR010031,2021-04-01,-0.947340871436306
MMR011001,2021-04-01,-0.1480882419937043
MMR011002,2021-04-01,0.06438619217117592
MMR011003,2021-04-01,-0.28441061838445136
MMR011004,2021-04-01,0.05740963534029762
MMR011005,2021-04-01,-0.21891305338199776
MMR011006,2021-04-01,-0.021528613252611677
MMR011007,2021-04-01,1.241483364233937
MMR011008,2021-04-01,0.688915624083572
MMR011009,2021-04-01,0.2152861325261162
MMR011010,2021-04-01,2.7947430788166754
MMR012001,2021-04-01,-0.6253463573772778
MMR012002,2021-04-01,-0.7146867331000517
MMR012003,2021-04-01,-0.8563363558766385
MMR012004,2021-04-01,-0.7146867331000517
MMR012005,2021-04-01,-1.0482698204575973
MMR012006,2021-04-01,-0.49564513842831126
MMR012007,2021-04-01,-0.7682499645638824
MMR012008,2021-04-01,-0.5740963534029767
MMR012009,2021-04-01,-0.40477686304978755
MMR012010,2021-04-01,-0.7075298933713103
MMR012011,2021-04-01,-0.586513413806835
MMR012012,2021-04-01,-0.44083645849589964
MMR012013,2021-04-01,-0.586513413806835
MMR012014,2021-04-01,-1.2813024452313868
MMR012015,2021-04-01,-1.031814427833161
MMR012016,2021-04-01,-0.9669575209407907
MMR012017,2021-04-01,-0.9917454673937073
MMR013001,2021-04-01,0.7841789651532021
MMR013002,2021-04-01,0.49831225029308546
MMR013003,2021-04-01,-0.6426729864789402
MMR013004,2021-04-01,-0.459013175855379
MMR013005,2021-04-01,-0.8213738756155906
MMR013006,2021-04-01,-0.947340871436306
MMR013007,2021-04-01,0.005896082444760741
MMR013009,2021-04-01,0.2517903000118738
MMR013010,2021-04-01,0.8490358720455723
MMR013011,2021-04-01,0.7018094946658165
MMR013012,2021-04-01,-0.058960824447609306
MMR013013,2021-04-01,-0.28973786477029123
MMR013014,2021-04-01,-0.07726343060541101
MMR013015,2021-04-01,0.135609896229501
MMR013016,2021-04-01,-0.40477686304978755
MMR013017,2021-04-01,-0.5022122989351714
MMR013018,2021-04-01,-0.5256920442652333
MMR013019,2021-04-01,0.43807670355436085
MMR013020,2021-04-01,-0.3605626761585845
MMR013021,2021-04-01,-0.3605626761585845
MMR013022,2021-04-01,-0.393676236241792
MMR013023,2021-04-01,-0.8372437071560506
MMR013024,2021-04-01,-0.49564513842831126
MMR013025,2021-04-01,-0.5740963534029767
MMR013026,2021-04-01,-0.7146867331000517
MMR013027,2021-04-01,-1.0777742589852457
MMR013028,2021-04-01,-1.096671334725531
MMR013029,2021-04-01,-0.6253463573772778
MMR013030,2021-04-01,-0.8898493477746139
MMR013031,2021-04-01,-0.7319728505887954
MMR013032,2021-04-01,-0.44083645849589964
MMR013033,2021-04-01,-0.431387487546878
MMR013034,2021-04-01,-0.44810226580182994
MMR013035,2021-04-01,-0.7063986844814073
MMR013036,2021-04-01,-0.49515810481006745
MMR013037,2021-04-01,-0.5022122989351714
MMR013038,2021-04-01,-0.5859275910039581
MMR013039,2021-04-01,-0.3832453589094598
MMR013040,2021-04-01,0.2942243811190255
MMR013041,2021-04-01,0.016427876383288312
MMR013042,2021-04-01,0.9734277277219723
MMR013043,2021-04-01,-0.5006006460852417
MMR013044,2021-04-01,0.13874159388409368
MMR013046,2021-04-01,0.43807670355436085
MMR013047,2021-04-01,0.135609896229501
MMR014001,2021-04-01,-0.7723868002636805
MMR014002,2021-04-01,-0.7063986844814073
MMR014003,2021-04-01,-1.0075764181750306
MMR014004,2021-04-01,-0.8871053246975812
MMR014005,2021-04-01,-0.9917454673937073
MMR014006,2021-04-01,-0.9979859786532251
MMR014007,2021-04-01,-1.0678119649137552
MMR014008,2021-04-01,-0.04867138638609857
MMR014009,2021-04-01,-0.8786967612659272
MMR014010,2021-04-01,-0.8221724082020372
MMR014011,2021-04-01,-0.8372437071560506
MMR014012,2021-04-01,-0.6426729864789402
MMR014013,2021-04-01,-0.7063986844814073
MMR014014,2021-04-01,-0.3832453589094598
MMR014015,2021-04-01,-0.20040452449924662
MMR014016,2021-04-01,-0.12381773133997935
MMR014017,2021-04-01,-0.8268697779588565
MMR014018,2021-04-01,-1.031814427833161
MMR014019,2021-04-01,-0.8221724082020372
MMR014020,2021-04-01,-0.9917454673937073
MMR014021,2021-04-01,-0.8109110991817046
MMR015001,2021-04-01,1.0498032966447783
MMR015002,2021-04-01,0.7726343060541098
MMR015003,2021-04-01,0.654465151368462
MMR015004,2021-04-01,-0.596074995946477
MMR015005,2021-04-01,-1.096671334725531
MMR015006,2021-04-01,-0.8898493477746139
MMR015007,2021-04-01,-0.7682499645638824
MMR015008,2021-04-01,-1.096671334725531
MMR015009,2021-04-01,1.3993598614197555
MMR015010,2021-04-01,1.4808824199370436
MMR015011,2021-04-01,0.477887712267434
MMR015012,2021-04-01,1.5223165448514044
MMR015013,2021-04-01,0.19440801789718096
MMR015014,2021-04-01,2.2794340098444494
MMR015015,2021-04-01,2.8265538363146185
MMR015016,2021-04-01,2.5353154512471945
MMR015017,2021-04-01,1.0404321709416073
MMR015018,2021-04-01,-0.2867518263983423
MMR015019,2021-04-01,1.6698562553376557
MMR015020,2021-04-01,0.3950375237989814
MMR015021,2021-04-01,-0.31838845201708976
MMR015022,2021-04-01,-0.21891305338199776
MMR015023,2021-04-01,1.1625451156410278
MMR015024,2021-04-01,-1.0075764181750306
MMR016001,2021-04-01,-0.8871053246975812
MMR016002,2021-04-01,-0.9021006140484207
MMR016003,2021-04-01,-0.9979859786532251
MMR016005,2021-04-01,-0.8563363558766385
MMR016006,2021-04-01,-0.7723868002636805
MMR016007,2021-04-01,-1.1421471051459395
MMR016008,2021-04-01,-0.8372437071560506
MMR016009,2021-04-01,-0.5740963534029767
MMR016010,2021-04-01,-0.7146867331000517
MMR016011,2021-04-01,-0.7146867331000517
MMR017001,2021-04-01,-0.6438619217117582
MMR017002,2021-04-01,-0.7723868002636805
MMR017003,2021-04-01,-0.7723868002636805
MMR017004,2021-04-01,-0.07060362099420882
MMR017005,2021-04-01,-1.1882830583912045
MMR017006,2021-04-01,-1.096671334725531
MMR017007,2021-04-01,-1.1882830583912045
MMR017008,2021-04-01,-1.1882830583912045
MMR017009,2021-04-01,-1.096671334725531
MMR017010,2021-04-01,-1.096671334725531
MMR017011,2021-04-01,-1.031814427833161
MMR017012,2021-04-01,-1.031814427833161
MMR017013,2021-04-01,-1.1882830583912045
MMR017014,2021-04-01,-0.9979859786532251
MMR017015,2021-04-01,-1.096671334725531
MMR017016,2021-04-01,-0.8898493477746139
MMR017017,2021-04-01,-1.2743672327131577
MMR017018,2021-04-01,-0.9979859786532251
MMR017019,2021-04-01,-1.1882830583912045
MMR017020,2021-04-01,-1.2743672327131577
MMR017021,2021-04-01,-1.1882830583912045
MMR017022,2021-04-01,-1.1882830583912045
MMR017023,2021-04-01,-0.8898493477746139
MMR017024,2021-04-01,-0.8898493477746139
MMR017025,2021-04-01,-1.2743672327131577
MMR017026,2021-04-01,-0.7682499645638824
MMR018001,2021-04-01,-0.8563363558766385
MMR018002,2021-04-01,-0.7855115444883449
MMR018003,2021-04-01,-1.1613185265853774
MMR018004,2021-04-01,-0.7855115444883449
MMR018005,2021-04-01,-0.9021006140484207
MMR018006,2021-04-01,-1.0352226953024901
MMR018007,2021-04-01,-1.1421471051459395
MMR018008,2021-04-01,-1.0075764181750306
MMR001001,2021-05-01,8.693916307902445
MMR001002,2021-05-01,8.832451374326176
MMR001003,2021-05-01,1.2898812609902786
MMR001004,2021-05-01,2.753426942186392
MMR001005,2021-05-01,1.116522717687183
MMR001006,2021-05-01,-1.2397874270111129
MMR001007,2021-05-01,2.8458036985180755
MMR001008,2021-05-01,3.9922208158817307
MMR001009,2021-05-01,2.980855701377131
MMR001010,2021-05-01,8.839747034879416
MMR001011,2021-05-01,2.0638118404811214
MMR001012,2021-05-01,10.946575066520301
MMR001013,2021-05-01,7.515128124696291
MMR001014,2021-05-01,0.48722627355989057
MMR001015,2021-05-01,0.7693978264199461
MMR001016,2021-05-01,-0.4585659045269552
MMR001017,2021-05-01,-0.6817139716878323
MMR001018,2021-05-01,-1.1458416726549132
MMR002001,2021-05-01,1.1549754139820168
MMR002002,2021-05-01,2.3231757957284738
MMR002003,2021-05-01,0.8920335737806641
MMR002004,2021-05-01,-0.12475690049630377
MMR002005,2021-05-01,1.3371979368603086
MMR002006,2021-05-01,0.9429804549415534
MMR002007,2021-05-01,1.6745961730104637
MMR003001,2021-05-01,1.6433911587111316
MMR003002,2021-05-01,1.989366791697822
MMR003003,2021-05-01,0.8719902934552302
MMR003004,2021-05-01,0.3542897829674961
MMR003005,2021-05-01,0.18640029214838205
MMR003006,2021-05-01,-0.12690404943712458
MMR003007,2021-05-01,-0.03498566337056785
MMR004001,2021-05-01,1.2104791156263017
MMR004002,2021-05-01,0.8920335737806641
MMR004003,2021-05-01,-0.12364051636455164
MMR004004,2021-05-01,0.6204574240664892
MMR004005,2021-05-01,1.17853087938977
MMR004006,2021-05-01,0.48445852449354865
MMR004007,2021-05-01,0.9113478540300367
MMR004008,2021-05-01,0.17877723752821206
MMR004009,2021-05-01,-0.177067526188296
MMR005001,2021-05-01,-1.2698072311874322
MMR005002,2021-05-01,-0.6027857738109306
MMR005003,2021-05-01,0.739192930297996
MMR005004,2021-05-01,-1.094894791494024
MMR005005,2021-05-01,-1.0439479103331344
MMR005006,2021-05-01,-1.1232692083812632
MMR005007,2021-05-01,-1.1983004469855358
MMR005008,2021-05-01,-1.521783410557157
MMR005009,2021-05-01,0.35574964987982916
MMR005010,2021-05-01,0.05964768836949287
MMR005011,2021-05-01,-1.0705490785831495
MMR005012,2021-05-01,-0.8393691531610817
MMR005013,2021-05-01,0.9429804549415534
MMR005014,2021-05-01,-1.0286358566412026
MMR005015,2021-05-01,-0.4835322175633506
MMR005016,2021-05-01,0.9939273361024431
MMR005017,2021-05-01,0.4001510812188396
MMR005018,2021-05-01,-0.5081524220708701
MMR005019,2021-05-01,1.0059812057700972
MMR005020,2021-05-01,0.6882460491371065
MMR005021,2021-05-01,-0.27974469291979287
MMR005022,2021-05-01,-1.3759061723415775
MMR005023,2021-05-01,-0.4608357462008399
MMR005024,2021-05-01,-1.349629197298471
MMR005025,2021-05-01,-1.2477354349766923
MMR005026,2021-05-01,-1.4005760784593604
MMR005027,2021-05-01,0.5801596421684692
MMR005028,2021-05-01,-0.124756900496304
MMR005029,2021-05-01,1.2881797079990482
MMR005030,2021-05-01,0.3825647621717699
MMR005031,2021-05-01,0.17877723752821206
MMR005032,2021-05-01,-0.7920524772910515
MMR005033,2021-05-01,1.2898812609902786
MMR005034,2021-05-01,1.46578543335509
MMR005035,2021-05-01,-0.41010781814050856
MMR005036,2021-05-01,-0.838384969996103
MMR005037,2021-05-01,3.758070406218366e-4
MMR006001,2021-05-01,-1.0439479103331344
MMR006002,2021-05-01,-0.6197058099852455
MMR006003,2021-05-01,-0.6817139716878323
MMR006004,2021-05-01,0.062383968743208576
MMR006005,2021-05-01,-1.2397874270111129
MMR006006,2021-05-01,-1.2397874270111129
MMR006007,2021-05-01,-0.9592794105729324
MMR006008,2021-05-01,-1.1967885538158027
MMR006009,2021-05-01,-0.8276906368444329
MMR006010,2021-05-01,-1.2397874270111129
MMR007001,2021-05-01,-1.5382103247472974
MMR007002,2021-05-01,-0.8057302950930058
MMR007003,2021-05-01,-1.1261839125882582
MMR007004,2021-05-01,-0.8866858290311119
MMR007005,2021-05-01,-0.9592794105729324
MMR007006,2021-05-01,-1.4426476054647672
MMR007007,2021-05-01,-0.6811052405473896
MMR007008,2021-05-01,1.3325811393380587
MMR007009,2021-05-01,-1.349629197298471
MMR007010,2021-05-01,-1.4005760784593604
MMR007011,2021-05-01,0.7693978264199461
MMR007012,2021-05-01,-1.2179025601213236
MMR007013,2021-05-01,-1.0705490785831495
MMR007014,2021-05-01,-1.0439479103331344
MMR008001,2021-05-01,-1.1458416726549132
MMR008002,2021-05-01,-1.2983948567945691
MMR008003,2021-05-01,-1.5091104663586088
MMR008004,2021-05-01,-0.991754780200766
MMR008005,2021-05-01,-0.9420541480113555
MMR008006,2021-05-01,-1.2652192359913537
MMR008007,2021-05-01,-1.0705490785831495
MMR008008,2021-05-01,-1.7380565480412375
MMR008009,2021-05-01,-1.3017955887136996
MMR008010,2021-05-01,-1.45152295962025
MMR008011,2021-05-01,-0.9811440206146343
MMR008012,2021-05-01,-1.6581180587236617
MMR008013,2021-05-01,-2.017841260652754
MMR008014,2021-05-01,-1.4005760784593604
MMR009001,2021-05-01,-1.0178310518177072
MMR009002,2021-05-01,-0.6501024496809608
MMR009003,2021-05-01,-1.2179025601213236
MMR009004,2021-05-01,-1.1232692083812632
MMR009005,2021-05-01,-0.8911072668504662
MMR009006,2021-05-01,-1.0650961529685046
MMR009007,2021-05-01,-0.6811052405473896
MMR009008,2021-05-01,-0.9340025049011421
MMR009009,2021-05-01,-1.0439479103331344
MMR009010,2021-05-01,-1.1705858842512933
MMR009011,2021-05-01,-0.8874904276124629
MMR009012,2021-05-01,-1.5024698407811394
MMR009013,2021-05-01,-1.3759061723415775
MMR009014,2021-05-01,-1.349629197298471
MMR009015,2021-05-01,-1.5024698407811394
MMR009016,2021-05-01,-1.521783410557157
MMR009017,2021-05-01,-1.0286358566412026
MMR009018,2021-05-01,-1.1538990156465254
MMR009019,2021-05-01,0.31134821854081873
MMR009020,2021-05-01,-0.8401603856895766
MMR009021,2021-05-01,-0.7986875649344419
MMR009022,2021-05-01,-1.094894791494024
MMR009023,2021-05-01,1.921891040829084
MMR009024,2021-05-01,0.5354054056544382
MMR009025,2021-05-01,0.13374249318477702
MMR010001,2021-05-01,0.5892055361892118
MMR010002,2021-05-01,0.8064819091742494
MMR010003,2021-05-01,1.0435746136109765
MMR010004,2021-05-01,0.09778243552413048
MMR010005,2021-05-01,-0.1856486780671384
MMR010006,2021-05-01,-0.3102718202053273
MMR010007,2021-05-01,0.2013589413987929
MMR010008,2021-05-01,-1.094894791494024
MMR010009,2021-05-01,-1.0759525325112327
MMR010010,2021-05-01,-0.9340025049011421
MMR010011,2021-05-01,0.04214760151902185
MMR010012,2021-05-01,-0.7658548724479821
MMR010013,2021-05-01,-1.5091104663586088
MMR010014,2021-05-01,-1.1458416726549132
MMR010015,2021-05-01,-1.45152295962025
MMR010016,2021-05-01,-1.1538990156465254
MMR010017,2021-05-01,0.637299167976217
MMR010018,2021-05-01,0.08934106184576658
MMR010019,2021-05-01,-0.39907468288334813
MMR010020,2021-05-01,-1.2427018783245463
MMR010021,2021-05-01,0.3908644194597042
MMR010022,2021-05-01,-0.9592794105729325
MMR010023,2021-05-01,-1.8199204857316817
MMR010024,2021-05-01,-1.1261839125882582
MMR010028,2021-05-01,-1.2179025601213236
MMR010029,2021-05-01,-1.0439479103331344
MMR010030,2021-05-01,-1.64231476037564
MMR010031,2021-05-01,-1.4544859394714749
MMR011001,2021-05-01,-0.7923749085576067
MMR011002,2021-05-01,-0.45856590452695534
MMR011003,2021-05-01,-0.15340981359437703
MMR011004,2021-05-01,0.062383968743208576
MMR011005,2021-05-01,-0.5698355725371724
MMR011006,2021-05-01,0.062383968743208576
MMR011007,2021-05-01,0.37242477725614226
MMR011008,2021-05-01,-0.0616323546619649
MMR011009,2021-05-01,3.758070406218366e-4
MMR011010,2021-05-01,2.216652483963789
MMR012001,2021-05-01,-0.8276906368444329
MMR012002,2021-05-01,-1.1818187465933667
MMR012003,2021-05-01,-1.2374535805984754
MMR012004,2021-05-01,-1.0705490785831495
MMR012005,2021-05-01,-1.2427018783245463
MMR012006,2021-05-01,-0.9097644953053686
MMR012007,2021-05-01,-1.123903071233166
MMR012008,2021-05-01,-0.991754780200766
MMR012009,2021-05-01,-0.7670054446868372
MMR012010,2021-05-01,-1.1458416726549132
MMR012011,2021-05-01,-0.838384969996103
MMR012012,2021-05-01,-0.6449169833627696
MMR012013,2021-05-01,-0.838384969996103
MMR012014,2021-05-01,-1.937902771335178
MMR012015,2021-05-01,-1.604363603102918
MMR012016,2021-05-01,-1.45152295962025
MMR012017,2021-05-01,-1.3759061723415775
MMR013001,2021-05-01,0.637299167976217
MMR013002,2021-05-01,0.24891439184961373
MMR013003,2021-05-01,-0.7892135045286872
MMR013004,2021-05-01,-1.2479640175602806
MMR013005,2021-05-01,-1.6057754703470655
MMR013006,2021-05-01,-1.0286358566412026
MMR013007,2021-05-01,-0.1778509305980141
MMR013009,2021-05-01,0.6665596692529021
MMR013010,2021-05-01,0.7391929302979957
MMR013011,2021-05-01,0.8210352775905421
MMR013012,2021-05-01,-0.22879781175890335
MMR013013,2021-05-01,0.09778243552413048
MMR013014,2021-05-01,0.3759566055496733
MMR013015,2021-05-01,0.2297241186891016
MMR013016,2021-05-01,-0.48148734344977423
MMR013017,2021-05-01,-0.6254704065422811
MMR013018,2021-05-01,-0.03498566337056785
MMR013019,2021-05-01,0.6747644746798858
MMR013020,2021-05-01,-0.18039173450141238
MMR013021,2021-05-01,-0.5142007385320638
MMR013022,2021-05-01,-0.8918429621328446
MMR013023,2021-05-01,-1.4005760784593604
MMR013024,2021-05-01,-0.9811440206146343
MMR013025,2021-05-01,-1.1157711036059395
MMR013026,2021-05-01,-1.2930884146035841
MMR013027,2021-05-01,-1.4582718354297213
MMR013028,2021-05-01,-1.45152295962025
MMR013029,2021-05-01,-0.9148437670801262
MMR013030,2021-05-01,-1.2397874270111129
MMR013031,2021-05-01,-1.1157711036059395
MMR013032,2021-05-01,-0.6449169833627696
MMR013033,2021-05-01,-0.6811052405473896
MMR013034,2021-05-01,-0.7892135045286872
MMR013035,2021-05-01,-1.0286358566412026
MMR013036,2021-05-01,-0.743722133390419
MMR013037,2021-05-01,-0.6811052405473896
MMR013038,2021-05-01,-0.8866858290311119
MMR013039,2021-05-01,-0.8911072668504662
MMR013040,2021-05-01,0.12439213044579531
MMR013041,2021-05-01,-0.4608357462008399
MMR013042,2021-05-01,0.545453334928375
MMR013043,2021-05-01,-0.9758350219227531
MMR013044,2021-05-01,-0.22146895752730641
MMR013046,2021-05-01,0.05964768836949287
MMR013047,2021-05-01,0.1278303563673225
MMR014001,2021-05-01,-0.7382666233677978
MMR014002,2021-05-01,0.3908644194597042
MMR014003,2021-05-01,-0.9813191807711723
MMR014004,2021-05-01,0.1542810401095533
MMR014005,2021-05-01,-1.109497584307515
MMR014006,2021-05-01,-1.4599929166189096
MMR014007,2021-05-01,-1.5964359670815653
MMR014008,2021-05-01,-0.7162261080134269
MMR014009,2021-05-01,-1.331504741002567
MMR014010,2021-05-01,1.3325811393380587
MMR014011,2021-05-01,-1.349629197298471
MMR014012,2021-05-01,-1.2477354349766923
MMR014013,2021-05-01,-1.3598525877314143
MMR014014,2021-05-01,-1.094894791494024
MMR014015,2021-05-01,-0.9318918589514733
MMR014016,2021-05-01,-0.8401603856895766
MMR014017,2021-05-01,-1.3598525877314143
MMR014018,2021-05-01,-1.5534167219420285
MMR014019,2021-05-01,-1.5091104663586088
MMR014020,2021-05-01,-0.6210818395784002
MMR014021,2021-05-01,-1.2397874270111129
MMR015001,2021-05-01,0.45202999450568837
MMR015002,2021-05-01,1.5999229536620618
MMR015003,2021-05-01,-0.02501028711534578
MMR015004,2021-05-01,-1.1538990156465254
MMR015005,2021-05-01,-1.5534167219420285
MMR015006,2021-05-01,-1.3017955887136996
MMR015007,2021-05-01,-1.123903071233166
MMR015008,2021-05-01,-1.5534167219420285
MMR015009,2021-05-01,2.4186941134415045
MMR015010,2021-05-01,3.60277697784597
MMR015011,2021-05-01,1.1105739826430063
MMR015012,2021-05-01,0.5801311229398254
MMR015013,2021-05-01,-0.6398667827631197
MMR015014,2021-05-01,0.8719902934552302
MMR015015,2021-05-01,2.045001625702931
MMR015016,2021-05-01,1.2996086230677797
MMR015017,2021-05-01,0.10696436423952294
MMR015018,2021-05-01,1.081970442930001
MMR015019,2021-05-01,2.6985296090842357
MMR015020,2021-05-01,0.9429804549415534
MMR015021,2021-05-01,-0.8911072668504662
MMR015022,2021-05-01,0.48722627355989034
MMR015023,2021-05-01,2.0466451432259842
MMR015024,2021-05-01,-1.5491192912115352
MMR016001,2021-05-01,-1.4071692636014443
MMR016002,2021-05-01,-1.4005760784593604
MMR016003,2021-05-01,-1.4599929166189096
MMR016005,2021-05-01,-1.2374535805984754
MMR016006,2021-05-01,-1.2477354349766923
MMR016007,2021-05-01,-1.773759589926882
MMR016008,2021-05-01,-1.4005760784593604
MMR016009,2021-05-01,-0.9297466184981792
MMR016010,2021-05-01,-1.0705490785831495
MMR016011,2021-05-01,-1.0705490785831495
MMR017001,2021-05-01,-0.8480097425627153
MMR017002,2021-05-01,-0.8911072668504662
MMR017003,2021-05-01,-1.0439479103331344
MMR017004,2021-05-01,-0.04331246472319297
MMR017005,2021-05-01,-1.738385994691656
MMR017006,2021-05-01,-1.5534167219420285
MMR017007,2021-05-01,-1.6910693188216257
MMR017008,2021-05-01,-1.738385994691656
MMR017009,2021-05-01,-1.5024698407811394
MMR017010,2021-05-01,-1.604363603102918
MMR017011,2021-05-01,-1.604363603102918
MMR017012,2021-05-01,-1.604363603102918
MMR017013,2021-05-01,-1.738385994691656
MMR017014,2021-05-01,-1.2930884146035841
MMR017015,2021-05-01,-1.45152295962025
MMR017016,2021-05-01,-1.1157711036059395
MMR017017,2021-05-01,-1.64231476037564
MMR017018,2021-05-01,-1.4599929166189096
MMR017019,2021-05-01,-1.5018026153415047
MMR017020,2021-05-01,-1.6867161917146505
MMR017021,2021-05-01,-1.5018026153415047
MMR017022,2021-05-01,-1.6437526429515956
MMR017023,2021-05-01,-1.1777792653085262
MMR017024,2021-05-01,-1.1777792653085262
MMR017025,2021-05-01,-1.6867161917146505
MMR017026,2021-05-01,-0.9811440206146343
MMR018001,2021-05-01,-1.2374535805984754
MMR018002,2021-05-01,-1.1818187465933667
MMR018003,2021-05-01,-1.5535118976976192
MMR018004,2021-05-01,-1.1818187465933667
MMR018005,2021-05-01,-1.4005760784593604
MMR018006,2021-05-01,-1.521783410557157
MMR018007,2021-05-01,-1.4377913507672486
MMR018008,2021-05-01,-1.3598525877314143
MMR001001,2021-06-01,10.643674727503658
MMR001002,2021-06-01,10.73164492086616
MMR001003,2021-06-01,1.647727722536061
MMR001004,2021-06-01,3.1530536150481874
MMR001005,2021-06-01,1.249027263965047
MMR001006,2021-06-01,-1.3972169393507303
MMR001007,2021-06-01,4.71710109986976
MMR001008,2021-06-01,4.27366390653962
MMR001009,2021-06-01,2.8003642778382165
MMR001010,2021-06-01,12.80166527011756
MMR001011,2021-06-01,4.539720972147667
MMR001012,2021-06-01,14.24554635513207
MMR001013,2021-06-01,10.366565898084328
MMR001014,2021-06-01,0.3798812361368555
MMR001015,2021-06-01,1.1631019217901608
MMR001016,2021-06-01,-0.37988123613685487
MMR001017,2021-06-01,-0.4445690261570505
MMR001018,2021-06-01,-1.3740917885044666
MMR002001,2021-06-01,6.336425053317992
MMR002002,2021-06-01,9.02217935825031
MMR002003,2021-06-01,5.5833349887333386
MMR002004,2021-06-01,1.3295843264789935
MMR002005,2021-06-01,5.847817995667198
MMR002006,2021-06-01,0.8870719140978203
MMR002007,2021-06-01,1.5665765683629402
MMR003001,2021-06-01,1.6371624539673282
MMR003002,2021-06-01,3.039049889094842
MMR003003,2021-06-01,0.630858505757658
MMR003004,2021-06-01,1.1225471422854711
MMR003005,2021-06-01,1.460726800230309
MMR003006,2021-06-01,1.321911087675183
MMR003007,2021-06-01,1.1631019217901608
MMR004001,2021-06-01,3.7988123613685514
MMR004002,2021-06-01,3.3221712861310517
MMR004003,2021-06-01,1.0373277276997848
MMR004004,2021-06-01,2.307524945291358
MMR004005,2021-06-01,2.307524945291358
MMR004006,2021-06-01,2.365525104260854
MMR004007,2021-06-01,3.6670018923106458
MMR004008,2021-06-01,1.6697824265370733
MMR004009,2021-06-01,1.1823951056430704
MMR005001,2021-06-01,-0.7312223589463762
MMR005002,2021-06-01,0.5977051542532771
MMR005003,2021-06-01,2.365525104260853
MMR005004,2021-06-01,0.6261684099514025
MMR005005,2021-06-01,-0.15654210248785053
MMR005006,2021-06-01,0.5977051542532771
MMR005007,2021-06-01,0.19706585094051182
MMR005008,2021-06-01,-0.014337693312673993
MMR005009,2021-06-01,4.8963284502911755
MMR005010,2021-06-01,2.9400631911917956
MMR005011,2021-06-01,1.1396437084105657
MMR005012,2021-06-01,0.2746212870893436
MMR005013,2021-06-01,4.887592311009558
MMR005014,2021-06-01,0.9207890214172105
MMR005015,2021-06-01,0.8870719140978203
MMR005016,2021-06-01,3.843978294423887
MMR005017,2021-06-01,4.441561101966918
MMR005018,2021-06-01,1.4054148221631106
MMR005019,2021-06-01,4.070856726265563
MMR005020,2021-06-01,2.4524929389763264
MMR005021,2021-06-01,0.2782970710895121
MMR005022,2021-06-01,-0.40929061349183193
MMR005023,2021-06-01,-0.856172247984424
MMR005024,2021-06-01,-1.2001561190735213
MMR005025,2021-06-01,-1.4610596232199389
MMR005026,2021-06-01,-1.6349952926508842
MMR005027,2021-06-01,2.933833418478572
MMR005028,2021-06-01,1.8994061806842761
MMR005029,2021-06-01,5.426890356669476
MMR005030,2021-06-01,0.8870719140978203
MMR005031,2021-06-01,0.7131362446668748
MMR005032,2021-06-01,-1.5023399823122912
MMR005033,2021-06-01,1.2438728885811445
MMR005034,2021-06-01,1.3339842217511564
MMR005035,2021-06-01,-0.41427967522699105
MMR005036,2021-06-01,-0.9016675284352159
MMR005037,2021-06-01,-0.33871925802441943
MMR006001,2021-06-01,-1.1131882843580487
MMR006002,2021-06-01,-0.6562685624223127
MMR006003,2021-06-01,-0.6562685624223127
MMR006004,2021-06-01,0.5080788870366293
MMR006005,2021-06-01,-1.5030667074833615
MMR006006,2021-06-01,-1.6089164756159926
MMR006007,2021-06-01,-1.234614017444779
MMR006008,2021-06-01,-1.5480274579354116
MMR006009,2021-06-01,-1.1306746022424317
MMR006010,2021-06-01,-1.6089164756159926
MMR007001,2021-06-01,-1.364573683013289
MMR007002,2021-06-01,-0.7621183305549438
MMR007003,2021-06-01,-1.1396437084105653
MMR007004,2021-06-01,-0.12923354686557348
MMR007005,2021-06-01,-0.5698218542052826
MMR007006,2021-06-01,-1.0311770260529327
MMR007007,2021-06-01,-0.09497030903421345
MMR007008,2021-06-01,1.5613678959132853
MMR007009,2021-06-01,-1.3740917885044666
MMR007010,2021-06-01,-1.4610596232199389
MMR007011,2021-06-01,1.001559988208194
MMR007012,2021-06-01,-0.9369432147754073
MMR007013,2021-06-01,-0.8547327813079239
MMR007014,2021-06-01,-0.8522847802116311
MMR008001,2021-06-01,-0.7653169454961586
MMR008002,2021-06-01,-0.6140581573559798
MMR008003,2021-06-01,-1.3946198681943904
MMR008004,2021-06-01,-0.7621183305549438
MMR008005,2021-06-01,-0.33047777191879574
MMR008006,2021-06-01,-0.856172247984424
MMR008007,2021-06-01,-1.1396437084105653
MMR008008,2021-06-01,-1.7057171037666117
MMR008009,2021-06-01,-1.6089164756159926
MMR008010,2021-06-01,-1.5480274579354116
MMR008011,2021-06-01,-1.023514491737272
MMR008012,2021-06-01,-1.2281163147119603
MMR008013,2021-06-01,-2.1150892086705984
MMR008014,2021-06-01,-1.3740917885044666
MMR009001,2021-06-01,-0.30109155956615496
MMR009002,2021-06-01,0.2746212870893436
MMR009003,2021-06-01,-0.856172247984424
MMR009004,2021-06-01,-0.7754012811934407
MMR009005,2021-06-01,-0.4174456066342682
MMR009006,2021-06-01,-0.7124688457080037
MMR009007,2021-06-01,0.09497030903421387
MMR009008,2021-06-01,-0.21000451365655684
MMR009009,2021-06-01,-0.9392526149271035
MMR009010,2021-06-01,-0.7754012811934407
MMR009011,2021-06-01,-0.5608797295999178
MMR009012,2021-06-01,-1.8089309620818292
MMR009013,2021-06-01,-1.3188253101403475
MMR009014,2021-06-01,-1.7219631273663567
MMR009015,2021-06-01,-1.7219631273663567
MMR009016,2021-06-01,-1.376418558016708
MMR009017,2021-06-01,-0.6138593476114739
MMR009018,2021-06-01,0.19706585094051182
MMR009019,2021-06-01,2.091929802291586
MMR009020,2021-06-01,0.4522327405204571
MMR009021,2021-06-01,0.6518331992647696
MMR009022,2021-06-01,-0.5913812760652134
MMR009023,2021-06-01,6.652689697080755
MMR009024,2021-06-01,2.9742999472691616
MMR009025,2021-06-01,2.167724360345629
MMR010001,2021-06-01,1.047883884397683
MMR010002,2021-06-01,1.460726800230309
MMR010003,2021-06-01,2.1843171077869172
MMR010004,2021-06-01,1.519524944547421
MMR010005,2021-06-01,1.143177495832416
MMR010006,2021-06-01,0.8034223153728556
MMR010007,2021-06-01,1.5793977234481633
MMR010008,2021-06-01,-0.7653169454961586
MMR010009,2021-06-01,-0.6138593476114739
MMR010010,2021-06-01,-0.04846258007459012
MMR010011,2021-06-01,1.1396437084105657
MMR010012,2021-06-01,0.1290392398140665
MMR010013,2021-06-01,-1.5462089843024764
MMR010014,2021-06-01,-1.0262204496425762
MMR010015,2021-06-01,-1.5480274579354116
MMR010016,2021-06-01,-1.0156470779241757
MMR010017,2021-06-01,2.365525104260853
MMR010018,2021-06-01,1.4855733378592422
MMR010019,2021-06-01,0.4244495251026407
MMR010020,2021-06-01,-0.7882634037620467
MMR010021,2021-06-01,1.405414822163111
MMR010022,2021-06-01,-0.3798812361368551
MMR010023,2021-06-01,-2.228360006788863
MMR010024,2021-06-01,-1.329584326478993
MMR010028,2021-06-01,-1.260027081939341
MMR010029,2021-06-01,-0.7653169454961586
MMR010030,2021-06-01,-1.9251817745726914
MMR010031,2021-06-01,-1.663881915894258
MMR011001,2021-06-01,-0.18994061806842732
MMR011002,2021-06-01,0.09497030903421387
MMR011003,2021-06-01,-0.1678034585351682
MMR011004,2021-06-01,0.9314779595671537
MMR011005,2021-06-01,2.1087644749110131e-16
MMR011006,2021-06-01,0.9314779595671537
MMR011007,2021-06-01,0.2963793507713671
MMR011008,2021-06-01,0.7197784233018916
MMR011009,2021-06-01,0.08467981450610496
MMR011010,2021-06-01,2.626428608407271
MMR012001,2021-06-01,-0.38680973234609506
MMR012002,2021-06-01,-1.0446733993763515
MMR012003,2021-06-01,-1.234614017444779
MMR012004,2021-06-01,-0.9497030903421378
MMR012005,2021-06-01,-1.2430307520863046
MMR012006,2021-06-01,-1.2672084183413843
MMR012007,2021-06-01,-1.1453614550393283
MMR012008,2021-06-01,-1.0796676349528371
MMR012009,2021-06-01,-0.9016675284352159
MMR012010,2021-06-01,-1.2001561190735213
MMR012011,2021-06-01,-1.1453614550393283
MMR012012,2021-06-01,-0.7970664280420491
MMR012013,2021-06-01,-1.1453614550393283
MMR012014,2021-06-01,-2.3880039452732564
MMR012015,2021-06-01,-1.7219631273663567
MMR012016,2021-06-01,-1.8089309620818292
MMR012017,2021-06-01,-0.5608797295999178
MMR013001,2021-06-01,2.1046216001144358
MMR013002,2021-06-01,1.405414822163111
MMR013003,2021-06-01,-0.06957426777237803
MMR013004,2021-06-01,-0.037613847258384764
MMR013005,2021-06-01,-1.5197954911434484
MMR013006,2021-06-01,-0.6946303144024573
MMR013007,2021-06-01,0.8001040793823475
MMR013009,2021-06-01,2.9256699408860585
MMR013010,2021-06-01,2.191589434829908
MMR013011,2021-06-01,1.2346140174447795
MMR013012,2021-06-01,0.3652649058049849
MMR013013,2021-06-01,2.4692280348895586
MMR013014,2021-06-01,3.2289905071632696
MMR013015,2021-06-01,2.5394607736917987
MMR013016,2021-06-01,0.5604960311894585
MMR013017,2021-06-01,0.3798812361368555
MMR013018,2021-06-01,2.1323535232819615
MMR013019,2021-06-01,2.051582556490978
MMR013020,2021-06-01,1.0446733993763522
MMR013021,2021-06-01,1.4245546355132073
MMR013022,2021-06-01,0.7025469723210279
MMR013023,2021-06-01,-0.8522847802116311
MMR013024,2021-06-01,-0.5361266385290473
MMR013025,2021-06-01,-0.867968098687575
MMR013026,2021-06-01,-1.1396437084105653
MMR013027,2021-06-01,-0.750515525657309
MMR013028,2021-06-01,-1.3740917885044666
MMR013029,2021-06-01,-0.9819016282631644
MMR013030,2021-06-01,-1.2913671712180994
MMR013031,2021-06-01,-0.7621183305549438
MMR013032,2021-06-01,-0.7970664280420491
MMR013033,2021-06-01,0.18994061806842774
MMR013034,2021-06-01,-0.24350993720332323
MMR013035,2021-06-01,-0.856172247984424
MMR013036,2021-06-01,-0.7621183305549438
MMR013037,2021-06-01,0.3798812361368555
MMR013038,2021-06-01,0.7592470878352438
MMR013039,2021-06-01,0.6261684099514025
MMR013040,2021-06-01,1.460726800230309
MMR013041,2021-06-01,1.0823309549991778
MMR013042,2021-06-01,2.232041410823437
MMR013043,2021-06-01,0.48748157263091746
MMR013044,2021-06-01,1.5613678959132853
MMR013046,2021-06-01,1.4861857889540944
MMR013047,2021-06-01,1.4958467571061278
MMR014001,2021-06-01,-0.24350993720332323
MMR014002,2021-06-01,3.343918025146712
MMR014003,2021-06-01,-0.4523174140295069
MMR014004,2021-06-01,1.970811589699995
MMR014005,2021-06-01,-0.8640579618160897
MMR014006,2021-06-01,-1.7094655626158481
MMR014007,2021-06-01,-1.663881915894258
MMR014008,2021-06-01,0.1435816112225604
MMR014009,2021-06-01,-0.7124688457080037
MMR014010,2021-06-01,6.488014169426077
MMR014011,2021-06-01,-1.8089309620818292
MMR014012,2021-06-01,-0.5913812760652134
MMR014013,2021-06-01,-0.9369432147754073
MMR014014,2021-06-01,-0.7653169454961586
MMR014015,2021-06-01,0.12127129288646886
MMR014016,2021-06-01,0.2782970710895121
MMR014017,2021-06-01,-0.04846258007459012
MMR014018,2021-06-01,-1.9828666315127743
MMR014019,2021-06-01,-2.3041545648429063
MMR014020,2021-06-01,0.19706585094051182
MMR014021,2021-06-01,-1.6089164756159926
MMR015001,2021-06-01,1.7061855042082115
MMR015002,2021-06-01,4.74851545171069
MMR015003,2021-06-01,2.0176537653989635
MMR015004,2021-06-01,-0.6366742876539608
MMR015005,2021-06-01,-1.5480274579354116
MMR015006,2021-06-01,-1.6089164756159926
MMR015007,2021-06-01,-1.3890553816434406
MMR015008,2021-06-01,-1.5480274579354116
MMR015009,2021-06-01,5.588867757402921
MMR015010,2021-06-01,8.072476267908172
MMR015011,2021-06-01,3.9867937536426603
MMR015012,2021-06-01,1.3246438553721276
MMR015013,2021-06-01,0.4157931060675475
MMR015014,2021-06-01,2.351381703278543
MMR015015,2021-06-01,2.1843171077869172
MMR015016,2021-06-01,1.7567502612525456
MMR015017,2021-06-01,1.001559988208194
MMR015018,2021-06-01,4.071904900799428
MMR015019,2021-06-01,5.594752100354486
MMR015020,2021-06-01,3.409139120846524
MMR015021,2021-06-01,-0.504413441349741
MMR015022,2021-06-01,2.5641983439237728
MMR015023,2021-06-01,4.8479193804745035
MMR015024,2021-06-01,-1.7446528826852412
MMR016001,2021-06-01,-1.9061948162672082
MMR016002,2021-06-01,-1.8089309620818292
MMR016003,2021-06-01,-1.804435871650062
MMR016005,2021-06-01,-1.5195249445474206
MMR016006,2021-06-01,-1.4610596232199389
MMR016007,2021-06-01,-2.3083686233405207
MMR016008,2021-06-01,-1.9828666315127743
MMR016009,2021-06-01,-1.0796676349528371
MMR016010,2021-06-01,-1.1396437084105653
MMR016011,2021-06-01,-1.1396437084105653
MMR017001,2021-06-01,-0.47485154517106876
MMR017002,2021-06-01,-0.504413441349741
MMR017003,2021-06-01,-0.15654210248785075
MMR017004,2021-06-01,0.505828111529509
MMR017005,2021-06-01,-0.9369432147754073
MMR017006,2021-06-01,-0.8522847802116311
MMR017007,2021-06-01,-0.9369432147754073
MMR017008,2021-06-01,-1.5023399823122912
MMR017009,2021-06-01,-1.6349952926508842
MMR017010,2021-06-01,-0.7653169454961586
MMR017011,2021-06-01,-1.7219631273663567
MMR017012,2021-06-01,-1.6349952926508842
MMR017013,2021-06-01,-1.7446528826852412
MMR017014,2021-06-01,-1.329584326478993
MMR017015,2021-06-01,-1.4610596232199389
MMR017016,2021-06-01,-1.2913671712180994
MMR017017,2021-06-01,-1.6977981004105624
MMR017018,2021-06-01,-1.7094655626158481
MMR017019,2021-06-01,-1.3407980487303244
MMR017020,2021-06-01,-1.4704144262484335
MMR017021,2021-06-01,-1.4215690155213079
MMR017022,2021-06-01,-1.4215690155213079
MMR017023,2021-06-01,-0.7621183305549438
MMR017024,2021-06-01,-0.7621183305549438
MMR017025,2021-06-01,-1.3946198681943904
MMR017026,2021-06-01,-0.41427967522699105
MMR018001,2021-06-01,-1.6144952535816344
MMR018002,2021-06-01,-1.5195249445474206
MMR018003,2021-06-01,-1.6977981004105624
MMR018004,2021-06-01,-1.5195249445474206
MMR018005,2021-06-01,-1.8089309620818292
MMR018006,2021-06-01,-0.8745992920731167
MMR018007,2021-06-01,-1.4481070245800785
MMR018008,2021-06-01,-1.4215690155213079
MMR001001,2021-07-01,3.9896896208124693
MMR001002,2021-07-01,3.8664743091879394
MMR001003,2021-07-01,0.5720150246397276
MMR001004,2021-07-01,1.9076943938051854
MMR001005,2021-07-01,0.8766032750626843
MMR001006,2021-07-01,-1.1477429864536617
MMR001007,2021-07-01,3.7865113601765468
MMR001008,2021-07-01,3.230776397855261
MMR001009,2021-07-01,2.618838692261056
MMR001010,2021-07-01,3.5336177966594042
MMR001011,2021-07-01,2.4525152187340833
MMR001012,2021-07-01,4.774614182520338
MMR001013,2021-07-01,2.7851621657880283
MMR001014,2021-07-01,-0.5834110701408135
MMR001015,2021-07-01,-0.5092899728379903
MMR001016,2021-07-01,-0.7650390448072932
MMR001017,2021-07-01,-0.8440910472262098
MMR001018,2021-07-01,-1.1234394620958228
MMR002001,2021-07-01,3.2122885337088007
MMR002002,2021-07-01,4.774614182520338
MMR002003,2021-07-01,2.618838692261056
MMR002004,2021-07-01,1.1420546891907437
MMR002005,2021-07-01,2.734625019595164
MMR002006,2021-07-01,0.3734717996469287
MMR002007,2021-07-01,0.6741686489110497
MMR003001,2021-07-01,0.8930100627690403
MMR003002,2021-07-01,1.3236826638572232
MMR003003,2021-07-01,-0.05234808332041316
MMR003004,2021-07-01,0.004160540710821043
MMR003005,2021-07-01,0.37051670968359784
MMR003006,2021-07-01,0.6229570099373873
MMR003007,2021-07-01,0.5720150246397276
MMR004001,2021-07-01,1.7777526005234225
MMR004002,2021-07-01,1.5377361143357353
MMR004003,2021-07-01,-0.13556985569548866
MMR004004,2021-07-01,1.382689840441771
MMR004005,2021-07-01,1.483907153517588
MMR004006,2021-07-01,1.0387656937548182
MMR004007,2021-07-01,1.498847879620629
MMR004008,2021-07-01,0.7061187467008737
MMR004009,2021-07-01,0.4581453494678352
MMR005001,2021-07-01,-0.39510339077549905
MMR005002,2021-07-01,0.03136252590086879
MMR005003,2021-07-01,1.7040595878627076
MMR005004,2021-07-01,2.7851621657880283
MMR005005,2021-07-01,1.7872213246261939
MMR005006,2021-07-01,2.039500378359488
MMR005007,2021-07-01,1.1829198716365104
MMR005008,2021-07-01,1.7299795154460325
MMR005009,2021-07-01,7.705890571154586
MMR005010,2021-07-01,4.8972350145506
MMR005011,2021-07-01,2.867520448522301
MMR005012,2021-07-01,1.1899035946269954
MMR005013,2021-07-01,6.028469899563991
MMR005014,2021-07-01,1.344375737123812
MMR005015,2021-07-01,0.45663353641041504
MMR005016,2021-07-01,5.280014268692614
MMR005017,2021-07-01,6.908638596769043
MMR005018,2021-07-01,2.2712085921047134
MMR005019,2021-07-01,5.437887513289459
MMR005020,2021-07-01,1.7872213246261939
MMR005021,2021-07-01,0.7061187467008737
MMR005022,2021-07-01,0.8205326105521727
MMR005023,2021-07-01,-0.8182342578316242
MMR005024,2021-07-01,-0.12549862093398845
MMR005025,2021-07-01,-0.6244690415149056
MMR005026,2021-07-01,-0.7907925150418779
MMR005027,2021-07-01,2.228136869502306
MMR005028,2021-07-01,3.230776397855261
MMR005029,2021-07-01,5.9664317179497655
MMR005030,2021-07-01,0.7892804834643595
MMR005031,2021-07-01,0.539795273173901
MMR005032,2021-07-01,-1.2044146140736662
MMR005033,2021-07-01,1.344375737123812
MMR005034,2021-07-01,1.5453071327208479
MMR005035,2021-07-01,-0.6122302112947664
MMR005036,2021-07-01,-0.9617734115149617
MMR005037,2021-07-01,-0.945308360302027
MMR006001,2021-07-01,-0.7076307782783917
MMR006002,2021-07-01,-0.7428737341503925
MMR006003,2021-07-01,-0.3380044818471233
MMR006004,2021-07-01,0.2692993966077805
MMR006005,2021-07-01,-0.7428737341503925
MMR006006,2021-07-01,-1.1477429864536617
MMR006007,2021-07-01,-0.6742250574740535
MMR006008,2021-07-01,-0.9571159885688504
MMR006009,2021-07-01,-0.8777134868647652
MMR006010,2021-07-01,-1.1477429864536617
MMR007001,2021-07-01,-0.7730270771742692
MMR007002,2021-07-01,-0.3380044818471233
MMR007003,2021-07-01,-0.03852714614137453
MMR007004,2021-07-01,0.03136252590086879
MMR007005,2021-07-01,-0.8558530321405331
MMR007006,2021-07-01,-0.8695530085616245
MMR007007,2021-07-01,-0.03852714614137433
MMR007008,2021-07-01,0.3856678972509677
MMR007009,2021-07-01,-1.206601198859309
MMR007010,2021-07-01,-1.289762935622795
MMR007011,2021-07-01,-0.04587354534753985
MMR007012,2021-07-01,-1.0499424715768493
MMR007013,2021-07-01,-1.037481006807013
MMR007014,2021-07-01,-0.9571159885688504
MMR008001,2021-07-01,-0.8739542518053641
MMR008002,2021-07-01,-1.0992405496391142
MMR008003,2021-07-01,-1.1363585993032501
MMR008004,2021-07-01,-0.7428737341503925
MMR008005,2021-07-01,-0.6244690415149056
MMR008006,2021-07-01,-0.8954703290800325
MMR008007,2021-07-01,-0.4925970828075738
MMR008008,2021-07-01,-1.1644832441320834
MMR008009,2021-07-01,-1.2489602995294788
MMR008010,2021-07-01,-1.3729246723862811
MMR008011,2021-07-01,-0.9617734115149617
MMR008012,2021-07-01,-1.2949686331180212
MMR008013,2021-07-01,-1.6211821055828664
MMR008014,2021-07-01,-1.289762935622795
MMR009001,2021-07-01,-0.7378586982305847
MMR009002,2021-07-01,-0.7409981865832156
MMR009003,2021-07-01,-0.8182342578316241
MMR009004,2021-07-01,-0.6637621153348072
MMR009005,2021-07-01,-0.5413073047514193
MMR009006,2021-07-01,-0.9189262426526476
MMR009007,2021-07-01,-0.4925970828075738
MMR009008,2021-07-01,-0.8182342578316242
MMR009009,2021-07-01,-1.1234394620958228
MMR009010,2021-07-01,-1.0499424715768493
MMR009011,2021-07-01,-1.2088360515201175
MMR009012,2021-07-01,-1.3729246723862811
MMR009013,2021-07-01,-1.0638811470863825
MMR009014,2021-07-01,-1.3729246723862811
MMR009015,2021-07-01,-1.3729246723862811
MMR009016,2021-07-01,-1.286267190158722
MMR009017,2021-07-01,-0.6637621153348072
MMR009018,2021-07-01,1.1829198716365104
MMR009019,2021-07-01,1.9076943938051854
MMR009020,2021-07-01,1.9535447981531666
MMR009021,2021-07-01,1.4728296805039802
MMR009022,2021-07-01,0.6229570099373873
MMR009023,2021-07-01,7.145513373236388
MMR009024,2021-07-01,2.618838692261056
MMR009025,2021-07-01,1.7627394893714503
MMR010001,2021-07-01,0.9024569896594131
MMR010002,2021-07-01,1.079037901214319
MMR010003,2021-07-01,1.777752600523423
MMR010004,2021-07-01,1.5053106385237032
MMR010005,2021-07-01,1.382689840441771
MMR010006,2021-07-01,0.8205326105521727
MMR010007,2021-07-01,1.252322753957172
MMR010008,2021-07-01,-0.37498383122444706
MMR010009,2021-07-01,-0.4320539015895819
MMR010010,2021-07-01,1.421611808372221
MMR010011,2021-07-01,1.777752600523423
MMR010012,2021-07-01,0.35895828562568965
MMR010013,2021-07-01,-1.2088360515201175
MMR010014,2021-07-01,-0.37498383122444706
MMR010015,2021-07-01,-1.0402777253323365
MMR010016,2021-07-01,-0.7739713382189125
MMR010017,2021-07-01,1.8703830613896804
MMR010018,2021-07-01,1.4003522282871128
MMR010019,2021-07-01,0.6755777061184377
MMR010020,2021-07-01,-0.9189262426526476
MMR010021,2021-07-01,0.9581953808817699
MMR010022,2021-07-01,-0.3109691081410939
MMR010023,2021-07-01,-1.71617821703819
MMR010024,2021-07-01,-1.1282949941402527
MMR010028,2021-07-01,-1.2816506853220746
MMR010029,2021-07-01,-0.7907925150418779
MMR010030,2021-07-01,-1.4987458603875876
MMR010031,2021-07-01,-1.3588867565704832
MMR011001,2021-07-01,-0.22015512080785418
MMR011002,2021-07-01,-0.4017830954743339
MMR011003,2021-07-01,-0.6187420787838902
MMR011004,2021-07-01,0.6741686489110497
MMR011005,2021-07-01,-0.4017830954743339
MMR011006,2021-07-01,0.5729513358352324
MMR011007,2021-07-01,1.079037901214319
MMR011008,2021-07-01,0.9778205881385016
MMR011009,2021-07-01,-0.03435254261967137
MMR011010,2021-07-01,2.1198682716801387
MMR012001,2021-07-01,-0.024141431858755853
MMR012002,2021-07-01,-0.6742250574740535
MMR012003,2021-07-01,-0.9466670194737731
MMR012004,2021-07-01,-0.6742250574740535
MMR012005,2021-07-01,-1.3537909559538526
MMR012006,2021-07-01,-0.8452590114415633
MMR012007,2021-07-01,-0.7287446113681648
MMR012008,2021-07-01,-0.7428737341503925
MMR012009,2021-07-01,-0.8452590114415633
MMR012010,2021-07-01,-0.9571159885688504
MMR012011,2021-07-01,-0.9617734115149617
MMR012012,2021-07-01,-0.6187420787838902
MMR012013,2021-07-01,-0.9617734115149617
MMR012014,2021-07-01,-1.8169101890617736
MMR012015,2021-07-01,-1.1234394620958228
MMR012016,2021-07-01,-1.289762935622795
MMR012017,2021-07-01,-0.4840615293514425
MMR013001,2021-07-01,0.7892804834643595
MMR013002,2021-07-01,0.4947789533913192
MMR013003,2021-07-01,-0.04233688417050212
MMR013004,2021-07-01,0.29864089116003273
MMR013005,2021-07-01,-0.6693076367395676
MMR013006,2021-07-01,-1.0499424715768493
MMR013007,2021-07-01,-0.12549862093398845
MMR013009,2021-07-01,1.0379649672027753
MMR013010,2021-07-01,1.0387656937548182
MMR013011,2021-07-01,0.052286841191865406
MMR013012,2021-07-01,0.04082485259298401
MMR013013,2021-07-01,1.414496651190463
MMR013014,2021-07-01,1.5053106385237032
MMR013015,2021-07-01,1.205089167281791
MMR013016,2021-07-01,-0.029658210927774185
MMR013017,2021-07-01,-0.22015512080785418
MMR013018,2021-07-01,1.2671396658754035
MMR013019,2021-07-01,0.4175428821429108
MMR013020,2021-07-01,0.324728803191585
MMR013021,2021-07-01,1.3236826638572232
MMR013022,2021-07-01,0.08475403966162093
MMR013023,2021-07-01,0.04082485259298401
MMR013024,2021-07-01,-0.26268701107457115
MMR013025,2021-07-01,-0.5404391079987578
MMR013026,2021-07-01,-0.4017830954743339
MMR013027,2021-07-01,-1.0339978551461453
MMR013028,2021-07-01,-1.206601198859309
MMR013029,2021-07-01,-0.7354514776970971
MMR013030,2021-07-01,-1.0465256733778443
MMR013031,2021-07-01,-0.7428737341503925
MMR013032,2021-07-01,-0.6187420787838902
MMR013033,2021-07-01,-0.3109691081410939
MMR013034,2021-07-01,-0.7076307782783917
MMR013035,2021-07-01,-1.1271785428252576
MMR013036,2021-07-01,-0.945308360302027
MMR013037,2021-07-01,0.052286841191865406
MMR013038,2021-07-01,0.4175428821429108
MMR013039,2021-07-01,0.539795273173901
MMR013040,2021-07-01,0.9778205881385016
MMR013041,2021-07-01,0.8809593096333618
MMR013042,2021-07-01,0.690649757996314
MMR013043,2021-07-01,0.1533051011526381
MMR013044,2021-07-01,1.1104424194196427
MMR013046,2021-07-01,0.4947789533913192
MMR013047,2021-07-01,0.12398658935647013
MMR014001,2021-07-01,-0.45814556798793316
MMR014002,2021-07-01,1.7305560933658544
MMR014003,2021-07-01,-0.5092899728379903
MMR014004,2021-07-01,0.8037232383849531
MMR014005,2021-07-01,-0.9189262426526476
MMR014006,2021-07-01,-1.3099229688067324
MMR014007,2021-07-01,-1.2044146140736662
MMR014008,2021-07-01,0.8778740899832664
MMR014009,2021-07-01,-0.6290164337851775
MMR014010,2021-07-01,3.0673336292750655
MMR014011,2021-07-01,-1.4560864091497676
MMR014012,2021-07-01,0.20714832611995626
MMR014013,2021-07-01,-0.27758175909276506
MMR014014,2021-07-01,-0.04233688417050234
MMR014015,2021-07-01,0.6031002539015702
MMR014016,2021-07-01,0.8724422202278459
MMR014017,2021-07-01,0.4175428821429108
MMR014018,2021-07-01,-1.4560864091497676
MMR014019,2021-07-01,-1.7886556692550577
MMR014020,2021-07-01,-0.19415172048397242
MMR014021,2021-07-01,-1.2489602995294788
MMR015001,2021-07-01,0.5646114700987411
MMR015002,2021-07-01,3.0491484231887807
MMR015003,2021-07-01,1.7040595878627076
MMR015004,2021-07-01,-0.7739713382189125
MMR015005,2021-07-01,-1.206601198859309
MMR015006,2021-07-01,-1.2489602995294788
MMR015007,2021-07-01,-1.0782878115883603
MMR015008,2021-07-01,-1.206601198859309
MMR015009,2021-07-01,5.532599676550279
MMR015010,2021-07-01,5.501126081186257
MMR015011,2021-07-01,3.864585603660608
MMR015012,2021-07-01,1.8850282358626713
MMR015013,2021-07-01,1.1815710235178956
MMR015014,2021-07-01,2.8953475607933234
MMR015015,2021-07-01,0.7787987398577845
MMR015016,2021-07-01,2.0367065349166524
MMR015017,2021-07-01,1.5760839508690376
MMR015018,2021-07-01,1.592877392463998
MMR015019,2021-07-01,2.4891076474741816
MMR015020,2021-07-01,2.286191745207111
MMR015021,2021-07-01,-0.5413073047514193
MMR015022,2021-07-01,1.8685665878566624
MMR015023,2021-07-01,4.925295798095376
MMR015024,2021-07-01,-1.3588867565704832
MMR016001,2021-07-01,-1.5905949703157085
MMR016002,2021-07-01,-1.4560864091497676
MMR016003,2021-07-01,-1.4007369561399723
MMR016005,2021-07-01,-1.3099229688067324
MMR016006,2021-07-01,-1.206601198859309
MMR016007,2021-07-01,-1.834675682086859
MMR016008,2021-07-01,-1.5392481459132537
MMR016009,2021-07-01,-0.945308360302027
MMR016010,2021-07-01,-1.037481006807013
MMR016011,2021-07-01,-1.037481006807013
MMR017001,2021-07-01,-0.6742250574740535
MMR017002,2021-07-01,-0.8739542518053641
MMR017003,2021-07-01,-0.2918220944609607
MMR017004,2021-07-01,-0.024141431858755853
MMR017005,2021-07-01,-0.5092899728379903
MMR017006,2021-07-01,-0.5413073047514194
MMR017007,2021-07-01,-0.5865260440863986
MMR017008,2021-07-01,-1.0499424715768493
MMR017009,2021-07-01,-1.289762935622795
MMR017010,2021-07-01,-0.37498383122444706
MMR017011,2021-07-01,-1.1234394620958228
MMR017012,2021-07-01,-1.0402777253323365
MMR017013,2021-07-01,-1.2816506853220746
MMR017014,2021-07-01,-1.1282949941402527
MMR017015,2021-07-01,-1.289762935622795
MMR017016,2021-07-01,-0.8440910472262098
MMR017017,2021-07-01,-1.2813135037369852
MMR017018,2021-07-01,-0.9466670194737731
MMR017019,2021-07-01,-1.2816506853220746
MMR017020,2021-07-01,-1.2813135037369852
MMR017021,2021-07-01,-1.2816506853220746
MMR017022,2021-07-01,-1.0499424715768493
MMR017023,2021-07-01,-0.6416564210745751
MMR017024,2021-07-01,-0.3380044818471233
MMR017025,2021-07-01,-0.9914036948695151
MMR017026,2021-07-01,-0.3792014111479696
MMR018001,2021-07-01,-1.1282949941402527
MMR018002,2021-07-01,-1.1282949941402527
MMR018003,2021-07-01,-1.3537909559538526
MMR018004,2021-07-01,-1.1282949941402527
MMR018005,2021-07-01,-1.289762935622795
MMR018006,2021-07-01,-0.7378586982305847
MMR018007,2021-07-01,-1.0806140056856703
MMR018008,2021-07-01,-1.2816506853220746
MMR001001,2021-08-01,2.1525330235188567
MMR001002,2021-08-01,1.7811374804474187
MMR001003,2021-08-01,0.16291145731276804
MMR001004,2021-08-01,1.7774485045728374
MMR001005,2021-08-01,0.9782499429104152
MMR001006,2021-08-01,-1.4402898182264094
MMR001007,2021-08-01,2.861635795133332
MMR001008,2021-08-01,3.290672937391619
MMR001009,2021-08-01,3.2359266805513527
MMR001010,2021-08-01,0.2984592569440568
MMR001011,2021-08-01,0.8168358611100502
MMR001012,2021-08-01,2.0641753786244563
MMR001013,2021-08-01,0.2120631562497244
MMR001014,2021-08-01,-0.5775116710278948
MMR001015,2021-08-01,-0.8802081723465986
MMR001016,2021-08-01,-1.2379334334409824
MMR001017,2021-08-01,-1.124828110252041
MMR001018,2021-08-01,-1.6886510590255848
MMR002001,2021-08-01,2.4551150075999657
MMR002002,2021-08-01,4.894554360394832
MMR002003,2021-08-01,2.4583617743023627
MMR002004,2021-08-01,1.8754834465064307
MMR002005,2021-08-01,2.650350574192797
MMR002006,2021-08-01,2.803946177079691
MMR002007,2021-08-01,2.4504045801241348
MMR003001,2021-08-01,1.7021522264587121
MMR003002,2021-08-01,2.1585213446834683
MMR003003,2021-08-01,0.7963375628990945
MMR003004,2021-08-01,1.901835911575526
MMR003005,2021-08-01,0.03186481898730992
MMR003006,2021-08-01,0.039270954861060074
MMR003007,2021-08-01,0.4036313718495449
MMR004001,2021-08-01,1.026369751975318
MMR004002,2021-08-01,1.5944007673590403
MMR004003,2021-08-01,-0.0732890836708129
MMR004004,2021-08-01,0.7679421375941696
MMR004005,2021-08-01,0.8730960402522925
MMR004006,2021-08-01,0.9032319618043821
MMR004007,2021-08-01,1.2862710584843942
MMR004008,2021-08-01,0.5576475590270535
MMR004009,2021-08-01,0.12093038606208005
MMR005001,2021-08-01,-0.7704404063820511
MMR005002,2021-08-01,-0.3185283717607859
MMR005003,2021-08-01,1.59440076735904
MMR005004,2021-08-01,2.7175500763853595
MMR005005,2021-08-01,1.6807968680533723
MMR005006,2021-08-01,1.9281908305824658
MMR005007,2021-08-01,1.5515596702304615
MMR005008,2021-08-01,1.7933780888052788
MMR005009,2021-08-01,7.198780528789862
MMR005010,2021-08-01,4.255150004437977
MMR005011,2021-08-01,2.724597141037544
MMR005012,2021-08-01,0.644351286386322
MMR005013,2021-08-01,4.704660392355001
MMR005014,2021-08-01,0.8850712009230991
MMR005015,2021-08-01,0.9032319618043821
MMR005016,2021-08-01,5.309433097215327
MMR005017,2021-08-01,7.1234842506757365
MMR005018,2021-08-01,2.8910704887295737
MMR005019,2021-08-01,6.501869206781228
MMR005020,2021-08-01,0.7304397604157179
MMR005021,2021-08-01,0.039270954861059845
MMR005022,2021-08-01,0.12093038606208005
MMR005023,2021-08-01,-0.7197282293220807
MMR005024,2021-08-01,-0.13352124652760447
MMR005025,2021-08-01,-0.306313447916269
MMR005026,2021-08-01,-0.5655017499992657
MMR005027,2021-08-01,2.016972737686562
MMR005028,2021-08-01,2.3472132768014937
MMR005029,2021-08-01,5.61755868839323
MMR005030,2021-08-01,0.6440436597213854
MMR005031,2021-08-01,0.039270954861060074
MMR005032,2021-08-01,-0.8802081723465988
MMR005033,2021-08-01,1.847950859070207
MMR005034,2021-08-01,1.7774485045728374
MMR005035,2021-08-01,-0.2751043883895263
MMR005036,2021-08-01,-1.0013799737378755
MMR005037,2021-08-01,-0.4939046943033042
MMR006001,2021-08-01,-0.21991734722193665
MMR006002,2021-08-01,-0.28359688898705854
MMR006003,2021-08-01,0.3473265269616784
MMR006004,2021-08-01,0.6627882349360468
MMR006005,2021-08-01,-0.7042124996195498
MMR006006,2021-08-01,-1.3351359155682867
MMR006007,2021-08-01,-0.011435874673819563
MMR006008,2021-08-01,-0.5655017499992657
MMR006009,2021-08-01,-1.0121713227614753
MMR006010,2021-08-01,-1.3351359155682867
MMR007001,2021-08-01,-1.168693979372356
MMR007002,2021-08-01,-0.7042124996195498
MMR007003,2021-08-01,0.08291009138519304
MMR007004,2021-08-01,-0.47900831478530387
MMR007005,2021-08-01,-1.52097133161802
MMR007006,2021-08-01,-1.858612368130628
MMR007007,2021-08-01,-0.8605495692049323
MMR007008,2021-08-01,1.024485723431584
MMR007009,2021-08-01,-0.7382939513879302
MMR007010,2021-08-01,-0.8246900520822624
MMR007011,2021-08-01,0.80483122941084
MMR007012,2021-08-01,-1.6826078874691885
MMR007013,2021-08-01,-0.954895535263945
MMR007014,2021-08-01,-0.651897850693598
MMR008001,2021-08-01,-1.4294627569425882
MMR008002,2021-08-01,-1.5753748368692393
MMR008003,2021-08-01,-1.5355877324486775
MMR008004,2021-08-01,-1.229982012910164
MMR008005,2021-08-01,-1.3430666562482556
MMR008006,2021-08-01,-1.6023679159569295
MMR008007,2021-08-01,-0.8605495692049323
MMR008008,2021-08-01,-1.8464954085338279
MMR008009,2021-08-01,-1.4402898182264094
MMR008010,2021-08-01,-1.775047159719917
MMR008011,2021-08-01,-1.2434718355206584
MMR008012,2021-08-01,-2.1853961231145638
MMR008013,2021-08-01,-2.1853961231145638
MMR008014,2021-08-01,-1.775047159719917
MMR009001,2021-08-01,-0.4143545042726999
MMR009002,2021-08-01,-1.2814080299078936
MMR009003,2021-08-01,-1.5221279444446707
MMR009004,2021-08-01,-0.3185283717607857
MMR009005,2021-08-01,-0.13352124652760447
MMR009006,2021-08-01,-1.6108840105628028
MMR009007,2021-08-01,-0.954895535263945
MMR009008,2021-08-01,-1.2814080299078936
MMR009009,2021-08-01,-1.2566705555539235
MMR009010,2021-08-01,-1.1209280868833758
MMR009011,2021-08-01,-0.9332175075356747
MMR009012,2021-08-01,-1.6022549583312524
MMR009013,2021-08-01,-1.6861802886769282
MMR009014,2021-08-01,-1.6022549583312524
MMR009015,2021-08-01,-1.6022549583312524
MMR009016,2021-08-01,-1.8386981127101052
MMR009017,2021-08-01,-0.47900831478530387
MMR009018,2021-08-01,1.7774485045728374
MMR009019,2021-08-01,1.7021522264587121
MMR009020,2021-08-01,3.927095486106011
MMR009021,2021-08-01,3.0574852325129687
MMR009022,2021-08-01,1.2488163645817112
MMR009023,2021-08-01,7.5619697029767705
MMR009024,2021-08-01,3.6679071840230146
MMR009025,2021-08-01,2.304522451371715
MMR010001,2021-08-01,0.5722171278502145
MMR010002,2021-08-01,0.9782499429104152
MMR010003,2021-08-01,1.215061684093343
MMR010004,2021-08-01,0.9320237859163056
MMR010005,2021-08-01,0.557634332277924
MMR010006,2021-08-01,0.42211549851858143
MMR010007,2021-08-01,0.8644708688979665
MMR010008,2021-08-01,-0.04712514583327232
MMR010009,2021-08-01,-0.3987683432730449
MMR010010,2021-08-01,1.6072309445334299
MMR010011,2021-08-01,2.4415592428605066
MMR010012,2021-08-01,-0.12948578258521895
MMR010013,2021-08-01,-1.3849951762204267
MMR010014,2021-08-01,-0.5655017499992657
MMR010015,2021-08-01,-1.1702744548595914
MMR010016,2021-08-01,-1.0085137856498
MMR010017,2021-08-01,2.0263812708307016
MMR010018,2021-08-01,1.024485723431584
MMR010019,2021-08-01,-0.029662170166170627
MMR010020,2021-08-01,-1.6108840105628028
MMR010021,2021-08-01,0.5641113148740633
MMR010022,2021-08-01,-0.954895535263945
MMR010023,2021-08-01,-1.460291454334552
MMR010024,2021-08-01,-1.52097133161802
MMR010028,2021-08-01,-1.8430878304937066
MMR010029,2021-08-01,-1.2566705555539235
MMR010030,2021-08-01,-1.912069123019304
MMR010031,2021-08-01,-1.7628478589814476
MMR011001,2021-08-01,-0.7662036031459198
MMR011002,2021-08-01,-0.5775116710278948
MMR011003,2021-08-01,-0.7135278171102877
MMR011004,2021-08-01,0.6627882349360468
MMR011005,2021-08-01,-0.7662036031459198
MMR011006,2021-08-01,0.557634332277924
MMR011007,2021-08-01,0.7679421375941696
MMR011008,2021-08-01,0.3473265269616784
MMR011009,2021-08-01,0.03186481898730992
MMR011010,2021-08-01,3.063134479162688
MMR012001,2021-08-01,-0.7165814674417523
MMR012002,2021-08-01,-1.14358746738197
MMR012003,2021-08-01,-1.4266253655590075
MMR012004,2021-08-01,-1.14358746738197
MMR012005,2021-08-01,-1.5355877324486775
MMR012006,2021-08-01,-1.0013799737378755
MMR012007,2021-08-01,-1.1224259046292668
MMR012008,2021-08-01,-0.8093664022776726
MMR012009,2021-08-01,-0.7592881119550923
MMR012010,2021-08-01,-1.1702744548595914
MMR012011,2021-08-01,-1.1224259046292668
MMR012012,2021-08-01,-0.7135278171102877
MMR012013,2021-08-01,-1.1224259046292668
MMR012014,2021-08-01,-2.1176159801984165
MMR012015,2021-08-01,-1.4294627569425882
MMR012016,2021-08-01,-1.5158588576369203
MMR012017,2021-08-01,-1.6108840105628028
MMR013001,2021-08-01,0.7304397604157179
MMR013002,2021-08-01,0.4036313718495449
MMR013003,2021-08-01,-0.13352124652760447
MMR013004,2021-08-01,0.05661601605035872
MMR013005,2021-08-01,-0.9128747672257919
MMR013006,2021-08-01,-1.2814080299078936
MMR013007,2021-08-01,-0.5655017499992655
MMR013009,2021-08-01,0.34681922040445606
MMR013010,2021-08-01,0.12566705555539223
MMR013011,2021-08-01,0.2716020235032178
MMR013012,2021-08-01,0.2120631562497244
MMR013013,2021-08-01,0.5546399216802557
MMR013014,2021-08-01,-0.38881973890986976
MMR013015,2021-08-01,-0.7382939513879301
MMR013016,2021-08-01,-0.5171962501723093
MMR013017,2021-08-01,-0.6718576370869074
MMR013018,2021-08-01,0.8850712009230991
MMR013019,2021-08-01,0.4838713433618041
MMR013020,2021-08-01,0.5546399216802557
MMR013021,2021-08-01,1.026369751975318
MMR013022,2021-08-01,-1.2689606693351432
MMR013023,2021-08-01,-0.04712514583327232
MMR013024,2021-08-01,-0.8803340428464839
MMR013025,2021-08-01,-0.8093664022776726
MMR013026,2021-08-01,-0.29447377285085713
MMR013027,2021-08-01,-1.3042542652046505
MMR013028,2021-08-01,-1.6886510590255848
MMR013029,2021-08-01,-1.0121713227614753
MMR013030,2021-08-01,-1.4402898182264094
MMR013031,2021-08-01,-1.229982012910164
MMR013032,2021-08-01,-0.7135278171102877
MMR013033,2021-08-01,-0.8605495692049323
MMR013034,2021-08-01,-1.2566705555539235
MMR013035,2021-08-01,-1.2011680583956346
MMR013036,2021-08-01,-1.0196742075939182
MMR013037,2021-08-01,-0.48316570496888217
MMR013038,2021-08-01,0.16291145731276804
MMR013039,2021-08-01,-0.306313447916269
MMR013040,2021-08-01,1.6091733588591521
MMR013041,2021-08-01,0.3233914003372859
MMR013042,2021-08-01,0.929306184065314
MMR013043,2021-08-01,-0.7704404063820511
MMR013044,2021-08-01,-0.1802547263944213
MMR013046,2021-08-01,0.4036313718495449
MMR013047,2021-08-01,-0.04712514583327209
MMR014001,2021-08-01,-0.9110861527765947
MMR014002,2021-08-01,2.2491507166315015
MMR014003,2021-08-01,-1.1209280868833758
MMR014004,2021-08-01,0.80483122941084
MMR014005,2021-08-01,-1.0085137856498
MMR014006,2021-08-01,-1.52097133161802
MMR014007,2021-08-01,-1.5221279444446707
MMR014008,2021-08-01,1.3183180750693984
MMR014009,2021-08-01,-0.330847282622672
MMR014010,2021-08-01,3.35867034496947
MMR014011,2021-08-01,-1.775047159719917
MMR014012,2021-08-01,-1.2566705555539235
MMR014013,2021-08-01,-1.6023679159569295
MMR014014,2021-08-01,-1.3430666562482556
MMR014015,2021-08-01,-0.8579212294215494
MMR014016,2021-08-01,-0.5655017499992657
MMR014017,2021-08-01,-1.4418879729324114
MMR014018,2021-08-01,-1.6886510590255848
MMR014019,2021-08-01,-2.062661679247555
MMR014020,2021-08-01,-0.10495844828029596
MMR014021,2021-08-01,-1.4402898182264094
MMR015001,2021-08-01,-0.91287476722579175
MMR015002,2021-08-01,0.6489858877392682
MMR015003,2021-08-01,-0.306313447916269
MMR015004,2021-08-01,-1.6108840105628028
MMR015005,2021-08-01,-1.6886510590255848
MMR015006,2021-08-01,-1.3351359155682867
MMR015007,2021-08-01,-1.2434718355206584
MMR015008,2021-08-01,-1.6886510590255848
MMR015009,2021-08-01,7.287484102397784
MMR015010,2021-08-01,6.404089817339032
MMR015011,2021-08-01,4.412818238567224
MMR015012,2021-08-01,2.650350574192797
MMR015013,2021-08-01,1.9358124496490194
MMR015014,2021-08-01,2.0782468104927596
MMR015015,2021-08-01,0.3659479895622304
MMR015016,2021-08-01,2.6311539756910274
MMR015017,2021-08-01,2.008430802094725
MMR015018,2021-08-01,-0.34313732385082957
MMR015019,2021-08-01,0.4580294506151768
MMR015020,2021-08-01,0.2120631562497244
MMR015021,2021-08-01,-1.4294627569425882
MMR015022,2021-08-01,0.17725605744420542
MMR015023,2021-08-01,6.446252881132802
MMR015024,2021-08-01,-1.7628478589814476
MMR016001,2021-08-01,-1.9233278020059654
MMR016002,2021-08-01,-1.775047159719917
MMR016003,2021-08-01,-1.52097133161802
MMR016005,2021-08-01,-1.6153172976770325
MMR016006,2021-08-01,-1.775047159719917
MMR016007,2021-08-01,-2.1235668343975864
MMR016008,2021-08-01,-1.775047159719917
MMR016009,2021-08-01,-1.4402898182264094
MMR016010,2021-08-01,-1.6153172976770325
MMR016011,2021-08-01,-1.6153172976770325
MMR017001,2021-08-01,-1.2379334334409824
MMR017002,2021-08-01,-1.4294627569425882
MMR017003,2021-08-01,-1.3430666562482556
MMR017004,2021-08-01,-0.5687865397818909
MMR017005,2021-08-01,-1.8430878304937066
MMR017006,2021-08-01,-1.6886510590255848
MMR017007,2021-08-01,-1.7628478589814476
MMR017008,2021-08-01,-1.9233278020059654
MMR017009,2021-08-01,-1.6886510590255848
MMR017010,2021-08-01,-1.6886510590255848
MMR017011,2021-08-01,-1.5158588576369203
MMR017012,2021-08-01,-1.5158588576369203
MMR017013,2021-08-01,-1.8430878304937066
MMR017014,2021-08-01,-1.4266253655590075
MMR017015,2021-08-01,-1.6886510590255848
MMR017016,2021-08-01,-1.0196742075939182
MMR017017,2021-08-01,-1.6861802886769282
MMR017018,2021-08-01,-1.2379334334409824
MMR017019,2021-08-01,-1.7628478589814476
MMR017020,2021-08-01,-1.912069123019304
MMR017021,2021-08-01,-1.6826078874691885
MMR017022,2021-08-01,-1.7628478589814476
MMR017023,2021-08-01,-1.3351359155682867
MMR017024,2021-08-01,-1.0196742075939182
MMR017025,2021-08-01,-1.6861802886769282
MMR017026,2021-08-01,-1.1224259046292668
MMR018001,2021-08-01,-0.8605495692049323
MMR018002,2021-08-01,-1.14358746738197
MMR018003,2021-08-01,-0.4814398388509227
MMR018004,2021-08-01,-1.14358746738197
MMR018005,2021-08-01,-1.3430666562482556
MMR018006,2021-08-01,-0.27192014342895926
MMR018007,2021-08-01,-0.4143545042726999
MMR018008,2021-08-01,-0.7197282293220807
MMR001001,2021-09-01,0.11813708374029887
MMR001002,2021-09-01,-0.013542106216015495
MMR001003,2021-09-01,-0.9500192062069769
MMR001004,2021-09-01,0.2986034487491495
MMR001005,2021-09-01,-0.5386202407121077
MMR001006,2021-09-01,-1.4636325836484336
MMR001007,2021-09-01,0.10689581344032169
MMR001008,2021-09-01,1.327126409169531
MMR001009,2021-09-01,1.0608177395378187
MMR001010,2021-09-01,-0.6345773451944671
MMR001011,2021-09-01,-0.7515011441415211
MMR001012,2021-09-01,0.050299251659486774
MMR001013,2021-09-01,-1.1022725409826837
MMR001014,2021-09-01,-0.5242729692200333
MMR001015,2021-09-01,-0.678538137581845
MMR001016,2021-09-01,-1.4818933373525665
MMR001017,2021-09-01,-1.2501681968169738
MMR001018,2021-09-01,-1.803815334665009
MMR002001,2021-09-01,3.100905721136463
MMR002002,2021-09-01,5.476814671077174
MMR002003,2021-09-01,3.866988914267119
MMR002004,2021-09-01,-0.2689075377180243
MMR002005,2021-09-01,2.2534574035695796
MMR002006,2021-09-01,1.0023558400642918
MMR002007,2021-09-01,0.955630467108111
MMR003001,2021-09-01,1.0119167544477383
MMR003002,2021-09-01,1.2632850512940283
MMR003003,2021-09-01,0.20327728457503827
MMR003004,2021-09-01,1.3571164904390258
MMR003005,2021-09-01,0.3152373066137315
MMR003006,2021-09-01,-0.04995835045919594
MMR003007,2021-09-01,0.5159785643687355
MMR004001,2021-09-01,3.1785257875590953
MMR004002,2021-09-01,3.4577556179524302
MMR004003,2021-09-01,0.6710112846661646
MMR004004,2021-09-01,2.165261992486383
MMR004005,2021-09-01,2.165261992486383
MMR004006,2021-09-01,0.5346606442760748
MMR004007,2021-09-01,1.5476066251442364
MMR004008,2021-09-01,0.06696544848785817
MMR004009,2021-09-01,-0.92421936101986
MMR005001,2021-09-01,-0.3268208066659027
MMR005002,2021-09-01,1.873383907494395
MMR005003,2021-09-01,1.9377462316407252
MMR005004,2021-09-01,2.7562128242701047
MMR005005,2021-09-01,2.0546700305877796
MMR005006,2021-09-01,1.4933104114192104
MMR005007,2021-09-01,2.183788613809706
MMR005008,2021-09-01,0.7333753758159792
MMR005009,2021-09-01,3.814219026835052
MMR005010,2021-09-01,1.6019028388692627
MMR005011,2021-09-01,1.7740159142980465
MMR005012,2021-09-01,2.307753617294606
MMR005013,2021-09-01,3.3408318190053756
MMR005014,2021-09-01,2.0362725486694737
MMR005015,2021-09-01,3.4577556179524302
MMR005016,2021-09-01,4.685455506896499
MMR005017,2021-09-01,4.5275323325336405
MMR005018,2021-09-01,5.185452944721004
MMR005019,2021-09-01,4.479602166295661
MMR005020,2021-09-01,-0.8099630436150483
MMR005021,2021-09-01,-1.160734440456211
MMR005022,2021-09-01,-0.7204155593916918
MMR005023,2021-09-01,-0.9500192062069769
MMR005024,2021-09-01,-0.04995835045919594
MMR005025,2021-09-01,-0.45919164677388574
MMR005026,2021-09-01,-0.8099630436150483
MMR005027,2021-09-01,2.2279264145376345
MMR005028,2021-09-01,1.4548091249205355
MMR005029,2021-09-01,3.7123171260209675
MMR005030,2021-09-01,0.8854320411172375
MMR005031,2021-09-01,0.476198744802548
MMR005032,2021-09-01,-1.0586116336570297
MMR005033,2021-09-01,0.4073861369186825
MMR005034,2021-09-01,-0.4147098569494394
MMR005035,2021-09-01,-0.6493110209097239
MMR005036,2021-09-01,-1.2226705233185398
MMR005037,2021-09-01,-0.3251558538806479
MMR006001,2021-09-01,-0.04995835045919594
MMR006002,2021-09-01,0.10177291978227171
MMR006003,2021-09-01,0.5998564890556779
MMR006004,2021-09-01,0.955630467108111
MMR006005,2021-09-01,-0.9655490143750273
MMR006006,2021-09-01,-1.5347873792589202
MMR006007,2021-09-01,-0.14122482196702002
MMR006008,2021-09-01,-0.9268868425621024
MMR006009,2021-09-01,-1.1285843965887743
MMR006010,2021-09-01,-1.5347873792589202
MMR007001,2021-09-01,-1.945787261604921
MMR007002,2021-09-01,-1.3213229924274603
MMR007003,2021-09-01,-0.7157970428465399
MMR007004,2021-09-01,-0.678538137581845
MMR007005,2021-09-01,-1.4818933373525665
MMR007006,2021-09-01,-2.1965398368959232
MMR007007,2021-09-01,-1.29036926372606
MMR007008,2021-09-01,1.1647696056688646
MMR007009,2021-09-01,-1.277658239403265
MMR007010,2021-09-01,-1.1022725409826837
MMR007011,2021-09-01,0.027312640843498114
MMR007012,2021-09-01,-1.9273510532574518
MMR007013,2021-09-01,-1.354210621601562
MMR007014,2021-09-01,-1.1022725409826837
MMR008001,2021-09-01,-1.5699677367709008
MMR008002,2021-09-01,-1.945787261604921
MMR008003,2021-09-01,-1.8922874187536591
MMR008004,2021-09-01,-1.4636325836484336
MMR008005,2021-09-01,-1.6284296362444277
MMR008006,2021-09-01,-1.8730548395324254
MMR008007,2021-09-01,-1.4818933373525665
MMR008008,2021-09-01,-2.404437116126081
MMR008009,2021-09-01,-1.5347873792589202
MMR008010,2021-09-01,-1.862277234138536
MMR008011,2021-09-01,-1.3045790236626564
MMR008012,2021-09-01,-2.450302101578197
MMR008013,2021-09-01,-2.450302101578197
MMR008014,2021-09-01,-1.920739133612063
MMR009001,2021-09-01,-0.3268208066659027
MMR009002,2021-09-01,-0.8957229924819505
MMR009003,2021-09-01,-1.3843889160071878
MMR009004,2021-09-01,-0.18987221405660765
MMR009005,2021-09-01,0.12542734796138505
MMR009006,2021-09-01,-1.1280231626480284
MMR009007,2021-09-01,-1.035003832224051
MMR009008,2021-09-01,-1.2215002748321089
MMR009009,2021-09-01,-1.6284296362444277
MMR009010,2021-09-01,-0.7871305650318977
MMR009011,2021-09-01,-0.6694646089846498
MMR009012,2021-09-01,-1.803815334665009
MMR009013,2021-09-01,-1.9432383691607014
MMR009014,2021-09-01,-1.862277234138536
MMR009015,2021-09-01,-1.7453534351914817
MMR009016,2021-09-01,-2.0134965515234415
MMR009017,2021-09-01,-0.6242419238568185
MMR009018,2021-09-01,0.9609658040406963
MMR009019,2021-09-01,2.132837663402664
MMR009020,2021-09-01,3.7500651153200653
MMR009021,2021-09-01,3.3556604731716733
MMR009022,2021-09-01,0.4177368453290208
MMR009023,2021-09-01,5.070541576878223
MMR009024,2021-09-01,2.4639033269024693
MMR009025,2021-09-01,0.8590639032266122
MMR010001,2021-09-01,0.7431334849402572
MMR010002,2021-09-01,1.3825592407710305
MMR010003,2021-09-01,1.4548091249205355
MMR010004,2021-09-01,1.1994436934185264
MMR010005,2021-09-01,0.5998564890556779
MMR010006,2021-09-01,0.4514562999702757
MMR010007,2021-09-01,1.0938826884142148
MMR010008,2021-09-01,-0.40072974730035854
MMR010009,2021-09-01,-0.026983572881528414
MMR010010,2021-09-01,1.873383907494395
MMR010011,2021-09-01,1.1356023355430245
MMR010012,2021-09-01,0.7333753758159792
MMR010013,2021-09-01,-1.6884836171254909
MMR010014,2021-09-01,-0.9268868425621024
MMR010015,2021-09-01,-1.219196339929738
MMR010016,2021-09-01,-1.2808760138691544
MMR010017,2021-09-01,2.0546700305877796
MMR010018,2021-09-01,0.4514562999702757
MMR010019,2021-09-01,-1.0261212618339441
MMR010020,2021-09-01,-1.4846798154973226
MMR010021,2021-09-01,0.3530899231936563
MMR010022,2021-09-01,-0.8434797585975444
MMR010023,2021-09-01,-1.1789741130550704
MMR010024,2021-09-01,-1.609576053103571
MMR010028,2021-09-01,-1.7644624120823726
MMR010029,2021-09-01,-1.219196339929738
MMR010030,2021-09-01,-1.9941893195677434
MMR010031,2021-09-01,-1.9273510532574518
MMR011001,2021-09-01,-1.29036926372606
MMR011002,2021-09-01,-0.5242729692200333
MMR011003,2021-09-01,-0.795592942433608
MMR011004,2021-09-01,0.955630467108111
MMR011005,2021-09-01,-0.71579704284654
MMR011006,2021-09-01,1.0267852627185976
MMR011007,2021-09-01,0.5287016934451914
MMR011008,2021-09-01,-0.2540010582701613
MMR011009,2021-09-01,0.5998564890556779
MMR011010,2021-09-01,2.5808271258495235
MMR012001,2021-09-01,-1.1285843965887743
MMR012002,2021-09-01,-1.609576053103571
MMR012003,2021-09-01,-1.7372587688545753
MMR012004,2021-09-01,-1.609576053103571
MMR012005,2021-09-01,-1.7903855179395751
MMR012006,2021-09-01,-1.3864875240067729
MMR012007,2021-09-01,-1.3864875240067729
MMR012008,2021-09-01,-1.3213229924274603
MMR012009,2021-09-01,-1.0588535226303069
MMR012010,2021-09-01,-1.6868915357179548
MMR012011,2021-09-01,-1.3045790236626564
MMR012012,2021-09-01,-0.795592942433608
MMR012013,2021-09-01,-1.3045790236626564
MMR012014,2021-09-01,-2.496167087030313
MMR012015,2021-09-01,-1.862277234138536
MMR012016,2021-09-01,-1.862277234138536
MMR012017,2021-09-01,-1.8922874187536591
MMR013001,2021-09-01,1.2362034379584002
MMR013002,2021-09-01,0.6245709918187883
MMR013003,2021-09-01,-0.6345773451944671
MMR013004,2021-09-01,-0.49343954163182663
MMR013005,2021-09-01,-1.6761614025519338
MMR013006,2021-09-01,-1.0586116336570295
MMR013007,2021-09-01,-0.3422678478268316
MMR013009,2021-09-01,0.40050534956323364
MMR013010,2021-09-01,-0.40072974730035854
MMR013011,2021-09-01,0.050299251659486774
MMR013012,2021-09-01,0.06696544848785817
MMR013013,2021-09-01,0.6887128304145088
MMR013014,2021-09-01,-0.33274889559352683
MMR013015,2021-09-01,-0.9853487420356296
MMR013016,2021-09-01,-0.7312195212538405
MMR013017,2021-09-01,-1.098845190099553
MMR013018,2021-09-01,0.5159785643687351
MMR013019,2021-09-01,0.461682350643709
MMR013020,2021-09-01,0.49718875678800206
MMR013021,2021-09-01,1.0717609776675219
MMR013022,2021-09-01,-1.4352077247151427
MMR013023,2021-09-01,-0.40072974730035854
MMR013024,2021-09-01,-0.8131280215979572
MMR013025,2021-09-01,-0.6097750363225943
MMR013026,2021-09-01,-0.4604316113445311
MMR013027,2021-09-01,-0.799162625302021
MMR013028,2021-09-01,-1.219196339929738
MMR013029,2021-09-01,-0.7285491110095096
MMR013030,2021-09-01,-1.1078586055960005
MMR013031,2021-09-01,-0.8232394231540541
MMR013032,2021-09-01,-0.795592942433608
MMR013033,2021-09-01,-1.29036926372606
MMR013034,2021-09-01,-1.5699677367709008
MMR013035,2021-09-01,-1.5472775571822672
MMR013036,2021-09-01,-1.3924777880379469
MMR013037,2021-09-01,-0.7157970428465399
MMR013038,2021-09-01,0.6245709918187878
MMR013039,2021-09-01,-0.16688214940625035
MMR013040,2021-09-01,2.0941071968758966
MMR013041,2021-09-01,0.5702747780937617
MMR013042,2021-09-01,1.5764779921263687
MMR013043,2021-09-01,-0.95330036904156
MMR013044,2021-09-01,-0.36375890654239734
MMR013046,2021-09-01,1.2761255565191048
MMR013047,2021-09-01,0.7100463426966561
MMR014001,2021-09-01,-1.3945820383503194
MMR014002,2021-09-01,1.4390141976941835
MMR014003,2021-09-01,-1.7644624120823726
MMR014004,2021-09-01,-0.8957229924819505
MMR014005,2021-09-01,-1.5356307659043649
MMR014006,2021-09-01,-1.4180519794770643
MMR014007,2021-09-01,-1.65586998463232
MMR014008,2021-09-01,-0.3977755230597144
MMR014009,2021-09-01,0.09479964712098124
MMR014010,2021-09-01,3.9670718780561782
MMR014011,2021-09-01,-1.9792010330855903
MMR014012,2021-09-01,-1.7453534351914817
MMR014013,2021-09-01,-2.144535908157557
MMR014014,2021-09-01,-1.862277234138536
MMR014015,2021-09-01,-1.6375326667184489
MMR014016,2021-09-01,-1.3361201388767923
MMR014017,2021-09-01,-1.981647266982478
MMR014018,2021-09-01,-1.9792010330855903
MMR014019,2021-09-01,-2.299895022009996
MMR014020,2021-09-01,-1.3318269642761966
MMR014021,2021-09-01,-1.6059421748694067
MMR015001,2021-09-01,-1.4352077247151427
MMR015002,2021-09-01,-0.7796384007220422
MMR015003,2021-09-01,-1.1607344404562108
MMR015004,2021-09-01,-1.7903855179395751
MMR015005,2021-09-01,-1.862277234138536
MMR015006,2021-09-01,-1.4636325836484336
MMR015007,2021-09-01,-1.3864875240067729
MMR015008,2021-09-01,-1.862277234138536
MMR015009,2021-09-01,3.232583926643682
MMR015010,2021-09-01,2.603953566679575
MMR015011,2021-09-01,1.572377208925201
MMR015012,2021-09-01,0.7331634192688407
MMR015013,2021-09-01,1.167091995922204
MMR015014,2021-09-01,-0.08586712882911106
MMR015015,2021-09-01,-0.7796384007220422
MMR015016,2021-09-01,0.30081304638196665
MMR015017,2021-09-01,0.5159785643687351
MMR015018,2021-09-01,-1.4352077247151427
MMR015019,2021-09-01,-1.441272421631645
MMR015020,2021-09-01,-1.0438106415091566
MMR015021,2021-09-01,-1.5699677367709008
MMR015022,2021-09-01,-1.354210621601562
MMR015023,2021-09-01,2.9479647442017356
MMR015024,2021-09-01,-1.9273510532574518
MMR016001,2021-09-01,-2.144535908157557
MMR016002,2021-09-01,-1.9792010330855903
MMR016003,2021-09-01,-1.673417410979073
MMR016005,2021-09-01,-1.8011001267300775
MMR016006,2021-09-01,-1.9792010330855903
MMR016007,2021-09-01,-2.3508317004949495
MMR016008,2021-09-01,-1.9792010330855903
MMR016009,2021-09-01,-1.6059421748694067
MMR016010,2021-09-01,-1.8011001267300775
MMR016011,2021-09-01,-1.8011001267300775
MMR017001,2021-09-01,-1.4180519794770643
MMR017002,2021-09-01,-1.6284296362444277
MMR017003,2021-09-01,-1.4530439378238464
MMR017004,2021-09-01,-0.7285491110095096
MMR017005,2021-09-01,-1.9273510532574518
MMR017006,2021-09-01,-1.7453534351914817
MMR017007,2021-09-01,-1.818758625807399
MMR017008,2021-09-01,-2.0359434807075045
MMR017009,2021-09-01,-1.862277234138536
MMR017010,2021-09-01,-1.7453534351914817
MMR017011,2021-09-01,-1.920739133612063
MMR017012,2021-09-01,-1.920739133612063
MMR017013,2021-09-01,-2.0359434807075045
MMR017014,2021-09-01,-1.673417410979073
MMR017015,2021-09-01,-1.862277234138536
MMR017016,2021-09-01,-1.6059421748694067
MMR017017,2021-09-01,-2.0960912203818274
MMR017018,2021-09-01,-1.8011001267300775
MMR017019,2021-09-01,-1.4386851297322143
MMR017020,2021-09-01,-1.8413364683466171
MMR017021,2021-09-01,-1.4386851297322143
MMR017022,2021-09-01,-1.818758625807399
MMR017023,2021-09-01,-1.4636325836484336
MMR017024,2021-09-01,-1.4636325836484336
MMR017025,2021-09-01,-1.9432383691607014
MMR017026,2021-09-01,-1.2226705233185398
MMR018001,2021-09-01,-1.29036926372606
MMR018002,2021-09-01,-1.4818933373525665
MMR018003,2021-09-01,-0.5675627081705655
MMR018004,2021-09-01,-1.4180519794770643
MMR018005,2021-09-01,-1.6868915357179548
MMR018006,2021-09-01,-0.08586712882911106
MMR018007,2021-09-01,-1.0014911046089183
MMR018008,2021-09-01,-0.8957229924819505
MMR001001,2021-10-01,-0.26306339736438433
MMR001002,2021-10-01,-0.7554639520158974
MMR001003,2021-10-01,-1.819029866178625
MMR001004,2021-10-01,0.5580140466482776
MMR001005,2021-10-01,-1.5242048732616302
MMR001006,2021-10-01,-1.5950881325874953
MMR001007,2021-10-01,0.4617384505128751
MMR001008,2021-10-01,2.2336293887408805
MMR001009,2021-10-01,1.8488172096193727
MMR001010,2021-10-01,-0.7719288349441715
MMR001011,2021-10-01,-0.7719288349441712
MMR001012,2021-10-01,-0.7554639520158974
MMR001013,2021-10-01,-1.2960780438568802
MMR001014,2021-10-01,-0.5646707600526987
MMR001015,2021-10-01,-0.7372496249839122
MMR001016,2021-10-01,-1.8366253731406892
MMR001017,2021-10-01,-1.5950881325874953
MMR001018,2021-10-01,-1.9949436557404918
MMR002001,2021-10-01,2.588274635335506
MMR002002,2021-10-01,5.09552726818886
MMR002003,2021-10-01,4.003652846260509
MMR002004,2021-10-01,-1.3278435279054932
MMR002005,2021-10-01,1.8590229538833987
MMR002006,2021-10-01,0.10165317991034326
MMR002007,2021-10-01,0.03522683190739952
MMR003001,2021-10-01,2.0299529734465183
MMR003002,2021-10-01,1.0252725063072896
MMR003003,2021-10-01,-0.3063708811531557
MMR003004,2021-10-01,0.6934507266456665
MMR003005,2021-10-01,0.4605263878625895
MMR003006,2021-10-01,-0.014824422070258605
MMR003007,2021-10-01,0.45270864033027214
MMR004001,2021-10-01,4.205159039027266
MMR004002,2021-10-01,5.168428866066528
MMR004003,2021-10-01,2.0908413523574843
MMR004004,2021-10-01,2.7287906862902696
MMR004005,2021-10-01,2.0908413523574843
MMR004006,2021-10-01,0.5675635878327513
MMR004007,2021-10-01,2.34582406242102
MMR004008,2021-10-01,-0.48073482999266637
MMR004009,2021-10-01,-1.319976997887409
MMR005001,2021-10-01,1.7579229476993015
MMR005002,2021-10-01,4.94209664128833
MMR005003,2021-10-01,4.178369249231412
MMR005004,2021-10-01,4.702518458144121
MMR005005,2021-10-01,4.644279657153819
MMR005006,2021-10-01,2.562180110659962
MMR005007,2021-10-01,5.4813959742148075
MMR005008,2021-10-01,1.4218751150954128
MMR005009,2021-10-01,6.039717636103795
MMR005010,2021-10-01,3.4276043036157327
MMR005011,2021-10-01,3.3147908098656726
MMR005012,2021-10-01,5.8616098463038355
MMR005013,2021-10-01,5.80905567695984
MMR005014,2021-10-01,5.1043636774675365
MMR005015,2021-10-01,7.730936109639773
MMR005016,2021-10-01,7.789174910630073
MMR005017,2021-10-01,5.68442203308353
MMR005018,2021-10-01,8.836505509589296
MMR005019,2021-10-01,5.699342810124629
MMR005020,2021-10-01,0.10165317991034326
MMR005021,2021-10-01,-0.18954082504116154
MMR005022,2021-10-01,0.6087705613654584
MMR005023,2021-10-01,-0.8995166611631189
MMR005024,2021-10-01,1.5576232046678675
MMR005025,2021-10-01,0.15989198090064435
MMR005026,2021-10-01,-0.8884064369247734
MMR005027,2021-10-01,2.5697140289910405
MMR005028,2021-10-01,1.6612498128512845
MMR005029,2021-10-01,4.770804768174277
MMR005030,2021-10-01,0.800518791793955
MMR005031,2021-10-01,0.6258023888230521
MMR005032,2021-10-01,-1.224050733521533
MMR005033,2021-10-01,0.8854207368081571
MMR005034,2021-10-01,-0.15257715939225241
MMR005035,2021-10-01,-0.8263442008336952
MMR005036,2021-10-01,-1.4791116126233288
MMR005037,2021-10-01,-0.24830620539606046
MMR006001,2021-10-01,0.7422799908036543
MMR006002,2021-10-01,0.5314096471884544
MMR006003,2021-10-01,1.0275924624695094
MMR006004,2021-10-01,1.0275924624695094
MMR006005,2021-10-01,-0.17742294607019546
MMR006006,2021-10-01,-1.0280220579805754
MMR006007,2021-10-01,0.6436861223808922
MMR006008,2021-10-01,-0.4224960290023656
MMR006009,2021-10-01,-1.1707702478326125
MMR006010,2021-10-01,-1.2406718359581703
MMR007001,2021-10-01,-2.1820416539277367
MMR007002,2021-10-01,-1.2406718359581703
MMR007003,2021-10-01,-0.8826594133246963
MMR007004,2021-10-01,-0.25044851644629146
MMR007005,2021-10-01,-1.3278435279054932
MMR007006,2021-10-01,-1.9725468148702368
MMR007007,2021-10-01,-1.0098548746334954
MMR007008,2021-10-01,1.217848737971627
MMR007009,2021-10-01,-1.645510849798686
MMR007010,2021-10-01,-1.3543168448471812
MMR007011,2021-10-01,-0.6831606129241764
MMR007012,2021-10-01,-1.9272078902980962
MMR007013,2021-10-01,-1.5822344505230912
MMR007014,2021-10-01,-1.4125556458374822
MMR008001,2021-10-01,-1.2960780438568802
MMR008002,2021-10-01,-1.4053123596044752
MMR008003,2021-10-01,-1.7260291156248546
MMR008004,2021-10-01,-1.0280220579805754
MMR008005,2021-10-01,-1.0048840389053753
MMR008006,2021-10-01,-1.6026738179396822
MMR008007,2021-10-01,-1.4550389892142923
MMR008008,2021-10-01,-2.3191115293965483
MMR008009,2021-10-01,-1.5242048732616302
MMR008010,2021-10-01,-1.936704854750191
MMR008011,2021-10-01,-1.2343238332022162
MMR008012,2021-10-01,-2.1820416539277367
MMR008013,2021-10-01,-2.410491446375755
MMR008014,2021-10-01,-1.9949436557404918
MMR009001,2021-10-01,-0.6904255469861706
MMR009002,2021-10-01,-0.4127155526254982
MMR009003,2021-10-01,-0.46680456468523396
MMR009004,2021-10-01,-0.6290716008644407
MMR009005,2021-10-01,-0.24777962603146264
MMR009006,2021-10-01,-0.6601423065640596
MMR009007,2021-10-01,-1.0098548746334954
MMR009008,2021-10-01,-1.224050733521533
MMR009009,2021-10-01,-1.8202272527695889
MMR009010,2021-10-01,-0.7372496249839122
MMR009011,2021-10-01,-0.9139248801499632
MMR009012,2021-10-01,-1.761988451779288
MMR009013,2021-10-01,-1.9798116892107582
MMR009014,2021-10-01,-1.9949436557404918
MMR009015,2021-10-01,-1.761988451779288
MMR009016,2021-10-01,-1.7465758780269627
MMR009017,2021-10-01,-0.9536056732228547
MMR009018,2021-10-01,2.486761605901145
MMR009019,2021-10-01,5.024587341760181
MMR009020,2021-10-01,6.158488482901646
MMR009021,2021-10-01,4.26323962100247
MMR009022,2021-10-01,0.5675635878327513
MMR009023,2021-10-01,5.886510605404215
MMR009024,2021-10-01,2.6641604234835867
MMR009025,2021-10-01,0.15196192891083188
MMR010001,2021-10-01,1.6215335933774304
MMR010002,2021-10-01,2.1617246116833493
MMR010003,2021-10-01,3.187595348556874
MMR010004,2021-10-01,2.742411233976077
MMR010005,2021-10-01,2.3034911303350794
MMR010006,2021-10-01,2.283735547032422
MMR010007,2021-10-01,3.0098092463234183
MMR010008,2021-10-01,0.3928471848618484
MMR010009,2021-10-01,1.1017767850470996
MMR010010,2021-10-01,3.8603164000936174
MMR010011,2021-10-01,0.3256974691088946
MMR010012,2021-10-01,3.1021142781148545
MMR010013,2021-10-01,-1.319976997887409
MMR010014,2021-10-01,0.10165317991034326
MMR010015,2021-10-01,-0.9466452379150743
MMR010016,2021-10-01,-0.15257715939225241
MMR010017,2021-10-01,4.003652846260509
MMR010018,2021-10-01,2.3852485764667835
MMR010019,2021-10-01,-0.6093857918468789
MMR010020,2021-10-01,-0.8124118507156017
MMR010021,2021-10-01,1.642666905644456
MMR010022,2021-10-01,0.3256974691088946
MMR010023,2021-10-01,-1.2184639684530474
MMR010024,2021-10-01,-1.2642457972510934
MMR010028,2021-10-01,-1.0076946852825903
MMR010029,2021-10-01,-0.4224960290023656
MMR010030,2021-10-01,-1.7767856303420353
MMR010031,2021-10-01,-1.1699617214617972
MMR011001,2021-10-01,-0.6918662213614979
MMR011002,2021-10-01,0.19850200780009541
MMR011003,2021-10-01,-0.6146359265050965
MMR011004,2021-10-01,0.5314096471884544
MMR011005,2021-10-01,-0.6282684907070983
MMR011006,2021-10-01,0.8858259438177795
MMR011007,2021-10-01,1.3820087590988344
MMR011008,2021-10-01,0.8858259438177795
MMR011009,2021-10-01,1.0275924624695094
MMR011010,2021-10-01,2.6641604234835867
MMR012001,2021-10-01,-1.2703974220937682
MMR012002,2021-10-01,-1.9002231037950887
MMR012003,2021-10-01,-2.027418565103888
MMR012004,2021-10-01,-1.9638208344494883
MMR012005,2021-10-01,-2.2843507775138425
MMR012006,2021-10-01,-1.5607075390970329
MMR012007,2021-10-01,-1.5607075390970329
MMR012008,2021-10-01,-1.5242048732616302
MMR012009,2021-10-01,-1.2343238332022162
MMR012010,2021-10-01,-1.9949436557404918
MMR012011,2021-10-01,-1.4791116126233288
MMR012012,2021-10-01,-0.895563704547592
MMR012013,2021-10-01,-1.4791116126233288
MMR012014,2021-10-01,-2.821701072782188
MMR012015,2021-10-01,-2.053182456730793
MMR012016,2021-10-01,-2.111421257721094
MMR012017,2021-10-01,-1.675272600907674
MMR013001,2021-10-01,1.4993844036775668
MMR013002,2021-10-01,0.7772427126886862
MMR013003,2021-10-01,-0.7719288349441715
MMR013004,2021-10-01,-0.35721808481563605
MMR013005,2021-10-01,-1.8905963777143433
MMR013006,2021-10-01,-1.3322287576410041
MMR013007,2021-10-01,-0.13130202405086047
MMR013009,2021-10-01,0.659527076082639
MMR013010,2021-10-01,-0.3060184270217634
MMR013011,2021-10-01,0.2620997384544953
MMR013012,2021-10-01,0.3928471848618484
MMR013013,2021-10-01,0.8344793143440906
MMR013014,2021-10-01,0.007708815836896961
MMR013015,2021-10-01,-0.7719288349441715
MMR013016,2021-10-01,-1.0711319802548078
MMR013017,2021-10-01,-1.5186367198686916
MMR013018,2021-10-01,0.45270864033027214
MMR013019,2021-10-01,0.5608866644497433
MMR013020,2021-10-01,0.3256974691088946
MMR013021,2021-10-01,1.088870236961689
MMR013022,2021-10-01,-1.6505622115687089
MMR013023,2021-10-01,-0.5389736309829675
MMR013024,2021-10-01,-0.4183645684651744
MMR013025,2021-10-01,-0.24830620539606046
MMR013026,2021-10-01,-0.3102798374351007
MMR013027,2021-10-01,-0.49151318981240244
MMR013028,2021-10-01,-0.3642572280120645
MMR013029,2021-10-01,-0.5730072022656778
MMR013030,2021-10-01,-0.8153722800029803
MMR013031,2021-10-01,-0.6736057613512504
MMR013032,2021-10-01,-0.895563704547592
MMR013033,2021-10-01,-1.6458321811774907
MMR013034,2021-10-01,-1.936704854750191
MMR013035,2021-10-01,-1.9272078902980962
MMR013036,2021-10-01,-1.7368546512392253
MMR013037,2021-10-01,-0.9462571439790959
MMR013038,2021-10-01,0.3445306162108009
MMR013039,2021-10-01,-0.3642572280120645
MMR013040,2021-10-01,2.1617246116833493
MMR013041,2021-10-01,0.6690646885692146
MMR013042,2021-10-01,1.9171873030791957
MMR013043,2021-10-01,-1.3145143789648206
MMR013044,2021-10-01,-0.40635973297815603
MMR013046,2021-10-01,1.5344888815249846
MMR013047,2021-10-01,0.5093247868424502
MMR014001,2021-10-01,-1.7037496507889869
MMR014002,2021-10-01,0.3986196282705363
MMR014003,2021-10-01,-1.7649408541188891
MMR014004,2021-10-01,-1.7649408541188891
MMR014005,2021-10-01,-1.827542145059216
MMR014006,2021-10-01,-1.3278435279054932
MMR014007,2021-10-01,-1.4404067817604755
MMR014008,2021-10-01,-1.360678526653472
MMR014009,2021-10-01,-0.30484670354379456
MMR014010,2021-10-01,3.3496223560932172
MMR014011,2021-10-01,-2.2278988597016958
MMR014012,2021-10-01,-1.645510849798686
MMR014013,2021-10-01,-2.359919986775981
MMR014014,2021-10-01,-2.053182456730793
MMR014015,2021-10-01,-1.7260291156248546
MMR014016,2021-10-01,-1.470794446827783
MMR014017,2021-10-01,-2.0353859144175677
MMR014018,2021-10-01,-2.2278988597016958
MMR014019,2021-10-01,-2.588889865816927
MMR014020,2021-10-01,-2.1320812333623005
MMR014021,2021-10-01,-1.8077379105650904
MMR015001,2021-10-01,-1.3145143789648206
MMR015002,2021-10-01,-0.1830843761263015
MMR015003,2021-10-01,-1.1213616408859772
MMR015004,2021-10-01,-1.7260291156248546
MMR015005,2021-10-01,-2.111421257721094
MMR015006,2021-10-01,-1.7368546512392253
MMR015007,2021-10-01,-1.5607075390970329
MMR015008,2021-10-01,-2.111421257721094
MMR015009,2021-10-01,3.5793897982006495
MMR015010,2021-10-01,2.742411233976077
MMR015011,2021-10-01,2.0299529734465183
MMR015012,2021-10-01,-0.5208935767449694
MMR015013,2021-10-01,0.4617384505128751
MMR015014,2021-10-01,-0.7864392134444246
MMR015015,2021-10-01,-1.2642457972510934
MMR015016,2021-10-01,-1.237839242866579
MMR015017,2021-10-01,-0.46680456468523396
MMR015018,2021-10-01,-0.9304597131318051
MMR015019,2021-10-01,-1.451002318094079
MMR015020,2021-10-01,-0.48073482999266665
MMR015021,2021-10-01,-1.4125556458374822
MMR015022,2021-10-01,-1.3914412585598928
MMR015023,2021-10-01,3.3667400202230544
MMR015024,2021-10-01,-2.1976529505967743
MMR016001,2021-10-01,-2.414008998835717
MMR016002,2021-10-01,-2.2278988597016958
MMR016003,2021-10-01,-1.9638208344494883
MMR016005,2021-10-01,-2.027418565103888
MMR016006,2021-10-01,-2.2278988597016958
MMR016007,2021-10-01,-2.6587057093803734
MMR016008,2021-10-01,-2.2278988597016958
MMR016009,2021-10-01,-1.8077379105650904
MMR016010,2021-10-01,-2.027418565103888
MMR016011,2021-10-01,-2.027418565103888
MMR017001,2021-10-01,-0.6282684907070983
MMR017002,2021-10-01,-1.0048840389053753
MMR017003,2021-10-01,-0.8884064369247734
MMR017004,2021-10-01,0.42326454034587996
MMR017005,2021-10-01,-1.8731188782383608
MMR017006,2021-10-01,-1.8784660537598898
MMR017007,2021-10-01,-1.819029866178625
MMR017008,2021-10-01,-1.9272078902980962
MMR017009,2021-10-01,-1.761988451779288
MMR017010,2021-10-01,-1.8202272527695889
MMR017011,2021-10-01,-2.053182456730793
MMR017012,2021-10-01,-1.9949436557404918
MMR017013,2021-10-01,-2.0894749264773034
MMR017014,2021-10-01,-1.5186367198686916
MMR017015,2021-10-01,-1.645510849798686
MMR017016,2021-10-01,-1.2406718359581703
MMR017017,2021-10-01,-1.4214900273217703
MMR017018,2021-10-01,-1.3278435279054932
MMR017019,2021-10-01,-0.7913386370436477
MMR017020,2021-10-01,-1.3707335126045896
MMR017021,2021-10-01,-1.0076946852825903
MMR017022,2021-10-01,-1.819029866178625
MMR017023,2021-10-01,-1.1697885766323053
MMR017024,2021-10-01,-0.8862555393288454
MMR017025,2021-10-01,-0.9646813948671439
MMR017026,2021-10-01,-0.9895360537811037
MMR018001,2021-10-01,-1.5186367198686916
MMR018002,2021-10-01,-1.200648066596694
MMR018003,2021-10-01,-1.2184639684530474
MMR018004,2021-10-01,-1.2642457972510937
MMR018005,2021-10-01,-1.4125556458374822
MMR018006,2021-10-01,-0.25836404792402856
MMR018007,2021-10-01,-1.554548545110455
MMR018008,2021-10-01,-1.1699617214617972
MMR001001,2021-11-01,-0.2450432757424812
MMR001002,2021-11-01,-0.628629069935389
MMR001003,2021-11-01,-1.7503153219639425
MMR001004,2021-11-01,-0.01930835177952123
MMR001005,2021-11-01,-1.2898896000924258
MMR001006,2021-11-01,-1.3628271545870283
MMR001007,2021-11-01,0.9241942515976533
MMR001008,2021-11-01,1.8581244117648572
MMR001009,2021-11-01,1.4066417291744688
MMR001010,2021-11-01,-0.6907907484869193
MMR001011,2021-11-01,0.1481822425776357
MMR001012,2021-11-01,-0.7595108321301387
MMR001013,2021-11-01,-0.9304973173625066
MMR001014,2021-11-01,-1.086715237617013
MMR001015,2021-11-01,-1.0824362821704163
MMR001016,2021-11-01,-1.8720058107855118
MMR001017,2021-11-01,-1.6545773725654385
MMR001018,2021-11-01,-1.8293969506459586
MMR002001,2021-11-01,1.2341518621041598
MMR002002,2021-11-01,3.494146439199229
MMR002003,2021-11-01,2.4253946468957137
MMR002004,2021-11-01,-1.152156118714388
MMR002005,2021-11-01,0.698574490612319
MMR002006,2021-11-01,-0.3911575373924355
MMR002007,2021-11-01,-0.7063891641356053
MMR003001,2021-11-01,2.0175644957814605
MMR003002,2021-11-01,0.745629433109484
MMR003003,2021-11-01,-0.7553424349792285
MMR003004,2021-11-01,0.3537758448718789
MMR003005,2021-11-01,-0.26876383716798996
MMR003006,2021-11-01,-0.21137761073574507
MMR003007,2021-11-01,-0.4702138290263509
MMR004001,2021-11-01,3.3632646770044796
MMR004002,2021-11-01,5.541580042278347
MMR004003,2021-11-01,2.065237906659292
MMR004004,2021-11-01,2.356988124637702
MMR004005,2021-11-01,1.7734876886808817
MMR004006,2021-11-01,1.766201582487849
MMR004007,2021-11-01,3.4257472364358836
MMR004008,2021-11-01,0.387888811453223
MMR004009,2021-11-01,-0.12376336960316132
MMR005001,2021-11-01,3.5422955571439685
MMR005002,2021-11-01,6.264233155558368
MMR005003,2021-11-01,5.4217267578405535
MMR005004,2021-11-01,5.481653400059449
MMR005005,2021-11-01,4.043413986805926
MMR005006,2021-11-01,4.650192142724013
MMR005007,2021-11-01,5.673490119608863
MMR005008,2021-11-01,1.7639625948860944
MMR005009,2021-11-01,7.083632860228004
MMR005010,2021-11-01,6.0972633956099855
MMR005011,2021-11-01,3.7559099635887288
MMR005012,2021-11-01,7.377364888547577
MMR005013,2021-11-01,8.47798551100429
MMR005014,2021-11-01,7.822617581743262
MMR005015,2021-11-01,9.137178575412154
MMR005016,2021-11-01,8.418058868785392
MMR005017,2021-11-01,7.6059079493462045
MMR005018,2021-11-01,10.160194221020602
MMR005019,2021-11-01,6.932112195351893
MMR005020,2021-11-01,1.4066417291744682
MMR005021,2021-11-01,0.9871552336421907
MMR005022,2021-11-01,1.2341518621041598
MMR005023,2021-11-01,-0.915466522222035
MMR005024,2021-11-01,1.766201582487849
MMR005025,2021-11-01,0.44781545367211956
MMR005026,2021-11-01,-0.6308641062680227
MMR005027,2021-11-01,3.234001371717634
MMR005028,2021-11-01,2.512533222738606
MMR005029,2021-11-01,6.3524477354625235
MMR005030,2021-11-01,0.867301949204397
MMR005031,2021-11-01,1.2268618025177778
MMR005032,2021-11-01,-1.0267796955209558
MMR005033,2021-11-01,0.25332179741663535
MMR005034,2021-11-01,0.18960168386775894
MMR005035,2021-11-01,-1.071643710825783
MMR005036,2021-11-01,-1.407486469204234
MMR005037,2021-11-01,-0.7793267186302079
MMR006001,2021-11-01,1.6463482980500557
MMR006002,2021-11-01,1.4087999162078688
MMR006003,2021-11-01,1.554675025197074
MMR006004,2021-11-01,1.6276125796916765
MMR006005,2021-11-01,0.09592393530502284
MMR006006,2021-11-01,-0.8522642731248105
MMR006007,2021-11-01,1.138274719693733
MMR006008,2021-11-01,0.0882556003587388
MMR006009,2021-11-01,-1.1115057862176192
MMR006010,2021-11-01,-1.0710769366086181
MMR007001,2021-11-01,-1.655466781469555
MMR007002,2021-11-01,-0.6334516096410028
MMR007003,2021-11-01,-0.4977473077406391
MMR007004,2021-11-01,-0.4145572423768906
MMR007005,2021-11-01,-1.4139196431038874
MMR007006,2021-11-01,-1.7149134175145302
MMR007007,2021-11-01,-0.8903925943248885
MMR007008,2021-11-01,-0.12376336960316132
MMR007009,2021-11-01,-1.4698370973325778
MMR007010,2021-11-01,-1.349983812894784
MMR007011,2021-11-01,-1.1937494554693375
MMR007012,2021-11-01,-1.6946587353144817
MMR007013,2021-11-01,-1.3484787620065128
MMR007014,2021-11-01,-1.409910455113681
MMR008001,2021-11-01,-1.0503506018003002
MMR008002,2021-11-01,-1.1383114960362946
MMR008003,2021-11-01,-1.4816786013104826
MMR008004,2021-11-01,-0.8522642731248105
MMR008005,2021-11-01,-0.810644032924713
MMR008006,2021-11-01,-1.1937494554693375
MMR008007,2021-11-01,-1.086715237617013
MMR008008,2021-11-01,-1.8905373657574007
MMR008009,2021-11-01,-1.3628271545870283
MMR008010,2021-11-01,-1.5896903817703714
MMR008011,2021-11-01,-0.65184026285272
MMR008012,2021-11-01,-1.7024808983271242
MMR008013,2021-11-01,-1.9845655994725389
MMR008014,2021-11-01,-1.4698370973325778
MMR009001,2021-11-01,-0.9035368485007184
MMR009002,2021-11-01,-0.24758748242850903
MMR009003,2021-11-01,-0.0806177224801278
MMR009004,2021-11-01,-1.0267796955209558
MMR009005,2021-11-01,-0.45108417961133235
MMR009006,2021-11-01,-0.48935593198590166
MMR009007,2021-11-01,-1.086715237617013
MMR009008,2021-11-01,-1.3050626287682583
MMR009009,2021-11-01,-1.6496170239892682
MMR009010,2021-11-01,-0.6371835889747325
MMR009011,2021-11-01,-0.854948494368642
MMR009012,2021-11-01,-1.6496170239892682
MMR009013,2021-11-01,-1.899498672605043
MMR009014,2021-11-01,-1.949250235083752
MMR009015,2021-11-01,-1.5297637395514743
MMR009016,2021-11-01,-1.44691636474618
MMR009017,2021-11-01,-1.3050626287682583
MMR009018,2021-11-01,4.367802396813362
MMR009019,2021-11-01,6.561357771109804
MMR009020,2021-11-01,7.579085877720838
MMR009021,2021-11-01,5.203442539402483
MMR009022,2021-11-01,0.7474486647666034
MMR009023,2021-11-01,7.098961481659718
MMR009024,2021-11-01,3.923560702368133
MMR009025,2021-11-01,0.8685592997214195
MMR010001,2021-11-01,0.775491460255695
MMR010002,2021-11-01,1.554675025197074
MMR010003,2021-11-01,2.9706193904202305
MMR010004,2021-11-01,2.7742967471281057
MMR010005,2021-11-01,2.211113015648497
MMR010006,2021-11-01,2.435384567076021
MMR010007,2021-11-01,3.0070946814109685
MMR010008,2021-11-01,0.6875220225477069
MMR010009,2021-11-01,1.7560496369520682
MMR010010,2021-11-01,4.037969689579948
MMR010011,2021-11-01,0.4184250276226096
MMR010012,2021-11-01,3.1471104544199964
MMR010013,2021-11-01,-1.1160860389277423
MMR010014,2021-11-01,0.2680355270154292
MMR010015,2021-11-01,-0.45108417961133235
MMR010016,2021-11-01,0.3985117195150391
MMR010017,2021-11-01,4.762533693432688
MMR010018,2021-11-01,3.427707236400601
MMR010019,2021-11-01,-0.17599087851498135
MMR010020,2021-11-01,-0.28044589633862144
MMR010021,2021-11-01,1.8673628102509894
MMR010022,2021-11-01,0.745629433109484
MMR010023,2021-11-01,-0.8027209854568219
MMR010024,2021-11-01,-0.7595108321301387
MMR010028,2021-11-01,-0.19193089577904873
MMR010029,2021-11-01,0.0882556003587388
MMR010030,2021-11-01,-1.1160860389277423
MMR010031,2021-11-01,-0.4145572423768906
MMR011001,2021-11-01,0.09122062213573484
MMR011002,2021-11-01,-0.3014246644485145
MMR011003,2021-11-01,-0.42221659745721957
MMR011004,2021-11-01,-0.3417013916625925
MMR011005,2021-11-01,-1.086715237617013
MMR011006,2021-11-01,0.4606117077780356
MMR011007,2021-11-01,1.8464252431754842
MMR011008,2021-11-01,1.9193627976700869
MMR011009,2021-11-01,0.24179904429422797
MMR011010,2021-11-01,1.9459815091445392
MMR012001,2021-11-01,-1.1115057862176192
MMR012002,2021-11-01,-1.5448014052986374
MMR012003,2021-11-01,-1.6756831674933872
MMR012004,2021-11-01,-1.4139196431038874
MMR012005,2021-11-01,-1.8472711636932229
MMR012006,2021-11-01,-1.4914471587988465
MMR012007,2021-11-01,-1.4914471587988465
MMR012008,2021-11-01,-1.216952045597823
MMR012009,2021-11-01,-0.9037223316365579
MMR012010,2021-11-01,-1.4698370973325778
MMR012011,2021-11-01,-1.4914471587988465
MMR012012,2021-11-01,-0.8558207794931608
MMR012013,2021-11-01,-1.4914471587988465
MMR012014,2021-11-01,-2.6897773523360757
MMR012015,2021-11-01,-1.7694703084270615
MMR012016,2021-11-01,-1.889323592864855
MMR012017,2021-11-01,-1.6383611280459427
MMR013001,2021-11-01,1.526495013612262
MMR013002,2021-11-01,0.4759481440144772
MMR013003,2021-11-01,-0.3911575373924355
MMR013004,2021-11-01,0.1704334508539201
MMR013005,2021-11-01,-1.3975182269056834
MMR013006,2021-11-01,-1.4720323887166398
MMR013007,2021-11-01,-0.27130425295464194
MMR013009,2021-11-01,0.294056701691399
MMR013010,2021-11-01,0.2680355270154292
MMR013011,2021-11-01,0.6801885520121088
MMR013012,2021-11-01,0.9272285914232942
MMR013013,2021-11-01,0.22210238433048474
MMR013014,2021-11-01,-0.43230642664326413
MMR013015,2021-11-01,-0.5709374640491258
MMR013016,2021-11-01,-0.9037223316365579
MMR013017,2021-11-01,-1.3484787620065128
MMR013018,2021-11-01,0.3089783840660956
MMR013019,2021-11-01,0.698574490612319
MMR013020,2021-11-01,0.22210238433048474
MMR013021,2021-11-01,0.6801885520121088
MMR013022,2021-11-01,-1.545712640427173
MMR013023,2021-11-01,-0.6907907484869195
MMR013024,2021-11-01,-0.3159975044742695
MMR013025,2021-11-01,-0.41463894615719504
MMR013026,2021-11-01,-0.1051020211563897
MMR013027,2021-11-01,-0.10400092516977391
MMR013028,2021-11-01,0.028328958139842222
MMR013029,2021-11-01,-0.29138972260260665
MMR013030,2021-11-01,-0.7063891641356053
MMR013031,2021-11-01,-0.6334516096410028
MMR013032,2021-11-01,-0.8558207794931608
MMR013033,2021-11-01,-1.4139196431038874
MMR013034,2021-11-01,-1.8293969506459586
MMR013035,2021-11-01,-1.7503153219639425
MMR013036,2021-11-01,-1.5087022635762335
MMR013037,2021-11-01,-1.152156118714388
MMR013038,2021-11-01,0.1420086241177144
MMR013039,2021-11-01,-0.6907907484869193
MMR013040,2021-11-01,2.065237906659292
MMR013041,2021-11-01,0.3089783840660956
MMR013042,2021-11-01,1.837835533105607
MMR013043,2021-11-01,-1.4963145025866766
MMR013044,2021-11-01,-0.43712842307408156
MMR013046,2021-11-01,1.3107969437563844
MMR013047,2021-11-01,0.20810888479653228
MMR014001,2021-11-01,-1.5896903817703714
MMR014002,2021-11-01,0.5872613173133981
MMR014003,2021-11-01,-1.7503153219639425
MMR014004,2021-11-01,-1.5276889753661003
MMR014005,2021-11-01,-1.6383611280459427
MMR014006,2021-11-01,-1.086715237617013
MMR014007,2021-11-01,-0.8598099355725745
MMR014008,2021-11-01,-1.3101698661780588
MMR014009,2021-11-01,-0.07153586069134127
MMR014010,2021-11-01,2.2264745314287406
MMR014011,2021-11-01,-2.1290301617404426
MMR014012,2021-11-01,-1.7095436662081647
MMR014013,2021-11-01,-2.195568015159626
MMR014014,2021-11-01,-1.889323592864855
MMR014015,2021-11-01,-1.4816786013104826
MMR014016,2021-11-01,-1.409910455113681
MMR014017,2021-11-01,-1.8059719086134027
MMR014018,2021-11-01,-2.009176877302649
MMR014019,2021-11-01,-2.421773761723243
MMR014020,2021-11-01,-1.8472711636932229
MMR014021,2021-11-01,-1.6545773725654385
MMR015001,2021-11-01,-0.4589536079362496
MMR015002,2021-11-01,0.745629433109484
MMR015003,2021-11-01,-0.45108417961133235
MMR015004,2021-11-01,-1.3249960745750224
MMR015005,2021-11-01,-2.0691035195215455
MMR015006,2021-11-01,-1.7275149270600412
MMR015007,2021-11-01,-1.4914471587988465
MMR015008,2021-11-01,-2.0691035195215455
MMR015009,2021-11-01,5.055677640937996
MMR015010,2021-11-01,4.213996131270353
MMR015011,2021-11-01,3.375479727488781
MMR015012,2021-11-01,-0.3032440690779697
MMR015013,2021-11-01,0.627805424554674
MMR015014,2021-11-01,-0.5577498836172428
MMR015015,2021-11-01,-0.563188188838014
MMR015016,2021-11-01,-1.0503506018003002
MMR015017,2021-11-01,-0.3032440690779697
MMR015018,2021-11-01,-0.0143703673717809
MMR015019,2021-11-01,-0.5271279768878958
MMR015020,2021-11-01,0.3279621692343261
MMR015021,2021-11-01,-1.0503506018003002
MMR015022,2021-11-01,-1.086715237617013
MMR015023,2021-11-01,4.690989868464984
MMR015024,2021-11-01,-2.1399114285101657
MMR016001,2021-11-01,-2.306881188458547
MMR016002,2021-11-01,-2.1290301617404426
MMR016003,2021-11-01,-1.9374466918828868
MMR016005,2021-11-01,-1.9374466918828868
MMR016006,2021-11-01,-2.1290301617404426
MMR016007,2021-11-01,-2.484277259396607
MMR016008,2021-11-01,-2.0691035195215455
MMR016009,2021-11-01,-1.7275149270600412
MMR016010,2021-11-01,-1.9374466918828868
MMR016011,2021-11-01,-1.9374466918828868
MMR017001,2021-11-01,-0.3668655455458892
MMR017002,2021-11-01,-0.6907907484869193
MMR017003,2021-11-01,-0.6907907484869193
MMR017004,2021-11-01,0.5287263410124059
MMR017005,2021-11-01,-1.583345562015561
MMR017006,2021-11-01,-1.7095436662081647
MMR017007,2021-11-01,-1.4720323887166398
MMR017008,2021-11-01,-1.6390021486650213
MMR017009,2021-11-01,-1.5297637395514743
MMR017010,2021-11-01,-1.7095436662081647
MMR017011,2021-11-01,-1.889323592864855
MMR017012,2021-11-01,-1.6496170239892682
MMR017013,2021-11-01,-1.9729416685617844
MMR017014,2021-11-01,-1.152156118714388
MMR017015,2021-11-01,-1.2900571706758874
MMR017016,2021-11-01,-0.8522642731248105
MMR017017,2021-11-01,-0.959403512192282
MMR017018,2021-11-01,-0.8903925943248885
MMR017019,2021-11-01,-0.6371835889747325
MMR017020,2021-11-01,-1.0638585300159222
MMR017021,2021-11-01,-0.6928401756241931
MMR017022,2021-11-01,-1.583345562015561
MMR017023,2021-11-01,-0.9981393821140155
MMR017024,2021-11-01,-0.5605140551464002
MMR017025,2021-11-01,-0.5938109498095417
MMR017026,2021-11-01,-0.9037223316365579
MMR018001,2021-11-01,-1.0212743565196383
MMR018002,2021-11-01,-0.7595108321301387
MMR018003,2021-11-01,-1.3249960745750224
MMR018004,2021-11-01,-0.9558334754222634
MMR018005,2021-11-01,-0.8705706751436098
MMR018006,2021-11-01,-0.0143703673717809
MMR018007,2021-11-01,-1.5951107782676697
MMR018008,2021-11-01,-1.1380928688198768
MMR001001,2021-12-01,-0.4441171147709538
MMR001002,2021-12-01,-0.8298157144980778
MMR001003,2021-12-01,-1.5820102148636987
MMR001004,2021-12-01,-0.45336264364521195
MMR001005,2021-12-01,-1.272481002942252
MMR001006,2021-12-01,-1.3407604713928118
MMR001007,2021-12-01,0.7777294679114788
MMR001008,2021-12-01,1.0692927327760466
MMR001009,2021-12-01,0.4232961174454604
MMR001010,2021-12-01,-0.5303951351123846
MMR001011,2021-12-01,0.5354950883346189
MMR001012,2021-12-01,-0.7072925888674891
MMR001013,2021-12-01,-0.9791910186690174
MMR001014,2021-12-01,-1.5036929054663155
MMR001015,2021-12-01,-1.4257038163891416
MMR001016,2021-12-01,-1.6874775939121984
MMR001017,2021-12-01,-1.5455988767444913
MMR001018,2021-12-01,-1.7084843294485461
MMR002001,2021-12-01,0.6711545018669314
MMR002002,2021-12-01,2.4170471147125223
MMR002003,2021-12-01,1.040390457335831
MMR002004,2021-12-01,-0.6460310260521948
MMR002005,2021-12-01,0.4499729653055428
MMR002006,2021-12-01,-0.5303951351123846
MMR002007,2021-12-01,-0.5896863184366533
MMR003001,2021-12-01,2.1379159960132053
MMR003002,2021-12-01,2.907139617234877
MMR003003,2021-12-01,-0.37835487628126
MMR003004,2021-12-01,-0.08419888838256137
MMR003005,2021-12-01,2.0049334826846215
MMR003006,2021-12-01,1.8257832535599383
MMR003007,2021-12-01,1.5962198874522944
MMR004001,2021-12-01,2.9684011800501713
MMR004002,2021-12-01,4.91125495301179
MMR004003,2021-12-01,0.22966730297006496
MMR004004,2021-12-01,2.8242871040913395
MMR004005,2021-12-01,2.8242871040913395
MMR004006,2021-12-01,2.667275535228625
MMR004007,2021-12-01,3.4197945363221263
MMR004008,2021-12-01,1.8818827390045179
MMR004009,2021-12-01,0.7200465516718072
MMR005001,2021-12-01,2.8586812874584084
MMR005002,2021-12-01,5.555981982141073
MMR005003,2021-12-01,4.069762671343103
MMR005004,2021-12-01,5.023453923900948
MMR005005,2021-12-01,2.3867781080057298
MMR005006,2021-12-01,5.243369185191959
MMR005007,2021-12-01,3.506893390549727
MMR005008,2021-12-01,1.4713800744271222
MMR005009,2021-12-01,7.07601302630566
MMR005010,2021-12-01,6.858535302762381
MMR005011,2021-12-01,3.5810168082031146
MMR005012,2021-12-01,6.858535302762381
MMR005013,2021-12-01,9.399213788578118
MMR005014,2021-12-01,7.327454498186052
MMR005015,2021-12-01,7.0991348853503755
MMR005016,2021-12-01,8.501622021464852
MMR005017,2021-12-01,9.618399616159202
MMR005018,2021-12-01,10.557786733326898
MMR005019,2021-12-01,9.515744076829852
MMR005020,2021-12-01,1.2086889136695682
MMR005021,2021-12-01,0.7598930301129352
MMR005022,2021-12-01,0.4755863026474282
MMR005023,2021-12-01,-0.8004782224909136
MMR005024,2021-12-01,0.9842909718912515
MMR005025,2021-12-01,0.3110971465563023
MMR005026,2021-12-01,-0.6425941060015427
MMR005027,2021-12-01,3.7809970581851475
MMR005028,2021-12-01,3.335970556941937
MMR005029,2021-12-01,8.0049619725983
MMR005030,2021-12-01,1.376987370003305
MMR005031,2021-12-01,1.8257832535599383
MMR005032,2021-12-01,-1.0609888866151753
MMR005033,2021-12-01,-0.6441718240163565
MMR005034,2021-12-01,-0.208902394620833
MMR005035,2021-12-01,-1.3147405818099542
MMR005036,2021-12-01,-1.3147405818099542
MMR005037,2021-12-01,-1.3407604713928118
MMR006001,2021-12-01,1.2647883991141473
MMR006002,2021-12-01,1.2538593297284628
MMR006003,2021-12-01,1.3221387981790227
MMR006004,2021-12-01,2.073212951135181
MMR006005,2021-12-01,-0.3848479130849738
MMR006006,2021-12-01,-1.204201534491692
MMR006007,2021-12-01,0.3954155418078092
MMR006008,2021-12-01,-0.36209667877864715
MMR006009,2021-12-01,-1.1341615824540883
MMR006010,2021-12-01,-1.3407604713928118
MMR007001,2021-12-01,-1.5003956580099793
MMR007002,2021-12-01,-0.7945247237883329
MMR007003,2021-12-01,-0.5235079004216061
MMR007004,2021-12-01,-1.060988886615175
MMR007005,2021-12-01,-1.626216031096904
MMR007006,2021-12-01,-1.7260772118425098
MMR007007,2021-12-01,-1.1973850913898438
MMR007008,2021-12-01,-0.4044705938403362
MMR007009,2021-12-01,-1.4840863876702295
MMR007010,2021-12-01,-1.5401858731148088
MMR007011,2021-12-01,-0.9567846209654706
MMR007012,2021-12-01,-1.5299080820388464
MMR007013,2021-12-01,-1.3811697798357268
MMR007014,2021-12-01,-1.3718874167810713
MMR008001,2021-12-01,-1.4279869022256502
MMR008002,2021-12-01,-1.8524885057563212
MMR008003,2021-12-01,-1.7734479883768586
MMR008004,2021-12-01,-1.204201534491692
MMR008005,2021-12-01,-1.3718874167810713
MMR008006,2021-12-01,-1.3736016835642892
MMR008007,2021-12-01,-0.8910772773133722
MMR008008,2021-12-01,-1.9405117176929068
MMR008009,2021-12-01,-1.272481002942252
MMR008010,2021-12-01,-1.4279869022256502
MMR008011,2021-12-01,-0.6073529861622071
MMR008012,2021-12-01,-1.9405117176929068
MMR008013,2021-12-01,-1.9405117176929068
MMR008014,2021-12-01,-1.203588960447334
MMR009001,2021-12-01,-0.4245982500489698
MMR009002,2021-12-01,-0.4878654255417994
MMR009003,2021-12-01,-0.6441718240163565
MMR009004,2021-12-01,-0.38366115989209476
MMR009005,2021-12-01,0.25499766111172306
MMR009006,2021-12-01,-0.5022546934500878
MMR009007,2021-12-01,-0.8910772773133722
MMR009008,2021-12-01,-1.16519315226488
MMR009009,2021-12-01,-1.7084843294485461
MMR009010,2021-12-01,-0.6962739568412089
MMR009011,2021-12-01,-0.5511467432549636
MMR009012,2021-12-01,-1.7084843294485461
MMR009013,2021-12-01,-1.5289877393524796
MMR009014,2021-12-01,-1.8206833003377043
MMR009015,2021-12-01,-1.5962853585593877
MMR009016,2021-12-01,-1.6731693417771278
MMR009017,2021-12-01,-0.6441718240163565
MMR009018,2021-12-01,4.093597988208237
MMR009019,2021-12-01,5.853711781183765
MMR009020,2021-12-01,7.604030254351588
MMR009021,2021-12-01,6.587092528256902
MMR009022,2021-12-01,1.0964899427804098
MMR009023,2021-12-01,8.269156018280425
MMR009024,2021-12-01,5.023453923900948
MMR009025,2021-12-01,2.284592145427833
MMR010001,2021-12-01,0.3358304747014556
MMR010002,2021-12-01,0.9807414559262234
MMR010003,2021-12-01,1.5593852352984012
MMR010004,2021-12-01,1.3756005468525183
MMR010005,2021-12-01,0.8441825190251037
MMR010006,2021-12-01,1.2089670497205651
MMR010007,2021-12-01,1.852375544416352
MMR010008,2021-12-01,-0.08159925155575168
MMR010009,2021-12-01,1.231504957678328
MMR010010,2021-12-01,2.273547614175375
MMR010011,2021-12-01,-0.21720008634513444
MMR010012,2021-12-01,1.1014330842854456
MMR010013,2021-12-01,-1.3334195401329763
MMR010014,2021-12-01,-0.5303951351123846
MMR010015,2021-12-01,-0.4181961642232261
MMR010016,2021-12-01,-0.013334195401329794
MMR010017,2021-12-01,3.1160714187852587
MMR010018,2021-12-01,2.2357000956229567
MMR010019,2021-12-01,-0.4044705938403362
MMR010020,2021-12-01,-0.7467149424744668
MMR010021,2021-12-01,1.4399134889777372
MMR010022,2021-12-01,-0.15593852352984006
MMR010023,2021-12-01,-1.0889592911085972
MMR010024,2021-12-01,-0.891077277313372
MMR010028,2021-12-01,-0.5399675583666516
MMR010029,2021-12-01,-0.19379822244490982
MMR010030,2021-12-01,-1.2356354405232246
MMR010031,2021-12-01,-0.6441718240163565
MMR011001,2021-12-01,-0.5847694632369005
MMR011002,2021-12-01,-0.707292588867489
MMR011003,2021-12-01,-0.6642204091942608
MMR011004,2021-12-01,0.22966730297006496
MMR011005,2021-12-01,-1.2586466542051382
MMR011006,2021-12-01,0.9807414559262234
MMR011007,2021-12-01,2.5511692302891
MMR011008,2021-12-01,2.0049334826846215
MMR011009,2021-12-01,-0.1800095077332942
MMR011010,2021-12-01,2.611176049784046
MMR012001,2021-12-01,-1.0381940639387424
MMR012002,2021-12-01,-1.56495446828161
MMR012003,2021-12-01,-1.5036929054663155
MMR012004,2021-12-01,-1.3811697798357268
MMR012005,2021-12-01,-1.3823115899378522
MMR012006,2021-12-01,-1.3147405818099542
MMR012007,2021-12-01,-1.3147405818099542
MMR012008,2021-12-01,-1.204201534491692
MMR012009,2021-12-01,-0.9217474731167613
MMR012010,2021-12-01,-1.4279869022256502
MMR012011,2021-12-01,-1.3933392035485928
MMR012012,2021-12-01,-0.7995245666227213
MMR012013,2021-12-01,-1.3933392035485928
MMR012014,2021-12-01,-2.512662595280712
MMR012015,2021-12-01,-1.8206833003377043
MMR012016,2021-12-01,-1.7084843294485461
MMR012017,2021-12-01,-1.920124137791486
MMR013001,2021-12-01,1.2647883991141473
MMR013002,2021-12-01,0.5020750981303953
MMR013003,2021-12-01,-0.08159925155575168
MMR013004,2021-12-01,1.0146426732443066
MMR013005,2021-12-01,-1.025762109029194
MMR013006,2021-12-01,-0.6962739568412089
MMR013007,2021-12-01,-0.30599719333406794
MMR013009,2021-12-01,-0.062226245206205594
MMR013010,2021-12-01,-0.30599719333406794
MMR013011,2021-12-01,0.08910772773133725
MMR013012,2021-12-01,1.0964899427804098
MMR013013,2021-12-01,0.5179386674383977
MMR013014,2021-12-01,-0.7072925888674891
MMR013015,2021-12-01,-0.9791910186690174
MMR013016,2021-12-01,-1.0003460948553997
MMR013017,2021-12-01,-1.2586466542051382
MMR013018,2021-12-01,0.8667900279043614
MMR013019,2021-12-01,0.9709942935540664
MMR013020,2021-12-01,0.9467696071454579
MMR013021,2021-12-01,1.0692927327760466
MMR013022,2021-12-01,-1.719412715544837
MMR013023,2021-12-01,-0.30599719333406794
MMR013024,2021-12-01,-0.45015574268492997
MMR013025,2021-12-01,-0.4531273815355336
MMR013026,2021-12-01,-0.21720008634513444
MMR013027,2021-12-01,-0.09202426702461203
MMR013028,2021-12-01,-0.5303951351123846
MMR013029,2021-12-01,-0.17448639730062898
MMR013030,2021-12-01,-0.6579657868872132
MMR013031,2021-12-01,-0.5214068499860934
MMR013032,2021-12-01,-0.7995245666227213
MMR013033,2021-12-01,-1.2586466542051382
MMR013034,2021-12-01,-1.5401858731148088
MMR013035,2021-12-01,-1.6341123476885513
MMR013036,2021-12-01,-1.204201534491692
MMR013037,2021-12-01,-0.7072925888674891
MMR013038,2021-12-01,0.39787083248069066
MMR013039,2021-12-01,-0.754793076890701
MMR013040,2021-12-01,1.663536140431822
MMR013041,2021-12-01,0.13736016835642886
MMR013042,2021-12-01,1.305082769929702
MMR013043,2021-12-01,-1.44195247293858
MMR013044,2021-12-01,-0.697822892669591
MMR013046,2021-12-01,1.387811356152885
MMR013047,2021-12-01,0.5354950883346186
MMR014001,2021-12-01,-1.5401858731148088
MMR014002,2021-12-01,0.3457686996558382
MMR014003,2021-12-01,-1.6862144805134034
MMR014004,2021-12-01,-1.16519315226488
MMR014005,2021-12-01,-1.7734479883768586
MMR014006,2021-12-01,-1.1973850913898438
MMR014007,2021-12-01,-1.1130910194400276
MMR014008,2021-12-01,-1.2629833257384218
MMR014009,2021-12-01,-0.6000387930598393
MMR014010,2021-12-01,1.4045352489400682
MMR014011,2021-12-01,-1.9889817566714416
MMR014012,2021-12-01,-1.5401858731148088
MMR014013,2021-12-01,-1.9467251446376652
MMR014014,2021-12-01,-1.7084843294485461
MMR014015,2021-12-01,-1.5289877393524796
MMR014016,2021-12-01,-1.3157879313364922
MMR014017,2021-12-01,-1.790418746163108
MMR014018,2021-12-01,-1.8206833003377043
MMR014019,2021-12-01,-2.2134764366207405
MMR014020,2021-12-01,-1.3823115899378522
MMR014021,2021-12-01,-1.5455988767444913
MMR015001,2021-12-01,-0.7483018664229366
MMR015002,2021-12-01,0.8855080443301638
MMR015003,2021-12-01,-0.6986935914461219
MMR015004,2021-12-01,-1.4800956895476036
MMR015005,2021-12-01,-1.9328822712268623
MMR015006,2021-12-01,-1.6138783451950511
MMR015007,2021-12-01,-1.3933392035485928
MMR015008,2021-12-01,-1.9328822712268623
MMR015009,2021-12-01,4.121597004651977
MMR015010,2021-12-01,3.397232119757231
MMR015011,2021-12-01,2.6268364940619633
MMR015012,2021-12-01,-0.6962739568412089
MMR015013,2021-12-01,0.1303222351635451
MMR015014,2021-12-01,-0.8407886139583556
MMR015015,2021-12-01,-0.6460310260521948
MMR015016,2021-12-01,-1.203588960447334
MMR015017,2021-12-01,-0.7483760896660613
MMR015018,2021-12-01,-0.10089463367500294
MMR015019,2021-12-01,-0.4001055088026608
MMR015020,2021-12-01,0.47939560289003963
MMR015021,2021-12-01,-1.0913899895581758
MMR015022,2021-12-01,-0.7685541516827834
MMR015023,2021-12-01,3.848479130849737
MMR015024,2021-12-01,-2.05092941028737
MMR016001,2021-12-01,-2.1551336759370745
MMR016002,2021-12-01,-1.9889817566714416
MMR016003,2021-12-01,-1.8100007195427872
MMR016005,2021-12-01,-1.8100007195427872
MMR016006,2021-12-01,-1.9889817566714416
MMR016007,2021-12-01,-2.3205765745250613
MMR016008,2021-12-01,-1.9328822712268623
MMR016009,2021-12-01,-1.6138783451950511
MMR016010,2021-12-01,-1.8100007195427872
MMR016011,2021-12-01,-1.8100007195427872
MMR017001,2021-12-01,-1.1361235285745495
MMR017002,2021-12-01,-1.1474894750027547
MMR017003,2021-12-01,-1.3157879313364922
MMR017004,2021-12-01,-0.5583564713620127
MMR017005,2021-12-01,-1.6862144805134034
MMR017006,2021-12-01,-1.4840863876702295
MMR017007,2021-12-01,-1.477805949213994
MMR017008,2021-12-01,-1.7383166133382557
MMR017009,2021-12-01,-1.4840863876702295
MMR017010,2021-12-01,-1.6523848440039668
MMR017011,2021-12-01,-1.8206833003377043
MMR017012,2021-12-01,-1.7084843294485461
MMR017013,2021-12-01,-1.9988272774625175
MMR017014,2021-12-01,-1.2586466542051382
MMR017015,2021-12-01,-1.4279869022256502
MMR017016,2021-12-01,-0.9310836606894526
MMR017017,2021-12-01,-1.4800956895476036
MMR017018,2021-12-01,-1.3199082170204324
MMR017019,2021-12-01,-0.9046824881406182
MMR017020,2021-12-01,-1.3823115899378522
MMR017021,2021-12-01,-0.6441718240163565
MMR017022,2021-12-01,-1.2693974179145846
MMR017023,2021-12-01,-1.4773194082939316
MMR017024,2021-12-01,-1.204201534491692
MMR017025,2021-12-01,-1.4800956895476036
MMR017026,2021-12-01,-1.3147405818099542
MMR018001,2021-12-01,-1.1361235285745495
MMR018002,2021-12-01,-1.2586466542051382
MMR018003,2021-12-01,-1.0889592911085972
MMR018004,2021-12-01,-1.2586466542051382
MMR018005,2021-12-01,-1.3718874167810713
MMR018006,2021-12-01,-0.8407886139583556
MMR018007,2021-12-01,-1.303222351635451
MMR018008,2021-12-01,-1.0088867537903228
MMR001001,2022-01-01,-0.9266339040551501
MMR001002,2022-01-01,-1.1743135557152515
MMR001003,2022-01-01,-1.551318200690862
MMR001004,2022-01-01,-0.6376061680878451
MMR001005,2022-01-01,-1.4483051395052513
MMR001006,2022-01-01,-1.5663151879093828
MMR001007,2022-01-01,0.8101408858325037
MMR001008,2022-01-01,0.4138974007848839
MMR001009,2022-01-01,-0.1366239218643378
MMR001010,2022-01-01,-0.5729390271730286
MMR001011,2022-01-01,0.6390473764622235
MMR001012,2022-01-01,-0.5919695383318686
MMR001013,2022-01-01,-0.766856851754669
MMR001014,2022-01-01,-1.3860750165819362
MMR001015,2022-01-01,-1.4162430011584124
MMR001016,2022-01-01,-1.5448961122319498
MMR001017,2022-01-01,-1.4483051395052513
MMR001018,2022-01-01,-1.833404886953691
MMR002001,2022-01-01,2.06645854476663
MMR002002,2022-01-01,3.85502113986851
MMR002003,2022-01-01,0.929924113334684
MMR002004,2022-01-01,1.3668239746849644
MMR002005,2022-01-01,2.410887652260996
MMR002006,2022-01-01,0.3966500957351734
MMR002007,2022-01-01,0.38085061075878823
MMR003001,2022-01-01,2.4467176450117907
MMR003002,2022-01-01,4.807947713768591
MMR003003,2022-01-01,0.29063350164394713
MMR003004,2022-01-01,-0.21828629716401995
MMR003005,2022-01-01,3.508116893468275
MMR003006,2022-01-01,3.014540727587318
MMR003007,2022-01-01,3.221338849455695
MMR004001,2022-01-01,3.219736757268456
MMR004002,2022-01-01,4.905239517258312
MMR004003,2022-01-01,2.2690113852248937
MMR004004,2022-01-01,3.5671219176703413
MMR004005,2022-01-01,2.800056603043486
MMR004006,2022-01-01,2.675184534569447
MMR004007,2022-01-01,2.6810380513258956
MMR004008,2022-01-01,0.929924113334684
MMR004009,2022-01-01,1.2214383219996066
MMR005001,2022-01-01,1.969041973637744
MMR005002,2022-01-01,4.121840179672025
MMR005003,2022-01-01,2.2388694292607565
MMR005004,2022-01-01,5.244595710276182
MMR005005,2022-01-01,3.4508558328960093
MMR005006,2022-01-01,4.5270657782693755
MMR005007,2022-01-01,5.066280335589563
MMR005008,2022-01-01,1.3696103764971026
MMR005009,2022-01-01,7.770345048444039
MMR005010,2022-01-01,6.643243904277753
MMR005011,2022-01-01,4.278544061601879
MMR005012,2022-01-01,5.472592174996522
MMR005013,2022-01-01,7.910965798273736
MMR005014,2022-01-01,5.742742574061422
MMR005015,2022-01-01,4.9537189734037215
MMR005016,2022-01-01,7.086815043801765
MMR005017,2022-01-01,7.685843026167336
MMR005018,2022-01-01,8.309171365177967
MMR005019,2022-01-01,7.6337953675157175
MMR005020,2022-01-01,2.675184534569447
MMR005021,2022-01-01,2.335828341551577
MMR005022,2022-01-01,2.1932115781816837
MMR005023,2022-01-01,-0.7408670034961637
MMR005024,2022-01-01,2.0449516046791163
MMR005025,2022-01-01,1.5116775870796058
MMR005026,2022-01-01,-1.0577335886271293
MMR005027,2022-01-01,2.952781171877232
MMR005028,2022-01-01,2.266810183368375
MMR005029,2022-01-01,6.671818758846908
MMR005030,2022-01-01,1.0268830256255044
MMR005031,2022-01-01,0.9784035694800944
MMR005032,2022-01-01,-1.146092602093513
MMR005033,2022-01-01,-0.9209672695394301
MMR005034,2022-01-01,-0.6376061680878451
MMR005035,2022-01-01,-1.0805855493025023
MMR005036,2022-01-01,-1.2843531100281171
MMR005037,2022-01-01,-1.3302950911011198
MMR006001,2022-01-01,1.0268830256255044
MMR006002,2022-01-01,0.8528908043753146
MMR006003,2022-01-01,0.9118958285773804
MMR006004,2022-01-01,1.9149812400124988
MMR006005,2022-01-01,-0.20919963126186972
MMR006006,2022-01-01,-0.976264945888725
MMR006007,2022-01-01,0.4138974007848839
MMR006008,2022-01-01,-0.28206229030056806
MMR006009,2022-01-01,-1.1007363209439918
MMR006010,2022-01-01,-1.0942749942928567
MMR007001,2022-01-01,-1.9915713758797255
MMR007002,2022-01-01,-1.2712900668990539
MMR007003,2022-01-01,-1.1743135557152515
MMR007004,2022-01-01,-1.0110174025610632
MMR007005,2022-01-01,-1.650776842665292
MMR007006,2022-01-01,-2.037338773530852
MMR007007,2022-01-01,-1.4390153817986073
MMR007008,2022-01-01,0.5454221437859877
MMR007009,2022-01-01,-1.397089781645
MMR007010,2022-01-01,-1.4455692377904104
MMR007011,2022-01-01,-0.15554113885554843
MMR007012,2022-01-01,-1.5963432672016786
MMR007013,2022-01-01,-1.5448961122319498
MMR007014,2022-01-01,-1.2516514132087697
MMR008001,2022-01-01,-1.6879665185174606
MMR008002,2022-01-01,-1.9535378947431337
MMR008003,2022-01-01,-1.4826263908548685
MMR008004,2022-01-01,-1.0942749942928567
MMR008005,2022-01-01,-1.3486103254995898
MMR008006,2022-01-01,-1.461268067669229
MMR008007,2022-01-01,-1.015492460065238
MMR008008,2022-01-01,-2.1056718192895016
MMR008009,2022-01-01,-1.3893001153031856
MMR008010,2022-01-01,-1.7364459746628707
MMR008011,2022-01-01,-0.8768179885768876
MMR008012,2022-01-01,-2.1056718192895016
MMR008013,2022-01-01,-1.9535378947431337
MMR008014,2022-01-01,-1.4455692377904104
MMR009001,2022-01-01,-1.10804022501755
MMR009002,2022-01-01,-1.2361427351151462
MMR009003,2022-01-01,-0.9209672695394301
MMR009004,2022-01-01,-1.0110174025610632
MMR009005,2022-01-01,-0.6214184833184385
MMR009006,2022-01-01,-1.4826263908548685
MMR009007,2022-01-01,-0.7507906339818822
MMR009008,2022-01-01,-1.146092602093513
MMR009009,2022-01-01,-1.397089781645
MMR009010,2022-01-01,-1.1010675355826962
MMR009011,2022-01-01,-0.8066102126412498
MMR009012,2022-01-01,-1.1062130447725393
MMR009013,2022-01-01,-1.3136223463014638
MMR009014,2022-01-01,-1.1062130447725393
MMR009015,2022-01-01,-1.1546925009179496
MMR009016,2022-01-01,-1.6275476092061063
MMR009017,2022-01-01,-0.9659923360502467
MMR009018,2022-01-01,3.1649848343637608
MMR009019,2022-01-01,4.22126011282254
MMR009020,2022-01-01,5.971787552457333
MMR009021,2022-01-01,4.6015192130677
MMR009022,2022-01-01,1.0268830256255044
MMR009023,2022-01-01,6.80445685723892
MMR009024,2022-01-01,4.662842236531261
MMR009025,2022-01-01,1.4326933776913624
MMR010001,2022-01-01,0.8212450174699015
MMR010002,2022-01-01,0.9709008527794462
MMR010003,2022-01-01,0.9962414181682666
MMR010004,2022-01-01,0.8903606877349242
MMR010005,2022-01-01,0.734880755971183
MMR010006,2022-01-01,1.0101832663078507
MMR010007,2022-01-01,1.709909327784822
MMR010008,2022-01-01,-0.28206229030056784
MMR010009,2022-01-01,0.6098849918283334
MMR010010,2022-01-01,2.4559127187718124
MMR010011,2022-01-01,-0.8566713644152244
MMR010012,2022-01-01,1.5294588024012739
MMR010013,2022-01-01,-1.355873357439815
MMR010014,2022-01-01,-0.6214184833184385
MMR010015,2022-01-01,-0.9607746763363093
MMR010016,2022-01-01,-0.3841001012577381
MMR010017,2022-01-01,1.7055954116612453
MMR010018,2022-01-01,1.3904423665530112
MMR010019,2022-01-01,-0.7221081903645474
MMR010020,2022-01-01,-1.355873357439815
MMR010021,2022-01-01,0.8800353908932325
MMR010022,2022-01-01,-0.3272677122485127
MMR010023,2022-01-01,-1.820634479961678
MMR010024,2022-01-01,-1.3860750165819362
MMR010028,2022-01-01,-1.4162430011584124
MMR010029,2022-01-01,-0.815336307900079
MMR010030,2022-01-01,-1.7783834688233269
MMR010031,2022-01-01,-1.2361427351151462
MMR011001,2022-01-01,-0.8566713644152244
MMR011002,2022-01-01,0.09625520948485683
MMR011003,2022-01-01,-0.6590357999161396
MMR011004,2022-01-01,0.6168707075670514
MMR011005,2022-01-01,-1.015492460065238
MMR011006,2022-01-01,1.3249309979918409
MMR011007,2022-01-01,1.5019460705980383
MMR011008,2022-01-01,0.8528908043753146
MMR011009,2022-01-01,0.20383553815259084
MMR011010,2022-01-01,2.9175818152964976
MMR012001,2022-01-01,-1.1007363209439918
MMR012002,2022-01-01,-1.650776842665292
MMR012003,2022-01-01,-1.650776842665292
MMR012004,2022-01-01,-1.650776842665292
MMR012005,2022-01-01,-1.6938814465466245
MMR012006,2022-01-01,-1.2843531100281171
MMR012007,2022-01-01,-1.2164305897862453
MMR012008,2022-01-01,-1.2122850426969882
MMR012009,2022-01-01,-0.9447405088187592
MMR012010,2022-01-01,-1.6394870623720506
MMR012011,2022-01-01,-1.3522756302699885
MMR012012,2022-01-01,-0.7759615063528741
MMR012013,2022-01-01,-1.3522756302699885
MMR012014,2022-01-01,-2.1817387815626854
MMR012015,2022-01-01,-1.7364459746628707
MMR012016,2022-01-01,-1.2516514132087695
MMR012017,2022-01-01,-1.8628854911000292
MMR013001,2022-01-01,0.3966500957351731
MMR013002,2022-01-01,0.2496844597418007
MMR013003,2022-01-01,-0.5729390271730286
MMR013004,2022-01-01,0.39711191320889944
MMR013005,2022-01-01,-1.3877749703498494
MMR013006,2022-01-01,-0.830917136517797
MMR013007,2022-01-01,-0.5244595710276184
MMR013009,2022-01-01,-0.21509605670433335
MMR013010,2022-01-01,-0.912295220190899
MMR013011,2022-01-01,-0.6449099035485398
MMR013012,2022-01-01,0.4936090080259932
MMR013013,2022-01-01,0.5197781312182264
MMR013014,2022-01-01,-0.22138698181517028
MMR013015,2022-01-01,-1.0577335886271293
MMR013016,2022-01-01,-1.148508069544374
MMR013017,2022-01-01,-1.2272539209319229
MMR013018,2022-01-01,0.4748097922958836
MMR013019,2022-01-01,0.6098849918283334
MMR013020,2022-01-01,0.7315395920849108
MMR013021,2022-01-01,0.6785992268682398
MMR013022,2022-01-01,-1.7074718221581915
MMR013023,2022-01-01,-0.5244595710276184
MMR013024,2022-01-01,-0.46928286712565825
MMR013025,2022-01-01,-0.4452197280701329
MMR013026,2022-01-01,-0.6978502687652111
MMR013027,2022-01-01,-0.964667385191742
MMR013028,2022-01-01,-1.2516514132087697
MMR013029,2022-01-01,-0.7690075666868983
MMR013030,2022-01-01,-0.976264945888725
MMR013031,2022-01-01,-0.8582548974845934
MMR013032,2022-01-01,-0.7759615063528741
MMR013033,2022-01-01,-1.1743135557152515
MMR013034,2022-01-01,-1.3486103254995898
MMR013035,2022-01-01,-1.5963432672016786
MMR013036,2022-01-01,-1.2122850426969882
MMR013037,2022-01-01,-0.6449099035485398
MMR013038,2022-01-01,-0.15554113885554843
MMR013039,2022-01-01,-1.0092541324817192
MMR013040,2022-01-01,0.8528908043753146
MMR013041,2022-01-01,-0.3356414048988146
MMR013042,2022-01-01,0.4365725943280396
MMR013043,2022-01-01,-1.467699183301935
MMR013044,2022-01-01,-1.0178652683330056
MMR013046,2022-01-01,0.6549100583391498
MMR013047,2022-01-01,0.008814446571892478
MMR014001,2022-01-01,-1.6394870623720506
MMR014002,2022-01-01,1.0601356569364992
MMR014003,2022-01-01,-1.2811678016259627
MMR014004,2022-01-01,0.42978472578506693
MMR014005,2022-01-01,-1.9473875133767315
MMR014006,2022-01-01,-1.3860750165819362
MMR014007,2022-01-01,-1.6863934002233119
MMR014008,2022-01-01,-1.091431485820099
MMR014009,2022-01-01,-1.5248774019932196
MMR014010,2022-01-01,2.4889686561501416
MMR014011,2022-01-01,-1.8818843430991008
MMR014012,2022-01-01,-1.0577335886271295
MMR014013,2022-01-01,-1.9115187327773946
MMR014014,2022-01-01,-1.6394870623720506
MMR014015,2022-01-01,-1.1446183017480591
MMR014016,2022-01-01,-0.815336307900079
MMR014017,2022-01-01,-1.7764435332449449
MMR014018,2022-01-01,-1.7364459746628707
MMR014019,2022-01-01,-2.2008935802068383
MMR014020,2022-01-01,0.20741405467917837
MMR014021,2022-01-01,-1.5663151879093828
MMR015001,2022-01-01,-1.5076612897779778
MMR015002,2022-01-01,-0.06256588616515683
MMR015003,2022-01-01,-1.0577335886271293
MMR015004,2022-01-01,-1.820634479961678
MMR015005,2022-01-01,-1.8818843430991008
MMR015006,2022-01-01,-1.5663151879093828
MMR015007,2022-01-01,-1.3522756302699885
MMR015008,2022-01-01,-1.8818843430991008
MMR015009,2022-01-01,2.9180666514476172
MMR015010,2022-01-01,2.4785716442350596
MMR015011,2022-01-01,1.305940344276309
MMR015012,2022-01-01,-1.236142735115146
MMR015013,2022-01-01,-0.788343373209208
MMR015014,2022-01-01,-0.748381266733165
MMR015015,2022-01-01,-1.0684328252819093
MMR015016,2022-01-01,-1.1546925009179496
MMR015017,2022-01-01,-1.3261928681367792
MMR015018,2022-01-01,1.2896861635450168
MMR015019,2022-01-01,-0.6603995360990061
MMR015020,2022-01-01,-0.37902120259138816
MMR015021,2022-01-01,-1.5425281500812305
MMR015022,2022-01-01,-0.8566713644152244
MMR015023,2022-01-01,2.210006361022828
MMR015024,2022-01-01,-1.956543799288211
MMR016001,2022-01-01,-2.091618998820661
MMR016002,2022-01-01,-1.930363799244511
MMR016003,2022-01-01,-1.7566575730986345
MMR016005,2022-01-01,-1.7566575730986345
MMR016006,2022-01-01,-1.7849254308082807
MMR016007,2022-01-01,-2.266941312822791
MMR016008,2022-01-01,-1.930363799244511
MMR016009,2022-01-01,-1.3893001153031856
MMR016010,2022-01-01,-1.5978364774486211
MMR016011,2022-01-01,-1.5978364774486211
MMR017001,2022-01-01,-1.4390153817986073
MMR017002,2022-01-01,-1.4455692377904104
MMR017003,2022-01-01,-1.5425281500812305
MMR017004,2022-01-01,-0.7690075666868983
MMR017005,2022-01-01,-1.8214685997557616
MMR017006,2022-01-01,-1.5425281500812305
MMR017007,2022-01-01,-1.7314184667341286
MMR017008,2022-01-01,-1.7764435332449449
MMR017009,2022-01-01,-1.4455692377904104
MMR017010,2022-01-01,-1.6394870623720506
MMR017011,2022-01-01,-1.5910076062266405
MMR017012,2022-01-01,-1.6879665185174606
MMR017013,2022-01-01,-1.9115187327773946
MMR017014,2022-01-01,-1.4919557470152787
MMR017015,2022-01-01,-1.5910076062266405
MMR017016,2022-01-01,-1.1532800184949223
MMR017017,2022-01-01,-1.7783834688233269
MMR017018,2022-01-01,-1.3331346513652653
MMR017019,2022-01-01,-1.2811678016259627
MMR017020,2022-01-01,-1.6938814465466245
MMR017021,2022-01-01,-1.1010675355826962
MMR017022,2022-01-01,-1.3712179346475957
MMR017023,2022-01-01,-1.2122850426969882
MMR017024,2022-01-01,-1.1532800184949223
MMR017025,2022-01-01,-1.567128413131571
MMR017026,2022-01-01,-1.148508069544374
MMR018001,2022-01-01,-1.5448961122319498
MMR018002,2022-01-01,-1.7037172078819633
MMR018003,2022-01-01,-1.6093794242699222
MMR018004,2022-01-01,-1.650776842665292
MMR018005,2022-01-01,-1.7849254308082807
MMR018006,2022-01-01,-1.6275476092061063
MMR018007,2022-01-01,-1.5476233962540207
MMR018008,2022-01-01,-1.4162430011584124
MMR001001,2022-02-01,-0.21373953698070047
MMR001002,2022-02-01,-0.5263688782570288
MMR001003,2022-02-01,-1.0249688156391674
MMR001004,2022-02-01,1.0878455271545848
MMR001005,2022-02-01,-1.5130928174463985
MMR001006,2022-02-01,-1.6814409731299156
MMR001007,2022-02-01,1.9413902084360593
MMR001008,2022-02-01,0.9840809463066192
MMR001009,2022-02-01,0.002514863511736422
MMR001010,2022-02-01,0.34830859637550476
MMR001011,2022-02-01,1.9389597675488397
MMR001012,2022-02-01,0.37990101648115987
MMR001013,2022-02-01,-0.20496137620652466
MMR001014,2022-02-01,0.15333354279661282
MMR001015,2022-02-01,0.259648385883526
MMR001016,2022-02-01,0.002288560340247882
MMR001017,2022-02-01,0.00204058370525469
MMR001018,2022-02-01,-1.7264538008071062
MMR002001,2022-02-01,5.306991208361924
MMR002002,2022-02-01,7.705582665614853
MMR002003,2022-02-01,3.3912934455766672
MMR002004,2022-02-01,2.494530770870267
MMR002005,2022-02-01,4.563116010984549
MMR002006,2022-02-01,0.9015785689575346
MMR002007,2022-02-01,1.1804776734898739
MMR003001,2022-02-01,3.016597838563654
MMR003002,2022-02-01,5.2888629463130155
MMR003003,2022-02-01,1.0292581297261116
MMR003004,2022-02-01,0.9895537113766703
MMR003005,2022-02-01,2.695611074641527
MMR003006,2022-02-01,2.6997059798491305
MMR003007,2022-02-01,2.8288827889289125
MMR004001,2022-02-01,5.741997893682111
MMR004002,2022-02-01,7.6791357330873975
MMR004003,2022-02-01,4.21074447579318
MMR004004,2022-02-01,6.230922343995385
MMR004005,2022-02-01,5.220833409894283
MMR004006,2022-02-01,4.705309630458987
MMR004007,2022-02-01,3.4711913896902598
MMR004008,2022-02-01,2.2155947538398544
MMR004009,2022-02-01,2.293315721785253
MMR005001,2022-02-01,3.366596581420353
MMR005002,2022-02-01,4.627346871060683
MMR005003,2022-02-01,2.6305472332763764
MMR005004,2022-02-01,7.74829447966015
MMR005005,2022-02-01,7.0567070139326145
MMR005006,2022-02-01,5.976194932659512
MMR005007,2022-02-01,8.139846165743995
MMR005008,2022-02-01,2.6254892674685206
MMR005009,2022-02-01,11.274068671783732
MMR005010,2022-02-01,9.187737936466245
MMR005011,2022-02-01,6.346177823507569
MMR005012,2022-02-01,7.4535047144106095
MMR005013,2022-02-01,9.823056876842761
MMR005014,2022-02-01,6.554272673344723
MMR005015,2022-02-01,5.120262109895509
MMR005016,2022-02-01,9.06231066454247
MMR005017,2022-02-01,9.887777947958464
MMR005018,2022-02-01,8.545429335704897
MMR005019,2022-02-01,8.224275035324226
MMR005020,2022-02-01,4.1520396578769585
MMR005021,2022-02-01,3.667928431867682
MMR005022,2022-02-01,4.402888562388923
MMR005023,2022-02-01,-0.8322762354107633
MMR005024,2022-02-01,3.6679284318676824
MMR005025,2022-02-01,2.4922297401308695
MMR005026,2022-02-01,-0.6890726022158007
MMR005027,2022-02-01,5.1576994423727545
MMR005028,2022-02-01,4.004980595433915
MMR005029,2022-02-01,9.164495831180064
MMR005030,2022-02-01,2.768864726421884
MMR005031,2022-02-01,2.6305472332763764
MMR005032,2022-02-01,-0.8322762354107636
MMR005033,2022-02-01,-0.7680453753346287
MMR005034,2022-02-01,-0.05735115774455007
MMR005035,2022-02-01,-1.0640876810844124
MMR005036,2022-02-01,-1.3547738853541609
MMR005037,2022-02-01,-1.4289187396046399
MMR006001,2022-02-01,2.008118514121593
MMR006002,2022-02-01,1.517173984856908
MMR006003,2022-02-01,1.3488258291733908
MMR006004,2022-02-01,3.032307386008561
MMR006005,2022-02-01,0.2545628172305302
MMR006006,2022-02-01,-0.5871779611870549
MMR006007,2022-02-01,1.0596034375348018
MMR006008,2022-02-01,0.279149849802751
MMR006009,2022-02-01,-1.1816415782304126
MMR006010,2022-02-01,-0.5871779611870549
MMR007001,2022-02-01,-2.004219196765186
MMR007002,2022-02-01,-0.9238742725540889
MMR007003,2022-02-01,-0.9795038256261231
MMR007004,2022-02-01,-0.703814515258494
MMR007005,2022-02-01,-1.5836837554515826
MMR007006,2022-02-01,-1.9168278185408227
MMR007007,2022-02-01,-1.2815937905388528
MMR007008,2022-02-01,1.2083925466176517
MMR007009,2022-02-01,-1.4498188145160913
MMR007010,2022-02-01,-1.4498188145160913
MMR007011,2022-02-01,0.259648385883526
MMR007012,2022-02-01,-1.7315082764766487
MMR007013,2022-02-01,-1.659206246679765
MMR007014,2022-02-01,-1.4498188145160913
MMR008001,2022-02-01,-1.518977561088845
MMR008002,2022-02-01,-1.3531356841162818
MMR008003,2022-02-01,-1.3833683718382852
MMR008004,2022-02-01,-0.33465572766177937
MMR008005,2022-02-01,-0.6199138556430468
MMR008006,2022-02-01,-1.0891996757153022
MMR008007,2022-02-01,-1.2060712993106704
MMR008008,2022-02-01,-2.1669900749274116
MMR008009,2022-02-01,-1.5130928174463985
MMR008010,2022-02-01,-1.7264538008071062
MMR008011,2022-02-01,-0.38581987112166616
MMR008012,2022-02-01,-1.6244204810533251
MMR008013,2022-02-01,-1.787191359215551
MMR008014,2022-02-01,-1.1731838282250764
MMR009001,2022-02-01,-1.7071381064037323
MMR009002,2022-02-01,-1.5388156962482449
MMR009003,2022-02-01,-0.7680453753346287
MMR009004,2022-02-01,-1.7957391365527835
MMR009005,2022-02-01,-1.3806600679433376
MMR009006,2022-02-01,-2.1066504886166864
MMR009007,2022-02-01,-0.9039813343979408
MMR009008,2022-02-01,-1.281892255943706
MMR009009,2022-02-01,-1.104025081652323
MMR009010,2022-02-01,0.0669558056551219
MMR009011,2022-02-01,0.4851104298392507
MMR009012,2022-02-01,-1.1040250816523227
MMR009013,2022-02-01,-1.6847359204959522
MMR009014,2022-02-01,-1.1040250816523227
MMR009015,2022-02-01,-1.1731838282250764
MMR009016,2022-02-01,-1.6501298514843605
MMR009017,2022-02-01,-1.9242008567050528
MMR009018,2022-02-01,2.896050819100587
MMR009019,2022-02-01,3.619332935878988
MMR009020,2022-02-01,5.327738349613771
MMR009021,2022-02-01,5.0056236597042565
MMR009022,2022-02-01,2.3539122469853617
MMR009023,2022-02-01,9.010413818438154
MMR009024,2022-02-01,6.295960801632321
MMR009025,2022-02-01,2.293315721785253
MMR010001,2022-02-01,1.6489835587665727
MMR010002,2022-02-01,1.853870296223942
MMR010003,2022-02-01,1.4372158936757138
MMR010004,2022-02-01,1.9658733322729907
MMR010005,2022-02-01,1.7696962183821834
MMR010006,2022-02-01,2.0522216828591193
MMR010007,2022-02-01,3.1693398588147894
MMR010008,2022-02-01,0.6249435826665197
MMR010009,2022-02-01,1.2873421471016808
MMR010010,2022-02-01,5.141193751669761
MMR010011,2022-02-01,-0.29980140457248167
MMR010012,2022-02-01,3.366596581420353
MMR010013,2022-02-01,-0.41899221613375054
MMR010014,2022-02-01,0.1408323566572437
MMR010015,2022-02-01,-0.0666438830610174
MMR010016,2022-02-01,0.5453839395707841
MMR010017,2022-02-01,1.8698010209760862
MMR010018,2022-02-01,1.8111276439329858
MMR010019,2022-02-01,-0.1778981772076169
MMR010020,2022-02-01,-1.5641889010328853
MMR010021,2022-02-01,1.8654198877868928
MMR010022,2022-02-01,-0.07323393088793459
MMR010023,2022-02-01,-1.8655564496905526
MMR010024,2022-02-01,-1.5836837554515826
MMR010028,2022-02-01,-1.7315082764766487
MMR010029,2022-02-01,-0.8965488419340617
MMR010030,2022-02-01,-1.6847359204959522
MMR010031,2022-02-01,-0.9607379555630329
MMR011001,2022-02-01,-0.3753238958006641
MMR011002,2022-02-01,0.15333354279661282
MMR011003,2022-02-01,-0.6661941999006398
MMR011004,2022-02-01,0.9279554399645983
MMR011005,2022-02-01,-1.1305488080824881
MMR011006,2022-02-01,1.9380443740657005
MMR011007,2022-02-01,1.1804776734898739
MMR011008,2022-02-01,0.6754332064393228
MMR011009,2022-02-01,0.5070850507558058
MMR011010,2022-02-01,3.529610938722175
MMR012001,2022-02-01,-1.063334017303217
MMR012002,2022-02-01,-1.5081612642234001
MMR012003,2022-02-01,-1.5081612642234001
MMR012004,2022-02-01,-1.3571162817670352
MMR012005,2022-02-01,-1.3833683718382852
MMR012006,2022-02-01,-1.3547738853541609
MMR012007,2022-02-01,-1.160983082507662
MMR012008,2022-02-01,-0.5030038833452963
MMR012009,2022-02-01,-0.09513366685191789
MMR012010,2022-02-01,-0.9657075885068154
MMR012011,2022-02-01,-1.4516692867774104
MMR012012,2022-02-01,-0.8329954790866877
MMR012013,2022-02-01,-1.4516692867774104
MMR012014,2022-02-01,-2.1669900749274116
MMR012015,2022-02-01,-1.7956125473798596
MMR012016,2022-02-01,-1.24234257479783
MMR012017,2022-02-01,-2.046376978885153
MMR013001,2022-02-01,1.3856897949668099
MMR013002,2022-02-01,1.1588804269494115
MMR013003,2022-02-01,-0.48159636249753957
MMR013004,2022-02-01,0.5520006201163499
MMR013005,2022-02-01,-1.7071381064037323
MMR013006,2022-02-01,-0.896507095486898
MMR013007,2022-02-01,-0.1358026296337712
MMR013009,2022-02-01,1.2083925466176517
MMR013010,2022-02-01,-0.0666438830610174
MMR013011,2022-02-01,0.4554235077093423
MMR013012,2022-02-01,1.454848541539564
MMR013013,2022-02-01,1.0596034375348018
MMR013014,2022-02-01,0.6819909813938897
MMR013015,2022-02-01,-0.34327886935203195
MMR013016,2022-02-01,-1.2578784839309114
MMR013017,2022-02-01,-1.3571162817670352
MMR013018,2022-02-01,0.837726126568738
MMR013019,2022-02-01,1.8654198877868928
MMR013020,2022-02-01,1.5127383849038958
MMR013021,2022-02-01,0.6064684901657073
MMR013022,2022-02-01,-1.3080803219681303
MMR013023,2022-02-01,-0.6890726022158007
MMR013024,2022-02-01,-0.2889244696984167
MMR013025,2022-02-01,-0.16630757197826232
MMR013026,2022-02-01,-0.6018913694852114
MMR013027,2022-02-01,-0.8648230496296041
MMR013028,2022-02-01,-1.24234257479783
MMR013029,2022-02-01,-1.1816415782304126
MMR013030,2022-02-01,-1.0922224282376058
MMR013031,2022-02-01,-0.7555261168705719
MMR013032,2022-02-01,-0.8329954790866877
MMR013033,2022-02-01,-1.2815937905388528
MMR013034,2022-02-01,-1.518977561088845
MMR013035,2022-02-01,-1.6672774164005142
MMR013036,2022-02-01,-1.4289187396046399
MMR013037,2022-02-01,-0.9795038256261231
MMR013038,2022-02-01,0.13118666573125673
MMR013039,2022-02-01,-1.104025081652323
MMR013040,2022-02-01,1.4329999070151493
MMR013041,2022-02-01,-0.4468910749539553
MMR013042,2022-02-01,1.768048764033142
MMR013043,2022-02-01,-1.7071381064037323
MMR013044,2022-02-01,-0.8409067842544845
MMR013046,2022-02-01,1.1588804269494115
MMR013047,2022-02-01,0.6249435826665197
MMR014001,2022-02-01,-1.24234257479783
MMR014002,2022-02-01,3.085806229233451
MMR014003,2022-02-01,-0.9607379555630329
MMR014004,2022-02-01,1.544265587406219
MMR014005,2022-02-01,-1.5641889010328853
MMR014006,2022-02-01,-0.6774138607133936
MMR014007,2022-02-01,-0.8322762354107633
MMR014008,2022-02-01,0.15915898854310057
MMR014009,2022-02-01,-0.41899221613375054
MMR014010,2022-02-01,5.668632266751124
MMR014011,2022-02-01,-1.8647712939526133
MMR014012,2022-02-01,-1.24234257479783
MMR014013,2022-02-01,-2.116893436933457
MMR014014,2022-02-01,-1.8647712939526133
MMR014015,2022-02-01,-1.1422743329121514
MMR014016,2022-02-01,-0.3432788693520323
MMR014017,2022-02-01,-2.052662576857322
MMR014018,2022-02-01,-1.7956125473798596
MMR014019,2022-02-01,-2.3477445275428197
MMR014020,2022-02-01,1.0878455271545848
MMR014021,2022-02-01,-1.6814409731299156
MMR015001,2022-02-01,-1.2510720670487585
MMR015002,2022-02-01,-0.22427891334429917
MMR015003,2022-02-01,-0.6199138556430468
MMR015004,2022-02-01,-1.6847359204959522
MMR015005,2022-02-01,-2.0722475336708746
MMR015006,2022-02-01,-1.6814409731299156
MMR015007,2022-02-01,-1.4516692867774104
MMR015008,2022-02-01,-2.0722475336708746
MMR015009,2022-02-01,2.358914763274493
MMR015010,2022-02-01,2.116918314729355
MMR015011,2022-02-01,0.7262044687653844
MMR015012,2022-02-01,-0.318429354801686
MMR015013,2022-02-01,0.45917558053239393
MMR015014,2022-02-01,0.17413430593553528
MMR015015,2022-02-01,-0.3753238958006641
MMR015016,2022-02-01,-0.41243761592478595
MMR015017,2022-02-01,-0.9607379555630329
MMR015018,2022-02-01,2.8535222871460078
MMR015019,2022-02-01,-0.4307673745303352
MMR015020,2022-02-01,-0.4815963624975394
MMR015021,2022-02-01,-1.311501321370584
MMR015022,2022-02-01,-1.130548808082488
MMR015023,2022-02-01,1.517173984856908
MMR015024,2022-02-01,-2.116893436933457
MMR016001,2022-02-01,-2.245355157085726
MMR016002,2022-02-01,-2.0722475336708746
MMR016003,2022-02-01,-1.8857737203643121
MMR016005,2022-02-01,-1.8857737203643121
MMR016006,2022-02-01,-1.8647712939526133
MMR016007,2022-02-01,-2.448245420355565
MMR016008,2022-02-01,-2.0722475336708746
MMR016009,2022-02-01,-1.4289187396046399
MMR016010,2022-02-01,-1.659206246679765
MMR016011,2022-02-01,-1.659206246679765
MMR017001,2022-02-01,-1.659206246679765
MMR017002,2022-02-01,-1.7956125473798596
MMR017003,2022-02-01,-1.7264538008071062
MMR017004,2022-02-01,-0.8267188954488263
MMR017005,2022-02-01,-1.7957391365527835
MMR017006,2022-02-01,-1.6572950542343523
MMR017007,2022-02-01,-1.8599699966289183
MMR017008,2022-02-01,-1.7315082764766487
MMR017009,2022-02-01,-1.6572950542343523
MMR017010,2022-02-01,-1.5881363076615986
MMR017011,2022-02-01,-1.7264538008071062
MMR017012,2022-02-01,-1.7956125473798596
MMR017013,2022-02-01,-2.052662576857322
MMR017014,2022-02-01,-1.659206246679765
MMR017015,2022-02-01,-1.9339300405253672
MMR017016,2022-02-01,-1.4289187396046399
MMR017017,2022-02-01,-1.8655564496905526
MMR017018,2022-02-01,-1.1305488080824881
MMR017019,2022-02-01,-1.3461231160198408
MMR017020,2022-02-01,-1.8052829399590191
MMR017021,2022-02-01,-1.3461231160198408
MMR017022,2022-02-01,-1.5388156962482449
MMR017023,2022-02-01,-0.7555261168705719
MMR017024,2022-02-01,-0.8397001947123304
MMR017025,2022-02-01,-1.503915391301352
MMR017026,2022-02-01,-0.7734014768146641
MMR018001,2022-02-01,-1.3571162817670352
MMR018002,2022-02-01,-1.5081612642234001
MMR018003,2022-02-01,-2.046376978885153
MMR018004,2022-02-01,-1.5081612642234001
MMR018005,2022-02-01,-1.4498188145160913
MMR018006,2022-02-01,-0.6239812629356691
MMR018007,2022-02-01,-1.9351711260812192
MMR018008,2022-02-01,-1.7315082764766487
MMR001001,2022-03-01,0.0040533349764547
MMR001002,2022-03-01,-0.5867683648454584
MMR001003,2022-03-01,-1.1314740099589107
MMR001004,2022-03-01,0.7960966315462439
MMR001005,2022-03-01,-1.4500891887193692
MMR001006,2022-03-01,-1.5192608325871624
MMR001007,2022-03-01,1.0579043014042886
MMR001008,2022-03-01,1.1509687156583992
MMR001009,2022-03-01,0.059932465937698624
MMR001010,2022-03-01,0.17359748754367865
MMR001011,2022-03-01,1.59441025761843
MMR001012,2022-03-01,0.22003813681704684
MMR001013,2022-03-01,-0.7357226853041625
MMR001014,2022-03-01,0.28210017540647037
MMR001015,2022-03-01,0.29366501021834274
MMR001016,2022-03-01,0.03385202104877652
MMR001017,2022-03-01,0.14085862023986925
MMR001018,2022-03-01,-1.6450428581520034
MMR002001,2022-03-01,3.767950572838783
MMR002002,2022-03-01,6.240055879991124
MMR002003,2022-03-01,4.549700819373913
MMR002004,2022-03-01,0.03385202104877652
MMR002005,2022-03-01,3.407857683939009
MMR002006,2022-03-01,0.7987551063765693
MMR002007,2022-03-01,0.48671683957883416
MMR003001,2022-03-01,2.5792089963217677
MMR003002,2022-03-01,5.122939185381501
MMR003003,2022-03-01,0.2146472495602904
MMR003004,2022-03-01,1.0491786262718406
MMR003005,2022-03-01,4.221985608439655
MMR003006,2022-03-01,3.4698831141171027
MMR003007,2022-03-01,3.407857683939009
MMR004001,2022-03-01,3.571388220645914
MMR004002,2022-03-01,5.1180259274038145
MMR004003,2022-03-01,0.9709183466533851
MMR004004,2022-03-01,4.014470676836276
MMR004005,2022-03-01,3.3919258820261393
MMR004006,2022-03-01,2.7878929844812217
MMR004007,2022-03-01,1.5604552503759017
MMR004008,2022-03-01,2.1059028548453407
MMR004009,2022-03-01,0.44938033839544755
MMR005001,2022-03-01,1.6669232832916214
MMR005002,2022-03-01,2.246633297127913
MMR005003,2022-03-01,1.7080752792244105
MMR005004,2022-03-01,4.2655382653589635
MMR005005,2022-03-01,3.981375711344012
MMR005006,2022-03-01,2.9328113438799237
MMR005007,2022-03-01,3.767950572838783
MMR005008,2022-03-01,1.8074661252656206
MMR005009,2022-03-01,6.442619120002068
MMR005010,2022-03-01,4.516299144076871
MMR005011,2022-03-01,4.129946567950726
MMR005012,2022-03-01,5.624740604214736
MMR005013,2022-03-01,6.311508654266604
MMR005014,2022-03-01,3.3550747572657773
MMR005015,2022-03-01,2.958390516890192
MMR005016,2022-03-01,6.8230012514935146
MMR005017,2022-03-01,8.275262383799134
MMR005018,2022-03-01,6.7331820643526
MMR005019,2022-03-01,6.997096697718758
MMR005020,2022-03-01,1.5375777468154403
MMR005021,2022-03-01,1.1965826819974998
MMR005022,2022-03-01,1.3904674198047517
MMR005023,2022-03-01,-0.7619935232462894
MMR005024,2022-03-01,1.4807452360124498
MMR005025,2022-03-01,-0.11056506647127189
MMR005026,2022-03-01,-0.4515601312892123
MMR005027,2022-03-01,4.150615015889738
MMR005028,2022-03-01,4.067884529361303
MMR005029,2022-03-01,6.591211817066696
MMR005030,2022-03-01,2.219567876451321
MMR005031,2022-03-01,2.674227962875241
MMR005032,2022-03-01,-0.7092105965730578
MMR005033,2022-03-01,-1.0259081566124475
MMR005034,2022-03-01,-0.14499044986306037
MMR005035,2022-03-01,-1.3116513303260968
MMR005036,2022-03-01,-1.3116513303260968
MMR005037,2022-03-01,-1.2425742571159903
MMR006001,2022-03-01,0.685090084770589
MMR006002,2022-03-01,0.14085862023986925
MMR006003,2022-03-01,0.21003026410766223
MMR006004,2022-03-01,1.385948209860143
MMR006005,2022-03-01,0.3483735518432482
MMR006006,2022-03-01,-0.3433428868346816
MMR006007,2022-03-01,0.5303483297641642
MMR006008,2022-03-01,0.11676497674068849
MMR006009,2022-03-01,-1.0676686227172356
MMR006010,2022-03-01,-0.6892011061736465
MMR007001,2022-03-01,-2.0023474783686823
MMR007002,2022-03-01,-0.9658876816448184
MMR007003,2022-03-01,-0.8970785577925757
MMR007004,2022-03-01,-0.814776449919521
MMR007005,2022-03-01,-1.1453267121502695
MMR007006,2022-03-01,-1.5524431705810977
MMR007007,2022-03-01,-1.0212026349714227
MMR007008,2022-03-01,0.3998494393739052
MMR007009,2022-03-01,-0.7925551961071525
MMR007010,2022-03-01,-0.7925551961071525
MMR007011,2022-03-01,-0.12859840316751006
MMR007012,2022-03-01,-1.6065203500179952
MMR007013,2022-03-01,-1.4556369050973872
MMR007014,2022-03-01,-1.133550260925093
MMR008001,2022-03-01,-1.4177128149400433
MMR008002,2022-03-01,-1.0660270988076181
MMR008003,2022-03-01,-1.8785719156170417
MMR008004,2022-03-01,-0.41251453070247457
MMR008005,2022-03-01,-0.6788901745011724
MMR008006,2022-03-01,-1.2370398633053739
MMR008007,2022-03-01,-1.2073887507396932
MMR008008,2022-03-01,-1.779414054663667
MMR008009,2022-03-01,-1.2425742571159903
MMR008010,2022-03-01,-1.4177128149400433
MMR008011,2022-03-01,-0.4357693713335047
MMR008012,2022-03-01,-1.5118939462176486
MMR008013,2022-03-01,-1.6902406851816607
MMR008014,2022-03-01,-1.076717750122103
MMR009001,2022-03-01,-1.6592573100930397
MMR009002,2022-03-01,-1.4481715699983004
MMR009003,2022-03-01,-0.4452959632068996
MMR009004,2022-03-01,-1.6065203500179952
MMR009005,2022-03-01,-1.304047793334063
MMR009006,2022-03-01,-1.7795101175739572
MMR009007,2022-03-01,-1.0832646735608462
MMR009008,2022-03-01,-1.3953886433250688
MMR009009,2022-03-01,-1.2472152825310732
MMR009010,2022-03-01,0.1353162301986481
MMR009011,2022-03-01,0.7465657325247015
MMR009012,2022-03-01,-1.7587078797579838
MMR009013,2022-03-01,-1.8290410165954996
MMR009014,2022-03-01,-1.8155403905609735
MMR009015,2022-03-01,-1.8155403905609735
MMR009016,2022-03-01,-1.7061049240843729
MMR009017,2022-03-01,-1.7648691300376902
MMR009018,2022-03-01,1.885776410020175
MMR009019,2022-03-01,2.8763943904510216
MMR009020,2022-03-01,4.322370776161954
MMR009021,2022-03-01,5.105284846420426
MMR009022,2022-03-01,2.3900654088602913
MMR009023,2022-03-01,6.585922752381612
MMR009024,2022-03-01,4.151873243752982
MMR009025,2022-03-01,1.9353073090417174
MMR010001,2022-03-01,0.44011258765908756
MMR010002,2022-03-01,0.9709183466533851
MMR010003,2022-03-01,1.3992168700160927
MMR010004,2022-03-01,1.895713178731481
MMR010005,2022-03-01,1.524291497595729
MMR010006,2022-03-01,1.6381219149124633
MMR010007,2022-03-01,1.8595198416850511
MMR010008,2022-03-01,0.514592552361619
MMR010009,2022-03-01,0.6631454969309644
MMR010010,2022-03-01,2.7744625638602285
MMR010011,2022-03-01,-0.09027205613007054
MMR010012,2022-03-01,1.4795328273262882
MMR010013,2022-03-01,-0.04592865181997572
MMR010014,2022-03-01,0.17359748754367865
MMR010015,2022-03-01,0.40092753075563875
MMR010016,2022-03-01,0.7465657325247015
MMR010017,2022-03-01,1.4807452360124498
MMR010018,2022-03-01,1.7867146119770905
MMR010019,2022-03-01,0.0036022472015666057
MMR010020,2022-03-01,-1.3337320263800763
MMR010021,2022-03-01,1.296540617009744
MMR010022,2022-03-01,0.4682862911747407
MMR010023,2022-03-01,-1.6804483195308726
MMR010024,2022-03-01,-1.3935748665079635
MMR010028,2022-03-01,-1.5009544966715322
MMR010029,2022-03-01,-0.22423008807725192
MMR010030,2022-03-01,-1.1851393293154493
MMR010031,2022-03-01,-0.3925130365336682
MMR011001,2022-03-01,-0.8970785577925756
MMR011002,2022-03-01,1.1509687156583992
MMR011003,2022-03-01,-0.752650509487021
MMR011004,2022-03-01,0.4175451957110412
MMR011005,2022-03-01,-1.0212026349714227
MMR011006,2022-03-01,1.040089990521178
MMR011007,2022-03-01,0.6942317711822131
MMR011008,2022-03-01,0.27920190797545524
MMR011009,2022-03-01,0.002515332504283305
MMR011010,2022-03-01,2.049070344042351
MMR012001,2022-03-01,-0.9704471421717918
MMR012002,2022-03-01,-1.4556369050973872
MMR012003,2022-03-01,-1.2694507893291165
MMR012004,2022-03-01,-1.2073887507396932
MMR012005,2022-03-01,-0.9374848342077376
MMR012006,2022-03-01,-1.2320256976904067
MMR012007,2022-03-01,-0.9931487997833361
MMR012008,2022-03-01,-0.6200294623058535
MMR012009,2022-03-01,-0.2765181060621243
MMR012010,2022-03-01,-0.9630527285161228
MMR012011,2022-03-01,-1.3116513303260968
MMR012012,2022-03-01,-0.752650509487021
MMR012013,2022-03-01,-1.3116513303260968
MMR012014,2022-03-01,-2.180694217332694
MMR012015,2022-03-01,-1.8723729013639638
MMR012016,2022-03-01,-1.8155403905609735
MMR012017,2022-03-01,-2.027164612681669
MMR013001,2022-03-01,0.6282575739675991
MMR013002,2022-03-01,0.3464479368915745
MMR013003,2022-03-01,-0.6788901745011724
MMR013004,2022-03-01,-0.48713546744269776
MMR013005,2022-03-01,-1.6592573100930397
MMR013006,2022-03-01,-1.0259081566124475
MMR013007,2022-03-01,-0.33789510968323194
MMR013009,2022-03-01,-0.24405224790614502
MMR013010,2022-03-01,-0.6220576636981824
MMR013011,2022-03-01,-0.09027205613007054
MMR013012,2022-03-01,0.23042999834666852
MMR013013,2022-03-01,-0.2764581718983409
MMR013014,2022-03-01,-0.6488304034348817
MMR013015,2022-03-01,-0.9062202177131328
MMR013016,2022-03-01,-1.0727744324190263
MMR013017,2022-03-01,-1.4556369050973872
MMR013018,2022-03-01,-0.39251303653366787
MMR013019,2022-03-01,0.3464479368915745
MMR013020,2022-03-01,0.22003813681704684
MMR013021,2022-03-01,-0.3385202104877644
MMR013022,2022-03-01,-1.6124096961017065
MMR013023,2022-03-01,-0.5652251528951923
MMR013024,2022-03-01,-0.2765181060621243
MMR013025,2022-03-01,-0.06665631136350968
MMR013026,2022-03-01,-0.5247063262560349
MMR013027,2022-03-01,-0.9322670445846091
MMR013028,2022-03-01,-1.076717750122103
MMR013029,2022-03-01,-0.8732256616263483
MMR013030,2022-03-01,-0.8967160377770255
MMR013031,2022-03-01,-0.6200294623058535
MMR013032,2022-03-01,-0.752650509487021
MMR013033,2022-03-01,-1.4556369050973872
MMR013034,2022-03-01,-1.7587078797579838
MMR013035,2022-03-01,-1.7648691300376902
MMR013036,2022-03-01,-1.5192608325871624
MMR013037,2022-03-01,-1.2073887507396932
MMR013038,2022-03-01,-0.49807888988013144
MMR013039,2022-03-01,-1.133550260925093
MMR013040,2022-03-01,0.3483735518432482
MMR013041,2022-03-01,-0.8675593765927526
MMR013042,2022-03-01,0.40943556147193794
MMR013043,2022-03-01,-1.9403429940410395
MMR013044,2022-03-01,-1.3337320263800763
MMR013046,2022-03-01,0.18809915687187953
MMR013047,2022-03-01,0.05993246593769832
MMR014001,2022-03-01,-0.9062202177131328
MMR014002,2022-03-01,1.0326259836435854
MMR014003,2022-03-01,-1.1842569366321423
MMR014004,2022-03-01,-0.3925130365336682
MMR014005,2022-03-01,-1.135608430293907
MMR014006,2022-03-01,-0.15233409471949408
MMR014007,2022-03-01,-0.3925130365336682
MMR014008,2022-03-01,0.23883741085863028
MMR014009,2022-03-01,-0.392644944970772
MMR014010,2022-03-01,4.56044495718346
MMR014011,2022-03-01,-1.7018753689549935
MMR014012,2022-03-01,-1.6450428581520034
MMR014013,2022-03-01,-1.8704349833841534
MMR014014,2022-03-01,-1.8155403905609735
MMR014015,2022-03-01,-1.6804483195308726
MMR014016,2022-03-01,-0.8493877069101425
MMR014017,2022-03-01,-2.0287837634038484
MMR014018,2022-03-01,-1.7018753689549935
MMR014019,2022-03-01,-2.0766955117032113
MMR014020,2022-03-01,-0.838423036164653
MMR014021,2022-03-01,-1.4500891887193692
MMR015001,2022-03-01,-1.2376287841710405
MMR015002,2022-03-01,-0.6488304034348817
MMR015003,2022-03-01,-0.8493877069101425
MMR015004,2022-03-01,-1.6804483195308726
MMR015005,2022-03-01,-1.8723729013639638
MMR015006,2022-03-01,-1.5192608325871624
MMR015007,2022-03-01,-1.3116513303260968
MMR015008,2022-03-01,-1.8723729013639638
MMR015009,2022-03-01,0.14085862023986925
MMR015010,2022-03-01,0.09591405963820004
MMR015011,2022-03-01,-0.838423036164653
MMR015012,2022-03-01,0.08253330352541634
MMR015013,2022-03-01,0.4020377055256235
MMR015014,2022-03-01,-0.441219346318375
MMR015015,2022-03-01,-0.4005822490771879
MMR015016,2022-03-01,-0.5652251528951923
MMR015017,2022-03-01,-0.973125229939216
MMR015018,2022-03-01,0.4488853195169566
MMR015019,2022-03-01,-1.1552004682896242
MMR015020,2022-03-01,-0.8493877069101425
MMR015021,2022-03-01,-1.2472152825310732
MMR015022,2022-03-01,-1.33151282791854
MMR015023,2022-03-01,0.07168697637207629
MMR015024,2022-03-01,-2.0287837634038484
MMR016001,2022-03-01,-2.0287837634038484
MMR016002,2022-03-01,-1.8723729013639638
MMR016003,2022-03-01,-1.703885059455081
MMR016005,2022-03-01,-1.703885059455081
MMR016006,2022-03-01,-1.8723729013639638
MMR016007,2022-03-01,-2.268276291980372
MMR016008,2022-03-01,-1.8155403905609735
MMR016009,2022-03-01,-1.5192608325871624
MMR016010,2022-03-01,-1.703885059455081
MMR016011,2022-03-01,-1.703885059455081
MMR017001,2022-03-01,-1.4556369050973872
MMR017002,2022-03-01,-1.6450428581520034
MMR017003,2022-03-01,-1.6450428581520034
MMR017004,2022-03-01,-0.8732256616263483
MMR017005,2022-03-01,-1.7648691300376902
MMR017006,2022-03-01,-1.7018753689549935
MMR017007,2022-03-01,-1.7648691300376902
MMR017008,2022-03-01,-1.4481715699983004
MMR017009,2022-03-01,-1.4745453257430332
MMR017010,2022-03-01,-1.5313778365460233
MMR017011,2022-03-01,-1.8155403905609735
MMR017012,2022-03-01,-1.8155403905609735
MMR017013,2022-03-01,-1.8704349833841534
MMR017014,2022-03-01,-1.33151282791854
MMR017015,2022-03-01,-1.7587078797579838
MMR017016,2022-03-01,-1.2425742571159903
MMR017017,2022-03-01,-1.6804483195308726
MMR017018,2022-03-01,-1.2073887507396932
MMR017019,2022-03-01,-1.3426057166518373
MMR017020,2022-03-01,-1.8290410165954996
MMR017021,2022-03-01,-1.6065203500179952
MMR017022,2022-03-01,-1.4481715699983004
MMR017023,2022-03-01,-0.9658876816448184
MMR017024,2022-03-01,-0.9658876816448184
MMR017025,2022-03-01,-1.5318556224662456
MMR017026,2022-03-01,-0.7542719018762655
MMR018001,2022-03-01,-1.33151282791854
MMR018002,2022-03-01,-1.3935748665079635
MMR018003,2022-03-01,-1.8785719156170417
MMR018004,2022-03-01,-1.3935748665079635
MMR018005,2022-03-01,-1.4177128149400433
MMR018006,2022-03-01,-0.4880669603097085
MMR018007,2022-03-01,-1.2844763981623737
MMR018008,2022-03-01,-1.6065203500179952
MMR001001,2022-04-01,-0.37866880556420696
MMR001002,2022-04-01,-0.7613445236712623
MMR001003,2022-04-01,-1.1954090726794928
MMR001004,2022-04-01,-0.6076190789032837
MMR001005,2022-04-01,-1.2402051678162365
MMR001006,2022-04-01,-1.3054791240170909
MMR001007,2022-04-01,1.0609882082765871
MMR001008,2022-04-01,0.7027795603119346
MMR001009,2022-04-01,-0.16089032789343174
MMR001010,2022-04-01,0.16089032789343174
MMR001011,2022-04-01,1.3407527324452644
MMR001012,2022-04-01,0
MMR001013,2022-04-01,-0.9117118580627799
MMR001014,2022-04-01,-1.2298642305458853
MMR001015,2022-04-01,-0.9961742272329107
MMR001016,2022-04-01,-1.405559120623869
MMR001017,2022-04-01,-1.1749312116153818
MMR001018,2022-04-01,-1.7697936068277491
MMR002001,2022-04-01,3.0380953945164184
MMR002002,2022-04-01,6.500710932885395
MMR002003,2022-04-01,4.719449618207331
MMR002004,2022-04-01,0.17569489007798378
MMR002005,2022-04-01,4.33335788846316
MMR002006,2022-04-01,2.1988344812102336
MMR002007,2022-04-01,0.7832874744102546
MMR003001,2022-04-01,2.8511356779307926
MMR003002,2022-04-01,6.149321152729427
MMR003003,2022-04-01,0.7515333141959158
MMR003004,2022-04-01,1.4086211690035588
MMR003005,2022-04-01,5.613560233273491
MMR003006,2022-04-01,4.61218939961171
MMR003007,2022-04-01,4.731827579356325
MMR004001,2022-04-01,4.333807288590263
MMR004002,2022-04-01,6.167462569248216
MMR004003,2022-04-01,1.3707530802179455
MMR004004,2022-04-01,4.5691769340598185
MMR004005,2022-04-01,4.699724846461527
MMR004006,2022-04-01,2.4133549184014753
MMR004007,2022-04-01,2.3908181453589847
MMR004008,2022-04-01,0.48267098368029493
MMR004009,2022-04-01,0.09347985829281287
MMR005001,2022-04-01,1.8567293644840275
MMR005002,2022-04-01,3.885079486208351
MMR005003,2022-04-01,2.8960259020817714
MMR005004,2022-04-01,4.129518415931415
MMR005005,2022-04-01,2.896025902081771
MMR005006,2022-04-01,3.436801083953541
MMR005007,2022-04-01,2.430476315613135
MMR005008,2022-04-01,1.414650944368783
MMR005009,2022-04-01,5.421831780983147
MMR005010,2022-04-01,3.4866097953151862
MMR005011,2022-04-01,2.811118241247738
MMR005012,2022-04-01,5.728001806589235
MMR005013,2022-04-01,6.006572241354784
MMR005014,2022-04-01,4.831445002079615
MMR005015,2022-04-01,4.933970055398573
MMR005016,2022-04-01,5.9529421320569735
MMR005017,2022-04-01,6.496850151350495
MMR005018,2022-04-01,7.919585106501638
MMR005019,2022-04-01,6.6245586110988555
MMR005020,2022-04-01,1.287122623147454
MMR005021,2022-04-01,0.9653419673605904
MMR005022,2022-04-01,0.3739194331712515
MMR005023,2022-04-01,-0.04980871136164566
MMR005024,2022-04-01,0.4826709836802952
MMR005025,2022-04-01,-0.21452043719124242
MMR005026,2022-04-01,-0.3217806557868635
MMR005027,2022-04-01,4.922694472334693
MMR005028,2022-04-01,5.212281738980181
MMR005029,2022-04-01,6.263150505618462
MMR005030,2022-04-01,3.646847432251119
MMR005031,2022-04-01,3.9149979787401716
MMR005032,2022-04-01,-0.04980871136164566
MMR005033,2022-04-01,-1.2452177840411383
MMR005034,2022-04-01,0.046739929146406435
MMR005035,2022-04-01,-1.051944362329421
MMR005036,2022-04-01,-1.2773610114000111
MMR005037,2022-04-01,-1.3054791240170909
MMR006001,2022-04-01,1.7161634975299382
MMR006002,2022-04-01,1.0443832992136728
MMR006003,2022-04-01,1.6971228612222182
MMR006004,2022-04-01,2.023492642226491
MMR006005,2022-04-01,0.9791093430128183
MMR006006,2022-04-01,-0.19582186860256365
MMR006007,2022-04-01,1.639818974061181
MMR006008,2022-04-01,0.8044516394671587
MMR006009,2022-04-01,-1.0091756301958186
MMR006010,2022-04-01,-0.9138353868119636
MMR007001,2022-04-01,-2.18786420992653
MMR007002,2022-04-01,-1.2402051678162365
MMR007003,2022-04-01,-1.1712992671865574
MMR007004,2022-04-01,-1.0957916499562017
MMR007005,2022-04-01,-1.346994157264541
MMR007006,2022-04-01,-1.9318233174905948
MMR007007,2022-04-01,-1.2298642305458851
MMR007008,2022-04-01,0.747838866342503
MMR007009,2022-04-01,-0.643561311573727
MMR007010,2022-04-01,-0.643561311573727
MMR007011,2022-04-01,0.29885226816987304
MMR007012,2022-04-01,-1.7433048976575936
MMR007013,2022-04-01,-1.4641240839831968
MMR007014,2022-04-01,-0.9653419673605904
MMR008001,2022-04-01,-1.7697936068277491
MMR008002,2022-04-01,-1.5146752222568285
MMR008003,2022-04-01,-1.9630770241490705
MMR008004,2022-04-01,-0.7832874744102546
MMR008005,2022-04-01,-1.1262322952540222
MMR008006,2022-04-01,-1.6436874749343025
MMR008007,2022-04-01,-1.2298642305458853
MMR008008,2022-04-01,-1.8933440278210358
MMR008009,2022-04-01,-1.4360270364188001
MMR008010,2022-04-01,-1.7161634975299385
MMR008011,2022-04-01,-0.8265277132588307
MMR008012,2022-04-01,-1.8512697160916796
MMR008013,2022-04-01,-1.8512697160916796
MMR008014,2022-04-01,-1.5016430603386963
MMR009001,2022-04-01,-1.7241058384494545
MMR009002,2022-04-01,-1.3448352067644294
MMR009003,2022-04-01,0.3486609795315187
MMR009004,2022-04-01,-1.5938787635726568
MMR009005,2022-04-01,-1.2334925138496433
MMR009006,2022-04-01,-1.5424176618314125
MMR009007,2022-04-01,-0.9956043771085739
MMR009008,2022-04-01,-1.2452177840411383
MMR009009,2022-04-01,-1.2334925138496433
MMR009010,2022-04-01,-0.7969393817863284
MMR009011,2022-04-01,-0.2336996457320322
MMR009012,2022-04-01,-1.555273169636507
MMR009013,2022-04-01,-1.495677732685006
MMR009014,2022-04-01,-1.6089032789343174
MMR009015,2022-04-01,-1.6089032789343174
MMR009016,2022-04-01,-1.856729364484028
MMR009017,2022-04-01,-1.7433048976575936
MMR009018,2022-04-01,4.533773127201425
MMR009019,2022-04-01,5.0011724186654885
MMR009020,2022-04-01,7.0791744273109964
MMR009021,2022-04-01,6.590330009643307
MMR009022,2022-04-01,3.1105463392730135
MMR009023,2022-04-01,8.885776244316418
MMR009024,2022-04-01,4.826709836802952
MMR009025,2022-04-01,2.1032968115882897
MMR010001,2022-04-01,1.127083245352951
MMR010002,2022-04-01,1.8276707736239273
MMR010003,2022-04-01,1.8155138641391644
MMR010004,2022-04-01,1.3469941572645416
MMR010005,2022-04-01,0.6527395620085454
MMR010006,2022-04-01,1.4489378035385996
MMR010007,2022-04-01,1.9720696366049826
MMR010008,2022-04-01,0.5899312022759163
MMR010009,2022-04-01,1.1456003613178467
MMR010010,2022-04-01,2.9387139703370857
MMR010011,2022-04-01,-0.4685197068746229
MMR010012,2022-04-01,1.0167803662650627
MMR010013,2022-04-01,0.046739929146406435
MMR010014,2022-04-01,0.05363010929781039
MMR010015,2022-04-01,0.6435613115737266
MMR010016,2022-04-01,0.6076190789032837
MMR010017,2022-04-01,2.4669850276992866
MMR010018,2022-04-01,3.271795040248451
MMR010019,2022-04-01,-0.18695971658562574
MMR010020,2022-04-01,-1.1217582995137545
MMR010021,2022-04-01,1.4942613408493655
MMR010022,2022-04-01,1.522689047342525
MMR010023,2022-04-01,-1.5424176618314125
MMR010024,2022-04-01,-1.346994157264541
MMR010028,2022-04-01,-1.3946439181260748
MMR010029,2022-04-01,-0.10726021859562135
MMR010030,2022-04-01,-0.8413187246353159
MMR010031,2022-04-01,-0.14942613408493668
MMR011001,2022-04-01,-0.9956043771085737
MMR011002,2022-04-01,1.7569489007798362
MMR011003,2022-04-01,-0.646741827828805
MMR011004,2022-04-01,1.1096572554145272
MMR011005,2022-04-01,-0.4685197068746229
MMR011006,2022-04-01,1.6971228612222182
MMR011007,2022-04-01,0.7832874744102546
MMR011008,2022-04-01,-0.1305479124017091
MMR011009,2022-04-01,0.19582186860256365
MMR011010,2022-04-01,2.3597248091036653
MMR012001,2022-04-01,-1.1009188693045295
MMR012002,2022-04-01,-1.6398189740611804
MMR012003,2022-04-01,-1.405559120623869
MMR012004,2022-04-01,-1.405559120623869
MMR012005,2022-04-01,-1.2619780869529738
MMR012006,2022-04-01,-1.2773610114000111
MMR012007,2022-04-01,-1.202222128376481
MMR012008,2022-04-01,-1.3054791240170909
MMR012009,2022-04-01,-1.051944362329421
MMR012010,2022-04-01,-1.5016430603386963
MMR012011,2022-04-01,-1.3524998944235411
MMR012012,2022-04-01,-0.776090193394566
MMR012013,2022-04-01,-1.3524998944235411
MMR012014,2022-04-01,-1.8933440278210358
MMR012015,2022-04-01,-1.7161634975299385
MMR012016,2022-04-01,-1.6089032789343174
MMR012017,2022-04-01,-1.822857236709851
MMR013001,2022-04-01,0.21452043719124214
MMR013002,2022-04-01,-0.29885226816987337
MMR013003,2022-04-01,-0.7508215301693482
MMR013004,2022-04-01,-1.1211004551119776
MMR013005,2022-04-01,-1.7241058384494545
MMR013006,2022-04-01,-1.1456003613178471
MMR013007,2022-04-01,-0.3217806557868635
MMR013009,2022-04-01,-1.3554579452457867
MMR013010,2022-04-01,-0.7508215301693482
MMR013011,2022-04-01,-0.9370394137492459
MMR013012,2022-04-01,-0.8580817487649693
MMR013013,2022-04-01,-1.1127343038272295
MMR013014,2022-04-01,-1.405559120623869
MMR013015,2022-04-01,-1.1262322952540222
MMR013016,2022-04-01,-0.9768054793058909
MMR013017,2022-04-01,-1.2298642305458853
MMR013018,2022-04-01,-1.2950264954027837
MMR013019,2022-04-01,-0.8965568045096196
MMR013020,2022-04-01,-0.878474450389918
MMR013021,2022-04-01,-0.5856496335932787
MMR013022,2022-04-01,-1.4588587863803075
MMR013023,2022-04-01,-0.5899312022759166
MMR013024,2022-04-01,-0.1502777660470602
MMR013025,2022-04-01,-0.1305479124017091
MMR013026,2022-04-01,-0.5856496335932787
MMR013027,2022-04-01,-1.2622293518806906
MMR013028,2022-04-01,-1.2334925138496433
MMR013029,2022-04-01,-0.7339459128696864
MMR013030,2022-04-01,-0.9791093430128183
MMR013031,2022-04-01,-0.9138353868119636
MMR013032,2022-04-01,-0.776090193394566
MMR013033,2022-04-01,-1.2884291939052133
MMR013034,2022-04-01,-1.6089032789343174
MMR013035,2022-04-01,-1.5938787635726568
MMR013036,2022-04-01,-1.3707530802179455
MMR013037,2022-04-01,-1.1712992671865574
MMR013038,2022-04-01,-0.7969393817863285
MMR013039,2022-04-01,-0.7508215301693482
MMR013040,2022-04-01,0.06527395620085455
MMR013041,2022-04-01,-0.6475132477013921
MMR013042,2022-04-01,-0.12073895734316208
MMR013043,2022-04-01,-1.4146509443687831
MMR013044,2022-04-01,-1.2152381578065674
MMR013046,2022-04-01,-0.29885226816987337
MMR013047,2022-04-01,-0.10726021859562135
MMR014001,2022-04-01,-1.3407527324452646
MMR014002,2022-04-01,0.4980871136164551
MMR014003,2022-04-01,-1.4444526294877205
MMR014004,2022-04-01,-0.39846969089316436
MMR014005,2022-04-01,-1.5424176618314125
MMR014006,2022-04-01,-0.05856496335932767
MMR014007,2022-04-01,-0.3486609795315187
MMR014008,2022-04-01,0.08049263822877473
MMR014009,2022-04-01,-1.2152381578065674
MMR014010,2022-04-01,4.86095263122627
MMR014011,2022-04-01,-1.8234237161255598
MMR014012,2022-04-01,-1.5016430603386963
MMR014013,2022-04-01,-1.9923484544658212
MMR014014,2022-04-01,-1.8770538254233702
MMR014015,2022-04-01,-1.729377378417038
MMR014016,2022-04-01,-1.1798624045518329
MMR014017,2022-04-01,-2.091965877189112
MMR014018,2022-04-01,-1.7697936068277491
MMR014019,2022-04-01,-2.1500367407346963
MMR014020,2022-04-01,-0.747838866342503
MMR014021,2022-04-01,-1.4360270364188001
MMR015001,2022-04-01,-1.900937206495552
MMR015002,2022-04-01,-1.1712992671865574
MMR015003,2022-04-01,-1.555273169636507
MMR015004,2022-04-01,-2.1500367407346963
MMR015005,2022-04-01,-1.9306839347211808
MMR015006,2022-04-01,-1.5665749488205092
MMR015007,2022-04-01,-1.3524998944235411
MMR015008,2022-04-01,-1.9306839347211808
MMR015009,2022-04-01,0.5221916496068364
MMR015010,2022-04-01,0.5856496335932787
MMR015011,2022-04-01,-0.7010989371960966
MMR015012,2022-04-01,-0.5977045363397464
MMR015013,2022-04-01,-0.08841568402304897
MMR015014,2022-04-01,-1.1936117343111607
MMR015015,2022-04-01,-1.0541693404679016
MMR015016,2022-04-01,-1.0189720766584012
MMR015017,2022-04-01,-1.2452177840411383
MMR015018,2022-04-01,0
MMR015019,2022-04-01,-1.430526598798116
MMR015020,2022-04-01,-1.3943828417430753
MMR015021,2022-04-01,-1.8234237161255598
MMR015022,2022-04-01,-1.346994157264541
MMR015023,2022-04-01,0.3263697810042727
MMR015024,2022-04-01,-2.091965877189112
MMR016001,2022-04-01,-2.091965877189112
MMR016002,2022-04-01,-1.9306839347211808
MMR016003,2022-04-01,-1.7569489007798362
MMR016005,2022-04-01,-1.7569489007798362
MMR016006,2022-04-01,-1.8770538254233702
MMR016007,2022-04-01,-2.2988077845992723
MMR016008,2022-04-01,-1.8234237161255598
MMR016009,2022-04-01,-1.5665749488205092
MMR016010,2022-04-01,-1.7569489007798362
MMR016011,2022-04-01,-1.7569489007798362
MMR017001,2022-04-01,-1.346994157264541
MMR017002,2022-04-01,-1.555273169636507
MMR017003,2022-04-01,-1.5016430603386963
MMR017004,2022-04-01,-0.6422026737609755
MMR017005,2022-04-01,-1.8429223203808844
MMR017006,2022-04-01,-1.8234237161255598
MMR017007,2022-04-01,-1.89273103174253
MMR017008,2022-04-01,-1.6436874749343025
MMR017009,2022-04-01,-1.4480129510408857
MMR017010,2022-04-01,-1.662533388232128
MMR017011,2022-04-01,-1.662533388232128
MMR017012,2022-04-01,-1.6089032789343174
MMR017013,2022-04-01,-1.7433048976575936
MMR017014,2022-04-01,-1.5226890473425247
MMR017015,2022-04-01,-1.7697936068277491
MMR017016,2022-04-01,-1.3054791240170909
MMR017017,2022-04-01,-1.8695971658562576
MMR017018,2022-04-01,-1.1712992671865574
MMR017019,2022-04-01,-1.6436874749343025
MMR017020,2022-04-01,-2.1032968115882897
MMR017021,2022-04-01,-1.7931136090192392
MMR017022,2022-04-01,-1.6934961862959481
MMR017023,2022-04-01,-0.8485614306111091
MMR017024,2022-04-01,-0.7180135182094001
MMR017025,2022-04-01,-1.4021978743921932
MMR017026,2022-04-01,-0.8265277132588307
MMR018001,2022-04-01,-1.5226890473425247
MMR018002,2022-04-01,-1.6983839374205083
MMR018003,2022-04-01,-1.916337095002664
MMR018004,2022-04-01,-1.6398189740611804
MMR018005,2022-04-01,-1.8234237161255598
MMR018006,2022-04-01,-1.1051960502881117
MMR018007,2022-04-01,-1.3262352603457341
MMR018008,2022-04-01,-1.7931136090192392
MMR001001,2022-05-01,-0.9908331658983736
MMR001002,2022-05-01,-1.0343860482373146
MMR001003,2022-05-01,-1.1729751750958117
MMR001004,2022-05-01,-0.1834510974609987
MMR001005,2022-05-01,-1.2169305948240996
MMR001006,2022-05-01,-1.2169305948240996
MMR001007,2022-05-01,1.0410769483188405
MMR001008,2022-05-01,0.8619883735310956
MMR001009,2022-05-01,0.2104945939652345
MMR001010,2022-05-01,-0.4736128364217781
MMR001011,2022-05-01,0.4209891879304693
MMR001012,2022-05-01,-0.6895906988248764
MMR001013,2022-05-01,-1.2103439153000997
MMR001014,2022-05-01,-1.321715506081013
MMR001015,2022-05-01,-1.2218491407248038
MMR001016,2022-05-01,-1.379181397649753
MMR001017,2022-05-01,-1.3450285521740049
MMR001018,2022-05-01,-1.5260858062479514
MMR002001,2022-05-01,2.660040913184481
MMR002002,2022-05-01,5.631657373736491
MMR002003,2022-05-01,4.262515527796003
MMR002004,2022-05-01,0.11493178313747951
MMR002005,2022-05-01,2.932437937739529
MMR002006,2022-05-01,1.9470749941784207
MMR002007,2022-05-01,0.5764408080745735
MMR003001,2022-05-01,1.8345109746099868
MMR003002,2022-05-01,2.9882263615744655
MMR003003,2022-05-01,0.7808077112391305
MMR003004,2022-05-01,1.777096261864154
MMR003005,2022-05-01,2.497910168323152
MMR003006,2022-05-01,2.104945939652347
MMR003007,2022-05-01,2.248202418933639
MMR004001,2022-05-01,4.252475976086738
MMR004002,2022-05-01,4.9992466066743235
MMR004003,2022-05-01,0.7045387654244787
MMR004004,2022-05-01,4.483428507246683
MMR004005,2022-05-01,4.739624421946493
MMR004006,2022-05-01,2.2101932366349644
MMR004007,2022-05-01,2.3459503501916226
MMR004008,2022-05-01,0.31574189094785204
MMR004009,2022-05-01,0.04586277436524967
MMR005001,2022-05-01,2.689448783157005
MMR005002,2022-05-01,6.15811966925301
MMR005003,2022-05-01,4.9992466066743235
MMR005004,2022-05-01,5.893848631026571
MMR005005,2022-05-01,5.525483091587411
MMR005006,2022-05-01,4.300908975351309
MMR005007,2022-05-01,4.26523801596822
MMR005008,2022-05-01,1.4314808039384057
MMR005009,2022-05-01,7.8883971908229435
MMR005010,2022-05-01,5.180640356673168
MMR005011,2022-05-01,2.9882263615744655
MMR005012,2022-05-01,7.3799688099778145
MMR005013,2022-05-01,7.1041925463266695
MMR005014,2022-05-01,5.962623806737041
MMR005015,2022-05-01,7.52518173425714
MMR005016,2022-05-01,7.209439843309288
MMR005017,2022-05-01,6.191474539308706
MMR005018,2022-05-01,9.628171228911452
MMR005019,2022-05-01,7.96645639752572
MMR005020,2022-05-01,0.9472256728435562
MMR005021,2022-05-01,0.736731078878321
MMR005022,2022-05-01,0.8255299385744941
MMR005023,2022-05-01,-0.4398656906609296
MMR005024,2022-05-01,0.5788601334043953
MMR005025,2022-05-01,0.05262364849130849
MMR005026,2022-05-01,-0.6841074303870128
MMR005027,2022-05-01,4.128471524576557
MMR005028,2022-05-01,4.884600783342875
MMR005029,2022-05-01,6.604239508595953
MMR005030,2022-05-01,3.6310317459002985
MMR005031,2022-05-01,3.6310317459002985
MMR005032,2022-05-01,-0.39099172503193735
MMR005033,2022-05-01,-0.5376136219189138
MMR005034,2022-05-01,0.3669021949219974
MMR005035,2022-05-01,-0.8847452791048991
MMR005036,2022-05-01,-1.2533891453986072
MMR005037,2022-05-01,-1.4090775308489574
MMR006001,2022-05-01,3.3152898549524465
MMR006002,2022-05-01,2.6900571043480097
MMR006003,2022-05-01,3.0103019977227725
MMR006004,2022-05-01,3.2024489337476307
MMR006005,2022-05-01,1.2169305948240996
MMR006006,2022-05-01,0.38429387204971566
MMR006007,2022-05-01,2.700896903730767
MMR006008,2022-05-01,1.7892040487044947
MMR006009,2022-05-01,-0.7201721614254437
MMR006010,2022-05-01,-0.19214693602485783
MMR007001,2022-05-01,-2.1055204775340437
MMR007002,2022-05-01,-1.3450285521740049
MMR007003,2022-05-01,-1.321715506081013
MMR007004,2022-05-01,-1.319597071982788
MMR007005,2022-05-01,-1.5515790723559721
MMR007006,2022-05-01,-2.053533458154133
MMR007007,2022-05-01,-1.4941131807872323
MMR007008,2022-05-01,0.7338043898439948
MMR007009,2022-05-01,-0.4736128364217781
MMR007010,2022-05-01,-0.8419783758609389
MMR007011,2022-05-01,0.29324379377395277
MMR007012,2022-05-01,-1.2218491407248038
MMR007013,2022-05-01,-1.0343860482373146
MMR007014,2022-05-01,-0.5262364849130868
MMR008001,2022-05-01,-1.7892040487044951
MMR008002,2022-05-01,-1.5688191793390913
MMR008003,2022-05-01,-1.8803737489752366
MMR008004,2022-05-01,-0.6404897867495261
MMR008005,2022-05-01,-1.0524729698261734
MMR008006,2022-05-01,-1.5150929344987567
MMR008007,2022-05-01,-1.4366472892184927
MMR008008,2022-05-01,-2.022951047042513
MMR008009,2022-05-01,-1.2809795734990521
MMR008010,2022-05-01,-1.5787094547392602
MMR008011,2022-05-01,-0.8110165058461576
MMR008012,2022-05-01,-1.6926733250763881
MMR008013,2022-05-01,-1.6513886098306225
MMR008014,2022-05-01,-1.3682148607740257
MMR009001,2022-05-01,-1.6049936286582125
MMR009002,2022-05-01,-0.928605346950851
MMR009003,2022-05-01,0.9286053469508506
MMR009004,2022-05-01,-1.6617148313857333
MMR009005,2022-05-01,-1.2103439153000997
MMR009006,2022-05-01,-1.3758832309574902
MMR009007,2022-05-01,-1.0343860482373146
MMR009008,2022-05-01,-1.1241012094668195
MMR009009,2022-05-01,-1.2629675637914082
MMR009010,2022-05-01,-0.7819834500638745
MMR009011,2022-05-01,-0.8255299385744941
MMR009012,2022-05-01,-1.473462157756643
MMR009013,2022-05-01,-1.5134715540532393
MMR009014,2022-05-01,-1.4208385092653342
MMR009015,2022-05-01,-1.473462157756643
MMR009016,2022-05-01,-1.9953974842777777
MMR009017,2022-05-01,-1.7594627626437176
MMR009018,2022-05-01,6.099748990578206
MMR009019,2022-05-01,7.154592800978949
MMR009020,2022-05-01,9.05126754050509
MMR009021,2022-05-01,7.2463183497094485
MMR009022,2022-05-01,3.4205371519350636
MMR009023,2022-05-01,9.022666885429953
MMR009024,2022-05-01,4.473010121761236
MMR009025,2022-05-01,2.4307270413582325
MMR010001,2022-05-01,1.032202825622382
MMR010002,2022-05-01,1.5371754881988626
MMR010003,2022-05-01,1.206783722943534
MMR010004,2022-05-01,0.4597271325499178
MMR010005,2022-05-01,-0.12809795734990523
MMR010006,2022-05-01,0.6879416154787451
MMR010007,2022-05-01,1.303203925367046
MMR010008,2022-05-01,0.26311824245654325
MMR010009,2022-05-01,1.3195970719827876
MMR010010,2022-05-01,4.887396562899215
MMR010011,2022-05-01,-0.747056590393616
MMR010012,2022-05-01,2.5593141646171498
MMR010013,2022-05-01,-0.3669021949219974
MMR010014,2022-05-01,-0.15787094547392602
MMR010015,2022-05-01,0.5262364849130865
MMR010016,2022-05-01,0.09172554873049935
MMR010017,2022-05-01,3.210042557969828
MMR010018,2022-05-01,3.5772964004894745
MMR010019,2022-05-01,-0.3669021949219974
MMR010020,2022-05-01,-1.1465693591312418
MMR010021,2022-05-01,2.73694207522356
MMR010022,2022-05-01,1.6665108554934518
MMR010023,2022-05-01,-1.5593343284184888
MMR010024,2022-05-01,-1.321715506081013
MMR010028,2022-05-01,-1.0263532782088352
MMR010029,2022-05-01,-0.15787094547392602
MMR010030,2022-05-01,-0.9172554873049934
MMR010031,2022-05-01,-0.2932437937739531
MMR011001,2022-05-01,-0.45972713254991754
MMR011002,2022-05-01,0.6895906988248766
MMR011003,2022-05-01,-0.6346046103187584
MMR011004,2022-05-01,0.9607346801242892
MMR011005,2022-05-01,-0.057465891568739505
MMR011006,2022-05-01,1.47312650952391
MMR011007,2022-05-01,1.2169305948240996
MMR011008,2022-05-01,0.12809795734990523
MMR011009,2022-05-01,0.7045387654244787
MMR011010,2022-05-01,2.3154405336175814
MMR012001,2022-05-01,-1.0802582421381655
MMR012002,2022-05-01,-1.4941131807872323
MMR012003,2022-05-01,-1.0343860482373146
MMR012004,2022-05-01,-1.0918519398060544
MMR012005,2022-05-01,-1.5593343284184888
MMR012006,2022-05-01,-1.1059315988811238
MMR012007,2022-05-01,-1.2533891453986072
MMR012008,2022-05-01,-1.47312650952391
MMR012009,2022-05-01,-1.2533891453986072
MMR012010,2022-05-01,-1.2629675637914082
MMR012011,2022-05-01,-1.2533891453986072
MMR012012,2022-05-01,-0.7615255323825101
MMR012013,2022-05-01,-1.2533891453986072
MMR012014,2022-05-01,-1.9403816165509817
MMR012015,2022-05-01,-1.5260858062479516
MMR012016,2022-05-01,-1.473462157756643
MMR012017,2022-05-01,-1.6510598771489882
MMR013001,2022-05-01,0.10524729698261726
MMR013002,2022-05-01,-0.4398656906609296
MMR013003,2022-05-01,-0.9472256728435562
MMR013004,2022-05-01,-1.2517936495185356
MMR013005,2022-05-01,-1.952019278097826
MMR013006,2022-05-01,-1.1241012094668195
MMR013007,2022-05-01,-0.4736128364217781
MMR013009,2022-05-01,-1.1465693591312418
MMR013010,2022-05-01,-0.6841074303870128
MMR013011,2022-05-01,-0.8045224819623559
MMR013012,2022-05-01,-0.7893547273696301
MMR013013,2022-05-01,-1.0343860482373146
MMR013014,2022-05-01,-1.321715506081013
MMR013015,2022-05-01,-1.1577202668087907
MMR013016,2022-05-01,-1.1059315988811238
MMR013017,2022-05-01,-1.2642496145122737
MMR013018,2022-05-01,-1.4173450032407724
MMR013019,2022-05-01,-0.7819834500638745
MMR013020,2022-05-01,-0.9194542650998352
MMR013021,2022-05-01,-0.45972713254991754
MMR013022,2022-05-01,-1.431480803938406
MMR013023,2022-05-01,-0.7367310788783215
MMR013024,2022-05-01,-0.14745754651748325
MMR013025,2022-05-01,-0.19214693602485783
MMR013026,2022-05-01,-0.574658915687397
MMR013027,2022-05-01,-0.9908331658983736
MMR013028,2022-05-01,-0.5262364849130868
MMR013029,2022-05-01,-0.18004304035636093
MMR013030,2022-05-01,-0.32024489337476303
MMR013031,2022-05-01,-0.7685877440994313
MMR013032,2022-05-01,-0.7615255323825101
MMR013033,2022-05-01,-1.379181397649753
MMR013034,2022-05-01,-1.5787094547392602
MMR013035,2022-05-01,-1.612840865756741
MMR013036,2022-05-01,-1.3450285521740049
MMR013037,2022-05-01,-1.2067837229435339
MMR013038,2022-05-01,-0.7331094844348824
MMR013039,2022-05-01,-0.8419783758609389
MMR013040,2022-05-01,-0.06404897867495261
MMR013041,2022-05-01,-0.7331094844348824
MMR013042,2022-05-01,-0.197455140207128
MMR013043,2022-05-01,-1.3881025977584542
MMR013044,2022-05-01,-1.100706584765992
MMR013046,2022-05-01,-0.2932437937739531
MMR013047,2022-05-01,-0.05262364849130877
MMR014001,2022-05-01,-1.5260858062479516
MMR014002,2022-05-01,0.9286053469508506
MMR014003,2022-05-01,-1.7105887970147253
MMR014004,2022-05-01,-0.6353615531768981
MMR014005,2022-05-01,-1.6051971027837386
MMR014006,2022-05-01,-0.574658915687397
MMR014007,2022-05-01,-0.34211775940294503
MMR014008,2022-05-01,-0.8293115888699384
MMR014009,2022-05-01,-0.4586277436524967
MMR014010,2022-05-01,4.26523801596822
MMR014011,2022-05-01,-1.8418276971958034
MMR014012,2022-05-01,-1.5787094547392602
MMR014013,2022-05-01,-2.0527065564176703
MMR014014,2022-05-01,-1.8944513456871124
MMR014015,2022-05-01,-1.8803737489752366
MMR014016,2022-05-01,-1.473462157756643
MMR014017,2022-05-01,-2.0527065564176703
MMR014018,2022-05-01,-1.7365804002131862
MMR014019,2022-05-01,-2.1555503951667347
MMR014020,2022-05-01,-1.0548438104007425
MMR014021,2022-05-01,-1.47312650952391
MMR015001,2022-05-01,-2.0387756904577294
MMR015002,2022-05-01,-0.747056590393616
MMR015003,2022-05-01,-1.6839567517218774
MMR015004,2022-05-01,-2.109687620801485
MMR015005,2022-05-01,-1.8944513456871124
MMR015006,2022-05-01,-1.5371754881988626
MMR015007,2022-05-01,-1.3271179186573487
MMR015008,2022-05-01,-1.8944513456871124
MMR015009,2022-05-01,0.8966857014493366
MMR015010,2022-05-01,0.6895906988248766
MMR015011,2022-05-01,-0.3669021949219974
MMR015012,2022-05-01,-1.1729751750958117
MMR015013,2022-05-01,-0.17351282471980684
MMR015014,2022-05-01,-1.6049936286582125
MMR015015,2022-05-01,-1.2067837229435339
MMR015016,2022-05-01,-1.3682148607740257
MMR015017,2022-05-01,-1.1729751750958117
MMR015018,2022-05-01,-0.1301346185398553
MMR015019,2022-05-01,-1.1972567421272013
MMR015020,2022-05-01,-0.9998493213348649
MMR015021,2022-05-01,-1.7892040487044951
MMR015022,2022-05-01,-0.976920156668575
MMR015023,2022-05-01,0.6404897867495261
MMR015024,2022-05-01,-2.0527065564176703
MMR016001,2022-05-01,-2.0527065564176703
MMR016002,2022-05-01,-1.8944513456871124
MMR016003,2022-05-01,-1.7239767470621912
MMR016005,2022-05-01,-1.7239767470621912
MMR016006,2022-05-01,-1.7365804002131862
MMR016007,2022-05-01,-2.29904492753744
MMR016008,2022-05-01,-1.8418276971958034
MMR016009,2022-05-01,-1.4090775308489574
MMR016010,2022-05-01,-1.6090449639247117
MMR016011,2022-05-01,-1.6090449639247117
MMR017001,2022-05-01,-1.2642496145122737
MMR017002,2022-05-01,-1.5787094547392602
MMR017003,2022-05-01,-1.473462157756643
MMR017004,2022-05-01,-0.36008608071272186
MMR017005,2022-05-01,-1.7594627626437176
MMR017006,2022-05-01,-1.7365804002131862
MMR017007,2022-05-01,-1.9060846595306937
MMR017008,2022-05-01,-1.857210693901702
MMR017009,2022-05-01,-1.5260858062479516
MMR017010,2022-05-01,-1.6839567517218774
MMR017011,2022-05-01,-1.473462157756643
MMR017012,2022-05-01,-1.3682148607740257
MMR017013,2022-05-01,-1.612840865756741
MMR017014,2022-05-01,-1.6665108554934513
MMR017015,2022-05-01,-1.7892040487044951
MMR017016,2022-05-01,-1.2809795734990521
MMR017017,2022-05-01,-1.7886482002447373
MMR017018,2022-05-01,-1.0343860482373146
MMR017019,2022-05-01,-1.0263532782088352
MMR017020,2022-05-01,-1.9262365233404863
MMR017021,2022-05-01,-1.3684710376117801
MMR017022,2022-05-01,-1.9060846595306937
MMR017023,2022-05-01,-0.8326367227743839
MMR017024,2022-05-01,-0.6404897867495261
MMR017025,2022-05-01,-1.0089810360354927
MMR017026,2022-05-01,-0.9584740523636408
MMR018001,2022-05-01,-1.4366472892184927
MMR018002,2022-05-01,-1.6090449639247117
MMR018003,2022-05-01,-1.8345109746099868
MMR018004,2022-05-01,-1.5515790723559721
MMR018005,2022-05-01,-1.7892040487044951
MMR018006,2022-05-01,-0.3036474432596618
MMR018007,2022-05-01,-1.561615422478261
MMR018008,2022-05-01,-1.8083367282727094
MMR001001,2022-06-01,-0.3929664951657378
MMR001002,2022-06-01,-0.8663942188370299
MMR001003,2022-06-01,-0.9755709684633478
MMR001004,2022-06-01,0.6286849600775737
MMR001005,2022-06-01,-1.433337939506012
MMR001006,2022-06-01,-1.5067625778228366
MMR001007,2022-06-01,3.2485961359279307
MMR001008,2022-06-01,1.9663555427522463
MMR001009,2022-06-01,0.8577379504889086
MMR001010,2022-06-01,-0.5901061603107837
MMR001011,2022-06-01,1.4610063299887805
MMR001012,2022-06-01,-0.8005163174047212
MMR001013,2022-06-01,-1.4950087295605914
MMR001014,2022-06-01,-1.064027923133956
MMR001015,2022-06-01,-0.8635144353645294
MMR001016,2022-06-01,-1.1957837259985737
MMR001017,2022-06-01,-1.5067625778228366
MMR001018,2022-06-01,-1.4346818916106043
MMR002001,2022-06-01,3.5729571502026523
MMR002002,2022-06-01,6.2484191358523145
MMR002003,2022-06-01,4.839309255188064
MMR002004,2022-06-01,0.2535301055122187
MMR002005,2022-06-01,2.890379423445881
MMR002006,2022-06-01,0.7974111125389216
MMR002007,2022-06-01,-0.4788176413872923
MMR003001,2022-06-01,1.732787031374478
MMR003002,2022-06-01,1.307576528429159
MMR003003,2022-06-01,0.9611070672116313
MMR003004,2022-06-01,2.0855222850655912
MMR003005,2022-06-01,1.063099763266024
MMR003006,2022-06-01,0.8577379504889086
MMR003007,2022-06-01,1.04144662731538
MMR004001,2022-06-01,2.625134557075334
MMR004002,2022-06-01,3.632772496188319
MMR004003,2022-06-01,0.03515482683047976
MMR004004,2022-06-01,2.9721403595034634
MMR004005,2022-06-01,3.1189896361371128
MMR004006,2022-06-01,2.12460154743864
MMR004007,2022-06-01,2.1620119583035624
MMR004008,2022-06-01,1.340352654088806
MMR004009,2022-06-01,0.3658035145306917
MMR005001,2022-06-01,3.3480521823938574
MMR005002,2022-06-01,7.316612480849201
MMR005003,2022-06-01,7.855651152687423
MMR005004,2022-06-01,6.890421745487627
MMR005005,2022-06-01,7.493690124987499
MMR005006,2022-06-01,4.4591708868293365
MMR005007,2022-06-01,5.781161292796461
MMR005008,2022-06-01,1.9059395086379285
MMR005009,2022-06-01,8.988314928468421
MMR005010,2022-06-01,6.532216749157473
MMR005011,2022-06-01,3.8109367828568916
MMR005012,2022-06-01,10.005969275220838
MMR005013,2022-06-01,7.071402259337589
MMR005014,2022-06-01,6.2520754164104275
MMR005015,2022-06-01,10.449705184536873
MMR005016,2022-06-01,8.76055372193723
MMR005017,2022-06-01,7.253297387859
MMR005018,2022-06-01,11.68681727170311
MMR005019,2022-06-01,10.230082341418473
MMR005020,2022-06-01,3.029504116688448
MMR005021,2022-06-01,3.4517919823383574
MMR005022,2022-06-01,3.4678045719838995
MMR005023,2022-06-01,0.4811639618212892
MMR005024,2022-06-01,1.9436210335886783
MMR005025,2022-06-01,1.5213331679387676
MMR005026,2022-06-01,-0.40912564646082206
MMR005027,2022-06-01,3.7245765983409544
MMR005028,2022-06-01,3.218035669966112
MMR005029,2022-06-01,5.93889016012459
MMR005030,2022-06-01,2.365908899238588
MMR005031,2022-06-01,2.607216251038537
MMR005032,2022-06-01,0.3130791621730617
MMR005033,2022-06-01,-0.24720350332102914
MMR005034,2022-06-01,1.4173292967182196
MMR005035,2022-06-01,-1.2586002892468322
MMR005036,2022-06-01,-1.4276430631383483
MMR005037,2022-06-01,-1.5067625778228366
MMR006001,2022-06-01,4.5980019033881145
MMR006002,2022-06-01,3.6329621043548848
MMR006003,2022-06-01,4.220359210889481
MMR006004,2022-06-01,3.4861128277212354
MMR006005,2022-06-01,1.4302229548501468
MMR006006,2022-06-01,0.10857946514730435
MMR006007,2022-06-01,3.34979147283073
MMR006008,2022-06-01,2.12460154743864
MMR006009,2022-06-01,-0.8524871888914002
MMR006010,2022-06-01,-0.11169444980316941
MMR007001,2022-06-01,-2.2860897565481246
MMR007002,2022-06-01,-1.580187216139661
MMR007003,2022-06-01,-1.6569290360247346
MMR007004,2022-06-01,-0.41528830296925656
MMR007005,2022-06-01,-1.5251732331601173
MMR007006,2022-06-01,-1.6267677447906708
MMR007007,2022-06-01,-1.591051134592426
MMR007008,2022-06-01,1.99566847692136
MMR007009,2022-06-01,-0.16781829466087353
MMR007010,2022-06-01,-0.46945248441080933
MMR007011,2022-06-01,0.5371922283706984
MMR007012,2022-06-01,-0.41528830296925656
MMR007013,2022-06-01,-1.129905824566265
MMR007014,2022-06-01,0.2544695709890369
MMR008001,2022-06-01,-1.7363160813605403
MMR008002,2022-06-01,-1.6708246965988487
MMR008003,2022-06-01,-1.8949769171724933
MMR008004,2022-06-01,-0.9927901096050644
MMR008005,2022-06-01,-1.4346818916106043
MMR008006,2022-06-01,-1.759966700155075
MMR008007,2022-06-01,-1.6569290360247346
MMR008008,2022-06-01,-1.9547931858062066
MMR008009,2022-06-01,-1.3599133011891873
MMR008010,2022-06-01,-1.5553355675105787
MMR008011,2022-06-01,-1.0050361284095584
MMR008012,2022-06-01,-1.9547931858062066
MMR008013,2022-06-01,-1.7654808596679679
MMR008014,2022-06-01,-1.4346818916106043
MMR009001,2022-06-01,-2.0723023499991142
MMR009002,2022-06-01,-1.199684034660984
MMR009003,2022-06-01,0.6492487614695166
MMR009004,2022-06-01,-2.0401080329021206
MMR009005,2022-06-01,-1.7966429193105273
MMR009006,2022-06-01,-1.7898243389537405
MMR009007,2022-06-01,-1.5251732331601173
MMR009008,2022-06-01,-1.5918819005068479
MMR009009,2022-06-01,-1.4950087295605914
MMR009010,2022-06-01,-0.47131656951866546
MMR009011,2022-06-01,-0.527993400328707
MMR009012,2022-06-01,-1.3140282157106298
MMR009013,2022-06-01,-1.8424006280631169
MMR009014,2022-06-01,-1.3743550536606173
MMR009015,2022-06-01,-1.3140282157106298
MMR009016,2022-06-01,-1.5750221176694839
MMR009017,2022-06-01,-1.759966700155075
MMR009018,2022-06-01,5.8337375819058375
MMR009019,2022-06-01,9.619230397780937
MMR009020,2022-06-01,9.786109967087013
MMR009021,2022-06-01,7.3058736769683765
MMR009022,2022-06-01,3.029504116688448
MMR009023,2022-06-01,6.779285785468306
MMR009024,2022-06-01,4.47734822748814
MMR009025,2022-06-01,2.679160235343253
MMR010001,2022-06-01,0.2627846757768111
MMR010002,2022-06-01,0.8428258483155502
MMR010003,2022-06-01,0.9123091198353062
MMR010004,2022-06-01,0.8464312184029976
MMR010005,2022-06-01,0.3288533800977781
MMR010006,2022-06-01,0.5761086709681973
MMR010007,2022-06-01,0.5010082479318211
MMR010008,2022-06-01,-0.40912564646082206
MMR010009,2022-06-01,1.4896727597106534
MMR010010,2022-06-01,6.0839906167622
MMR010011,2022-06-01,-0.4711268102431775
MMR010012,2022-06-01,4.243156600587192
MMR010013,2022-06-01,-1.3692140260787293
MMR010014,2022-06-01,-0.650432998260771
MMR010015,2022-06-01,-0.5297793223607966
MMR010016,2022-06-01,-0.790874845875589
MMR010017,2022-06-01,3.9344066859382556
MMR010018,2022-06-01,3.2574994155463934
MMR010019,2022-06-01,-0.527993400328707
MMR010020,2022-06-01,-1.5269428934068585
MMR010021,2022-06-01,3.730803421687018
MMR010022,2022-06-01,1.1758207255645414
MMR010023,2022-06-01,-1.8949769171724933
MMR010024,2022-06-01,-1.5251732331601173
MMR010028,2022-06-01,-1.087627501562166
MMR010029,2022-06-01,-0.5901061603107837
MMR010030,2022-06-01,-1.2640614478599765
MMR010031,2022-06-01,-0.9755709684633476
MMR011001,2022-06-01,-0.2734931059462511
MMR011002,2022-06-01,-0.009981500217016175
MMR011003,2022-06-01,-0.8192087744610815
MMR011004,2022-06-01,0.10857946514730435
MMR011005,2022-06-01,-0.40524890881086867
MMR011006,2022-06-01,0.5491272950482519
MMR011007,2022-06-01,2.4581678912856915
MMR011008,2022-06-01,1.063099763266024
MMR011009,2022-06-01,2.4581678912856915
MMR011010,2022-06-01,3.632772496188319
MMR012001,2022-06-01,-0.7492880794511353
MMR012002,2022-06-01,-1.064027923133956
MMR012003,2022-06-01,-0.8005163174047212
MMR012004,2022-06-01,-0.7346384159724124
MMR012005,2022-06-01,-1.1063325805318474
MMR012006,2022-06-01,-1.0895575153553163
MMR012007,2022-06-01,-1.0050361284095584
MMR012008,2022-06-01,-1.1396393862387135
MMR012009,2022-06-01,-1.0050361284095584
MMR012010,2022-06-01,-0.9520671880107068
MMR012011,2022-06-01,-1.1740789023010743
MMR012012,2022-06-01,-0.8192087744610815
MMR012013,2022-06-01,-1.1740789023010743
MMR012014,2022-06-01,-2.2387616750135644
MMR012015,2022-06-01,-1.7363160813605403
MMR012016,2022-06-01,-1.6156624054605657
MMR012017,2022-06-01,-1.8424006280631169
MMR013001,2022-06-01,-0.5297793223607966
MMR013002,2022-06-01,-0.6954296357163021
MMR013003,2022-06-01,-1.3743550536606173
MMR013004,2022-06-01,-1.3290870764226488
MMR013005,2022-06-01,-2.1717583964650404
MMR013006,2022-06-01,-1.5918819005068479
MMR013007,2022-06-01,-1.1330477018606684
MMR013009,2022-06-01,-1.0011800023130946
MMR013010,2022-06-01,-1.2537013777606427
MMR013011,2022-06-01,-1.064027923133956
MMR013012,2022-06-01,-0.7107598362107581
MMR013013,2022-06-01,-0.6687605145401035
MMR013014,2022-06-01,-1.129905824566265
MMR013015,2022-06-01,-1.4950087295605914
MMR013016,2022-06-01,-1.3431216761925904
MMR013017,2022-06-01,-1.7228069374570434
MMR013018,2022-06-01,-1.087627501562166
MMR013019,2022-06-01,-0.639401369166893
MMR013020,2022-06-01,-0.4711268102431775
MMR013021,2022-06-01,-0.20761520451394258
MMR013022,2022-06-01,-1.9231182803002254
MMR013023,2022-06-01,-1.0727208639106811
MMR013024,2022-06-01,-0.49790780673501056
MMR013025,2022-06-01,-0.6990915563377661
MMR013026,2022-06-01,-0.9322721202693386
MMR013027,2022-06-01,-1.2922000443223711
MMR013028,2022-06-01,-0.7107598362107581
MMR013029,2022-06-01,-0.13009342280954597
MMR013030,2022-06-01,-0.33196836475364316
MMR013031,2022-06-01,-0.9927901096050644
MMR013032,2022-06-01,-0.8192087744610815
MMR013033,2022-06-01,-1.7886848388893524
MMR013034,2022-06-01,-1.9172965952105019
MMR013035,2022-06-01,-2.0401080329021206
MMR013036,2022-06-01,-1.580187216139661
MMR013037,2022-06-01,-1.5251732331601173
MMR013038,2022-06-01,-1.087627501562166
MMR013039,2022-06-01,-1.4950087295605914
MMR013040,2022-06-01,-0.40539300307046777
MMR013041,2022-06-01,-1.3677688343092114
MMR013042,2022-06-01,-0.9024184706723756
MMR013043,2022-06-01,-2.0723023499991142
MMR013044,2022-06-01,-1.5269428934068585
MMR013046,2022-06-01,-0.8074861688151204
MMR013047,2022-06-01,-0.7107598362107581
MMR014001,2022-06-01,-1.4950087295605914
MMR014002,2022-06-01,1.6017292928094713
MMR014003,2022-06-01,-1.8720232332538935
MMR014004,2022-06-01,-0.47131656951866546
MMR014005,2022-06-01,-1.4217903151881057
MMR014006,2022-06-01,-0.9981500217016472
MMR014007,2022-06-01,-0.7514579022657113
MMR014008,2022-06-01,-1.6267677447906708
MMR014009,2022-06-01,-0.15995937656307227
MMR014010,2022-06-01,4.78221179971831
MMR014011,2022-06-01,-1.7966429193105273
MMR014012,2022-06-01,-1.7966429193105273
MMR014013,2022-06-01,-2.0401080329021206
MMR014014,2022-06-01,-1.7966429193105273
MMR014015,2022-06-01,-2.000129495391246
MMR014016,2022-06-01,-1.8569697572605146
MMR014017,2022-06-01,-2.09613629945153
MMR014018,2022-06-01,-1.8569697572605146
MMR014019,2022-06-01,-2.2104346518287517
MMR014020,2022-06-01,-0.8434511349849654
MMR014021,2022-06-01,-1.6536118544564857
MMR015001,2022-06-01,-2.022574326766151
MMR015002,2022-06-01,0.05589640121529233
MMR015003,2022-06-01,-1.6156624054605657
MMR015004,2022-06-01,-2.105282073609999
MMR015005,2022-06-01,-1.977623433160489
MMR015006,2022-06-01,-1.6536118544564857
MMR015007,2022-06-01,-1.4276430631383483
MMR015008,2022-06-01,-1.977623433160489
MMR015009,2022-06-01,1.063099763266024
MMR015010,2022-06-01,0.6487975141060712
MMR015011,2022-06-01,-0.26511195478182503
MMR015012,2022-06-01,-1.143655768111575
MMR015013,2022-06-01,-0.43127758331133415
MMR015014,2022-06-01,-1.9728463035331882
MMR015015,2022-06-01,-1.1957837259985737
MMR015016,2022-06-01,-1.5553355675105787
MMR015017,2022-06-01,-0.9195427019139385
MMR015018,2022-06-01,0.762194974279779
MMR015019,2022-06-01,-0.913575392045894
MMR015020,2022-06-01,-0.3487988085108348
MMR015021,2022-06-01,-1.7966429193105273
MMR015022,2022-06-01,-0.3393710073785602
MMR015023,2022-06-01,0.9162504866323747
MMR015024,2022-06-01,-2.09613629945153
MMR016001,2022-06-01,-2.1521645660009385
MMR016002,2022-06-01,-2.037950271110476
MMR016003,2022-06-01,-1.8545627403216611
MMR016005,2022-06-01,-1.7886848388893524
MMR016006,2022-06-01,-1.9172965952105019
MMR016007,2022-06-01,-2.4701265358628186
MMR016008,2022-06-01,-2.037950271110476
MMR016009,2022-06-01,-1.433337939506012
MMR016010,2022-06-01,-1.6569290360247346
MMR016011,2022-06-01,-1.6569290360247346
MMR017001,2022-06-01,-1.4592953317278086
MMR017002,2022-06-01,-1.9172965952105019
MMR017003,2022-06-01,-1.8569697572605146
MMR017004,2022-06-01,-0.5428898605706055
MMR017005,2022-06-01,-1.9840797663527117
MMR017006,2022-06-01,-1.977623433160489
MMR017007,2022-06-01,-2.1521645660009385
MMR017008,2022-06-01,-1.759966700155075
MMR017009,2022-06-01,-1.675989243410553
MMR017010,2022-06-01,-1.6156624054605657
MMR017011,2022-06-01,-1.4346818916106043
MMR017012,2022-06-01,-1.6156624054605657
MMR017013,2022-06-01,-1.5918819005068479
MMR017014,2022-06-01,-1.7886848388893524
MMR017015,2022-06-01,-1.977623433160489
MMR017016,2022-06-01,-1.5067625778228366
MMR017017,2022-06-01,-2.0527057845006227
MMR017018,2022-06-01,-1.4592953317278086
MMR017019,2022-06-01,-1.143655768111575
MMR017020,2022-06-01,-2.1578583627193755
MMR017021,2022-06-01,-1.703938433605666
MMR017022,2022-06-01,-2.0401080329021206
MMR017023,2022-06-01,-1.3599133011891873
MMR017024,2022-06-01,-1.2864886628723629
MMR017025,2022-06-01,-1.4743666042974821
MMR017026,2022-06-01,-1.2586002892468322
MMR018001,2022-06-01,-1.6569290360247346
MMR018002,2022-06-01,-1.7228069374570434
MMR018003,2022-06-01,-2.1578583627193755
MMR018004,2022-06-01,-1.6569290360247346
MMR018005,2022-06-01,-1.9172965952105019
MMR018006,2022-06-01,0.1157306722512594
MMR018007,2022-06-01,-1.2766539782717057
MMR018008,2022-06-01,-2.09613629945153
MMR001001,2022-07-01,0.36520552277206153
MMR001002,2022-07-01,0.18965162941875213
MMR001003,2022-07-01,-0.42169798255534235
MMR001004,2022-07-01,0.4378473086886575
MMR001005,2022-07-01,-0.73698815382736
MMR001006,2022-07-01,-1.599931113365014
MMR001007,2022-07-01,3.199377569164796
MMR001008,2022-07-01,1.7381474077656769
MMR001009,2022-07-01,0.4801914508257385
MMR001010,2022-07-01,-0.05156418263900584
MMR001011,2022-07-01,1.0710310435643438
MMR001012,2022-07-01,0.3832136017121179
MMR001013,2022-07-01,-1.3514112866639363
MMR001014,2022-07-01,-1.2298028340659288
MMR001015,2022-07-01,-0.8058156243940013
MMR001016,2022-07-01,-1.4878854637904162
MMR001017,2022-07-01,-1.599931113365014
MMR001018,2022-07-01,-1.7059150423070992
MMR002001,2022-07-01,2.2401054752438947
MMR002002,2022-07-01,4.706097649597282
MMR002003,2022-07-01,3.4343894145187623
MMR002004,2022-07-01,-0.39103428746134483
MMR002005,2022-07-01,1.883007868476613
MMR002006,2022-07-01,-0.05156418263900584
MMR002007,2022-07-01,-1.0965477203013825
MMR003001,2022-07-01,1.4677091181487931
MMR003002,2022-07-01,2.0607506949212864
MMR003003,2022-07-01,1.1538303273240325
MMR003004,2022-07-01,2.1755728466841044
MMR003005,2022-07-01,2.2114002912596242
MMR003006,2022-07-01,1.780038554850669
MMR003007,2022-07-01,2.6512431521539317
MMR004001,2022-07-01,1.996230037490164
MMR004002,2022-07-01,3.7888931701619257
MMR004003,2022-07-01,0.26977863229990284
MMR004004,2022-07-01,2.1394883779648195
MMR004005,2022-07-01,3.0024313375024736
MMR004006,2022-07-01,1.6618706363029483
MMR004007,2022-07-01,2.047629714978896
MMR004008,2022-07-01,0.7165272879211806
MMR004009,2022-07-01,0.1803818563236236
MMR005001,2022-07-01,3.3454880864391354
MMR005002,2022-07-01,6.931411161213278
MMR005003,2022-07-01,7.215762808045833
MMR005004,2022-07-01,7.0975948894981125
MMR005005,2022-07-01,6.093167581842485
MMR005006,2022-07-01,4.462083463679039
MMR005007,2022-07-01,4.71177381794822
MMR005008,2022-07-01,1.6408653849051664
MMR005009,2022-07-01,7.852852336801634
MMR005010,2022-07-01,5.504688491526829
MMR005011,2022-07-01,2.705957269232505
MMR005012,2022-07-01,8.303259882065632
MMR005013,2022-07-01,4.852404437091415
MMR005014,2022-07-01,6.821663263545088
MMR005015,2022-07-01,9.579121179000252
MMR005016,2022-07-01,5.679579866925461
MMR005017,2022-07-01,5.896114898827376
MMR005018,2022-07-01,8.742251472738385
MMR005019,2022-07-01,7.4801506495542185
MMR005020,2022-07-01,2.1936262697676927
MMR005021,2022-07-01,2.9617177403278787
MMR005022,2022-07-01,2.8580225609199763
MMR005023,2022-07-01,1.3342683801356712
MMR005024,2022-07-01,1.780038554850669
MMR005025,2022-07-01,2.252710229041553
MMR005026,2022-07-01,0.4801914508257385
MMR005027,2022-07-01,3.795328163577347
MMR005028,2022-07-01,2.3833539820768954
MMR005029,2022-07-01,4.454308365583186
MMR005030,2022-07-01,2.8435498217801576
MMR005031,2022-07-01,2.8435498217801576
MMR005032,2022-07-01,1.3891423289697657
MMR005033,2022-07-01,-0.5863198290576246
MMR005034,2022-07-01,1.4677091181487931
MMR005035,2022-07-01,-1.2778228313855033
MMR005036,2022-07-01,-1.4433829155461695
MMR005037,2022-07-01,-1.3841953734806005
MMR006001,2022-07-01,4.7342365185436925
MMR006002,2022-07-01,4.0811100369245406
MMR006003,2022-07-01,5.159788736346608
MMR006004,2022-07-01,4.22493386351415
MMR006005,2022-07-01,1.1327215918375568
MMR006006,2022-07-01,-0.9527238937117736
MMR006007,2022-07-01,3.286643186112601
MMR006008,2022-07-01,1.5437027177552272
MMR006009,2022-07-01,-1.1748965703497105
MMR006010,2022-07-01,-1.2403715468909915
MMR007001,2022-07-01,-2.3696219881402603
MMR007002,2022-07-01,-1.6718430266598185
MMR007003,2022-07-01,-1.7459680935149036
MMR007004,2022-07-01,0.0721675569515052
MMR007005,2022-07-01,-1.552406121221538
MMR007006,2022-07-01,-0.9281655894820773
MMR007007,2022-07-01,-1.6814474360837819
MMR007008,2022-07-01,2.909515651392983
MMR007009,2022-07-01,-0.1697321011867267
MMR007010,2022-07-01,0.06660373590871534
MMR007011,2022-07-01,0.7855288917947297
MMR007012,2022-07-01,-0.037580340716683105
MMR007013,2022-07-01,-1.3588441489281726
MMR007014,2022-07-01,0.8346952064689014
MMR008001,2022-07-01,-1.6468310830332389
MMR008002,2022-07-01,-1.349855797630581
MMR008003,2022-07-01,-1.9308348530696544
MMR008004,2022-07-01,-1.168459633596187
MMR008005,2022-07-01,-1.6468310830332389
MMR008006,2022-07-01,-1.958168549909979
MMR008007,2022-07-01,-1.6814474360837819
MMR008008,2022-07-01,-2.0451509275235438
MMR008009,2022-07-01,-1.3841953734806005
MMR008010,2022-07-01,-1.5877471237593783
MMR008011,2022-07-01,-1.1122627472248376
MMR008012,2022-07-01,-2.184209953502137
MMR008013,2022-07-01,-1.9524449102044825
MMR008014,2022-07-01,-1.6468310830332389
MMR009001,2022-07-01,-2.255415075743907
MMR009002,2022-07-01,-1.5191769592372257
MMR009003,2022-07-01,-0.03758034071668276
MMR009004,2022-07-01,-2.0679164475781673
MMR009005,2022-07-01,-1.9422508794025413
MMR009006,2022-07-01,-2.0338210340156677
MMR009007,2022-07-01,-1.7459680935149036
MMR009008,2022-07-01,-1.683798805739508
MMR009009,2022-07-01,-1.7059150423070992
MMR009010,2022-07-01,-0.3119500848871537
MMR009011,2022-07-01,-0.5405214102984713
MMR009012,2022-07-01,-1.2332433681162154
MMR009013,2022-07-01,-1.8278486721236409
MMR009014,2022-07-01,-1.4695792052116574
MMR009015,2022-07-01,-1.292327327390076
MMR009016,2022-07-01,-1.2813449605816387
MMR009017,2022-07-01,-1.683798805739508
MMR009018,2022-07-01,3.6819120084880845
MMR009019,2022-07-01,7.337921432071566
MMR009020,2022-07-01,7.038510930224252
MMR009021,2022-07-01,5.741635627408356
MMR009022,2022-07-01,2.252710229041553
MMR009023,2022-07-01,5.488442339796126
MMR009024,2022-07-01,4.143396925805089
MMR009025,2022-07-01,2.3430916561899084
MMR010001,2022-07-01,0.46055805230148866
MMR010002,2022-07-01,0.7731620253635343
MMR010003,2022-07-01,0.4477342591432395
MMR010004,2022-07-01,0.7703375462988491
MMR010005,2022-07-01,0.4855143721843163
MMR010006,2022-07-01,0.9012851229457185
MMR010007,2022-07-01,0.8453992311843119
MMR010008,2022-07-01,-0.7014877346514711
MMR010009,2022-07-01,1.3891423289697657
MMR010010,2022-07-01,4.73645320784951
MMR010011,2022-07-01,-0.003910342874613328
MMR010012,2022-07-01,3.4915986037134763
MMR010013,2022-07-01,-1.2614246769205661
MMR010014,2022-07-01,-0.9378235717469129
MMR010015,2022-07-01,-0.7014877346514711
MMR010016,2022-07-01,-0.2830559579334374
MMR010017,2022-07-01,2.725381903232437
MMR010018,2022-07-01,1.6221883895678135
MMR010019,2022-07-01,-0.7464937721904984
MMR010020,2022-07-01,-1.8793417625966475
MMR010021,2022-07-01,4.07796582184038
MMR010022,2022-07-01,-0.19747231516797908
MMR010023,2022-07-01,-1.9308348530696544
MMR010024,2022-07-01,-1.3588441489281726
MMR010028,2022-07-01,-1.4094290615690372
MMR010029,2022-07-01,-1.1150754495684945
MMR010030,2022-07-01,-1.2614246769205661
MMR010031,2022-07-01,-0.7509416755599072
MMR011001,2022-07-01,-0.6491169171858321
MMR011002,2022-07-01,0.25417228684987403
MMR011003,2022-07-01,-0.6857383082177108
MMR011004,2022-07-01,0.5574262854791208
MMR011005,2022-07-01,-0.5845962597547103
MMR011006,2022-07-01,1.2765454184271656
MMR011007,2022-07-01,1.9237526380804062
MMR011008,2022-07-01,0.6293381987739253
MMR011009,2022-07-01,2.7866955976180603
MMR011010,2022-07-01,3.6116412923403445
MMR012001,2022-07-01,-0.5684588202734784
MMR012002,2022-07-01,-0.8426788894791977
MMR012003,2022-07-01,-0.9071995469103196
MMR012004,2022-07-01,-0.7781582320480758
MMR012005,2022-07-01,-1.106945405501546
MMR012006,2022-07-01,-1.1122627472248376
MMR012007,2022-07-01,-0.9467026630641716
MMR012008,2022-07-01,-0.8808119804169691
MMR012009,2022-07-01,-0.7811425789035058
MMR012010,2022-07-01,-0.8787396124730525
MMR012011,2022-07-01,-1.0294827051445048
MMR012012,2022-07-01,-0.8282406014871343
MMR012013,2022-07-01,-1.0294827051445048
MMR012014,2022-07-01,-2.091503936183075
MMR012015,2022-07-01,-1.8240829608548201
MMR012016,2022-07-01,-1.6468310830332389
MMR012017,2022-07-01,-2.085314124488675
MMR013001,2022-07-01,-0.2288160604605873
MMR013002,2022-07-01,-0.5314458802235307
MMR013003,2022-07-01,-1.4695792052116574
MMR013004,2022-07-01,-1.5649881846338183
MMR013005,2022-07-01,-2.255415075743907
MMR013006,2022-07-01,-1.628924856905414
MMR013007,2022-07-01,-1.1741594088423548
MMR013009,2022-07-01,-0.6950006817174916
MMR013010,2022-07-01,-1.055991490294634
MMR013011,2022-07-01,-0.9071995469103195
MMR013012,2022-07-01,-0.5833198161037502
MMR013013,2022-07-01,-0.45555494489246645
MMR013014,2022-07-01,-0.7781582320480758
MMR013015,2022-07-01,-1.2332433681162154
MMR013016,2022-07-01,-1.1950427893051705
MMR013017,2022-07-01,-1.552406121221538
MMR013018,2022-07-01,-0.5314458802235307
MMR013019,2022-07-01,-0.20220218721896538
MMR013020,2022-07-01,0.0606103145565083
MMR013021,2022-07-01,-0.45555494489246645
MMR013022,2022-07-01,-1.8657870296789998
MMR013023,2022-07-01,-1.6468310830332389
MMR013024,2022-07-01,-1.1950427893051705
MMR013025,2022-07-01,-1.456107286775405
MMR013026,2022-07-01,-1.552406121221538
MMR013027,2022-07-01,-1.674326858247297
MMR013028,2022-07-01,-1.5286631644855178
MMR013029,2022-07-01,-0.8716776953115944
MMR013030,2022-07-01,-1.0965477203013825
MMR013031,2022-07-01,-1.2403715468909915
MMR013032,2022-07-01,-0.8282406014871343
MMR013033,2022-07-01,-1.552406121221538
MMR013034,2022-07-01,-1.7649990015809598
MMR013035,2022-07-01,-2.013042498744073
MMR013036,2022-07-01,-1.599931113365014
MMR013037,2022-07-01,-1.4878854637904162
MMR013038,2022-07-01,-0.7509416755599072
MMR013039,2022-07-01,-1.4104952459377968
MMR013040,2022-07-01,0.19786671900509833
MMR013041,2022-07-01,-1.1350593173985666
MMR013042,2022-07-01,-0.3960961432821605
MMR013043,2022-07-01,-1.9144905354371131
MMR013044,2022-07-01,-1.2099315864475595
MMR013046,2022-07-01,-0.3119500848871537
MMR013047,2022-07-01,-0.28790001973444757
MMR014001,2022-07-01,-1.7059150423070992
MMR014002,2022-07-01,0.6757809941265414
MMR014003,2022-07-01,-1.5740509080713196
MMR014004,2022-07-01,-0.7509416755599072
MMR014005,2022-07-01,-1.570383219758607
MMR014006,2022-07-01,-0.6491169171858321
MMR014007,2022-07-01,-0.7509416755599072
MMR014008,2022-07-01,-1.637591517748633
MMR014009,2022-07-01,-0.849479953136512
MMR014010,2022-07-01,3.424446556123051
MMR014011,2022-07-01,-1.4695792052116574
MMR014012,2022-07-01,-1.4104952459377968
MMR014013,2022-07-01,-1.683798805739508
MMR014014,2022-07-01,-1.7059150423070992
MMR014015,2022-07-01,-1.776355581650634
MMR014016,2022-07-01,-1.5877471237593783
MMR014017,2022-07-01,-2.013042498744073
MMR014018,2022-07-01,-2.0013348386764016
MMR014019,2022-07-01,-2.239793395907695
MMR014020,2022-07-01,-1.0039592245555322
MMR014021,2022-07-01,-1.6718430266598185
MMR015001,2022-07-01,-2.15800806422768
MMR015002,2022-07-01,0.0606103145565083
MMR015003,2022-07-01,-1.6468310830332389
MMR015004,2022-07-01,-2.1368072149616815
MMR015005,2022-07-01,-2.0013348386764016
MMR015006,2022-07-01,-1.6718430266598185
MMR015007,2022-07-01,-1.4433829155461695
MMR015008,2022-07-01,-2.0013348386764016
MMR015009,2022-07-01,1.2765454184271656
MMR015010,2022-07-01,0.9638995185922146
MMR015011,2022-07-01,-0.23156286746043062
MMR015012,2022-07-01,-0.6411937778917189
MMR015013,2022-07-01,-1.1352344433072985
MMR015014,2022-07-01,-1.9144905354371131
MMR015015,2022-07-01,-1.2943234914970507
MMR015016,2022-07-01,-0.8196556531991919
MMR015017,2022-07-01,-0.6960677267258131
MMR015018,2022-07-01,0.5693882582266712
MMR015019,2022-07-01,-0.2837365984613709
MMR015020,2022-07-01,-0.34698397900830813
MMR015021,2022-07-01,-1.8831669201286807
MMR015022,2022-07-01,-0.13295165773685716
MMR015023,2022-07-01,1.1327215918375568
MMR015024,2022-07-01,-2.0679164475781673
MMR016001,2022-07-01,-2.1776643452463555
MMR016002,2022-07-01,-2.060418797950262
MMR016003,2022-07-01,-1.8750094083771474
MMR016005,2022-07-01,-1.8104887509460255
MMR016006,2022-07-01,-2.060418797950262
MMR016007,2022-07-01,-2.4502290987763606
MMR016008,2022-07-01,-2.060418797950262
MMR016009,2022-07-01,-1.599931113365014
MMR016010,2022-07-01,-1.8104887509460255
MMR016011,2022-07-01,-1.8104887509460255
MMR017001,2022-07-01,-1.6814474360837819
MMR017002,2022-07-01,-2.0013348386764016
MMR017003,2022-07-01,-2.0013348386764016
MMR017004,2022-07-01,-0.8716776953115944
MMR017005,2022-07-01,-2.013042498744073
MMR017006,2022-07-01,-2.0013348386764016
MMR017007,2022-07-01,-2.1776643452463555
MMR017008,2022-07-01,-1.7386727545736023
MMR017009,2022-07-01,-1.7059150423070992
MMR017010,2022-07-01,-1.5877471237593783
MMR017011,2022-07-01,-1.5877471237593783
MMR017012,2022-07-01,-1.8240829608548201
MMR017013,2022-07-01,-1.7386727545736023
MMR017014,2022-07-01,-1.8750094083771474
MMR017015,2022-07-01,-2.060418797950262
MMR017016,2022-07-01,-1.6718430266598185
MMR017017,2022-07-01,-2.3427795768537085
MMR017018,2022-07-01,-1.8104887509460255
MMR017019,2022-07-01,-1.8484206522417905
MMR017020,2022-07-01,-2.3427795768537085
MMR017021,2022-07-01,-1.958168549909979
MMR017022,2022-07-01,-1.958168549909979
MMR017023,2022-07-01,-1.3841953734806005
MMR017024,2022-07-01,-1.456107286775405
MMR017025,2022-07-01,-2.085314124488675
MMR017026,2022-07-01,-1.1122627472248376
MMR018001,2022-07-01,-1.8104887509460255
MMR018002,2022-07-01,-1.8104887509460255
MMR018003,2022-07-01,-2.3427795768537085
MMR018004,2022-07-01,-1.7459680935149036
MMR018005,2022-07-01,-2.0013348386764016
MMR018006,2022-07-01,-0.5507923742099374
MMR018007,2022-07-01,-0.9891239260329583
MMR018008,2022-07-01,-2.1776643452463555
MMR001001,2022-08-01,-0.31216447634812466
MMR001002,2022-08-01,-0.30956831433576054
MMR001003,2022-08-01,-1.017607266711683
MMR001004,2022-08-01,-0.17919466473964904
MMR001005,2022-08-01,-0.6052598205822761
MMR001006,2022-08-01,-1.7027089458138758
MMR001007,2022-08-01,2.6081850183903135
MMR001008,2022-08-01,1.1058675325367835
MMR001009,2022-08-01,0.6065857136573642
MMR001010,2022-08-01,-0.7459364857137861
MMR001011,2022-08-01,0.15574498053364746
MMR001012,2022-08-01,-0.0018648693634683812
MMR001013,2022-08-01,-1.2531323104779677
MMR001014,2022-08-01,-1.6634634722138462
MMR001015,2022-08-01,-1.6456815772132827
MMR001016,2022-08-01,-1.8480855391972213
MMR001017,2022-08-01,-1.6341183754869009
MMR001018,2022-08-01,-2.0984586850849367
MMR002001,2022-08-01,2.030972088901371
MMR002002,2022-08-01,4.3059833602486215
MMR002003,2022-08-01,3.4806953873210595
MMR002004,2022-08-01,-0.30956831433576054
MMR002005,2022-08-01,2.175103811671449
MMR002006,2022-08-01,0.7756509885787584
MMR002007,2022-08-01,-0.33089753927437626
MMR003001,2022-08-01,0.9504461204546502
MMR003002,2022-08-01,2.7059254463927025
MMR003003,2022-08-01,0.75002211668737
MMR003004,2022-08-01,2.1032854287240923
MMR003005,2022-08-01,2.8928592660934473
MMR003006,2022-08-01,2.0154630046689794
MMR003007,2022-08-01,3.117215277423849
MMR004001,2022-08-01,3.5674950923151205
MMR004002,2022-08-01,4.776862495051745
MMR004003,2022-08-01,1.1095044375920984
MMR004004,2022-08-01,2.7556781254394975
MMR004005,2022-08-01,3.2358121177283223
MMR004006,2022-08-01,1.6773324548261919
MMR004007,2022-08-01,2.9601966997984483
MMR004008,2022-08-01,0.4375204387359704
MMR004009,2022-08-01,0.262838685988555
MMR005001,2022-08-01,3.9553531221249476
MMR005002,2022-08-01,7.095019243933979
MMR005003,2022-08-01,5.678543961299179
MMR005004,2022-08-01,6.580225427546612
MMR005005,2022-08-01,4.607797220130351
MMR005006,2022-08-01,4.530382476052448
MMR005007,2022-08-01,5.665468528222159
MMR005008,2022-08-01,2.7010931634754605
MMR005009,2022-08-01,8.219438999096226
MMR005010,2022-08-01,5.786531097055647
MMR005011,2022-08-01,4.121361293265247
MMR005012,2022-08-01,7.566074976810179
MMR005013,2022-08-01,6.580225427546612
MMR005014,2022-08-01,7.827772606185846
MMR005015,2022-08-01,8.045457810198693
MMR005016,2022-08-01,6.242094877703825
MMR005017,2022-08-01,7.089798213901928
MMR005018,2022-08-01,8.612865494312846
MMR005019,2022-08-01,7.40905639918478
MMR005020,2022-08-01,1.4519120882643337
MMR005021,2022-08-01,2.2972384628713027
MMR005022,2022-08-01,1.8836276386586364
MMR005023,2022-08-01,1.4423504494195827
MMR005024,2022-08-01,2.128173187949909
MMR005025,2022-08-01,2.240883371230838
MMR005026,2022-08-01,1.7900426381071215
MMR005027,2022-08-01,4.064837001030946
MMR005028,2022-08-01,3.998279915276329
MMR005029,2022-08-01,6.893338946911615
MMR005030,2022-08-01,3.3116301123996656
MMR005031,2022-08-01,3.875181028804311
MMR005032,2022-08-01,2.070424759921182
MMR005033,2022-08-01,-0.49421200796034986
MMR005034,2022-08-01,1.4415942879304324
MMR005035,2022-08-01,-0.9173337703096944
MMR005036,2022-08-01,-1.3910742150705695
MMR005037,2022-08-01,-1.428346664505976
MMR006001,2022-08-01,3.762470845523382
MMR006002,2022-08-01,3.9217178209980723
MMR006003,2022-08-01,3.2358121177283223
MMR006004,2022-08-01,4.401851813286897
MMR006005,2022-08-01,0.6293704453032735
MMR006006,2022-08-01,-0.5366692502553012
MMR006007,2022-08-01,2.582844068403786
MMR006008,2022-08-01,1.057426446781081
MMR006009,2022-08-01,-0.8109686570068293
MMR006010,2022-08-01,-1.085393812871101
MMR007001,2022-08-01,-2.434347010834946
MMR007002,2022-08-01,-1.6341183754869009
MMR007003,2022-08-01,-1.7250041612083045
MMR007004,2022-08-01,-0.5988910597106164
MMR007005,2022-08-01,-1.7250041612083045
MMR007006,2022-08-01,-0.7302291233773993
MMR007007,2022-08-01,-1.786544850202763
MMR007008,2022-08-01,1.9818572721537928
MMR007009,2022-08-01,-0.40780593587099845
MMR007010,2022-08-01,-0.351450844230534
MMR007011,2022-08-01,0.9712947165433826
MMR007012,2022-08-01,-0.07549580095928353
MMR007013,2022-08-01,-1.1095972712637203
MMR007014,2022-08-01,0.8883611718596872
MMR008001,2022-08-01,-1.8166832268826139
MMR008002,2022-08-01,-1.2848314713212512
MMR008003,2022-08-01,-2.0455577011476214
MMR008004,2022-08-01,-0.8796221018901761
MMR008005,2022-08-01,-1.3658424937588967
MMR008006,2022-08-01,-1.7503606289635494
MMR008007,2022-08-01,-1.5403820942249293
MMR008008,2022-08-01,-2.2132863301592356
MMR008009,2022-08-01,-1.153984383198076
MMR008010,2022-08-01,-1.478552677039826
MMR008011,2022-08-01,-0.6804635479292569
MMR008012,2022-08-01,-1.9038013772132407
MMR008013,2022-08-01,-1.8595892410780988
MMR008014,2022-08-01,-1.3658424937588967
MMR009001,2022-08-01,-2.1765844534947663
MMR009002,2022-08-01,-1.6456815772132827
MMR009003,2022-08-01,-0.6512305855857499
MMR009004,2022-08-01,-2.012058258339216
MMR009005,2022-08-01,-1.8166832268826139
MMR009006,2022-08-01,-2.0455577011476214
MMR009007,2022-08-01,-1.6634634722138462
MMR009008,2022-08-01,-1.8027001548386825
MMR009009,2022-08-01,-1.929393410163543
MMR009010,2022-08-01,-0.8082491632111496
MMR009011,2022-08-01,-1.2106058164387918
MMR009012,2022-08-01,-1.478552677039826
MMR009013,2022-08-01,-1.8490984341573087
MMR009014,2022-08-01,-1.478552677039826
MMR009015,2022-08-01,-1.478552677039826
MMR009016,2022-08-01,-1.7584978006116039
MMR009017,2022-08-01,-1.8027001548386825
MMR009018,2022-08-01,2.964153607105357
MMR009019,2022-08-01,4.928746277008486
MMR009020,2022-08-01,6.016674511141967
MMR009021,2022-08-01,5.419894444484268
MMR009022,2022-08-01,1.1701366300620104
MMR009023,2022-08-01,7.671678925530833
MMR009024,2022-08-01,2.804434287635484
MMR009025,2022-08-01,0.9995609372022284
MMR010001,2022-08-01,0.10910386000553471
MMR010002,2022-08-01,0.012055312360498635
MMR010003,2022-08-01,0.1212165086254486
MMR010004,2022-08-01,0.5520013315866574
MMR010005,2022-08-01,0.6979610156302484
MMR010006,2022-08-01,0.704872036716759
MMR010007,2022-08-01,0.8768388315458353
MMR010008,2022-08-01,-0.2950957525900693
MMR010009,2022-08-01,1.808727130545516
MMR010010,2022-08-01,4.164005794926514
MMR010011,2022-08-01,0.24429788661436558
MMR010012,2022-08-01,3.026271671273476
MMR010013,2022-08-01,-1.2106058164387918
MMR010014,2022-08-01,-1.196777218837503
MMR010015,2022-08-01,-0.9713568522756447
MMR010016,2022-08-01,-0.27742429823480547
MMR010017,2022-08-01,1.6209773631857276
MMR010018,2022-08-01,0.6557572199691808
MMR010019,2022-08-01,-0.9650317327009006
MMR010020,2022-08-01,-1.9473280676524651
MMR010021,2022-08-01,3.4835919585497823
MMR010022,2022-08-01,-0.7403531372969696
MMR010023,2022-08-01,-1.9473280676524651
MMR010024,2022-08-01,-1.5403820942249293
MMR010028,2022-08-01,-1.5933420513381495
MMR010029,2022-08-01,-1.1404221271970385
MMR010030,2022-08-01,-1.6526391671669958
MMR010031,2022-08-01,-0.9652677408365496
MMR011001,2022-08-01,-1.0480565822692618
MMR011002,2022-08-01,0.8597047765589496
MMR011003,2022-08-01,-0.7076111104199304
MMR011004,2022-08-01,0.8351421562841984
MMR011005,2022-08-01,-0.49419038131913573
MMR011006,2022-08-01,2.5499064144585724
MMR011007,2022-08-01,-0.05653525796647634
MMR011008,2022-08-01,-0.6738503909092511
MMR011009,2022-08-01,1.2466855782460482
MMR011010,2022-08-01,1.6773324548261919
MMR012001,2022-08-01,-0.5217543304806186
MMR012002,2022-08-01,-0.8634345152858864
MMR012003,2022-08-01,0.1212165086254486
MMR012004,2022-08-01,0.18275719761990708
MMR012005,2022-08-01,-0.7685724657105877
MMR012006,2022-08-01,-1.154203992690132
MMR012007,2022-08-01,-0.8383770295162152
MMR012008,2022-08-01,0.35500816399537355
MMR012009,2022-08-01,0.740757786353368
MMR012010,2022-08-01,1.0010713551406167
MMR012011,2022-08-01,-1.233160733483611
MMR012012,2022-08-01,-0.8435317544470416
MMR012013,2022-08-01,-1.233160733483611
MMR012014,2022-08-01,-2.2132863301592356
MMR012015,2022-08-01,-1.8166832268826139
MMR012016,2022-08-01,-1.7039730436016844
MMR012017,2022-08-01,-2.340246601633091
MMR013001,2022-08-01,0.3248102554550413
MMR013002,2022-08-01,0.3432204060417831
MMR013003,2022-08-01,-1.1404221271970383
MMR013004,2022-08-01,-1.1566449805272128
MMR013005,2022-08-01,-2.2694925985799133
MMR013006,2022-08-01,-1.2269653702122163
MMR013007,2022-08-01,-0.46416102751146315
MMR013009,2022-08-01,-0.7194576489630095
MMR013010,2022-08-01,-1.0840670355565738
MMR013011,2022-08-01,-0.6788124483025112
MMR013012,2022-08-01,-0.01332029438774638
MMR013013,2022-08-01,-0.24802762534130207
MMR013014,2022-08-01,-0.6788124483025112
MMR013015,2022-08-01,-1.3094874021184324
MMR013016,2022-08-01,-1.154203992690132
MMR013017,2022-08-01,-1.4788414052304708
MMR013018,2022-08-01,-0.2848539044598167
MMR013019,2022-08-01,0.0815227766661165
MMR013020,2022-08-01,0.18275719761990708
MMR013021,2022-08-01,-0.30956831433576054
MMR013022,2022-08-01,-2.0372222358670458
MMR013023,2022-08-01,-1.5349077686802906
MMR013024,2022-08-01,-1.154203992690132
MMR013025,2022-08-01,-1.359756094179001
MMR013026,2022-08-01,-1.6019227832193876
MMR013027,2022-08-01,-1.5058921519969617
MMR013028,2022-08-01,-1.0277119439161093
MMR013029,2022-08-01,-0.8109686570068293
MMR013030,2022-08-01,-0.7424409612362262
MMR013031,2022-08-01,-0.5366692502553012
MMR013032,2022-08-01,-0.8435317544470416
MMR013033,2022-08-01,-1.4788414052304708
MMR013034,2022-08-01,-1.7603281352421492
MMR013035,2022-08-01,-1.9597187324640826
MMR013036,2022-08-01,-1.7027089458138758
MMR013037,2022-08-01,-1.355760027241554
MMR013038,2022-08-01,-0.5988910597106164
MMR013039,2022-08-01,-1.3658424937588967
MMR013040,2022-08-01,0.08064588268747361
MMR013041,2022-08-01,-1.017607266711683
MMR013042,2022-08-01,0.11559611605588159
MMR013043,2022-08-01,-1.9907681633244718
MMR013044,2022-08-01,-1.4070650834291047
MMR013046,2022-08-01,0.3955599319169166
MMR013047,2022-08-01,0.21210007217411217
MMR014001,2022-08-01,-1.929393410163543
MMR014002,2022-08-01,-0.12783532683441665
MMR014003,2022-08-01,-1.6456815772132827
MMR014004,2022-08-01,-1.2269653702122163
MMR014005,2022-08-01,-1.9473280676524651
MMR014006,2022-08-01,-1.1711379602581786
MMR014007,2022-08-01,-1.3316444219624828
MMR014008,2022-08-01,-1.8720931966123289
MMR014009,2022-08-01,-1.1123761829436354
MMR014010,2022-08-01,2.964153607105357
MMR014011,2022-08-01,-1.5349077686802906
MMR014012,2022-08-01,-1.4221975853993614
MMR014013,2022-08-01,-1.698021103088416
MMR014014,2022-08-01,-1.929393410163543
MMR014015,2022-08-01,-2.0455577011476214
MMR014016,2022-08-01,-1.64761795196122
MMR014017,2022-08-01,-2.116737310089482
MMR014018,2022-08-01,-1.64761795196122
MMR014019,2022-08-01,-2.438476235128247
MMR014020,2022-08-01,-1.1123761829436354
MMR014021,2022-08-01,-1.7027089458138758
MMR015001,2022-08-01,-2.22303852603734
MMR015002,2022-08-01,-0.5557310703135943
MMR015003,2022-08-01,-1.929393410163543
MMR015004,2022-08-01,-2.3893614183806693
MMR015005,2022-08-01,-2.0984586850849367
MMR015006,2022-08-01,-1.7027089458138758
MMR015007,2022-08-01,-1.4700309558640485
MMR015008,2022-08-01,-2.0984586850849367
MMR015009,2022-08-01,1.3838667188999982
MMR015010,2022-08-01,1.2289489105257005
MMR015011,2022-08-01,-0.03185021449691436
MMR015012,2022-08-01,-0.49421200796034986
MMR015013,2022-08-01,-0.829416349760132
MMR015014,2022-08-01,-2.0372222358670458
MMR015015,2022-08-01,-1.2942193382470955
MMR015016,2022-08-01,-0.6895813940733214
MMR015017,2022-08-01,-0.8082491632111496
MMR015018,2022-08-01,0.4712976814319283
MMR015019,2022-08-01,-0.6658615654292614
MMR015020,2022-08-01,-1.0840670355565738
MMR015021,2022-08-01,-2.0984586850849367
MMR015022,2022-08-01,-0.8018938262914279
MMR015023,2022-08-01,1.1095044375920984
MMR015024,2022-08-01,-2.221416361839749
MMR016001,2022-08-01,-2.2737558877148825
MMR016002,2022-08-01,-2.0984586850849367
MMR016003,2022-08-01,-1.9096262281916798
MMR016005,2022-08-01,-1.9096262281916798
MMR016006,2022-08-01,-2.0984586850849367
MMR016007,2022-08-01,-2.548217033835355
MMR016008,2022-08-01,-2.0984586850849367
MMR016009,2022-08-01,-1.7027089458138758
MMR016010,2022-08-01,-1.9096262281916798
MMR016011,2022-08-01,-1.9096262281916798
MMR017001,2022-08-01,-1.8480855391972213
MMR017002,2022-08-01,-1.9857485018040077
MMR017003,2022-08-01,-2.0421035934444722
MMR017004,2022-08-01,-1.1965877590417768
MMR017005,2022-08-01,-2.064397784214349
MMR017006,2022-08-01,-1.9857485018040077
MMR017007,2022-08-01,-2.1690768359646158
MMR017008,2022-08-01,-1.9073792065889492
MMR017009,2022-08-01,-1.7039730436016844
MMR017010,2022-08-01,-1.8730383185230783
MMR017011,2022-08-01,-1.8730383185230783
MMR017012,2022-08-01,-1.8730383185230783
MMR017013,2022-08-01,-1.8550396807138156
MMR017014,2022-08-01,-1.786544850202763
MMR017015,2022-08-01,-1.9857485018040077
MMR017016,2022-08-01,-1.6341183754869009
MMR017017,2022-08-01,-2.340246601633091
MMR017018,2022-08-01,-1.8480855391972213
MMR017019,2022-08-01,-1.698021103088416
MMR017020,2022-08-01,-2.3893614183806693
MMR017021,2022-08-01,-1.698021103088416
MMR017022,2022-08-01,-2.064397784214349
MMR017023,2022-08-01,-1.2911655238520259
MMR017024,2022-08-01,-1.428346664505976
MMR017025,2022-08-01,-2.143787334642778
MMR017026,2022-08-01,-0.9962905111031736
MMR018001,2022-08-01,-1.786544850202763
MMR018002,2022-08-01,-1.786544850202763
MMR018003,2022-08-01,-2.2420169681379343
MMR018004,2022-08-01,-1.786544850202763
MMR018005,2022-08-01,-2.0421035934444722
MMR018006,2022-08-01,-0.7829622772175586
MMR018007,2022-08-01,-1.526227437898736
MMR018008,2022-08-01,-2.1690768359646158
MMR001001,2022-09-01,-0.873600815794053
MMR001002,2022-09-01,-0.7519316728773257
MMR001003,2022-09-01,-1.2674420321084028
MMR001004,2022-09-01,-0.33528009029772027
MMR001005,2022-09-01,-1.1966321314105641
MMR001006,2022-09-01,-1.6458066883748805
MMR001007,2022-09-01,3.5327952538591636
MMR001008,2022-09-01,1.032815662049598
MMR001009,2022-09-01,0.23868356288343687
MMR001010,2022-09-01,-0.9211843531364778
MMR001011,2022-09-01,1.1876664032633673
MMR001012,2022-09-01,-0.6367866835272015
MMR001013,2022-09-01,-1.342954504416447
MMR001014,2022-09-01,-1.7882365770284425
MMR001015,2022-09-01,-1.5612298129061828
MMR001016,2022-09-01,-1.8458090717035045
MMR001017,2022-09-01,-1.6458066883748805
MMR001018,2022-09-01,-2.028331000246397
MMR002001,2022-09-01,2.467538936983471
MMR002002,2022-09-01,4.775027815928631
MMR002003,2022-09-01,3.1910746218432204
MMR002004,2022-09-01,0.16922824192366726
MMR002005,2022-09-01,2.698693008661628
MMR002006,2022-09-01,1.55671528563334
MMR002007,2022-09-01,0.7925694780028372
MMR003001,2022-09-01,1.4566861730459923
MMR003002,2022-09-01,3.681150417102453
MMR003003,2022-09-01,1.4467788212516504
MMR003004,2022-09-01,2.471449100639531
MMR003005,2022-09-01,2.910106675120329
MMR003006,2022-09-01,1.8730428990933168
MMR003007,2022-09-01,2.894551529193481
MMR004001,2022-09-01,2.472128028926149
MMR004002,2022-09-01,3.2965171596632126
MMR004003,2022-09-01,0.4075627148905659
MMR004004,2022-09-01,1.8192541796355604
MMR004005,2022-09-01,2.7176032935641934
MMR004006,2022-09-01,1.7148790923633284
MMR004007,2022-09-01,2.4049052278638476
MMR004008,2022-09-01,1.6621578234533325
MMR004009,2022-09-01,2.191851819545977
MMR005001,2022-09-01,3.793547307935103
MMR005002,2022-09-01,7.937908432888705
MMR005003,2022-09-01,6.038023142983011
MMR005004,2022-09-01,4.245500000043143
MMR005005,2022-09-01,2.9801895462032357
MMR005006,2022-09-01,3.3841978305231146
MMR005007,2022-09-01,5.086566552639667
MMR005008,2022-09-01,2.9243737943486394
MMR005009,2022-09-01,6.32715858110839
MMR005010,2022-09-01,4.657278213980161
MMR005011,2022-09-01,4.487165342553321
MMR005012,2022-09-01,7.497226761692034
MMR005013,2022-09-01,6.617957100992969
MMR005014,2022-09-01,7.839979172622778
MMR005015,2022-09-01,8.674086588482817
MMR005016,2022-09-01,6.3543507564429875
MMR005017,2022-09-01,5.546045081702157
MMR005018,2022-09-01,8.133766953420556
MMR005019,2022-09-01,5.5386415563735
MMR005020,2022-09-01,2.7693044705632515
MMR005021,2022-09-01,3.4019596974832043
MMR005022,2022-09-01,3.1108088776709577
MMR005023,2022-09-01,1.2297541046727278
MMR005024,2022-09-01,1.8730428990933168
MMR005025,2022-09-01,2.347534319283282
MMR005026,2022-09-01,1.2931089410833596
MMR005027,2022-09-01,3.0143614949565247
MMR005028,2022-09-01,3.450860438402205
MMR005029,2022-09-01,6.189315022389643
MMR005030,2022-09-01,2.294813050373286
MMR005031,2022-09-01,3.0329108151132322
MMR005032,2022-09-01,1.376647995071618
MMR005033,2022-09-01,-0.7777957307787694
MMR005034,2022-09-01,1.1809990556084982
MMR005035,2022-09-01,-1.0515767603546138
MMR005036,2022-09-01,-1.347038940786306
MMR005037,2022-09-01,-1.5174711006707902
MMR006001,2022-09-01,3.243795890753216
MMR006002,2022-09-01,3.1026100566764643
MMR006003,2022-09-01,2.2684287365998768
MMR006004,2022-09-01,4.129294758309187
MMR006005,2022-09-01,0.6642338902987467
MMR006006,2022-09-01,0.02255595177829468
MMR006007,2022-09-01,1.7812580928254051
MMR006008,2022-09-01,1.240387672173363
MMR006009,2022-09-01,-0.1645257173808683
MMR006010,2022-09-01,-0.2982830174819313
MMR007001,2022-09-01,-2.32124635703097
MMR007002,2022-09-01,-1.5174711006707902
MMR007003,2022-09-01,-1.5579465983281944
MMR007004,2022-09-01,-1.0715835115765493
MMR007005,2022-09-01,-1.4428016089780702
MMR007006,2022-09-01,-0.33761524533816417
MMR007007,2022-09-01,-1.5003741036531322
MMR007008,2022-09-01,2.283747525358475
MMR007009,2022-09-01,-1.290233235506451
MMR007010,2022-09-01,-1.342954504416447
MMR007011,2022-09-01,1.9152589265342146
MMR007012,2022-09-01,0.3483907622793874
MMR007013,2022-09-01,-1.2125116302778218
MMR007014,2022-09-01,0.7131749830734021
MMR008001,2022-09-01,-1.817445924606412
MMR008002,2022-09-01,-1.7008268393580053
MMR008003,2022-09-01,-2.081298500735184
MMR008004,2022-09-01,-0.8116253682982929
MMR008005,2022-09-01,-1.290233235506451
MMR008006,2022-09-01,-1.757088333438036
MMR008007,2022-09-01,-1.5579465983281944
MMR008008,2022-09-01,-2.2798850558527723
MMR008009,2022-09-01,-1.3891355129666998
MMR008010,2022-09-01,-1.6065608489664278
MMR008011,2022-09-01,-0.6083834897070753
MMR008012,2022-09-01,-1.783549441714401
MMR008013,2022-09-01,-2.0317172487835866
MMR008014,2022-09-01,-1.290233235506451
MMR009001,2022-09-01,-2.247208611490821
MMR009002,2022-09-01,-1.9039822238369262
MMR009003,2022-09-01,-0.48400794998098917
MMR009004,2022-09-01,-2.0019114841028527
MMR009005,2022-09-01,-1.764724655696416
MMR009006,2022-09-01,-2.081298500735184
MMR009007,2022-09-01,-1.6155190930032564
MMR009008,2022-09-01,-1.9529468539698893
MMR009009,2022-09-01,-1.71200338678642
MMR009010,2022-09-01,-1.1205481417095127
MMR009011,2022-09-01,-0.5650193548289655
MMR009012,2022-09-01,-1.5538395800564315
MMR009013,2022-09-01,-1.8515592362039386
MMR009014,2022-09-01,-1.342954504416447
MMR009015,2022-09-01,-1.5011183111464355
MMR009016,2022-09-01,-2.160291260132175
MMR009017,2022-09-01,-1.8060529635709996
MMR009018,2022-09-01,3.0648610247647086
MMR009019,2022-09-01,5.591992934608406
MMR009020,2022-09-01,5.5108104538830505
MMR009021,2022-09-01,4.718983729389675
MMR009022,2022-09-01,1.1349451343533714
MMR009023,2022-09-01,6.053398443259909
MMR009024,2022-09-01,1.7148790923633284
MMR009025,2022-09-01,0.0782505858585211
MMR010001,2022-09-01,-0.46065239949122927
MMR010002,2022-09-01,-0.42661860518602174
MMR010003,2022-09-01,-0.003489242101518807
MMR010004,2022-09-01,0.2268007365987296
MMR010005,2022-09-01,0.27922712718647547
MMR010006,2022-09-01,-0.013645119953976985
MMR010007,2022-09-01,0.17672047998169543
MMR010008,2022-09-01,-0.07764405057653995
MMR010009,2022-09-01,1.7194004060023613
MMR010010,2022-09-01,3.4331624606560776
MMR010011,2022-09-01,0.1692282419236675
MMR010012,2022-09-01,2.098658956441498
MMR010013,2022-09-01,-1.3920807071414483
MMR010014,2022-09-01,-1.1847906976864586
MMR010015,2022-09-01,-1.1847906976864586
MMR010016,2022-09-01,-0.6109672077352145
MMR010017,2022-09-01,2.6638619327432593
MMR010018,2022-09-01,1.3188426143272451
MMR010019,2022-09-01,-0.6109672077352145
MMR010020,2022-09-01,-1.8056113832976897
MMR010021,2022-09-01,3.5800563510549686
MMR010022,2022-09-01,0.22680073659872935
MMR010023,2022-09-01,-1.9894027949226858
MMR010024,2022-09-01,-1.7306640823533803
MMR010028,2022-09-01,-1.610194443039146
MMR010029,2022-09-01,-0.9211843531364778
MMR010030,2022-09-01,-1.8056113832976897
MMR010031,2022-09-01,-1.316406662241366
MMR011001,2022-09-01,-1.0973666409276979
MMR011002,2022-09-01,0.28437323127379144
MMR011003,2022-09-01,-0.8153420505240555
MMR011004,2022-09-01,1.2417440349671536
MMR011005,2022-09-01,-0.46406919950201514
MMR011006,2022-09-01,3.1026100566764643
MMR011007,2022-09-01,-0.04161184207375052
MMR011008,2022-09-01,-0.2982830174819313
MMR011009,2022-09-01,0.02255595177829468
MMR011010,2022-09-01,1.7676003612733249
MMR012001,2022-09-01,-0.2547142335531051
MMR012002,2022-09-01,0.6873806939992259
MMR012003,2022-09-01,2.2994105449009634
MMR012004,2022-09-01,2.241838050225901
MMR012005,2022-09-01,0.8134162323585058
MMR012006,2022-09-01,0.05640641626423221
MMR012007,2022-09-01,0.7211963222355394
MMR012008,2022-09-01,3.1667778505285096
MMR012009,2022-09-01,3.8235492167683067
MMR012010,2022-09-01,4.192778731133147
MMR012011,2022-09-01,-1.1993078505704597
MMR012012,2022-09-01,-0.8153420505240555
MMR012013,2022-09-01,-1.1993078505704597
MMR012014,2022-09-01,-1.4112977311106223
MMR012015,2022-09-01,-1.817445924606412
MMR012016,2022-09-01,-1.6065608489664278
MMR012017,2022-09-01,-2.127246353641433
MMR013001,2022-09-01,0.5550111763434137
MMR013002,2022-09-01,0.9359663238749476
MMR013003,2022-09-01,-0.39397166403651673
MMR013004,2022-09-01,-0.6439867416200357
MMR013005,2022-09-01,-2.0733739087735286
MMR013006,2022-09-01,-1.0715835115765493
MMR013007,2022-09-01,0.13324102506344468
MMR013009,2022-09-01,-0.6109672077352145
MMR013010,2022-09-01,-0.8684630842264818
MMR013011,2022-09-01,-0.5216416941770772
MMR013012,2022-09-01,0.4495686385234215
MMR013013,2022-09-01,-0.2913517154768291
MMR013014,2022-09-01,-0.5792141888521393
MMR013015,2022-09-01,-1.290233235506451
MMR013016,2022-09-01,-1.0515767603546138
MMR013017,2022-09-01,-1.4428016089780702
MMR013018,2022-09-01,-0.33711405958209933
MMR013019,2022-09-01,0.15253224174753416
MMR013020,2022-09-01,0.11165574724860514
MMR013021,2022-09-01,0.054083252573543295
MMR013022,2022-09-01,-1.8560805303769128
MMR013023,2022-09-01,-1.0793481598664663
MMR013024,2022-09-01,-0.6083834897070753
MMR013025,2022-09-01,-0.8116253682982929
MMR013026,2022-09-01,-1.0973666409276979
MMR013027,2022-09-01,-1.8249107428925986
MMR013028,2022-09-01,-1.2375119665964547
MMR013029,2022-09-01,-0.7958453305865257
MMR013030,2022-09-01,-1.0041287498544285
MMR013031,2022-09-01,-0.7474575744462477
MMR013032,2022-09-01,-0.8153420505240555
MMR013033,2022-09-01,-1.4428016089780702
MMR013034,2022-09-01,-1.6592821178764239
MMR013035,2022-09-01,-1.8060529635709996
MMR013036,2022-09-01,-1.5816388945228355
MMR013037,2022-09-01,-1.270084124952884
MMR013038,2022-09-01,-1.1205481417095127
MMR013039,2022-09-01,-1.290233235506451
MMR013040,2022-09-01,-0.23411522362988613
MMR013041,2022-09-01,-0.9736542513106227
MMR013042,2022-09-01,0.13715619341862936
MMR013043,2022-09-01,-1.8560805303769128
MMR013044,2022-09-01,-1.3461328542351991
MMR013046,2022-09-01,-0.14125553905024577
MMR013047,2022-09-01,-0.23580785730652834
MMR014001,2022-09-01,-1.5538395800564315
MMR014002,2022-09-01,0.6421785430771674
MMR014003,2022-09-01,-1.316406662241366
MMR014004,2022-09-01,-0.5329725801139527
MMR014005,2022-09-01,-1.8515592362039386
MMR014006,2022-09-01,-1.6730915876783186
MMR014007,2022-09-01,-1.610194443039146
MMR014008,2022-09-01,-1.6036724153562802
MMR014009,2022-09-01,-0.8866543251727088
MMR014010,2022-09-01,3.202704583483456
MMR014011,2022-09-01,-1.4483970422364394
MMR014012,2022-09-01,-1.290233235506451
MMR014013,2022-09-01,-1.7081237033050727
MMR014014,2022-09-01,-1.9228884624264044
MMR014015,2022-09-01,-1.8975070891101877
MMR014016,2022-09-01,-1.5011183111464355
MMR014017,2022-09-01,-2.0998407443687794
MMR014018,2022-09-01,-1.5011183111464355
MMR014019,2022-09-01,-2.3569856181726783
MMR014020,2022-09-01,-0.5650193548289655
MMR014021,2022-09-01,-1.6458066883748805
MMR015001,2022-09-01,-1.5518698006216503
MMR015002,2022-09-01,-0.06106173677658065
MMR015003,2022-09-01,-1.71200338678642
MMR015004,2022-09-01,-2.219142059453931
MMR015005,2022-09-01,-2.028331000246397
MMR015006,2022-09-01,-1.6458066883748805
MMR015007,2022-09-01,-1.4209044858942288
MMR015008,2022-09-01,-2.028331000246397
MMR015009,2022-09-01,0.9850728595589727
MMR015010,2022-09-01,0.9752431673745362
MMR015011,2022-09-01,-0.013645119953976985
MMR015012,2022-09-01,-0.6798664705128428
MMR015013,2022-09-01,-0.4654029086385702
MMR015014,2022-09-01,-1.5518698006216503
MMR015015,2022-09-01,-0.6367866835272015
MMR015016,2022-09-01,-0.5521354707665048
MMR015017,2022-09-01,-0.8267603609117326
MMR015018,2022-09-01,0.9252747130997717
MMR015019,2022-09-01,-0.5840717075466693
MMR015020,2022-09-01,-0.8157418153164856
MMR015021,2022-09-01,-1.8701671935164084
MMR015022,2022-09-01,-0.8095041675523875
MMR015023,2022-09-01,0.7925694780028372
MMR015024,2022-09-01,-2.197770004634706
MMR016001,2022-09-01,-2.197770004634706
MMR016002,2022-09-01,-2.028331000246397
MMR016003,2022-09-01,-1.8458090717035045
MMR016005,2022-09-01,-1.8458090717035045
MMR016006,2022-09-01,-2.028331000246397
MMR016007,2022-09-01,-2.5079606655667606
MMR016008,2022-09-01,-2.028331000246397
MMR016009,2022-09-01,-1.6458066883748805
MMR016010,2022-09-01,-1.8458090717035045
MMR016011,2022-09-01,-1.8458090717035045
MMR017001,2022-09-01,-1.7306640823533803
MMR017002,2022-09-01,-1.764724655696416
MMR017003,2022-09-01,-1.817445924606412
MMR017004,2022-09-01,-1.066410879103236
MMR017005,2022-09-01,-1.9529468539698893
MMR017006,2022-09-01,-1.817445924606412
MMR017007,2022-09-01,-1.9039822238369262
MMR017008,2022-09-01,-1.9529468539698893
MMR017009,2022-09-01,-1.817445924606412
MMR017010,2022-09-01,-1.764724655696416
MMR017011,2022-09-01,-1.9228884624264044
MMR017012,2022-09-01,-1.9228884624264044
MMR017013,2022-09-01,-1.9039822238369262
MMR017014,2022-09-01,-1.6155190930032564
MMR017015,2022-09-01,-1.817445924606412
MMR017016,2022-09-01,-1.5816388945228355
MMR017017,2022-09-01,-2.173194206547682
MMR017018,2022-09-01,-1.7882365770284425
MMR017019,2022-09-01,-1.8550175937039628
MMR017020,2022-09-01,-2.219142059453931
MMR017021,2022-09-01,-1.8550175937039628
MMR017022,2022-09-01,-2.0998407443687794
MMR017023,2022-09-01,-1.3891355129666998
MMR017024,2022-09-01,-1.5174711006707902
MMR017025,2022-09-01,-2.173194206547682
MMR017026,2022-09-01,-1.1254423054625367
MMR018001,2022-09-01,-1.6730915876783186
MMR018002,2022-09-01,-1.7306640823533803
MMR018003,2022-09-01,-2.081298500735184
MMR018004,2022-09-01,-1.7306640823533803
MMR018005,2022-09-01,-1.9756097313364005
MMR018006,2022-09-01,-0.9869070167904487
MMR018007,2022-09-01,-2.2037499358114983
MMR018008,2022-09-01,-2.0998407443687794
MMR001001,2022-10-01,-0.42315161355006664
MMR001002,2022-10-01,0.2261347419239233
MMR001003,2022-10-01,-1.3740023501018463
MMR001004,2022-10-01,-0.5699657746589606
MMR001005,2022-10-01,-1.3973562606364536
MMR001006,2022-10-01,-1.590782253090325
MMR001007,2022-10-01,3.1980093659161812
MMR001008,2022-10-01,0.5732252760397125
MMR001009,2022-10-01,-0.3977861772233281
MMR001010,2022-10-01,0.23790117620862475
MMR001011,2022-10-01,0.8735885296405779
MMR001012,2022-10-01,0.34183158662918645
MMR001013,2022-10-01,-0.34481223110399883
MMR001014,2022-10-01,-1.8564084627708113
MMR001015,2022-10-01,-1.5707995617049755
MMR001016,2022-10-01,-1.8564084627708113
MMR001017,2022-10-01,-1.6552575839082821
MMR001018,2022-10-01,-1.987004560803211
MMR002001,2022-10-01,1.4614291806793087
MMR002002,2022-10-01,2.8871621701449737
MMR002003,2022-10-01,1.2444061524758836
MMR002004,2022-10-01,0.052589474866028864
MMR002005,2022-10-01,0.6923683717310081
MMR002006,2022-10-01,0.8735885296405779
MMR002007,2022-10-01,0.9882309796279617
MMR003001,2022-10-01,2.0616140538474337
MMR003002,2022-10-01,4.738311685429181
MMR003003,2022-10-01,1.6696657637839445
MMR003004,2022-10-01,1.9638429715727674
MMR003005,2022-10-01,4.469898843797648
MMR003006,2022-10-01,3.41633794336839
MMR003007,2022-10-01,4.628312603793589
MMR004001,2022-10-01,1.0938610772133963
MMR004002,2022-10-01,1.1914322063565546
MMR004003,2022-10-01,-0.23680030591322446
MMR004004,2022-10-01,0.9237556488100046
MMR004005,2022-10-01,1.6974596186254907
MMR004006,2022-10-01,1.1384582602372253
MMR004007,2022-10-01,0.9875641891357018
MMR004008,2022-10-01,1.7211716675498485
MMR004009,2022-10-01,4.554689680853492
MMR005001,2022-10-01,4.551685127804734
MMR005002,2022-10-01,9.794239408375725
MMR005003,2022-10-01,7.018566279482791
MMR005004,2022-10-01,4.263921081277661
MMR005005,2022-10-01,3.628233727845708
MMR005006,2022-10-01,4.283917483488113
MMR005007,2022-10-01,3.769832539018251
MMR005008,2022-10-01,2.062668404332234
MMR005009,2022-10-01,5.339546822688732
MMR005010,2022-10-01,3.8411237573810726
MMR005011,2022-10-01,3.6391916607291828
MMR005012,2022-10-01,8.072263806848346
MMR005013,2022-10-01,5.641243680380226
MMR005014,2022-10-01,8.56425683585617
MMR005015,2022-10-01,10.091055154403898
MMR005016,2022-10-01,5.959087357096203
MMR005017,2022-10-01,2.938807330016232
MMR005018,2022-10-01,8.072263806848346
MMR005019,2022-10-01,3.8411237573810726
MMR005020,2022-10-01,1.9330674520271667
MMR005021,2022-10-01,2.9395724282944258
MMR005022,2022-10-01,2.8003031285158952
MMR005023,2022-10-01,0.7415676746317907
MMR005024,2022-10-01,1.1384582602372253
MMR005025,2022-10-01,2.039015344265825
MMR005026,2022-10-01,0.39682301456661306
MMR005027,2022-10-01,1.447027392764961
MMR005028,2022-10-01,1.325254766623922
MMR005029,2022-10-01,2.938807330016232
MMR005030,2022-10-01,0.44979696068594255
MMR005031,2022-10-01,0.6616927451632604
MMR005032,2022-10-01,0.39717255432631493
MMR005033,2022-10-01,-1.0788065326971528
MMR005034,2022-10-01,0.8612443075111836
MMR005035,2022-10-01,-1.2806247799755612
MMR005036,2022-10-01,-1.3548443404588657
MMR005037,2022-10-01,-1.590782253090325
MMR006001,2022-10-01,4.42284291963565
MMR006002,2022-10-01,2.922490904166677
MMR006003,2022-10-01,4.0185715280719485
MMR006004,2022-10-01,4.598849505433563
MMR006005,2022-10-01,1.7619349494434478
MMR006006,2022-10-01,0.34347767144839003
MMR006007,2022-10-01,2.945010592497605
MMR006008,2022-10-01,2.5687548054591196
MMR006009,2022-10-01,0.01482885206935059
MMR006010,2022-10-01,0.34347767144839003
MMR007001,2022-10-01,-2.1686520194440924
MMR007002,2022-10-01,-1.3973562606364536
MMR007003,2022-10-01,-1.3936210839497594
MMR007004,2022-10-01,-0.734411412391677
MMR007005,2022-10-01,-1.162227394539233
MMR007006,2022-10-01,-0.30212968793427175
MMR007007,2022-10-01,-1.162227394539233
MMR007008,2022-10-01,2.7079669941823377
MMR007009,2022-10-01,-1.4572650996099168
MMR007010,2022-10-01,-1.4042911534905873
MMR007011,2022-10-01,1.8239523384490002
MMR007012,2022-10-01,0.24957464562396808
MMR007013,2022-10-01,-1.4514695063023906
MMR007014,2022-10-01,0.131953283969966
MMR008001,2022-10-01,-1.616186937967905
MMR008002,2022-10-01,-1.3790208834444142
MMR008003,2022-10-01,-1.9088397224955471
MMR008004,2022-10-01,-0.30127563673118163
MMR008005,2022-10-01,-0.8215777461779638
MMR008006,2022-10-01,-1.521600258804193
MMR008007,2022-10-01,-1.4514695063023906
MMR008008,2022-10-01,-2.1270924859704254
MMR008009,2022-10-01,-1.3973562606364536
MMR008010,2022-10-01,-1.6691608840872347
MMR008011,2022-10-01,-0.6868682961091261
MMR008012,2022-10-01,-1.6283780842864177
MMR008013,2022-10-01,-2.002413885549424
MMR008014,2022-10-01,-1.245369315132599
MMR009001,2022-10-01,-2.0420258413943437
MMR009002,2022-10-01,-1.3740023501018463
MMR009003,2022-10-01,-0.09482047468150774
MMR009004,2022-10-01,-2.11199189361358
MMR009005,2022-10-01,-1.5102390457292463
MMR009006,2022-10-01,-1.677999386661653
MMR009007,2022-10-01,-1.6250147733602853
MMR009008,2022-10-01,-1.718397470407322
MMR009009,2022-10-01,-1.351317207371258
MMR009010,2022-10-01,-1.1772051384987172
MMR009011,2022-10-01,0.35339556867661637
MMR009012,2022-10-01,-1.8280827224452227
MMR009013,2022-10-01,-1.7241674538284317
MMR009014,2022-10-01,-1.351317207371258
MMR009015,2022-10-01,-1.7221348302065638
MMR009016,2022-10-01,-2.085692801455265
MMR009017,2022-10-01,-1.9643939849112333
MMR009018,2022-10-01,2.938807330016232
MMR009019,2022-10-01,6.493748501858203
MMR009020,2022-10-01,4.899608434709614
MMR009021,2022-10-01,3.8621686733518086
MMR009022,2022-10-01,1.2444061524758843
MMR009023,2022-10-01,3.1980093659161812
MMR009024,2022-10-01,1.2973800985952135
MMR009025,2022-10-01,0.3995636358433952
MMR010001,2022-10-01,-0.464209614659213
MMR010002,2022-10-01,-0.43022629836709597
MMR010003,2022-10-01,-0.3523494816023919
MMR010004,2022-10-01,-0.17880421454449716
MMR010005,2022-10-01,-0.17232497509526729
MMR010006,2022-10-01,0.03021909850916441
MMR010007,2022-10-01,0.3736867192871258
MMR010008,2022-10-01,0.1849272300892955
MMR010009,2022-10-01,2.7095397906630807
MMR010010,2022-10-01,4.382316089289678
MMR010011,2022-10-01,-0.2945010592497603
MMR010012,2022-10-01,1.8443336040276288
MMR010013,2022-10-01,-1.40099098366098
MMR010014,2022-10-01,-0.9275256384166225
MMR010015,2022-10-01,-0.8745516922972931
MMR010016,2022-10-01,0.26105943434305867
MMR010017,2022-10-01,3.7341816200843674
MMR010018,2022-10-01,1.4614291806793087
MMR010019,2022-10-01,0.1225552328427221
MMR010020,2022-10-01,-1.3086548493274222
MMR010021,2022-10-01,5.07110632990063
MMR010022,2022-10-01,0.4575284313344493
MMR010023,2022-10-01,-1.8165035881619895
MMR010024,2022-10-01,-1.3357726615971275
MMR010028,2022-10-01,-1.0788065326971528
MMR010029,2022-10-01,-0.5567080155813167
MMR010030,2022-10-01,-1.7703355209952107
MMR010031,2022-10-01,-1.1772051384987174
MMR011001,2022-10-01,-0.930833705128707
MMR011002,2022-10-01,1.0938610772133963
MMR011003,2022-10-01,-0.8200240782481627
MMR011004,2022-10-01,2.9869662349846338
MMR011005,2022-10-01,0.39968000898181777
MMR011006,2022-10-01,4.0185715280719485
MMR011007,2022-10-01,0.6013789947202187
MMR011008,2022-10-01,0.15005167899451854
MMR011009,2022-10-01,0.2790023406304329
MMR011010,2022-10-01,2.674702697697778
MMR012001,2022-10-01,0.01482885206935059
MMR012002,2022-10-01,4.622614840723919
MMR012003,2022-10-01,3.5234948160239203
MMR012004,2022-10-01,4.391221151313393
MMR012005,2022-10-01,1.092084643345078
MMR012006,2022-10-01,1.2428402764567883
MMR012007,2022-10-01,1.391279397423397
MMR012008,2022-10-01,4.856750828705391
MMR012009,2022-10-01,5.770233465938356
MMR012010,2022-10-01,6.22395708769285
MMR012011,2022-10-01,-0.38999005417590865
MMR012012,2022-10-01,-0.8200240782481627
MMR012013,2022-10-01,-0.38999005417590865
MMR012014,2022-10-01,-0.6725088143920706
MMR012015,2022-10-01,-1.7221348302065638
MMR012016,2022-10-01,-1.2983432612519286
MMR012017,2022-10-01,-2.0935119911626625
MMR013001,2022-10-01,0.39682301456661306
MMR013002,2022-10-01,0.49557116012787944
MMR013003,2022-10-01,-0.3977861772233284
MMR013004,2022-10-01,-1.1844493985133913
MMR013005,2022-10-01,-1.998358881333423
MMR013006,2022-10-01,-1.1772051384987172
MMR013007,2022-10-01,-0.13291644662668134
MMR013009,2022-10-01,-0.8931422448264126
MMR013010,2022-10-01,-0.7156298539393047
MMR013011,2022-10-01,-0.3523494816023919
MMR013012,2022-10-01,0.131953283969966
MMR013013,2022-10-01,-0.930833705128707
MMR013014,2022-10-01,-0.9886821274813385
MMR013015,2022-10-01,-1.245369315132599
MMR013016,2022-10-01,-1.0579660985256483
MMR013017,2022-10-01,-1.4514695063023906
MMR013018,2022-10-01,-0.9804079268955883
MMR013019,2022-10-01,-0.1932190804830722
MMR013020,2022-10-01,-0.3523494816023919
MMR013021,2022-10-01,-0.699440015718181
MMR013022,2022-10-01,-1.86735800115066
MMR013023,2022-10-01,-1.351317207371258
MMR013024,2022-10-01,-0.9095269775590394
MMR013025,2022-10-01,-1.0105042757287104
MMR013026,2022-10-01,-1.162227394539233
MMR013027,2022-10-01,-2.0439734190230907
MMR013028,2022-10-01,-1.5632129918485755
MMR013029,2022-10-01,-0.891378774390961
MMR013030,2022-10-01,-1.2039302681825819
MMR013031,2022-10-01,-1.2039302681825819
MMR013032,2022-10-01,-0.8200240782481627
MMR013033,2022-10-01,-1.4514695063023906
MMR013034,2022-10-01,-1.6691608840872347
MMR013035,2022-10-01,-1.9151946820104513
MMR013036,2022-10-01,-1.590782253090325
MMR013037,2022-10-01,-1.3357726615971275
MMR013038,2022-10-01,-1.3248030472010641
MMR013039,2022-10-01,-1.2983432612519286
MMR013040,2022-10-01,-0.043374313459352956
MMR013041,2022-10-01,-0.734411412391677
MMR013042,2022-10-01,-0.06360625009142569
MMR013043,2022-10-01,-1.7800240810288175
MMR013044,2022-10-01,-1.077814513493528
MMR013046,2022-10-01,-0.48841489788776565
MMR013047,2022-10-01,-0.5567080155813167
MMR014001,2022-10-01,-1.4042911534905873
MMR014002,2022-10-01,0.839966280433355
MMR014003,2022-10-01,-1.128005835597935
MMR014004,2022-10-01,-0.537614200788548
MMR014005,2022-10-01,-1.7703355209952107
MMR014006,2022-10-01,-1.5671663510076537
MMR014007,2022-10-01,-1.3248030472010641
MMR014008,2022-10-01,-1.4152390645342212
MMR014009,2022-10-01,-0.754638043326076
MMR014010,2022-10-01,1.646101449346424
MMR014011,2022-10-01,-1.5632129918485755
MMR014012,2022-10-01,-1.2983432612519286
MMR014013,2022-10-01,-1.8167960762088868
MMR014014,2022-10-01,-1.9340306146838817
MMR014015,2022-10-01,-1.7241674538284317
MMR014016,2022-10-01,-1.0864474767746108
MMR014017,2022-10-01,-2.11199189361358
MMR014018,2022-10-01,-1.5632129918485755
MMR014019,2022-10-01,-2.18584812549622
MMR014020,2022-10-01,-0.754638043326076
MMR014021,2022-10-01,-1.590782253090325
MMR015001,2022-10-01,-1.2996875203586862
MMR015002,2022-10-01,0.11043789721866043
MMR015003,2022-10-01,-1.7221348302065638
MMR015004,2022-10-01,-2.232016192662999
MMR015005,2022-10-01,-2.0399785069225405
MMR015006,2022-10-01,-1.6552575839082821
MMR015007,2022-10-01,-1.4290639009421702
MMR015008,2022-10-01,-2.0399785069225405
MMR015009,2022-10-01,0.4724283330843044
MMR015010,2022-10-01,0.5732252760397125
MMR015011,2022-10-01,-0.20062123732472983
MMR015012,2022-10-01,-0.8820093210940239
MMR015013,2022-10-01,-0.03334567859197611
MMR015014,2022-10-01,-1.0813527200540811
MMR015015,2022-10-01,-0.5258947486602863
MMR015016,2022-10-01,-0.34481223110399883
MMR015017,2022-10-01,-0.8328100181932416
MMR015018,2022-10-01,0.49065784213907626
MMR015019,2022-10-01,-0.6725088143920702
MMR015020,2022-10-01,-0.7156298539393047
MMR015021,2022-10-01,-1.7751087763258935
MMR015022,2022-10-01,-0.7572884380708125
MMR015023,2022-10-01,0.40795300226634723
MMR015024,2022-10-01,-2.161191196514362
MMR016001,2022-10-01,-2.161191196514362
MMR016002,2022-10-01,-1.987004560803211
MMR016003,2022-10-01,-1.8564084627708113
MMR016005,2022-10-01,-1.8564084627708113
MMR016006,2022-10-01,-1.9340306146838817
MMR016007,2022-10-01,-2.4350284819426333
MMR016008,2022-10-01,-1.9340306146838817
MMR016009,2022-10-01,-1.6552575839082821
MMR016010,2022-10-01,-1.8564084627708113
MMR016011,2022-10-01,-1.8564084627708113
MMR017001,2022-10-01,-1.682863195712917
MMR017002,2022-10-01,-1.7751087763258935
MMR017003,2022-10-01,-1.7751087763258935
MMR017004,2022-10-01,-0.891378774390961
MMR017005,2022-10-01,-2.0135932878120157
MMR017006,2022-10-01,-1.8810566685645522
MMR017007,2022-10-01,-1.9643939849112333
MMR017008,2022-10-01,-2.0135932878120157
MMR017009,2022-10-01,-1.7751087763258935
MMR017010,2022-10-01,-1.8280827224452227
MMR017011,2022-10-01,-1.8810566685645522
MMR017012,2022-10-01,-1.8280827224452227
MMR017013,2022-10-01,-2.11199189361358
MMR017014,2022-10-01,-1.682863195712917
MMR017015,2022-10-01,-1.8810566685645522
MMR017016,2022-10-01,-1.5263069222723677
MMR017017,2022-10-01,-2.1396800583294415
MMR017018,2022-10-01,-1.682863195712917
MMR017019,2022-10-01,-1.8659953791096688
MMR017020,2022-10-01,-2.18584812549622
MMR017021,2022-10-01,-2.0135932878120157
MMR017022,2022-10-01,-2.0627925907127977
MMR017023,2022-10-01,-1.5263069222723677
MMR017024,2022-10-01,-1.5263069222723677
MMR017025,2022-10-01,-2.0935119911626625
MMR017026,2022-10-01,-1.2806247799755612
MMR018001,2022-10-01,-1.7407116180655482
MMR018002,2022-10-01,-1.8564084627708113
MMR018003,2022-10-01,-2.232016192662999
MMR018004,2022-10-01,-1.8564084627708113
MMR018005,2022-10-01,-2.0399785069225405
MMR018006,2022-10-01,-1.03768575999316
MMR018007,2022-10-01,-2.216693681638028
MMR018008,2022-10-01,-2.2103904994151446
MMR001001,2022-11-01,-0.2925633173843608
MMR001002,2022-11-01,0.04941295476957689
MMR001003,2022-11-01,-1.6723072220117372
MMR001004,2022-11-01,-0.06255338730075793
MMR001005,2022-11-01,-1.3597463716022344
MMR001006,2022-11-01,-1.4850861209398705
MMR001007,2022-11-01,3.1061426806364087
MMR001008,2022-11-01,1.230212184263253
MMR001009,2022-11-01,0.7957631218609786
MMR001010,2022-11-01,0.2808575724215218
MMR001011,2022-11-01,-0.028085757242152155
MMR001012,2022-11-01,0.21809855898295907
MMR001013,2022-11-01,-0.18255742207398915
MMR001014,2022-11-01,-1.7499001568398342
MMR001015,2022-11-01,-1.8157720530162103
MMR001016,2022-11-01,-1.8061286915776285
MMR001017,2022-11-01,-1.6104258702775067
MMR001018,2022-11-01,-1.8817457352241962
MMR002001,2022-11-01,1.1042032714829468
MMR002002,2022-11-01,2.5796970179703114
MMR002003,2022-11-01,0.7957631218609786
MMR002004,2022-11-01,0.44301269793413545
MMR002005,2022-11-01,0.7665949050643058
MMR002006,2022-11-01,0.3323481273654676
MMR002007,2022-11-01,0.26967036978703546
MMR003001,2022-11-01,1.8670826253030615
MMR003002,2022-11-01,3.591810643250606
MMR003003,2022-11-01,0.9414892100314086
MMR003004,2022-11-01,0.5924908309160993
MMR003005,2022-11-01,3.7165134765720294
MMR003006,2022-11-01,3.2673097591703706
MMR003007,2022-11-01,4.257572459506486
MMR004001,2022-11-01,1.3988977884766352
MMR004002,2022-11-01,1.3106686713004352
MMR004003,2022-11-01,0.45767999379348967
MMR004004,2022-11-01,0.9590389911440342
MMR004005,2022-11-01,0.5830197431311258
MMR004006,2022-11-01,0.2808575724215218
MMR004007,2022-11-01,0.6709516843946574
MMR004008,2022-11-01,0.53831034714125
MMR004009,2022-11-01,3.392841332943291
MMR005001,2022-11-01,5.780126379619055
MMR005002,2022-11-01,9.135376713658573
MMR005003,2022-11-01,6.253761945919219
MMR005004,2022-11-01,5.790346951423708
MMR005005,2022-11-01,5.120969737152415
MMR005006,2022-11-01,6.2660800935691086
MMR005007,2022-11-01,4.649348503941127
MMR005008,2022-11-01,2.214814780975526
MMR005009,2022-11-01,5.995606187153094
MMR005010,2022-11-01,4.544502121515432
MMR005011,2022-11-01,4.154095990628545
MMR005012,2022-11-01,7.748550013948665
MMR005013,2022-11-01,4.657554742656903
MMR005014,2022-11-01,8.561517389640677
MMR005015,2022-11-01,9.291704687612015
MMR005016,2022-11-01,5.6358752865918715
MMR005017,2022-11-01,2.136334161945455
MMR005018,2022-11-01,8.704982220645151
MMR005019,2022-11-01,4.879253393859202
MMR005020,2022-11-01,1.5166308910762176
MMR005021,2022-11-01,2.494951435011185
MMR005022,2022-11-01,2.4055856985878483
MMR005023,2022-11-01,0.7665949050643058
MMR005024,2022-11-01,1.9285553306277832
MMR005025,2022-11-01,2.08302699545962
MMR005026,2022-11-01,0.6412914570291416
MMR005027,2022-11-01,1.3232675568723615
MMR005028,2022-11-01,1.1177551147876648
MMR005029,2022-11-01,2.719712491337307
MMR005030,2022-11-01,-0.18255742207398915
MMR005031,2022-11-01,0.12638590758968485
MMR005032,2022-11-01,0.5274868533901842
MMR005033,2022-11-01,-0.046372470627708405
MMR005034,2022-11-01,1.4632053203394713
MMR005035,2022-11-01,-0.9575110528045521
MMR005036,2022-11-01,-1.318217271326815
MMR005037,2022-11-01,-1.4850861209398705
MMR006001,2022-11-01,5.3784225118721425
MMR006002,2022-11-01,2.71379548187094
MMR006003,2022-11-01,5.032580844617209
MMR006004,2022-11-01,3.4658339778967573
MMR006005,2022-11-01,3.403164103227939
MMR006006,2022-11-01,1.1470486151504884
MMR006007,2022-11-01,4.603924268530898
MMR006008,2022-11-01,3.7307247536658816
MMR006009,2022-11-01,0.10142911042386359
MMR006010,2022-11-01,0.9590389911440342
MMR007001,2022-11-01,-2.1507688227795914
MMR007002,2022-11-01,-1.3597463716022344
MMR007003,2022-11-01,-1.3563004136752759
MMR007004,2022-11-01,-0.47676696364112775
MMR007005,2022-11-01,-1.075157739986305
MMR007006,2022-11-01,-1.2236223681962914
MMR007007,2022-11-01,-1.3000718789374814
MMR007008,2022-11-01,1.6427063447677337
MMR007009,2022-11-01,-0.8519346363452828
MMR007010,2022-11-01,-0.8519346363452828
MMR007011,2022-11-01,0.43184363272053516
MMR007012,2022-11-01,-1.1462695083286691
MMR007013,2022-11-01,-1.1876148094618935
MMR007014,2022-11-01,-0.6459724165695001
MMR008001,2022-11-01,-1.572802405560522
MMR008002,2022-11-01,-1.1408745263691398
MMR008003,2022-11-01,-1.812688375476315
MMR008004,2022-11-01,-0.48236812623878145
MMR008005,2022-11-01,-0.8519346363452828
MMR008006,2022-11-01,-1.4810207806724398
MMR008007,2022-11-01,-1.2438433441996875
MMR008008,2022-11-01,-1.8276026479282468
MMR008009,2022-11-01,-1.1090668729269622
MMR008010,2022-11-01,-1.5213118506165764
MMR008011,2022-11-01,-0.9575110528045521
MMR008012,2022-11-01,-1.7468111042154109
MMR008013,2022-11-01,-1.8679984197846646
MMR008014,2022-11-01,-1.263859075896848
MMR009001,2022-11-01,-1.7749386746493763
MMR009002,2022-11-01,-1.0506262876590204
MMR009003,2022-11-01,-0.28548052230183035
MMR009004,2022-11-01,-1.8635936633510348
MMR009005,2022-11-01,-1.2123685209529025
MMR009006,2022-11-01,-1.3639358144056595
MMR009007,2022-11-01,-1.4125289484130696
MMR009008,2022-11-01,-1.5288423910072642
MMR009009,2022-11-01,-1.315349630840794
MMR009010,2022-11-01,-1.3853775600027909
MMR009011,2022-11-01,-0.1074286434078235
MMR009012,2022-11-01,-1.9332362901681417
MMR009013,2022-11-01,-1.4536863266197906
MMR009014,2022-11-01,-1.2638590758968482
MMR009015,2022-11-01,-1.7787646253363047
MMR009016,2022-11-01,-1.9022712317437878
MMR009017,2022-11-01,-1.8157720530162103
MMR009018,2022-11-01,3.572342357371553
MMR009019,2022-11-01,6.44435874822375
MMR009020,2022-11-01,5.893328061311601
MMR009021,2022-11-01,4.424972223405799
MMR009022,2022-11-01,1.3621592262443807
MMR009023,2022-11-01,3.1061426806364087
MMR009024,2022-11-01,1.5681214460201636
MMR009025,2022-11-01,0.5208249420910944
MMR010001,2022-11-01,-0.01967488464666886
MMR010002,2022-11-01,-0.106348878225873
MMR010003,2022-11-01,-0.17550118418159946
MMR010004,2022-11-01,-0.06304411470601116
MMR010005,2022-11-01,0.018990871111763147
MMR010006,2022-11-01,0.4310744298769633
MMR010007,2022-11-01,1.1721014263775005
MMR010008,2022-11-01,0.7442725669170326
MMR010009,2022-11-01,4.353215680176134
MMR010010,2022-11-01,6.505188145243231
MMR010011,2022-11-01,-0.7377865315595405
MMR010012,2022-11-01,2.257258966673663
MMR010013,2022-11-01,-1.6331873510480528
MMR010014,2022-11-01,-0.9549157462331742
MMR010015,2022-11-01,-1.0578968561210655
MMR010016,2022-11-01,0.47594968598402887
MMR010017,2022-11-01,3.1128380943385334
MMR010018,2022-11-01,1.5080805764465368
MMR010019,2022-11-01,0.11694763712750433
MMR010020,2022-11-01,-1.2741853021915281
MMR010021,2022-11-01,4.783610173189553
MMR010022,2022-11-01,0.21809855898295907
MMR010023,2022-11-01,-1.7678131193692495
MMR010024,2022-11-01,-1.1876148094618935
MMR010028,2022-11-01,-1.2419127289983178
MMR010029,2022-11-01,-0.8004440814013372
MMR010030,2022-11-01,-1.9024388876904461
MMR010031,2022-11-01,-1.2897343393331422
MMR011001,2022-11-01,-0.40041532313277606
MMR011002,2022-11-01,1.4551263232144296
MMR011003,2022-11-01,-0.7978141907939335
MMR011004,2022-11-01,2.776465356539758
MMR011005,2022-11-01,0.9490695105742825
MMR011006,2022-11-01,3.2778243538903027
MMR011007,2022-11-01,1.1470486151504884
MMR011008,2022-11-01,0.08166074578058122
MMR011009,2022-11-01,1.2723883644881246
MMR011010,2022-11-01,2.8553853196188053
MMR012001,2022-11-01,2.0392589569429402
MMR012002,2022-11-01,5.672266428548987
MMR012003,2022-11-01,2.5796970179703114
MMR012004,2022-11-01,4.828838407482076
MMR012005,2022-11-01,0.07207238102043877
MMR012006,2022-11-01,0.990302527215667
MMR012007,2022-11-01,0.4131725775800463
MMR012008,2022-11-01,4.656561596604301
MMR012009,2022-11-01,4.092376006507126
MMR012010,2022-11-01,5.893328061311601
MMR012011,2022-11-01,-0.23609861576002653
MMR012012,2022-11-01,-0.7978141907939335
MMR012013,2022-11-01,-0.23609861576002653
MMR012014,2022-11-01,-0.9792914389434678
MMR012015,2022-11-01,-1.572802405560522
MMR012016,2022-11-01,-1.1608779660089568
MMR012017,2022-11-01,-1.9473141437975117
MMR013001,2022-11-01,-0.33702908690582617
MMR013002,2022-11-01,-0.47676696364112775
MMR013003,2022-11-01,-1.0578968561210655
MMR013004,2022-11-01,-1.5622614893222975
MMR013005,2022-11-01,-1.9447154174419252
MMR013006,2022-11-01,-1.2419127289983178
MMR013007,2022-11-01,-0.8004440814013372
MMR013009,2022-11-01,-1.3639358144056595
MMR013010,2022-11-01,-1.0064063011771198
MMR013011,2022-11-01,-0.6815579968217466
MMR013012,2022-11-01,-0.4400101967937174
MMR013013,2022-11-01,-1.1313862747240993
MMR013014,2022-11-01,-1.3000718789374817
MMR013015,2022-11-01,-1.315349630840794
MMR013016,2022-11-01,-1.1739347839179097
MMR013017,2022-11-01,-1.581214552626452
MMR013018,2022-11-01,-1.2897343393331422
MMR013019,2022-11-01,-0.7636966256500742
MMR013020,2022-11-01,-0.8502436010351287
MMR013021,2022-11-01,-1.3000718789374814
MMR013022,2022-11-01,-2.0296037888382
MMR013023,2022-11-01,-1.5213118506165764
MMR013024,2022-11-01,-1.318217271326815
MMR013025,2022-11-01,-1.2970764969334163
MMR013026,2022-11-01,-1.4687574831508639
MMR013027,2022-11-01,-1.7468111042154109
MMR013028,2022-11-01,-1.1608779660089568
MMR013029,2022-11-01,-0.955568987677451
MMR013030,2022-11-01,-0.7330476249140537
MMR013031,2022-11-01,-0.7957174995828717
MMR013032,2022-11-01,-0.7978141907939335
MMR013033,2022-11-01,-1.581214552626452
MMR013034,2022-11-01,-1.8302551802802505
MMR013035,2022-11-01,-2.007058494355508
MMR013036,2022-11-01,-1.6104258702775067
MMR013037,2022-11-01,-1.4125289484130696
MMR013038,2022-11-01,-1.002804677324196
MMR013039,2022-11-01,-1.4183307407286851
MMR013040,2022-11-01,-0.4196982515699634
MMR013041,2022-11-01,-1.0506262876590204
MMR013042,2022-11-01,-0.6440117727348901
MMR013043,2022-11-01,-1.9447154174419252
MMR013044,2022-11-01,-1.408811070512725
MMR013046,2022-11-01,-0.42894535330630357
MMR013047,2022-11-01,-0.5944818616255544
MMR014001,2022-11-01,-1.7272740703923593
MMR014002,2022-11-01,0.43184363272053516
MMR014003,2022-11-01,-1.6723072220117372
MMR014004,2022-11-01,-0.5245885739759523
MMR014005,2022-11-01,-1.9473141437975117
MMR014006,2022-11-01,-1.4687574831508639
MMR014007,2022-11-01,-1.5288423910072642
MMR014008,2022-11-01,-1.7259515509295058
MMR014009,2022-11-01,-1.2741853021915281
MMR014010,2022-11-01,1.4183300642324057
MMR014011,2022-11-01,-1.8817457352241962
MMR014012,2022-11-01,-1.7272740703923593
MMR014013,2022-11-01,-2.054880104690332
MMR014014,2022-11-01,-1.9332362901681417
MMR014015,2022-11-01,-1.9473141437975117
MMR014016,2022-11-01,-1.3668401857847394
MMR014017,2022-11-01,-2.1027017150251566
MMR014018,2022-11-01,-1.624292960504468
MMR014019,2022-11-01,-2.126815168225774
MMR014020,2022-11-01,-0.6459317166926103
MMR014021,2022-11-01,-1.5477559956086886
MMR015001,2022-11-01,-1.4778293747624154
MMR015002,2022-11-01,-0.11927264944380556
MMR015003,2022-11-01,-1.5213118506165764
MMR015004,2022-11-01,-1.9921893999045772
MMR015005,2022-11-01,-1.9332362901681417
MMR015006,2022-11-01,-1.5477559956086886
MMR015007,2022-11-01,-1.3903585150312674
MMR015008,2022-11-01,-1.9332362901681417
MMR015009,2022-11-01,0.45767999379348967
MMR015010,2022-11-01,0.33055562845854736
MMR015011,2022-11-01,-0.15230389951488907
MMR015012,2022-11-01,-1.1940911186634935
MMR015013,2022-11-01,0.3048264245593496
MMR015014,2022-11-01,-1.3504968176680034
MMR015015,2022-11-01,-0.8502436010351287
MMR015016,2022-11-01,-1.0578968561210653
MMR015017,2022-11-01,-1.2419127289983178
MMR015018,2022-11-01,0.007717124672388812
MMR015019,2022-11-01,-1.1812702982255578
MMR015020,2022-11-01,-0.49150075173766317
MMR015021,2022-11-01,-1.3668401857847394
MMR015022,2022-11-01,-0.7377865315595405
MMR015023,2022-11-01,0.5830197431311258
MMR015024,2022-11-01,-2.054880104690332
MMR016001,2022-11-01,-2.1027017150251566
MMR016002,2022-11-01,-1.9332362901681417
MMR016003,2022-11-01,-1.7499001568398342
MMR016005,2022-11-01,-1.8061286915776285
MMR016006,2022-11-01,-1.8817457352241962
MMR016007,2022-11-01,-2.369157274423298
MMR016008,2022-11-01,-1.8817457352241962
MMR016009,2022-11-01,-1.6104258702775067
MMR016010,2022-11-01,-1.8061286915776285
MMR016011,2022-11-01,-1.8061286915776285
MMR017001,2022-11-01,-1.524986017888658
MMR017002,2022-11-01,-1.7272740703923593
MMR017003,2022-11-01,-1.7272740703923593
MMR017004,2022-11-01,-0.6913194631521223
MMR017005,2022-11-01,-2.1027017150251566
MMR017006,2022-11-01,-1.9847268451120874
MMR017007,2022-11-01,-2.150523325359981
MMR017008,2022-11-01,-1.9592368840206835
MMR017009,2022-11-01,-1.572802405560522
MMR017010,2022-11-01,-1.9332362901681417
MMR017011,2022-11-01,-1.6757835154484133
MMR017012,2022-11-01,-1.624292960504468
MMR017013,2022-11-01,-1.9114152736858592
MMR017014,2022-11-01,-1.7499001568398342
MMR017015,2022-11-01,-1.9332362901681417
MMR017016,2022-11-01,-1.4224162462710526
MMR017017,2022-11-01,-2.0819399121187083
MMR017018,2022-11-01,-1.4687574831508639
MMR017019,2022-11-01,-1.3853775600027909
MMR017020,2022-11-01,-2.2614409365469705
MMR017021,2022-11-01,-1.6244856116769129
MMR017022,2022-11-01,-2.007058494355508
MMR017023,2022-11-01,-1.3597463716022344
MMR017024,2022-11-01,-1.2344066222645982
MMR017025,2022-11-01,-1.9024388876904461
MMR017026,2022-11-01,-1.1739347839179097
MMR018001,2022-11-01,-1.7499001568398342
MMR018002,2022-11-01,-1.8061286915776285
MMR018003,2022-11-01,-2.216565680439905
MMR018004,2022-11-01,-1.8061286915776285
MMR018005,2022-11-01,-1.9847268451120874
MMR018006,2022-11-01,-1.2231642605735917
MMR018007,2022-11-01,-1.9022712317437878
MMR018008,2022-11-01,-2.150523325359981
MMR001001,2022-12-01,-0.6361674842046853
MMR001002,2022-12-01,-0.5625151130518873
MMR001003,2022-12-01,-1.423505749408302
MMR001004,2022-12-01,0.5624732799410695
MMR001005,2022-12-01,-1.142271257931427
MMR001006,2022-12-01,-1.3424923176609087
MMR001007,2022-12-01,2.5082436447546335
MMR001008,2022-12-01,1.9524718117542936
MMR001009,2022-12-01,1.4436540037865992
MMR001010,2022-12-01,-0.5852381907615564
MMR001011,2022-12-01,-0.2562286456996932
MMR001012,2022-12-01,-0.44275383091825965
MMR001013,2022-12-01,-1.0239175841773738
MMR001014,2022-12-01,-1.3409634469204672
MMR001015,2022-12-01,-1.423505749408302
MMR001016,2022-12-01,-1.5804860111877226
MMR001017,2022-12-01,-1.4092326709040692
MMR001018,2022-12-01,-1.6819366743011
MMR002001,2022-12-01,1.1359527311683186
MMR002002,2022-12-01,2.910562068823315
MMR002003,2022-12-01,1.3888190796096223
MMR002004,2022-12-01,-0.023589343450562843
MMR002005,2022-12-01,1.3265888358536173
MMR002006,2022-12-01,0.7856349136628731
MMR002007,2022-12-01,0.592977926390748
MMR003001,2022-12-01,3.4298705360773147
MMR003002,2022-12-01,4.287816813360034
MMR003003,2022-12-01,1.1070131682452462
MMR003004,2022-12-01,0.9848677606053334
MMR003005,2022-12-01,3.929995588548777
MMR003006,2022-12-01,3.472546198334755
MMR003007,2022-12-01,4.331321808639788
MMR004001,2022-12-01,1.2339041189525277
MMR004002,2022-12-01,1.662993700494508
MMR004003,2022-12-01,-0.14116595928401832
MMR004004,2022-12-01,1.2603814588223539
MMR004005,2022-12-01,1.060160399092872
MMR004006,2022-12-01,0.017945975185192576
MMR004007,2022-12-01,0.20617993074690935
MMR004008,2022-12-01,0.12761582353914686
MMR004009,2022-12-01,0.46689337140319476
MMR005001,2022-12-01,5.717513445792262
MMR005002,2022-12-01,9.016668139086022
MMR005003,2022-12-01,6.652971800599432
MMR005004,2022-12-01,6.598136876422455
MMR005005,2022-12-01,6.981981345661295
MMR005006,2022-12-01,7.285127103921109
MMR005007,2022-12-01,6.822957289171871
MMR005008,2022-12-01,3.5930672394715786
MMR005009,2022-12-01,8.30444587150893
MMR005010,2022-12-01,6.011935166299851
MMR005011,2022-12-01,5.006384506161799
MMR005012,2022-12-01,7.234199426416259
MMR005013,2022-12-01,5.665943165413843
MMR005014,2022-12-01,8.456463686532667
MMR005015,2022-12-01,9.339883085271314
MMR005016,2022-12-01,5.994952710475706
MMR005017,2022-12-01,3.668820307422002
MMR005018,2022-12-01,9.882438656668478
MMR005019,2022-12-01,7.030488716396857
MMR005020,2022-12-01,1.937168321379394
MMR005021,2022-12-01,1.992003245556371
MMR005022,2022-12-01,4.242299758649251
MMR005023,2022-12-01,0.15525225324205885
MMR005024,2022-12-01,3.362876349980801
MMR005025,2022-12-01,2.1565080180873024
MMR005026,2022-12-01,0.12761582353914686
MMR005027,2022-12-01,2.074062433134539
MMR005028,2022-12-01,2.491397581355619
MMR005029,2022-12-01,4.0989298958424385
MMR005030,2022-12-01,1.2791492312556678
MMR005031,2022-12-01,1.553323852140554
MMR005032,2022-12-01,0.20617993074690935
MMR005033,2022-12-01,0.5626736732808618
MMR005034,2022-12-01,0.9925828683615063
MMR005035,2022-12-01,-0.9093511054424722
MMR005036,2022-12-01,-1.2166586986795596
MMR005037,2022-12-01,-1.142271257931427
MMR006001,2022-12-01,6.323962255537569
MMR006002,2022-12-01,3.5295534690898136
MMR006003,2022-12-01,6.3993886585457185
MMR006004,2022-12-01,3.5295534690898136
MMR006005,2022-12-01,3.8632552353056164
MMR006006,2022-12-01,0.9934200458497114
MMR006007,2022-12-01,5.2459070704290545
MMR006008,2022-12-01,3.9660605159275497
MMR006009,2022-12-01,0.041501285628265265
MMR006010,2022-12-01,0.7264586328770691
MMR007001,2022-12-01,-1.7116555466408854
MMR007002,2022-12-01,-1.0087905514451059
MMR007003,2022-12-01,-1.0415602415863978
MMR007004,2022-12-01,-0.15031381178704317
MMR007005,2022-12-01,-0.8619183183859565
MMR007006,2022-12-01,-1.3195581973570063
MMR007007,2022-12-01,-1.2212021647868394
MMR007008,2022-12-01,1.7572221366645049
MMR007009,2022-12-01,-0.2562286456996932
MMR007010,2022-12-01,-0.3658984940536475
MMR007011,2022-12-01,0.6645290282905625
MMR007012,2022-12-01,-1.3216503943986013
MMR007013,2022-12-01,-0.7421570362523288
MMR007014,2022-12-01,-0.4207334182306248
MMR008001,2022-12-01,-1.5174319017701683
MMR008002,2022-12-01,-1.023343186681717
MMR008003,2022-12-01,-1.7314445249679262
MMR008004,2022-12-01,-1.0755309046882664
MMR008005,2022-12-01,-1.2980922050622599
MMR008006,2022-12-01,-1.6272164594277034
MMR008007,2022-12-01,-0.9816796005195841
MMR008008,2022-12-01,-1.6256165016459894
MMR008009,2022-12-01,-1.0755309046882664
MMR008010,2022-12-01,-1.4625969775931913
MMR008011,2022-12-01,-1.0630049020610157
MMR008012,2022-12-01,-1.8837336366306772
MMR008013,2022-12-01,-1.8837336366306772
MMR008014,2022-12-01,-1.3529271292392369
MMR009001,2022-12-01,-1.5146438523207042
MMR009002,2022-12-01,-1.0670120068743496
MMR009003,2022-12-01,0.3589629632614605
MMR009004,2022-12-01,-1.5253611044180027
MMR009005,2022-12-01,-1.3529271292392369
MMR009006,2022-12-01,-1.4924947536232391
MMR009007,2022-12-01,-1.1014408826532118
MMR009008,2022-12-01,-1.270722716893751
MMR009009,2022-12-01,-1.2432572808852826
MMR009010,2022-12-01,-0.7614459418452474
MMR009011,2022-12-01,-0.4889057139755535
MMR009012,2022-12-01,-1.4625969775931913
MMR009013,2022-12-01,-1.3969148450853643
MMR009014,2022-12-01,-1.1884223567083054
MMR009015,2022-12-01,-1.4625969775931913
MMR009016,2022-12-01,-1.5146438523207042
MMR009017,2022-12-01,-1.4744334269131523
MMR009018,2022-12-01,5.91494815806206
MMR009019,2022-12-01,8.68676550566043
MMR009020,2022-12-01,8.956038616032474
MMR009021,2022-12-01,6.536217563558247
MMR009022,2022-12-01,2.7048572598570737
MMR009023,2022-12-01,4.316282969282875
MMR009024,2022-12-01,2.266177866441257
MMR009025,2022-12-01,0.8970029598236314
MMR010001,2022-12-01,-0.06425522404048181
MMR010002,2022-12-01,-0.07442560604085774
MMR010003,2022-12-01,0.09617193868306492
MMR010004,2022-12-01,0.2758138618835063
MMR010005,2022-12-01,0.3260165134181057
MMR010006,2022-12-01,0.9925828683615063
MMR010007,2022-12-01,1.8901779583762532
MMR010008,2022-12-01,0.8953047620168273
MMR010009,2022-12-01,3.8729727110961356
MMR010010,2022-12-01,6.877705683882306
MMR010011,2022-12-01,0.45545578508394796
MMR010012,2022-12-01,4.135479036830051
MMR010013,2022-12-01,-1.5402847078921766
MMR010014,2022-12-01,-0.7497429632924879
MMR010015,2022-12-01,-0.8045778874694652
MMR010016,2022-12-01,1.0403728226304436
MMR010017,2022-12-01,4.240235136812435
MMR010018,2022-12-01,2.8563910848500655
MMR010019,2022-12-01,0.3713134628653199
MMR010020,2022-12-01,-1.3491248908164268
MMR010021,2022-12-01,5.095236971212543
MMR010022,2022-12-01,0.8746202725516449
MMR010023,2022-12-01,-1.827024433505801
MMR010024,2022-12-01,-1.3409634469204672
MMR010028,2022-12-01,-1.5253611044180027
MMR010029,2022-12-01,-0.8594128116464423
MMR010030,2022-12-01,-1.6836545706989887
MMR010031,2022-12-01,-1.1179396843791998
MMR011001,2022-12-01,-0.14335062558419034
MMR011002,2022-12-01,3.0303233509569423
MMR011003,2022-12-01,-0.6981419286216288
MMR011004,2022-12-01,1.9277849912539595
MMR011005,2022-12-01,0.7548589904180171
MMR011006,2022-12-01,2.394967463956084
MMR011007,2022-12-01,1.060160399092872
MMR011008,2022-12-01,-0.007685252797697165
MMR011009,2022-12-01,1.6608235782813172
MMR011010,2022-12-01,3.033866804918938
MMR012001,2022-12-01,1.6361739731253042
MMR012002,2022-12-01,1.7728298885538523
MMR012003,2022-12-01,0.5153364261507616
MMR012004,2022-12-01,1.89259117068748
MMR012005,2022-12-01,-0.8234353938581154
MMR012006,2022-12-01,0.01257167426878997
MMR012007,2022-12-01,-0.37156281727756924
MMR012008,2022-12-01,1.99452534449712
MMR012009,2022-12-01,0.9344944539800519
MMR012010,2022-12-01,2.3758477147952117
MMR012011,2022-12-01,-0.8325242071332003
MMR012012,2022-12-01,-0.6981419286216288
MMR012013,2022-12-01,-0.8325242071332003
MMR012014,2022-12-01,-1.3674993666613013
MMR012015,2022-12-01,-1.5174319017701683
MMR012016,2022-12-01,-1.2432572808852826
MMR012017,2022-12-01,-1.7314445249679262
MMR013001,2022-12-01,-0.5304032665845793
MMR013002,2022-12-01,-0.6086629093306963
MMR013003,2022-12-01,-0.9690826600003968
MMR013004,2022-12-01,-1.238995326449403
MMR013005,2022-12-01,-1.5146438523207042
MMR013006,2022-12-01,-1.270722716893751
MMR013007,2022-12-01,-0.8045778874694652
MMR013009,2022-12-01,-0.9668052566649276
MMR013010,2022-12-01,-0.9690826600003968
MMR013011,2022-12-01,-0.682276395185515
MMR013012,2022-12-01,-0.2562286456996932
MMR013013,2022-12-01,-0.9816796005195841
MMR013014,2022-12-01,-0.9816796005195841
MMR013015,2022-12-01,-1.2432572808852826
MMR013016,2022-12-01,-0.986178003751744
MMR013017,2022-12-01,-1.4008440879872808
MMR013018,2022-12-01,-0.8123736193500977
MMR013019,2022-12-01,-0.6086629093306963
MMR013020,2022-12-01,-0.5026344719850735
MMR013021,2022-12-01,-0.9816796005195841
MMR013022,2022-12-01,-1.7406487678867342
MMR013023,2022-12-01,-1.3529271292392369
MMR013024,2022-12-01,-1.1398318003702879
MMR013025,2022-12-01,-1.2090116111745877
MMR013026,2022-12-01,-1.2810828058536534
MMR013027,2022-12-01,-1.6256165016459894
MMR013028,2022-12-01,-1.1884223567083054
MMR013029,2022-12-01,-0.990345747458054
MMR013030,2022-12-01,-0.8085694917156241
MMR013031,2022-12-01,-0.7418291384724636
MMR013032,2022-12-01,-0.6981419286216288
MMR013033,2022-12-01,-1.4008440879872808
MMR013034,2022-12-01,-1.627101750124123
MMR013035,2022-12-01,-1.6781441369325538
MMR013036,2022-12-01,-1.3424923176609087
MMR013037,2022-12-01,-1.2810828058536534
MMR013038,2022-12-01,-0.8123736193500977
MMR013039,2022-12-01,-1.2432572808852826
MMR013040,2022-12-01,-0.4748677254998212
MMR013041,2022-12-01,-1.1179396843791998
MMR013042,2022-12-01,-0.5376993901912125
MMR013043,2022-12-01,-1.695447784773528
MMR013044,2022-12-01,-1.3969148450853643
MMR013046,2022-12-01,-0.5068075543209957
MMR013047,2022-12-01,-0.6400731149385336
MMR014001,2022-12-01,-1.5174319017701683
MMR014002,2022-12-01,0.10432457573720867
MMR014003,2022-12-01,-1.6781441369325538
MMR014004,2022-12-01,-0.5068075543209956
MMR014005,2022-12-01,-1.7792344792368635
MMR014006,2022-12-01,-1.4008440879872808
MMR014007,2022-12-01,-1.423505749408302
MMR014008,2022-12-01,-1.7310628327074242
MMR014009,2022-12-01,-1.3013349365474896
MMR014010,2022-12-01,1.7572221366645049
MMR014011,2022-12-01,-1.6819366743011
MMR014012,2022-12-01,-1.627101750124123
MMR014013,2022-12-01,-1.8309271694471048
MMR014014,2022-12-01,-1.6819366743011
MMR014015,2022-12-01,-1.827024433505801
MMR014016,2022-12-01,-1.5174319017701683
MMR014017,2022-12-01,-1.8309271694471048
MMR014018,2022-12-01,-1.7367715984780772
MMR014019,2022-12-01,-2.018184250581551
MMR014020,2022-12-01,-0.8712253481270528
MMR014021,2022-12-01,-1.4092326709040692
MMR015001,2022-12-01,-1.5146438523207042
MMR015002,2022-12-01,-0.322992548784632
MMR015003,2022-12-01,-1.2432572808852826
MMR015004,2022-12-01,-1.6836545706989887
MMR015005,2022-12-01,-1.6819366743011
MMR015006,2022-12-01,-1.3424923176609087
MMR015007,2022-12-01,-1.2166586986795596
MMR015008,2022-12-01,-1.6819366743011
MMR015009,2022-12-01,0.25927616017494515
MMR015010,2022-12-01,-0.08346998451737672
MMR015011,2022-12-01,-0.29774589689980385
MMR015012,2022-12-01,-0.04845845677734249
MMR015013,2022-12-01,0.6098023539999798
MMR015014,2022-12-01,-1.0174330380754377
MMR015015,2022-12-01,-0.322992548784632
MMR015016,2022-12-01,-0.0917238731687617
MMR015017,2022-12-01,0.30803528575661004
MMR015018,2022-12-01,0.8358072695660099
MMR015019,2022-12-01,-0.16295273673275723
MMR015020,2022-12-01,-0.31106356987667055
MMR015021,2022-12-01,-1.1335874325313282
MMR015022,2022-12-01,-0.7421570362523288
MMR015023,2022-12-01,0.4594972199044269
MMR015024,2022-12-01,-1.8309271694471048
MMR016001,2022-12-01,-1.8818548469519552
MMR016002,2022-12-01,-1.7367715984780772
MMR016003,2022-12-01,-1.5206053701209086
MMR016005,2022-12-01,-1.5804860111877226
MMR016006,2022-12-01,-1.7367715984780772
MMR016007,2022-12-01,-2.1474576159055885
MMR016008,2022-12-01,-1.7367715984780772
MMR016009,2022-12-01,-1.4092326709040692
MMR016010,2022-12-01,-1.5804860111877226
MMR016011,2022-12-01,-1.5804860111877226
MMR017001,2022-12-01,-1.2810828058536534
MMR017002,2022-12-01,-1.4625969775931913
MMR017003,2022-12-01,-1.4625969775931913
MMR017004,2022-12-01,-0.6151286445175743
MMR017005,2022-12-01,-1.8818548469519552
MMR017006,2022-12-01,-1.7367715984780772
MMR017007,2022-12-01,-1.8309271694471048
MMR017008,2022-12-01,-1.8309271694471048
MMR017009,2022-12-01,-1.407762053416214
MMR017010,2022-12-01,-1.7367715984780772
MMR017011,2022-12-01,-1.5722668259471457
MMR017012,2022-12-01,-1.5174319017701683
MMR017013,2022-12-01,-1.729071814437404
MMR017014,2022-12-01,-1.5206053701209086
MMR017015,2022-12-01,-1.6819366743011
MMR017016,2022-12-01,-1.2090116111745877
MMR017017,2022-12-01,-1.827024433505801
MMR017018,2022-12-01,-1.2810828058536534
MMR017019,2022-12-01,-1.3725780719034517
MMR017020,2022-12-01,-2.018184250581551
MMR017021,2022-12-01,-1.423505749408302
MMR017022,2022-12-01,-1.8309271694471048
MMR017023,2022-12-01,-1.0755309046882664
MMR017024,2022-12-01,-1.0087905514451059
MMR017025,2022-12-01,-1.6358646164300514
MMR017026,2022-12-01,-0.9093511054424722
MMR018001,2022-12-01,-1.4008440879872808
MMR018002,2022-12-01,-1.3409634469204672
MMR018003,2022-12-01,-1.827024433505801
MMR018004,2022-12-01,-1.4008440879872808
MMR018005,2022-12-01,-1.5174319017701683
MMR018006,2022-12-01,-1.1982369705282618
MMR018007,2022-12-01,-1.2886389367546738
MMR018008,2022-12-01,-1.6781441369325538
MMR001001,2023-01-01,-0.9707903962016924
MMR001002,2023-01-01,-0.6756415214686775
MMR001003,2023-01-01,-1.413272607213907
MMR001004,2023-01-01,0.2704617194485597
MMR001005,2023-01-01,-1.217151410038419
MMR001006,2023-01-01,-1.5441295648028919
MMR001007,2023-01-01,1.7659729874896604
MMR001008,2023-01-01,1.671323763633044
MMR001009,2023-01-01,1.2133228791240112
MMR001010,2023-01-01,-1.097070525971228
MMR001011,2023-01-01,-0.29111933814730717
MMR001012,2023-01-01,-0.5582932572135915
MMR001013,2023-01-01,-1.4731810802890575
MMR001014,2023-01-01,-1.379731106999194
MMR001015,2023-01-01,-1.413272607213907
MMR001016,2023-01-01,-1.673101767636909
MMR001017,2023-01-01,-1.5441295648028919
MMR001018,2023-01-01,-1.849291634606887
MMR002001,2023-01-01,0.6450781619166592
MMR002002,2023-01-01,1.9646944242707596
MMR002003,2023-01-01,1.4819732750653183
MMR002004,2023-01-01,-0.7929897857237636
MMR002005,2023-01-01,0.532888151917591
MMR002006,2023-01-01,0.5148318496766134
MMR002007,2023-01-01,-0.040030052886317335
MMR003001,2023-01-01,2.9864309273422815
MMR003002,2023-01-01,3.372873595331793
MMR003003,2023-01-01,1.190199760834345
MMR003004,2023-01-01,1.615541720575176
MMR003005,2023-01-01,4.733851006674985
MMR003006,2023-01-01,3.631176442595773
MMR003007,2023-01-01,5.223634597003765
MMR004001,2023-01-01,0.43916698895464035
MMR004002,2023-01-01,1.0521326415592271
MMR004003,2023-01-01,-0.4324038386036846
MMR004004,2023-01-01,0.4177393637839445
MMR004005,2023-01-01,0.6793218875955227
MMR004006,2023-01-01,0.13872129535878375
MMR004007,2023-01-01,0.33328192021179637
MMR004008,2023-01-01,-0.18365917977078453
MMR004009,2023-01-01,-0.7129064420302017
MMR005001,2023-01-01,4.866290361787515
MMR005002,2023-01-01,7.968220282958442
MMR005003,2023-01-01,5.941569847691013
MMR005004,2023-01-01,5.08188858067883
MMR005005,2023-01-01,6.532600718761887
MMR005006,2023-01-01,6.920287566503021
MMR005007,2023-01-01,5.561918969310467
MMR005008,2023-01-01,2.5631974551662515
MMR005009,2023-01-01,7.15403884979989
MMR005010,2023-01-01,5.972157965900497
MMR005011,2023-01-01,3.5488959917144216
MMR005012,2023-01-01,6.620878218944328
MMR005013,2023-01-01,5.995299926879274
MMR005014,2023-01-01,7.469204703693956
MMR005015,2023-01-01,8.305693331974513
MMR005016,2023-01-01,6.801251114703195
MMR005017,2023-01-01,4.484896697214681
MMR005018,2023-01-01,9.614971694531247
MMR005019,2023-01-01,8.117924956737788
MMR005020,2023-01-01,1.4282431958770565
MMR005021,2023-01-01,1.5894334334418405
MMR005022,2023-01-01,4.85951313968278
MMR005023,2023-01-01,-0.26553677490558775
MMR005024,2023-01-01,3.3625260466544664
MMR005025,2023-01-01,1.4282431958770565
MMR005026,2023-01-01,-0.5597697340886143
MMR005027,2023-01-01,0.7574719801942151
MMR005028,2023-01-01,1.260604838740243
MMR005029,2023-01-01,2.518160374257157
MMR005030,2023-01-01,0.8909424039944429
MMR005031,2023-01-01,0.6222920080531361
MMR005032,2023-01-01,-0.6647492383171769
MMR005033,2023-01-01,0.33328192021179637
MMR005034,2023-01-01,0.45776994068260946
MMR005035,2023-01-01,-0.806169082877634
MMR005036,2023-01-01,-1.3331217092068173
MMR005037,2023-01-01,-1.217151410038419
MMR006001,2023-01-01,5.887839768502751
MMR006002,2023-01-01,2.837377709041043
MMR006003,2023-01-01,5.257016054298141
MMR006004,2023-01-01,4.472268482863407
MMR006005,2023-01-01,3.556729649522883
MMR006006,2023-01-01,0.5485306256897335
MMR006007,2023-01-01,4.546356237882653
MMR006008,2023-01-01,3.416256125842728
MMR006009,2023-01-01,-0.34983122229628805
MMR006010,2023-01-01,0.6793218875955227
MMR007001,2023-01-01,-1.7716924730680883
MMR007002,2023-01-01,-1.1517557790855246
MMR007003,2023-01-01,-1.3210569748716507
MMR007004,2023-01-01,-0.26553677490558775
MMR007005,2023-01-01,-0.7343156535962204
MMR007006,2023-01-01,0.08333077094480928
MMR007007,2023-01-01,-0.7343156535962204
MMR007008,2023-01-01,2.330852153023107
MMR007009,2023-01-01,-0.07619902139426157
MMR007010,2023-01-01,-0.2373892589590457
MMR007011,2023-01-01,1.9800333317846026
MMR007012,2023-01-01,0.48298659399114213
MMR007013,2023-01-01,-0.7929897857237636
MMR007014,2023-01-01,1.267052958312273
MMR008001,2023-01-01,-1.6343713178538417
MMR008002,2023-01-01,-1.0972486188648074
MMR008003,2023-01-01,-1.9772369353600379
MMR008004,2023-01-01,-0.8247776243210518
MMR008005,2023-01-01,-1.258260763536012
MMR008006,2023-01-01,-1.5629772809932532
MMR008007,2023-01-01,-1.379731106999194
MMR008008,2023-01-01,-1.518776027741858
MMR008009,2023-01-01,-0.955568886226841
MMR008010,2023-01-01,-0.9896103675947052
MMR008011,2023-01-01,-0.7308901362591792
MMR008012,2023-01-01,-1.3923178050787428
MMR008013,2023-01-01,-1.7295397321803836
MMR008014,2023-01-01,-0.7746900508416595
MMR009001,2023-01-01,-1.4672151314209587
MMR009002,2023-01-01,-0.9142570279494203
MMR009003,2023-01-01,0.5827897098440398
MMR009004,2023-01-01,-1.712681954772599
MMR009005,2023-01-01,-1.6343713178538417
MMR009006,2023-01-01,-1.6494475482004507
MMR009007,2023-01-01,-1.3210569748716507
MMR009008,2023-01-01,-1.3633710492874582
MMR009009,2023-01-01,-1.5269111594773188
MMR009010,2023-01-01,-0.36533989075848505
MMR009011,2023-01-01,-1.1343499398068138
MMR009012,2023-01-01,-1.0433404467829666
MMR009013,2023-01-01,-1.5557934375834257
MMR009014,2023-01-01,-1.258260763536012
MMR009015,2023-01-01,-1.258260763536012
MMR009016,2023-01-01,-1.4672151314209587
MMR009017,2023-01-01,-1.5629772809932532
MMR009018,2023-01-01,5.702400135236004
MMR009019,2023-01-01,8.184234066587164
MMR009020,2023-01-01,9.595215232492786
MMR009021,2023-01-01,6.404805964863691
MMR009022,2023-01-01,2.71776509639533
MMR009023,2023-01-01,4.37909763154071
MMR009024,2023-01-01,2.3416545420775
MMR009025,2023-01-01,1.0665216596932714
MMR010001,2023-01-01,-0.2792164565484506
MMR010002,2023-01-01,-0.040030052886317335
MMR010003,2023-01-01,-0.14757433232079004
MMR010004,2023-01-01,0.08712219618938206
MMR010005,2023-01-01,-0.10542568383921189
MMR010006,2023-01-01,0.8792134384592215
MMR010007,2023-01-01,1.615541720575176
MMR010008,2023-01-01,0.29991153292356787
MMR010009,2023-01-01,2.8782613744606786
MMR010010,2023-01-01,5.373339270783112
MMR010011,2023-01-01,0.6151893853372694
MMR010012,2023-01-01,4.113356142315179
MMR010013,2023-01-01,-1.696274603508963
MMR010014,2023-01-01,-0.9358802884064437
MMR010015,2023-01-01,-0.4523095757120913
MMR010016,2023-01-01,1.4879651574698833
MMR010017,2023-01-01,4.490857709607956
MMR010018,2023-01-01,2.518160374257157
MMR010019,2023-01-01,0.36411583006558457
MMR010020,2023-01-01,-1.2748311057323511
MMR010021,2023-01-01,5.1238314811508685
MMR010022,2023-01-01,0.5565152532097265
MMR010023,2023-01-01,-1.789928714125988
MMR010024,2023-01-01,-1.379731106999194
MMR010028,2023-01-01,-1.5629772809932532
MMR010029,2023-01-01,-0.7746900508416595
MMR010030,2023-01-01,-1.9772369353600379
MMR010031,2023-01-01,-1.0140601438023176
MMR011001,2023-01-01,-0.9690121821063926
MMR011002,2023-01-01,4.252985577244939
MMR011003,2023-01-01,-0.7649706217225158
MMR011004,2023-01-01,3.425938387617094
MMR011005,2023-01-01,0.7912117817198989
MMR011006,2023-01-01,4.276081590004723
MMR011007,2023-01-01,0.22155247092526084
MMR011008,2023-01-01,-0.4324038386036846
MMR011009,2023-01-01,0.8101131495013117
MMR011010,2023-01-01,1.7506236710066247
MMR012001,2023-01-01,-0.9013167478907549
MMR012002,2023-01-01,-1.49707937125428
MMR012003,2023-01-01,-1.2623828427441077
MMR012004,2023-01-01,-1.2623828427441077
MMR012005,2023-01-01,-1.7431016588174757
MMR012006,2023-01-01,-1.0320059227329983
MMR012007,2023-01-01,-1.0320059227329983
MMR012008,2023-01-01,-1.1517557790855246
MMR012009,2023-01-01,-0.9567269761145434
MMR012010,2023-01-01,-1.3657209219125346
MMR012011,2023-01-01,-1.3331217092068173
MMR012012,2023-01-01,-0.7649706217225158
MMR012013,2023-01-01,-1.3331217092068173
MMR012014,2023-01-01,-1.9403034366189087
MMR012015,2023-01-01,-1.849291634606887
MMR012016,2023-01-01,-1.4194510011007961
MMR012017,2023-01-01,-2.0240639906685503
MMR013001,2023-01-01,-0.8821502092181823
MMR013002,2023-01-01,-1.0639617017287664
MMR013003,2023-01-01,-1.1508006051594892
MMR013004,2023-01-01,-1.9301971747475304
MMR013005,2023-01-01,-1.9101176134635092
MMR013006,2023-01-01,-1.712681954772599
MMR013007,2023-01-01,-1.1508006051594892
MMR013009,2023-01-01,-1.2280040504238388
MMR013010,2023-01-01,-1.258260763536012
MMR013011,2023-01-01,-1.0276863142339356
MMR013012,2023-01-01,-0.8821502092181823
MMR013013,2023-01-01,-1.2623828427441077
MMR013014,2023-01-01,-1.145034578489022
MMR013015,2023-01-01,-1.5806412386655802
MMR013016,2023-01-01,-1.1825638159699077
MMR013017,2023-01-01,-1.614427635509366
MMR013018,2023-01-01,-1.2136663755081123
MMR013019,2023-01-01,-1.1637648175816637
MMR013020,2023-01-01,-0.9690121821063926
MMR013021,2023-01-01,-1.145034578489022
MMR013022,2023-01-01,-2.0429883580762747
MMR013023,2023-01-01,-1.6881013970421028
MMR013024,2023-01-01,-1.2578427625883626
MMR013025,2023-01-01,-1.4787339338499974
MMR013026,2023-01-01,-1.5557535033818228
MMR013027,2023-01-01,-2.193219881945139
MMR013028,2023-01-01,-1.849291634606887
MMR013029,2023-01-01,-1.0851452564222437
MMR013030,2023-01-01,-1.4787339338499974
MMR013031,2023-01-01,-1.4133383028971027
MMR013032,2023-01-01,-0.7649706217225158
MMR013033,2023-01-01,-1.614427635509366
MMR013034,2023-01-01,-1.7955615554186257
MMR013035,2023-01-01,-1.9621897444048424
MMR013036,2023-01-01,-1.4787339338499974
MMR013037,2023-01-01,-1.614427635509366
MMR013038,2023-01-01,-1.5130757230668044
MMR013039,2023-01-01,-1.5806412386655802
MMR013040,2023-01-01,-0.6285907314623682
MMR013041,2023-01-01,-1.4631741651403556
MMR013042,2023-01-01,-1.2069521340070788
MMR013043,2023-01-01,-2.0429883580762747
MMR013044,2023-01-01,-1.6494475482004507
MMR013046,2023-01-01,-1.3134694913610097
MMR013047,2023-01-01,-1.258260763536012
MMR014001,2023-01-01,-1.4731810802890575
MMR014002,2023-01-01,-0.3154383328320362
MMR014003,2023-01-01,-1.9621897444048424
MMR014004,2023-01-01,-1.0140601438023176
MMR014005,2023-01-01,-1.7431016588174757
MMR014006,2023-01-01,-1.673101767636909
MMR014007,2023-01-01,-1.5629772809932532
MMR014008,2023-01-01,-2.214985653500741
MMR014009,2023-01-01,-1.2280040504238388
MMR014010,2023-01-01,1.6752733787039331
MMR014011,2023-01-01,-1.849291634606887
MMR014012,2023-01-01,-1.849291634606887
MMR014013,2023-01-01,-2.012091302331291
MMR014014,2023-01-01,-1.849291634606887
MMR014015,2023-01-01,-2.0240639906685503
MMR014016,2023-01-01,-1.7418314762303644
MMR014017,2023-01-01,-1.9621897444048424
MMR014018,2023-01-01,-1.9030217137951484
MMR014019,2023-01-01,-2.2113722119026002
MMR014020,2023-01-01,-1.5557934375834257
MMR014021,2023-01-01,-1.5441295648028919
MMR015001,2023-01-01,-1.6443761242379789
MMR015002,2023-01-01,-0.6756415214686773
MMR015003,2023-01-01,-1.3657209219125346
MMR015004,2023-01-01,-1.8835828247430129
MMR015005,2023-01-01,-1.9030217137951484
MMR015006,2023-01-01,-1.5441295648028919
MMR015007,2023-01-01,-1.3331217092068173
MMR015008,2023-01-01,-1.9030217137951484
MMR015009,2023-01-01,-0.7593819933681574
MMR015010,2023-01-01,-1.0276863142339356
MMR015011,2023-01-01,-1.2748311057323511
MMR015012,2023-01-01,-0.41524144868493384
MMR015013,2023-01-01,0.7472972787917943
MMR015014,2023-01-01,-1.3343443868081937
MMR015015,2023-01-01,-0.49961912508604833
MMR015016,2023-01-01,-0.5060396549003527
MMR015017,2023-01-01,0.532888151917591
MMR015018,2023-01-01,0.8801680234045595
MMR015019,2023-01-01,-0.7178739508754619
MMR015020,2023-01-01,-0.8821502092181823
MMR015021,2023-01-01,-1.5269111594773188
MMR015022,2023-01-01,-1.379731106999194
MMR015023,2023-01-01,-0.6939863624152628
MMR015024,2023-01-01,-2.0619928602577398
MMR016001,2023-01-01,-2.0619928602577398
MMR016002,2023-01-01,-1.9030217137951484
MMR016003,2023-01-01,-1.7317758997644521
MMR016005,2023-01-01,-1.7317758997644521
MMR016006,2023-01-01,-1.9030217137951484
MMR016007,2023-01-01,-2.35302009550606
MMR016008,2023-01-01,-1.9030217137951484
MMR016009,2023-01-01,-1.5441295648028919
MMR016010,2023-01-01,-1.7317758997644521
MMR016011,2023-01-01,-1.7317758997644521
MMR017001,2023-01-01,-1.49707937125428
MMR017002,2023-01-01,-1.6881013970421028
MMR017003,2023-01-01,-1.6881013970421028
MMR017004,2023-01-01,-0.8094024936250104
MMR017005,2023-01-01,-1.9621897444048424
MMR017006,2023-01-01,-1.849291634606887
MMR017007,2023-01-01,-1.9621897444048424
MMR017008,2023-01-01,-1.9122881864783936
MMR017009,2023-01-01,-1.7418314762303644
MMR017010,2023-01-01,-1.7418314762303644
MMR017011,2023-01-01,-1.7955615554186257
MMR017012,2023-01-01,-1.7955615554186257
MMR017013,2023-01-01,-1.9122881864783936
MMR017014,2023-01-01,-1.673101767636909
MMR017015,2023-01-01,-1.849291634606887
MMR017016,2023-01-01,-1.4133383028971027
MMR017017,2023-01-01,-2.117718101285575
MMR017018,2023-01-01,-1.614427635509366
MMR017019,2023-01-01,-2.012091302331291
MMR017020,2023-01-01,-2.1645451565940874
MMR017021,2023-01-01,-2.012091302331291
MMR017022,2023-01-01,-1.9621897444048424
MMR017023,2023-01-01,-1.4133383028971027
MMR017024,2023-01-01,-1.4133383028971027
MMR017025,2023-01-01,-2.0240639906685503
MMR017026,2023-01-01,-1.1825638159699077
MMR018001,2023-01-01,-1.379731106999194
MMR018002,2023-01-01,-1.49707937125428
MMR018003,2023-01-01,-1.9304098800515255
MMR018004,2023-01-01,-1.49707937125428
MMR018005,2023-01-01,-1.6881013970421028
MMR018006,2023-01-01,-0.935732152969898
MMR018007,2023-01-01,-0.9800224011741531
MMR018008,2023-01-01,-1.8124850706254962
MMR001001,2023-02-01,-0.6956062079823349
MMR001002,2023-02-01,-0.5163961940489832
MMR001003,2023-02-01,-1.2187466928821602
MMR001004,2023-02-01,0.3193999979861055
MMR001005,2023-02-01,-1.035994852801197
MMR001006,2023-02-01,-1.611547548801862
MMR001007,2023-02-01,2.5629505653978737
MMR001008,2023-02-01,2.1301343004520565
MMR001009,2023-02-01,2.2107287242405294
MMR001010,2023-02-01,-0.8039013542692834
MMR001011,2023-02-01,0.20097533856732078
MMR001012,2023-02-01,-0.06454952425612268
MMR001013,2023-02-01,-1.335894897535721
MMR001014,2023-02-01,-1.420089533634704
MMR001015,2023-02-01,-1.38344219192029
MMR001016,2023-02-01,-1.7428371549153183
MMR001017,2023-02-01,-1.611547548801862
MMR001018,2023-02-01,-1.9269988344984292
MMR002001,2023-02-01,1.6073032156720144
MMR002002,2023-02-01,3.0338276400377775
MMR002003,2023-02-01,2.447170299025613
MMR002004,2023-02-01,0.1936485727683692
MMR002005,2023-02-01,1.1967872930104095
MMR002006,2023-02-01,0.6738584881374877
MMR002007,2023-02-01,-0.53238624380061506
MMR003001,2023-02-01,1.9679161166240688
MMR003002,2023-02-01,2.1301343004520565
MMR003003,2023-02-01,2.1244229021168692
MMR003004,2023-02-01,2.812357939328146
MMR003005,2023-02-01,3.928147150204539
MMR003006,2023-02-01,2.8609430548995087
MMR003007,2023-02-01,5.149479269925524
MMR004001,2023-02-01,1.0327923880979668
MMR004002,2023-02-01,1.737845574670363
MMR004003,2023-02-01,0.7626073222008813
MMR004004,2023-02-01,0.18705462620021623
MMR004005,2023-02-01,0.18705462620021623
MMR004006,2023-02-01,0.5556377007449458
MMR004007,2023-02-01,1.1967872930104095
MMR004008,2023-02-01,0.023644157478508253
MMR004009,2023-02-01,-0.45334193262543976
MMR005001,2023-02-01,7.045677790048146
MMR005002,2023-02-01,7.894404253894354
MMR005003,2023-02-01,5.639131558624238
MMR005004,2023-02-01,6.171125101890675
MMR005005,2023-02-01,7.2351121884235505
MMR005006,2023-02-01,9.266866745878769
MMR005007,2023-02-01,5.264948353899995
MMR005008,2023-02-01,2.0269723102766455
MMR005009,2023-02-01,6.9134644725379575
MMR005010,2023-02-01,6.9062312596655735
MMR005011,2023-02-01,3.3565752613183912
MMR005012,2023-02-01,7.619911755497471
MMR005013,2023-02-01,6.112014708194406
MMR005014,2023-02-01,8.717881749085002
MMR005015,2023-02-01,7.944436912778801
MMR005016,2023-02-01,6.8804498262459255
MMR005017,2023-02-01,3.9770451362140866
MMR005018,2023-02-01,9.706054743313778
MMR005019,2023-02-01,7.949302753573729
MMR005020,2023-02-01,1.4422936061890084
MMR005021,2023-02-01,2.033397543151717
MMR005022,2023-02-01,4.6982709381181955
MMR005023,2023-02-01,0.757599295575397
MMR005024,2023-02-01,3.5111573855584877
MMR005025,2023-02-01,1.4422936061890084
MMR005026,2023-02-01,-0.15368702361030426
MMR005027,2023-02-01,4.1188161502623145e-16
MMR005028,2023-02-01,0.32274762128061485
MMR005029,2023-02-01,1.864883859209196
MMR005030,2023-02-01,0.6147480944412168
MMR005031,2023-02-01,-0.39012859839538744
MMR005032,2023-02-01,-0.7795586954471475
MMR005033,2023-02-01,1.0320917939722802
MMR005034,2023-02-01,1.2982064434273963
MMR005035,2023-02-01,0.09938049388089303
MMR005036,2023-02-01,-1.391326914332501
MMR005037,2023-02-01,-1.2518271138014463
MMR006001,2023-02-01,5.639131558624238
MMR006002,2023-02-01,2.633153584203043
MMR006003,2023-02-01,4.863420281205619
MMR006004,2023-02-01,5.3670288902062016
MMR006005,2023-02-01,3.6403708022042065
MMR006006,2023-02-01,0.8345514092009644
MMR006007,2023-02-01,4.518466697928604
MMR006008,2023-02-01,3.7475989603435704
MMR006009,2023-02-01,0.28313090072601277
MMR006010,2023-02-01,1.19427184420138
MMR007001,2023-02-01,-1.762202393555249
MMR007002,2023-02-01,-1.3957152878016126
MMR007003,2023-02-01,-1.5491885821469498
MMR007004,2023-02-01,-0.17567519897400516
MMR007005,2023-02-01,0.12909904851224593
MMR007006,2023-02-01,1.4372302402875698
MMR007007,2023-02-01,2.8665747223099076e-16
MMR007008,2023-02-01,2.9467225620653594
MMR007009,2023-02-01,0.7920792755300293
MMR007010,2023-02-01,0.6147480944412168
MMR007011,2023-02-01,3.1731332814679667
MMR007012,2023-02-01,1.690873790124799
MMR007013,2023-02-01,-0.580945718305106
MMR007014,2023-02-01,2.6245014801144255
MMR008001,2023-02-01,-1.6314468660170751
MMR008002,2023-02-01,-0.6492324607835127
MMR008003,2023-02-01,-1.9988257938485303
MMR008004,2023-02-01,-0.4604421568005319
MMR008005,2023-02-01,-1.0403429290543666
MMR008006,2023-02-01,-1.5481376909584197
MMR008007,2023-02-01,-1.6137381064030727
MMR008008,2023-02-01,-1.2984649215670256
MMR008009,2023-02-01,-0.6762744178007813
MMR008010,2023-02-01,-0.5083493857879293
MMR008011,2023-02-01,-0.645973210225804
MMR008012,2023-02-01,-0.9274749439764467
MMR008013,2023-02-01,-1.5303336575611375
MMR008014,2023-02-01,-0.3310182046991168
MMR009001,2023-02-01,-1.5786995878116181
MMR009002,2023-02-01,-0.834457195126524
MMR009003,2023-02-01,1.7457722898041754
MMR009004,2023-02-01,-1.657934690317173
MMR009005,2023-02-01,-1.5723364723208044
MMR009006,2023-02-01,-1.7412451503113486
MMR009007,2023-02-01,-1.290990485122458
MMR009008,2023-02-01,-1.3285436922409133
MMR009009,2023-02-01,-1.5723364723208044
MMR009010,2023-02-01,0.2635127984610077
MMR009011,2023-02-01,-1.0200193484072397
MMR009012,2023-02-01,-0.44923899209165835
MMR009013,2023-02-01,-0.916987090992367
MMR009014,2023-02-01,-0.6856805668767417
MMR009015,2023-02-01,-0.6856805668767417
MMR009016,2023-02-01,-0.8965454449300547
MMR009017,2023-02-01,-1.108949693523407
MMR009018,2023-02-01,6.9134644725379575
MMR009019,2023-02-01,7.943787046686685
MMR009020,2023-02-01,10.545294235414715
MMR009021,2023-02-01,7.377109630904885
MMR009022,2023-02-01,4.220482109913738
MMR009023,2023-02-01,4.21961062668167
MMR009024,2023-02-01,2.6245014801144255
MMR009025,2023-02-01,1.6073032156720144
MMR010001,2023-02-01,0.09938049388089303
MMR010002,2023-02-01,0.5467750612006319
MMR010003,2023-02-01,0.25819809702449187
MMR010004,2023-02-01,0.38729714553673783
MMR010005,2023-02-01,-0.02877763480003315
MMR010006,2023-02-01,1.4527548295497053
MMR010007,2023-02-01,2.5462041911267446
MMR010008,2023-02-01,1.2058520314039254
MMR010009,2023-02-01,4.655392772811134
MMR010010,2023-02-01,7.565013255818093
MMR010011,2023-02-01,0.06454952425612326
MMR010012,2023-02-01,3.878533555240889
MMR010013,2023-02-01,-1.4321483780667303
MMR010014,2023-02-01,-0.8039013542692834
MMR010015,2023-02-01,-0.5674597794841999
MMR010016,2023-02-01,1.4012387008422689
MMR010017,2023-02-01,4.102261322521196
MMR010018,2023-02-01,3.3588515917248505
MMR010019,2023-02-01,0.3709161266935419
MMR010020,2023-02-01,-1.2775999919444214
MMR010021,2023-02-01,5.204377769604901
MMR010022,2023-02-01,1.4200895336347041
MMR010023,2023-02-01,-1.3806322493592942
MMR010024,2023-02-01,-1.4846390578908268
MMR010028,2023-02-01,-1.8775286890346792
MMR010029,2023-02-01,-1.0403429290543666
MMR010030,2023-02-01,-2.2564064373857122
MMR010031,2023-02-01,-1.2187466928821602
MMR011001,2023-02-01,-1.0973419123540893
MMR011002,2023-02-01,2.3237828732204253
MMR011003,2023-02-01,-0.7983698767530055
MMR011004,2023-02-01,4.287867585204955
MMR011005,2023-02-01,0.774594291073475
MMR011006,2023-02-01,5.295084803206118
MMR011007,2023-02-01,1.19427184420138
MMR011008,2023-02-01,0.3309428002003825
MMR011009,2023-02-01,0.7626073222008813
MMR011010,2023-02-01,1.737845574670363
MMR012001,2023-02-01,-0.7280508875811754
MMR012002,2023-02-01,-1.355540009378581
MMR012003,2023-02-01,-1.1618914366102122
MMR012004,2023-02-01,-1.1618914366102122
MMR012005,2023-02-01,-1.6897290216039123
MMR012006,2023-02-01,-0.8116073666939589
MMR012007,2023-02-01,-1.0600586013961912
MMR012008,2023-02-01,-1.1798830268013631
MMR012009,2023-02-01,-1.0600586013961912
MMR012010,2023-02-01,-1.27678450383945
MMR012011,2023-02-01,-1.3085098360984238
MMR012012,2023-02-01,-0.7983698767530055
MMR012013,2023-02-01,-1.3085098360984238
MMR012014,2023-02-01,-1.6230811519587822
MMR012015,2023-02-01,-1.9269988344984292
MMR012016,2023-02-01,-1.1585637164469085
MMR012017,2023-02-01,-2.1533741799708395
MMR013001,2023-02-01,-1.0403429290543666
MMR013002,2023-02-01,-1.1638481932027838
MMR013003,2023-02-01,-1.5132260786245335
MMR013004,2023-02-01,-2.1389735684627804
MMR013005,2023-02-01,-2.163403138852958
MMR013006,2023-02-01,-1.767731689675926
MMR013007,2023-02-01,-1.27678450383945
MMR013009,2023-02-01,-1.6897290216039123
MMR013010,2023-02-01,-1.5723364723208044
MMR013011,2023-02-01,-1.4846390578908268
MMR013012,2023-02-01,-1.4541156849282626
MMR013013,2023-02-01,-1.1618914366102122
MMR013014,2023-02-01,-1.290990485122458
MMR013015,2023-02-01,-1.7496676534096167
MMR013016,2023-02-01,-1.3085098360984238
MMR013017,2023-02-01,-1.7428371549153183
MMR013018,2023-02-01,-1.493239191279043
MMR013019,2023-02-01,-1.6030361906377961
MMR013020,2023-02-01,-1.355540009378581
MMR013021,2023-02-01,-1.0327923880979664
MMR013022,2023-02-01,-2.2608537306931815
MMR013023,2023-02-01,-1.5132260786245335
MMR013024,2023-02-01,-1.1428756796302686
MMR013025,2023-02-01,-1.3237712008015294
MMR013026,2023-02-01,-1.5491885821469498
MMR013027,2023-02-01,-2.3186873599411175
MMR013028,2023-02-01,-1.9269988344984292
MMR013029,2023-02-01,-1.1325236029040506
MMR013030,2023-02-01,-1.5396034618017789
MMR013031,2023-02-01,-1.5396034618017789
MMR013032,2023-02-01,-0.7983698767530055
MMR013033,2023-02-01,-1.7428371549153183
MMR013034,2023-02-01,-1.9269988344984292
MMR013035,2023-02-01,-2.1520211874315622
MMR013036,2023-02-01,-1.611547548801862
MMR013037,2023-02-01,-1.7428371549153183
MMR013038,2023-02-01,-1.767731689675926
MMR013039,2023-02-01,-1.8087780471058876
MMR013040,2023-02-01,-0.8921066788010307
MMR013041,2023-02-01,-1.7128331899965497
MMR013042,2023-02-01,-1.667896822062118
MMR013043,2023-02-01,-2.2608537306931815
MMR013044,2023-02-01,-1.8957935364336576
MMR013046,2023-02-01,-1.3285436922409133
MMR013047,2023-02-01,-1.2176741101431792
MMR014001,2023-02-01,-1.690557259713346
MMR014002,2023-02-01,1.251685792689786
MMR014003,2023-02-01,-2.1520211874315622
MMR014004,2023-02-01,-0.6148631964090177
MMR014005,2023-02-01,-1.3806322493592942
MMR014006,2023-02-01,-1.8073866791714415
MMR014007,2023-02-01,-1.9324271887140558
MMR014008,2023-02-01,-2.3776401505991895
MMR014009,2023-02-01,-0.24727741779569434
MMR014010,2023-02-01,3.461883849139723
MMR014011,2023-02-01,-1.9861092281947001
MMR014012,2023-02-01,-1.9861092281947001
MMR014013,2023-02-01,-2.1520211874315622
MMR014014,2023-02-01,-1.9861092281947001
MMR014015,2023-02-01,-2.1533741799708395
MMR014016,2023-02-01,-1.8678884408021585
MMR014017,2023-02-01,-1.9873256883934323
MMR014018,2023-02-01,-1.690557259713346
MMR014019,2023-02-01,-2.2564064373857122
MMR014020,2023-02-01,-0.8654709622849306
MMR014021,2023-02-01,-1.5396034618017789
MMR015001,2023-02-01,-1.6274248837317298
MMR015002,2023-02-01,0.4518466697928605
MMR015003,2023-02-01,-1.27678450383945
MMR015004,2023-02-01,-1.792761279018785
MMR015005,2023-02-01,-1.8678884408021585
MMR015006,2023-02-01,-1.611547548801862
MMR015007,2023-02-01,-1.391326914332501
MMR015008,2023-02-01,-1.8678884408021585
MMR015009,2023-02-01,0.7626073222008813
MMR015010,2023-02-01,0.7100447668173524
MMR015011,2023-02-01,-0.4018258039180034
MMR015012,2023-02-01,-1.3285436922409133
MMR015013,2023-02-01,1.4909940551554173
MMR015014,2023-02-01,-1.8223260674121764
MMR015015,2023-02-01,-1.0973419123540893
MMR015016,2023-02-01,-1.6314468660170751
MMR015017,2023-02-01,-0.6697616960883944
MMR015018,2023-02-01,0.5164881367531838
MMR015019,2023-02-01,-0.5564849663858679
MMR015020,2023-02-01,0.0827545511747792
MMR015021,2023-02-01,-1.4541156849282626
MMR015022,2023-02-01,-0.2581980970244916
MMR015023,2023-02-01,0.7626073222008813
MMR015024,2023-02-01,-2.042224188072809
MMR016001,2023-02-01,-2.1520211874315622
MMR016002,2023-02-01,-1.9861092281947001
MMR016003,2023-02-01,-1.8073866791714415
MMR016005,2023-02-01,-1.8073866791714415
MMR016006,2023-02-01,-1.9269988344984292
MMR016007,2023-02-01,-2.455754914373628
MMR016008,2023-02-01,-1.9269988344984292
MMR016009,2023-02-01,-1.5396034618017789
MMR016010,2023-02-01,-1.7428371549153183
MMR016011,2023-02-01,-1.7428371549153183
MMR017001,2023-02-01,-1.6137381064030727
MMR017002,2023-02-01,-1.8678884408021585
MMR017003,2023-02-01,-1.8678884408021585
MMR017004,2023-02-01,-0.8291690664118943
MMR017005,2023-02-01,-1.9873256883934323
MMR017006,2023-02-01,-1.9269988344984292
MMR017007,2023-02-01,-2.0971226877521856
MMR017008,2023-02-01,-1.8775286890346792
MMR017009,2023-02-01,-1.8087780471058876
MMR017010,2023-02-01,-1.7496676534096167
MMR017011,2023-02-01,-1.8678884408021585
MMR017012,2023-02-01,-1.9269988344984292
MMR017013,2023-02-01,-1.8775286890346792
MMR017014,2023-02-01,-1.8073866791714415
MMR017015,2023-02-01,-1.9861092281947001
MMR017016,2023-02-01,-1.5396034618017789
MMR017017,2023-02-01,-2.2564064373857122
MMR017018,2023-02-01,-1.7428371549153183
MMR017019,2023-02-01,-2.042224188072809
MMR017020,2023-02-01,-2.2048903086782756
MMR017021,2023-02-01,-2.042224188072809
MMR017022,2023-02-01,-1.9324271887140558
MMR017023,2023-02-01,-1.611547548801862
MMR017024,2023-02-01,-1.5396034618017789
MMR017025,2023-02-01,-2.2564064373857122
MMR017026,2023-02-01,-1.391326914332501
MMR018001,2023-02-01,-0.9036933395857205
MMR018002,2023-02-01,-1.6782876306591954
MMR018003,2023-02-01,-1.535180635481603
MMR018004,2023-02-01,-1.5491885821469498
MMR018005,2023-02-01,-1.8087780471058876
MMR018006,2023-02-01,0.5164881367531838
MMR018007,2023-02-01,-0.31184189388871436
MMR018008,2023-02-01,-1.8775286890346792
MMR001001,2023-03-01,0.04202216757685895
MMR001002,2023-03-01,-0.88072814837787206
MMR001003,2023-03-01,-1.1237132494788094
MMR001004,2023-03-01,0.17819187328775132
MMR001005,2023-03-01,-1.1663969750017622
MMR001006,2023-03-01,-1.473735686076963
MMR001007,2023-03-01,2.791482206560267
MMR001008,2023-03-01,1.325270249836153
MMR001009,2023-03-01,1.1128994759602506
MMR001010,2023-03-01,0.25435078782259846
MMR001011,2023-03-01,0.860385155919765
MMR001012,2023-03-01,-0.4946784286904177
MMR001013,2023-03-01,-1.2607351324203173
MMR001014,2023-03-01,-0.9910280682885734
MMR001015,2023-03-01,-1.0768089524476927
MMR001016,2023-03-01,-1.156477948154625
MMR001017,2023-03-01,-1.2893324594318425
MMR001018,2023-03-01,-1.5132494524608033
MMR002001,2023-03-01,2.246871480093907
MMR002002,2023-03-01,3.5312686480501783
MMR002003,2023-03-01,3.3350254923165275
MMR002004,2023-03-01,0.16712109077378987
MMR002005,2023-03-01,1.8781617605126462
MMR002006,2023-03-01,0.8603851559197645
MMR002007,2023-03-01,0.0629578692990411
MMR003001,2023-03-01,1.8507413426203878
MMR003002,2023-03-01,1.8216198894343085
MMR003003,2023-03-01,2.16703187564589
MMR003004,2023-03-01,2.0869991885005303
MMR003005,2023-03-01,1.7840546513201658
MMR003006,2023-03-01,1.1634023399683477
MMR003007,2023-03-01,2.0188746516059957
MMR004001,2023-03-01,1.3804202097915035
MMR004002,2023-03-01,1.9209453000898056
MMR004003,2023-03-01,0.8620385180945632
MMR004004,2023-03-01,0.9235062603096035
MMR004005,2023-03-01,0.6161675492344026
MMR004006,2023-03-01,0.9108880199278621
MMR004007,2023-03-01,1.0338844139525494
MMR004008,2023-03-01,-0.3011807162664706
MMR004009,2023-03-01,-0.9221696196942464
MMR005001,2023-03-01,6.12188397143694
MMR005002,2023-03-01,6.615495760655412
MMR005003,2023-03-01,6.718717380859039
MMR005004,2023-03-01,5.25413432462422
MMR005005,2023-03-01,5.405642916648511
MMR005006,2023-03-01,8.632380532993421
MMR005007,2023-03-01,2.8190594564445455
MMR005008,2023-03-01,0.3769409270246781
MMR005009,2023-03-01,4.667666764654301
MMR005010,2023-03-01,5.114558255659684
MMR005011,2023-03-01,1.4907201297022048
MMR005012,2023-03-01,6.146452790344246
MMR005013,2023-03-01,4.446088500494665
MMR005014,2023-03-01,6.943825839873227
MMR005015,2023-03-01,8.284306165110051
MMR005016,2023-03-01,4.749105684543248
MMR005017,2023-03-01,2.4229293189710264
MMR005018,2023-03-01,8.585476235962304
MMR005019,2023-03-01,5.630505523001966
MMR005020,2023-03-01,2.0219510281060002
MMR005021,2023-03-01,1.5674252520331253
MMR005022,2023-03-01,2.246871480093907
MMR005023,2023-03-01,0.611745740672501
MMR005024,2023-03-01,1.2139052039764453
MMR005025,2023-03-01,1.0118937479440562
MMR005026,2023-03-01,-0.5031921722988595
MMR005027,2023-03-01,0.3986102753004896
MMR005028,2023-03-01,0.2774210106844912
MMR005029,2023-03-01,1.1465099871119093
MMR005030,2023-03-01,0.20384792381450118
MMR005031,2023-03-01,-0.3011807162664706
MMR005032,2023-03-01,-0.7953831702609938
MMR005033,2023-03-01,0.1896070673924526
MMR005034,2023-03-01,0.8824232287962298
MMR005035,2023-03-01,-0.49401552253701864
MMR005036,2023-03-01,-1.272347270284144
MMR005037,2023-03-01,-1.2893324594318425
MMR006001,2023-03-01,3.99156272442179
MMR006002,2023-03-01,2.583135300115688
MMR006003,2023-03-01,3.5666191755563306
MMR006004,2023-03-01,3.6280869177713706
MMR006005,2023-03-01,2.0299256201803266
MMR006006,2023-03-01,0.4317643225892821
MMR006007,2023-03-01,2.3731194889878147
MMR006008,2023-03-01,1.8704424360817085
MMR006009,2023-03-01,-0.08534637017679592
MMR006010,2023-03-01,0.7391030336644829
MMR007001,2023-03-01,-1.4239511641758442
MMR007002,2023-03-01,-1.1049292327867222
MMR007003,2023-03-01,-1.046178028243924
MMR007004,2023-03-01,0.4710328495791514
MMR007005,2023-03-01,0.33257097063984165
MMR007006,2023-03-01,0.6089186494293317
MMR007007,2023-03-01,-0.3292285488243657
MMR007008,2023-03-01,2.8630739161638257
MMR007009,2023-03-01,0.6078708358792786
MMR007010,2023-03-01,0.6078708358792786
MMR007011,2023-03-01,2.253396136761578
MMR007012,2023-03-01,0.2365113644235692
MMR007013,2023-03-01,-0.7704282284671709
MMR007014,2023-03-01,1.2644080679845422
MMR008001,2023-03-01,-1.6142551804769976
MMR008002,2023-03-01,-0.7900167504449457
MMR008003,2023-03-01,-1.8904877335184043
MMR008004,2023-03-01,-0.7975905217115212
MMR008005,2023-03-01,-1.21023226841222
MMR008006,2023-03-01,-1.6865648138522071
MMR008007,2023-03-01,-1.2667778680653266
MMR008008,2023-03-01,-1.106983957310395
MMR008009,2023-03-01,-0.36731632620624005
MMR008010,2023-03-01,-0.45268930829076215
MMR008011,2023-03-01,-0.9185601122172691
MMR008012,2023-03-01,-1.3843302633176633
MMR008013,2023-03-01,-1.4239511641758442
MMR008014,2023-03-01,-0.6041979003150539
MMR009001,2023-03-01,-1.8710802642670772
MMR009002,2023-03-01,-1.2644261405721586
MMR009003,2023-03-01,0.7993629287969671
MMR009004,2023-03-01,-1.498947625727741
MMR009005,2023-03-01,-1.4627465884527062
MMR009006,2023-03-01,-1.7584443543605646
MMR009007,2023-03-01,-1.3219278280206772
MMR009008,2023-03-01,-1.4520433286966248
MMR009009,2023-03-01,-1.5637523164689004
MMR009010,2023-03-01,-0.2325316058875958
MMR009011,2023-03-01,-0.9661840794135262
MMR009012,2023-03-01,-0.907215084363637
MMR009013,2023-03-01,-1.1862563780099258
MMR009014,2023-03-01,-0.9577179483717342
MMR009015,2023-03-01,-0.9577179483717342
MMR009016,2023-03-01,-0.99684980098695
MMR009017,2023-03-01,-1.1706175465099258
MMR009018,2023-03-01,6.692331911741178
MMR009019,2023-03-01,8.408895840793095
MMR009020,2023-03-01,8.991346261223413
MMR009021,2023-03-01,6.032115015951979
MMR009022,2023-03-01,3.2340197643003323
MMR009023,2023-03-01,3.4575625595356017
MMR009024,2023-03-01,2.829996852235555
MMR009025,2023-03-01,1.4546112051468685
MMR010001,2023-03-01,-0.28174322769689353
MMR010002,2023-03-01,-0.18291309956111956
MMR010003,2023-03-01,-0.27407858886901526
MMR010004,2023-03-01,-0.10862870900296326
MMR010005,2023-03-01,-0.18291309956111956
MMR010006,2023-03-01,0.83840876907694994
MMR010007,2023-03-01,2.5038936995206122
MMR010008,2023-03-01,1.819939572073611
MMR010009,2023-03-01,4.880036770504102
MMR010010,2023-03-01,7.647390295339975
MMR010011,2023-03-01,-0.329228548824366
MMR010012,2023-03-01,2.16703187564589
MMR010013,2023-03-01,-1.538372055764165
MMR010014,2023-03-01,-1.0587236763879284
MMR010015,2023-03-01,-0.9577179483717342
MMR010016,2023-03-01,0.4422786316034307
MMR010017,2023-03-01,5.355140052640415
MMR010018,2023-03-01,4.315551086900062
MMR010019,2023-03-01,0.310235252445591
MMR010020,2023-03-01,-1.1422419182906458
MMR010021,2023-03-01,4.692419582379636
MMR010022,2023-03-01,1.2701202898808026
MMR010023,2023-03-01,-0.8341407002556865
MMR010024,2023-03-01,-1.4873777078867292
MMR010028,2023-03-01,-1.7334691108833236
MMR010029,2023-03-01,-0.7557064923393455
MMR010030,2023-03-01,-1.978516652956964
MMR010031,2023-03-01,-1.2644261405721586
MMR011001,2023-03-01,-0.9358781083332228
MMR011002,2023-03-01,0.0016712109077378474
MMR011003,2023-03-01,-0.730097091416588
MMR011004,2023-03-01,1.3537804558148847
MMR011005,2023-03-01,-0.43952846873506707
MMR011006,2023-03-01,2.214328846825447
MMR011007,2023-03-01,1.7225869091051256
MMR011008,2023-03-01,0.8005707758795231
MMR011009,2023-03-01,1.9069901357502461
MMR011010,2023-03-01,3.133014036284138
MMR012001,2023-03-01,-0.7764948893999282
MMR012002,2023-03-01,-1.3219278280206772
MMR012003,2023-03-01,-1.2667778680653266
MMR012004,2023-03-01,-1.2667778680653266
MMR012005,2023-03-01,-1.6704154349220048
MMR012006,2023-03-01,-0.989317543830644
MMR012007,2023-03-01,-1.201589838670769
MMR012008,2023-03-01,-1.2278647172168025
MMR012009,2023-03-01,-1.060074975444019
MMR012010,2023-03-01,-1.3112379964284147
MMR012011,2023-03-01,-1.201589838670769
MMR012012,2023-03-01,-0.730097091416588
MMR012013,2023-03-01,-1.201589838670769
MMR012014,2023-03-01,-1.7409183710412939
MMR012015,2023-03-01,-1.7657637725012891
MMR012016,2023-03-01,-1.3112379964284147
MMR012017,2023-03-01,-2.022531112676244
MMR013001,2023-03-01,-1.1597294044041229
MMR013002,2023-03-01,-0.8891917643232268
MMR013003,2023-03-01,-1.2607351324203173
MMR013004,2023-03-01,-1.5263371330629194
MMR013005,2023-03-01,-1.6213001319013267
MMR013006,2023-03-01,-1.498947625727741
MMR013007,2023-03-01,-1.1092265403960258
MMR013009,2023-03-01,-1.5823865154834449
MMR013010,2023-03-01,-1.5637523164689004
MMR013011,2023-03-01,-1.3770777879760279
MMR013012,2023-03-01,-1.1597294044041229
MMR013013,2023-03-01,-1.156477948154625
MMR013014,2023-03-01,-1.3219278280206772
MMR013015,2023-03-01,-1.664758044485095
MMR013016,2023-03-01,-1.272347270284144
MMR013017,2023-03-01,-1.652827587752781
MMR013018,2023-03-01,-1.311330437603275
MMR013019,2023-03-01,-1.4051390316655081
MMR013020,2023-03-01,-0.9358781083332228
MMR013021,2023-03-01,-0.88072814837787206
MMR013022,2023-03-01,-2.162490418693786
MMR013023,2023-03-01,-1.21023226841222
MMR013024,2023-03-01,-0.989317543830644
MMR013025,2023-03-01,-1.043461490571682
MMR013026,2023-03-01,-0.9910280682885734
MMR013027,2023-03-01,-2.0182646770485615
MMR013028,2023-03-01,-1.664758044485095
MMR013029,2023-03-01,-1.0356755841086027
MMR013030,2023-03-01,-1.3508002016468827
MMR013031,2023-03-01,-1.2893324594318425
MMR013032,2023-03-01,-0.730097091416588
MMR013033,2023-03-01,-1.652827587752781
MMR013034,2023-03-01,-1.8162666365093865
MMR013035,2023-03-01,-1.9679905960389061
MMR013036,2023-03-01,-1.473735686076963
MMR013037,2023-03-01,-1.4873777078867292
MMR013038,2023-03-01,-1.5927562197899743
MMR013039,2023-03-01,-1.6142551804769976
MMR013040,2023-03-01,-1.1049292327867222
MMR013041,2023-03-01,-1.6396605168210905
MMR013042,2023-03-01,-1.5134534066729028
MMR013043,2023-03-01,-2.120860396632828
MMR013044,2023-03-01,-1.8464732737991243
MMR013046,2023-03-01,-1.1706175465099258
MMR013047,2023-03-01,-1.1092265403960258
MMR014001,2023-03-01,-1.715260908493192
MMR014002,2023-03-01,1.0807887109836658
MMR014003,2023-03-01,-1.9210862990077895
MMR014004,2023-03-01,-1.0768089524476927
MMR014005,2023-03-01,-0.9661840794135262
MMR014006,2023-03-01,-1.5425276678420796
MMR014007,2023-03-01,-1.8272777049455564
MMR014008,2023-03-01,-2.195644424705764
MMR014009,2023-03-01,0.22220633300703121
MMR014010,2023-03-01,3.743363110549424
MMR014011,2023-03-01,-1.6142551804769976
MMR014012,2023-03-01,-1.7657637725012891
MMR014013,2023-03-01,-1.7803734079144402
MMR014014,2023-03-01,-1.715260908493192
MMR014015,2023-03-01,-1.9345021932376842
MMR014016,2023-03-01,-1.7657637725012891
MMR014017,2023-03-01,-1.7803734079144402
MMR014018,2023-03-01,-1.2607351324203173
MMR014019,2023-03-01,-1.8904877335184043
MMR014020,2023-03-01,-0.8781551599749664
MMR014021,2023-03-01,-1.412267943861923
MMR015001,2023-03-01,-1.7461901980842018
MMR015002,2023-03-01,-0.05347874904761283
MMR015003,2023-03-01,-1.3112379964284147
MMR015004,2023-03-01,-1.7144298946412846
MMR015005,2023-03-01,-1.715260908493192
MMR015006,2023-03-01,-1.473735686076963
MMR015007,2023-03-01,-1.272347270284144
MMR015008,2023-03-01,-1.715260908493192
MMR015009,2023-03-01,0.6776352914494428
MMR015010,2023-03-01,0.608320770416595
MMR015011,2023-03-01,-0.4820250225014473
MMR015012,2023-03-01,-1.4051390316655081
MMR015013,2023-03-01,1.7923616770972643
MMR015014,2023-03-01,-1.7045601760232434
MMR015015,2023-03-01,-1.1564779481546255
MMR015016,2023-03-01,-1.4627465884527062
MMR015017,2023-03-01,-0.9360960613543433
MMR015018,2023-03-01,0.7099811035123453
MMR015019,2023-03-01,-0.8296376513031267
MMR015020,2023-03-01,-0.3011807162664706
MMR015021,2023-03-01,-1.3112379964284147
MMR015022,2023-03-01,-0.329228548824366
MMR015023,2023-03-01,0.6161675492344026
MMR015024,2023-03-01,-1.874182001976673
MMR016001,2023-03-01,-1.9679905960389061
MMR016002,2023-03-01,-1.8162666365093865
MMR016003,2023-03-01,-1.652827587752781
MMR016005,2023-03-01,-1.652827587752781
MMR016006,2023-03-01,-1.7657637725012891
MMR016007,2023-03-01,-2.204120440754745
MMR016008,2023-03-01,-1.7657637725012891
MMR016009,2023-03-01,-1.412267943861923
MMR016010,2023-03-01,-1.5976776277974303
MMR016011,2023-03-01,-1.5976776277974303
MMR017001,2023-03-01,-1.4873777078867292
MMR017002,2023-03-01,-1.7657637725012891
MMR017003,2023-03-01,-1.7657637725012891
MMR017004,2023-03-01,-0.7764948893999282
MMR017005,2023-03-01,-1.874182001976673
MMR017006,2023-03-01,-1.7657637725012891
MMR017007,2023-03-01,-1.9210862990077895
MMR017008,2023-03-01,-1.7803734079144402
MMR017009,2023-03-01,-1.5132494524608033
MMR017010,2023-03-01,-1.664758044485095
MMR017011,2023-03-01,-1.715260908493192
MMR017012,2023-03-01,-1.7657637725012891
MMR017013,2023-03-01,-1.7803734079144402
MMR017014,2023-03-01,-1.652827587752781
MMR017015,2023-03-01,-1.8162666365093865
MMR017016,2023-03-01,-1.412267943861923
MMR017017,2023-03-01,-2.022531112676244
MMR017018,2023-03-01,-1.5976776277974303
MMR017019,2023-03-01,-1.7803734079144402
MMR017020,2023-03-01,-1.978516652956964
MMR017021,2023-03-01,-1.6396605168210905
MMR017022,2023-03-01,-1.7334691108833236
MMR017023,2023-03-01,-1.473735686076963
MMR017024,2023-03-01,-1.412267943861923
MMR017025,2023-03-01,-2.022531112676244
MMR017026,2023-03-01,-1.272347270284144
MMR018001,2023-03-01,-0.10862870900296326
MMR018002,2023-03-01,-1.3770777879760279
MMR018003,2023-03-01,-0.8341407002556865
MMR018004,2023-03-01,-1.2116279081099761
MMR018005,2023-03-01,-1.4122437244446089
MMR018006,2023-03-01,1.0430212800000125
MMR018007,2023-03-01,-0.4140294921335319
MMR018008,2023-03-01,-1.4520433286966248
MMR001001,2023-04-01,0.6167847644139514
MMR001002,2023-04-01,-1.281570868755697
MMR001003,2023-04-01,-1.3396968552916284
MMR001004,2023-04-01,0.6464524185603627
MMR001005,2023-04-01,-1.493561689906866
MMR001006,2023-04-01,-1.569834571007031
MMR001007,2023-04-01,4.633167031086457
MMR001008,2023-04-01,1.729498551039242
MMR001009,2023-04-01,1.3866497785153724
MMR001010,2023-04-01,1.073314783370157
MMR001011,2023-04-01,2.3266547639510193
MMR001012,2023-04-01,-1.0762706810424059
MMR001013,2023-04-01,-1.3080311797334825
MMR001014,2023-04-01,-1.0762706810424056
MMR001015,2023-04-01,-1.165091814910018
MMR001016,2023-04-01,-1.0762706810424056
MMR001017,2023-04-01,-1.2647430466063714
MMR001018,2023-04-01,-1.558699175849655
MMR002001,2023-04-01,3.3226264093747675
MMR002002,2023-04-01,4.740567970834181
MMR002003,2023-04-01,4.457332730938488
MMR002004,2023-04-01,-0.04976974247594911
MMR002005,2023-04-01,2.152403952340578
MMR002006,2023-04-01,0.44664479307972554
MMR002007,2023-04-01,-0.1969227112040622
MMR003001,2023-04-01,2.721852656334799
MMR003002,2023-04-01,4.0562340117898765
MMR003003,2023-04-01,2.2052860711516322
MMR003004,2023-04-01,2.1350705742435343
MMR003005,2023-04-01,4.074358630405174
MMR003006,2023-04-01,3.2039927503576235
MMR003007,2023-04-01,3.723849315775071
MMR004001,2023-04-01,3.5087668445544336
MMR004002,2023-04-01,3.5799947445318825
MMR004003,2023-04-01,2.0149908407007207
MMR004004,2023-04-01,3.159084057203195
MMR004005,2023-04-01,2.0149908407007207
MMR004006,2023-04-01,2.0133197688058044
MMR004007,2023-04-01,1.9777989119589676
MMR004008,2023-04-01,0.44664479307972554
MMR004009,2023-04-01,-0.5004792917886679
MMR005001,2023-04-01,6.182878282108685
MMR005002,2023-04-01,6.2847232413720215
MMR005003,2023-04-01,7.5280156833616
MMR005004,2023-04-01,5.3973377163741345
MMR005005,2023-04-01,5.5853387134612635
MMR005006,2023-04-01,9.253008927859396
MMR005007,2023-04-01,3.4318580008365798
MMR005008,2023-04-01,0.035690319720511544
MMR005009,2023-04-01,4.469558119723798
MMR005010,2023-04-01,4.655076197810326
MMR005011,2023-04-01,1.318898175612659
MMR005012,2023-04-01,5.586303079845582
MMR005013,2023-04-01,3.830662740648055
MMR005014,2023-04-01,6.8085383625168525
MMR005015,2023-04-01,9.157357658116723
MMR005016,2023-04-01,5.5853387134612635
MMR005017,2023-04-01,3.1587790221820486
MMR005018,2023-04-01,10.067832449640244
MMR005019,2023-04-01,7.332353483661684
MMR005020,2023-04-01,4.269331733851358
MMR005021,2023-04-01,2.7026567581252783
MMR005022,2023-04-01,3.2133948179129552
MMR005023,2023-04-01,0.6973619491604919
MMR005024,2023-04-01,1.2613157804572865
MMR005025,2023-04-01,1.5746507756025019
MMR005026,2023-04-01,-0.6186941904140077
MMR005027,2023-04-01,2.4850168769141807
MMR005028,2023-04-01,1.0451645919949377
MMR005029,2023-04-01,1.684152537447581
MMR005030,2023-04-01,0.634645790166855
MMR005031,2023-04-01,0.44664479307972554
MMR005032,2023-04-01,-0.35026829312916985
MMR005033,2023-04-01,0.17354682801566104
MMR005034,2023-04-01,1.465689354523956
MMR005035,2023-04-01,-0.6529133807966104
MMR005036,2023-04-01,-1.267513995971904
MMR005037,2023-04-01,-1.493561689906866
MMR006001,2023-04-01,6.462676699867868
MMR006002,2023-04-01,3.8455399871046794
MMR006003,2023-04-01,4.608268798106329
MMR006004,2023-04-01,4.150631511505339
MMR006005,2023-04-01,3.7692671060045146
MMR006006,2023-04-01,2.0149908407007207
MMR006007,2023-04-01,4.53526778312089
MMR006008,2023-04-01,3.3293267484157107
MMR006009,2023-04-01,-0.45999551647246334
MMR006010,2023-04-01,2.1675366029010505
MMR007001,2023-04-01,-1.4972673628889397
MMR007002,2023-04-01,-1.1121972844060415
MMR007003,2023-04-01,-0.802537097424684
MMR007004,2023-04-01,0.4645552286516779
MMR007005,2023-04-01,-0.32350332609367105
MMR007006,2023-04-01,0.4420630704380885
MMR007007,2023-04-01,-0.9394038892335448
MMR007008,2023-04-01,3.1587790221820486
MMR007009,2023-04-01,0.5719787911378117
MMR007010,2023-04-01,0.5719787911378117
MMR007011,2023-04-01,1.6867905113229502
MMR007012,2023-04-01,-0.05925989249315261
MMR007013,2023-04-01,-0.802537097424684
MMR007014,2023-04-01,1.1359817823992
MMR008001,2023-04-01,-1.6840331739077412
MMR008002,2023-04-01,-0.4156592977572277
MMR008003,2023-04-01,-2.0843373679849484
MMR008004,2023-04-01,-0.3494684734043921
MMR008005,2023-04-01,-0.8693621865301803
MMR008006,2023-04-01,-1.572503575800442
MMR008007,2023-04-01,-1.0762706810424059
MMR008008,2023-04-01,-1.005627333283616
MMR008009,2023-04-01,-0.04437694900373234
MMR008010,2023-04-01,-0.24269219623974891
MMR008011,2023-04-01,-0.7407134686787953
MMR008012,2023-04-01,-1.153119342165213
MMR008013,2023-04-01,-1.0547913362441486
MMR008014,2023-04-01,-0.4933601923559216
MMR009001,2023-04-01,-2.0305913483091262
MMR009002,2023-04-01,-1.6307052559276454
MMR009003,2023-04-01,-0.11746157262035621
MMR009004,2023-04-01,-1.7471086161820524
MMR009005,2023-04-01,-1.558699175849655
MMR009006,2023-04-01,-1.8112583893304173
MMR009007,2023-04-01,-1.4868710564689884
MMR009008,2023-04-01,-1.8053102963092558
MMR009009,2023-04-01,-1.7467001729367844
MMR009010,2023-04-01,-0.5248733335107802
MMR009011,2023-04-01,-0.9920214533668239
MMR009012,2023-04-01,-1.496032176820612
MMR009013,2023-04-01,-1.8112583893304173
MMR009014,2023-04-01,-1.496032176820612
MMR009015,2023-04-01,-1.6213661748786983
MMR009016,2023-04-01,-1.3590498061994938
MMR009017,2023-04-01,-1.688906936054849
MMR009018,2023-04-01,7.309579497730922
MMR009019,2023-04-01,9.93113769281442
MMR009020,2023-04-01,10.598698635784714
MMR009021,2023-04-01,6.981884723345485
MMR009022,2023-04-01,2.8906577552124078
MMR009023,2023-04-01,5.408022656597572
MMR009024,2023-04-01,4.519999729967529
MMR009025,2023-04-01,2.721852656334799
MMR010001,2023-04-01,-0.47731320503224095
MMR010002,2023-04-01,-0.6545599978050518
MMR010003,2023-04-01,-0.7341037015202535
MMR010004,2023-04-01,-0.39193672199810153
MMR010005,2023-04-01,-0.1969227112040622
MMR010006,2023-04-01,0.8102998057530814
MMR010007,2023-04-01,3.075630298579893
MMR010008,2023-04-01,3.0786587522995377
MMR010009,2023-04-01,7.041345083025667
MMR010010,2023-04-01,9.544017328495414
MMR010011,2023-04-01,1.797931946943672
MMR010012,2023-04-01,4.27156773918127
MMR010013,2023-04-01,-1.210484636290449
MMR010014,2023-04-01,-1.558699175849655
MMR010015,2023-04-01,-0.681361189443051
MMR010016,2023-04-01,0.9741471929458
MMR010017,2023-04-01,7.152013689187341
MMR010018,2023-04-01,5.234179259956486
MMR010019,2023-04-01,0.9195313972148939
MMR010020,2023-04-01,-1.1012530448286364
MMR010021,2023-04-01,5.702706440099988
MMR010022,2023-04-01,0.6345642165683552
MMR010023,2023-04-01,-0.773558270443199
MMR010024,2023-04-01,-1.4868710564689884
MMR010028,2023-04-01,-1.6307052559276454
MMR010029,2023-04-01,0.007975799876423433
MMR010030,2023-04-01,-1.975105776523136
MMR010031,2023-04-01,-0.7576800540195939
MMR011001,2023-04-01,-1.0078372851379753
MMR011002,2023-04-01,0.42926402885506365
MMR011003,2023-04-01,-0.7777050288769255
MMR011004,2023-04-01,1.0997162674987417
MMR011005,2023-04-01,-0.5972369097113929
MMR011006,2023-04-01,2.2438094840012157
MMR011007,2023-04-01,2.5489010084018755
MMR011008,2023-04-01,0.9471705052984118
MMR011009,2023-04-01,2.9302654139027005
MMR011010,2023-04-01,4.206664734822314
MMR012001,2023-04-01,-0.9960072411755456
MMR012002,2023-04-01,-1.5553044523734185
MMR012003,2023-04-01,-1.5553044523734185
MMR012004,2023-04-01,-1.623737848277849
MMR012005,2023-04-01,-1.8112583893304173
MMR012006,2023-04-01,-1.3553140838540887
MMR012007,2023-04-01,-1.267513995971904
MMR012008,2023-04-01,-1.341015927706536
MMR012009,2023-04-01,-1.0919138202075342
MMR012010,2023-04-01,-1.6213661748786983
MMR012011,2023-04-01,-1.3553140838540887
MMR012012,2023-04-01,-0.7777050288769255
MMR012013,2023-04-01,-1.3553140838540887
MMR012014,2023-04-01,-2.2347274072969245
MMR012015,2023-04-01,-1.8720341709948705
MMR012016,2023-04-01,-1.6840331739077412
MMR012017,2023-04-01,-1.8112583893304173
MMR013001,2023-04-01,-1.0573631836173099
MMR013002,2023-04-01,-0.9322850944012043
MMR013003,2023-04-01,-1.120030182646353
MMR013004,2023-04-01,-1.3888574248683174
MMR013005,2023-04-01,-1.7206490981046805
MMR013006,2023-04-01,-1.6307052559276454
MMR013007,2023-04-01,-1.120030182646353
MMR013009,2023-04-01,-1.5927952064067923
MMR013010,2023-04-01,-1.4333651777915688
MMR013011,2023-04-01,-1.1447040769468362
MMR013012,2023-04-01,-0.9320291855592235
MMR013013,2023-04-01,-1.3500042646601274
MMR013014,2023-04-01,-1.281570868755697
MMR013015,2023-04-01,-1.6213661748786983
MMR013016,2023-04-01,-1.3553140838540887
MMR013017,2023-04-01,-1.7606046400867101
MMR013018,2023-04-01,-1.3978985354188316
MMR013019,2023-04-01,-1.3396968552916284
MMR013020,2023-04-01,-1.0762706810424059
MMR013021,2023-04-01,-1.1447040769468362
MMR013022,2023-04-01,-2.1855624734113492
MMR013023,2023-04-01,-1.120030182646353
MMR013024,2023-04-01,-1.0041137323253497
MMR013025,2023-04-01,-0.7308328789052168
MMR013026,2023-04-01,-0.5972369097113926
MMR013027,2023-04-01,-2.1855634043363925
MMR013028,2023-04-01,-1.8093671719658277
MMR013029,2023-04-01,-1.103209586116162
MMR013030,2023-04-01,-1.493561689906866
MMR013031,2023-04-01,-1.417288808806701
MMR013032,2023-04-01,-0.7777050288769255
MMR013033,2023-04-01,-1.7606046400867101
MMR013034,2023-04-01,-1.8093671719658277
MMR013035,2023-04-01,-1.9799153366908662
MMR013036,2023-04-01,-1.417288808806701
MMR013037,2023-04-01,-1.418437660564558
MMR013038,2023-04-01,-1.688906936054849
MMR013039,2023-04-01,-1.558699175849655
MMR013040,2023-04-01,-1.1884701655062064
MMR013041,2023-04-01,-1.6307052559276454
MMR013042,2023-04-01,-1.5801403368850826
MMR013043,2023-04-01,-2.133905431710608
MMR013044,2023-04-01,-1.756642593599511
MMR013046,2023-04-01,-1.4561002155460352
MMR013047,2023-04-01,-1.3080311797334825
MMR014001,2023-04-01,-1.7467001729367844
MMR014002,2023-04-01,1.4539837908141364
MMR014003,2023-04-01,-1.8053102963092558
MMR014004,2023-04-01,-1.1068901347828146
MMR014005,2023-04-01,-0.9374056576359177
MMR014006,2023-04-01,-1.4868710564689884
MMR014007,2023-04-01,-1.8635119764364594
MMR014008,2023-04-01,-1.3920283920178107
MMR014009,2023-04-01,0.6464524185603627
MMR014010,2023-04-01,4.688021302647424
MMR014011,2023-04-01,-1.3080311797334825
MMR014012,2023-04-01,-1.558699175849655
MMR014013,2023-04-01,-1.2814951751644248
MMR014014,2023-04-01,-1.558699175849655
MMR014015,2023-04-01,-1.5927952064067923
MMR014016,2023-04-01,-1.558699175849655
MMR014017,2023-04-01,-1.7471086161820524
MMR014018,2023-04-01,-1.4333651777915688
MMR014019,2023-04-01,-1.756642593599511
MMR014020,2023-04-01,-1.1558688405595425
MMR014021,2023-04-01,-1.569834571007031
MMR015001,2023-04-01,-1.7206490981046805
MMR015002,2023-04-01,-0.6656703056158232
MMR015003,2023-04-01,-1.3080311797334825
MMR015004,2023-04-01,-1.8112583893304173
MMR015005,2023-04-01,-1.9347011700239138
MMR015006,2023-04-01,-1.569834571007031
MMR015007,2023-04-01,-1.3553140838540887
MMR015008,2023-04-01,-1.9347011700239138
MMR015009,2023-04-01,-0.5782871167048869
MMR015010,2023-04-01,-0.7341037015202536
MMR015011,2023-04-01,-1.3197162277522612
MMR015012,2023-04-01,-0.11746157262035621
MMR015013,2023-04-01,3.8583114055753422
MMR015014,2023-04-01,-1.4623638896009759
MMR015015,2023-04-01,-1.0762706810424059
MMR015016,2023-04-01,-1.1826971816753962
MMR015017,2023-04-01,0.28995018827006785
MMR015018,2023-04-01,2.6701994464583008
MMR015019,2023-04-01,-1.3006113510468102
MMR015020,2023-04-01,-0.9320291855592235
MMR015021,2023-04-01,-1.3706981787625254
MMR015022,2023-04-01,-1.2131374728512665
MMR015023,2023-04-01,-0.6545599978050518
MMR015024,2023-04-01,-2.0963186969452727
MMR016001,2023-04-01,-2.0963186969452727
MMR016002,2023-04-01,-1.9347011700239138
MMR016003,2023-04-01,-1.7606046400867101
MMR016005,2023-04-01,-1.7606046400867101
MMR016006,2023-04-01,-1.9347011700239138
MMR016007,2023-04-01,-2.1855624734113492
MMR016008,2023-04-01,-1.9347011700239138
MMR016009,2023-04-01,-1.569834571007031
MMR016010,2023-04-01,-1.7606046400867101
MMR016011,2023-04-01,-1.7606046400867101
MMR017001,2023-04-01,-1.2131374728512665
MMR017002,2023-04-01,-1.6213661748786983
MMR017003,2023-04-01,-1.558699175849655
MMR017004,2023-04-01,-0.2455908265912304
MMR017005,2023-04-01,-1.9799153366908662
MMR017006,2023-04-01,-1.8093671719658277
MMR017007,2023-04-01,-1.9799153366908662
MMR017008,2023-04-01,-1.7471086161820524
MMR017009,2023-04-01,-1.3706981787625254
MMR017010,2023-04-01,-1.6840331739077412
MMR017011,2023-04-01,-1.6840331739077412
MMR017012,2023-04-01,-1.8093671719658277
MMR017013,2023-04-01,-1.7471086161820524
MMR017014,2023-04-01,-1.6921712441822796
MMR017015,2023-04-01,-1.8720341709948705
MMR017016,2023-04-01,-1.341015927706536
MMR017017,2023-04-01,-2.0297215722540423
MMR017018,2023-04-01,-1.5553044523734185
MMR017019,2023-04-01,-1.9217136565636626
MMR017020,2023-04-01,-2.0843373679849484
MMR017021,2023-04-01,-1.8053102963092558
MMR017022,2023-04-01,-1.9217136565636626
MMR017023,2023-04-01,-1.569834571007031
MMR017024,2023-04-01,-1.417288808806701
MMR017025,2023-04-01,-2.0297215722540423
MMR017026,2023-04-01,-1.3553140838540887
MMR018001,2023-04-01,-0.1182031383803796
MMR018002,2023-04-01,-1.3500042646601274
MMR018003,2023-04-01,-0.9374056576359177
MMR018004,2023-04-01,-1.2131374728512665
MMR018005,2023-04-01,-1.496032176820612
MMR018006,2023-04-01,1.3787734039397765
MMR018007,2023-04-01,-0.6358512223891205
MMR018008,2023-04-01,-1.5143018956732386
MMR001001,2023-05-01,-0.6685674668204086
MMR001002,2023-05-01,-1.0362331017382154
MMR001003,2023-05-01,-1.4587178962756708
MMR001004,2023-05-01,0.1348786917944786
MMR001005,2023-05-01,-1.111503140940781
MMR001006,2023-05-01,-1.4464155190547856
MMR001007,2023-05-01,3.0015110087933867
MMR001008,2023-05-01,1.5479756352855594
MMR001009,2023-05-01,1.6019855096135953
MMR001010,2023-05-01,-0.5443348639786357
MMR001011,2023-05-01,0.5563422506840467
MMR001012,2023-05-01,-0.9160373465278073
MMR001013,2023-05-01,-1.424876555708782
MMR001014,2023-05-01,-1.5771140001850519
MMR001015,2023-05-01,-1.6631676332775698
MMR001016,2023-05-01,-1.5771140001850519
MMR001017,2023-05-01,-1.3794330434319846
MMR001018,2023-05-01,-1.865147401573855
MMR002001,2023-05-01,2.6769350705503303
MMR002002,2023-05-01,4.072086494704131
MMR002003,2023-05-01,3.418102748807022
MMR002004,2023-05-01,-0.3751564480809707
MMR002005,2023-05-01,1.0969038162480673
MMR002006,2023-05-01,-0.2691655853129652
MMR002007,2023-05-01,-0.441678384712772
MMR003001,2023-05-01,2.6769350705503303
MMR003002,2023-05-01,4.552869515545763
MMR003003,2023-05-01,1.27764236125885
MMR003004,2023-05-01,2.1420803796827474
MMR003005,2023-05-01,5.1848495676025035
MMR003006,2023-05-01,3.913407450405229
MMR003007,2023-05-01,4.419212042528928
MMR004001,2023-05-01,2.990324697810457
MMR004002,2023-05-01,3.0878996144082165
MMR004003,2023-05-01,1.3668484571028523
MMR004004,2023-05-01,1.8357257864624585
MMR004005,2023-05-01,1.2328835058572505
MMR004006,2023-05-01,0.5563422506840467
MMR004007,2023-05-01,1.914702764255664
MMR004008,2023-05-01,0.006003693352705361
MMR004009,2023-05-01,-0.968277849929759
MMR005001,2023-05-01,4.861474549554333
MMR005002,2023-05-01,5.288123424786998
MMR005003,2023-05-01,4.738915286402241
MMR005004,2023-05-01,4.353678296270302
MMR005005,2023-05-01,6.004693968264325
MMR005006,2023-05-01,7.281508360555513
MMR005007,2023-05-01,3.492311644868245
MMR005008,2023-05-01,1.2322773968500464
MMR005009,2023-05-01,3.971944923878783
MMR005010,2023-05-01,3.9592001342746537
MMR005011,2023-05-01,1.7282692681011715
MMR005012,2023-05-01,4.316987174027977
MMR005013,2023-05-01,3.197967325874485
MMR005014,2023-05-01,5.390348293287947
MMR005015,2023-05-01,5.619456978132386
MMR005016,2023-05-01,4.463746007736569
MMR005017,2023-05-01,2.8687883821545457
MMR005018,2023-05-01,7.6392954003088365
MMR005019,2023-05-01,5.95258507004317
MMR005020,2023-05-01,1.436883942414193
MMR005021,2023-05-01,1.6019855096135953
MMR005022,2023-05-01,2.9167517100555993
MMR005023,2023-05-01,0.6880043422442694
MMR005024,2023-05-01,1.3268162309479246
MMR005025,2023-05-01,0.8865453850828519
MMR005026,2023-05-01,0.006003693352705654
MMR005027,2023-05-01,2.915006489385266
MMR005028,2023-05-01,1.9085629009167842
MMR005029,2023-05-01,2.1493384636387383
MMR005030,2023-05-01,1.7120532210798634
MMR005031,2023-05-01,1.3268162309479246
MMR005032,2023-05-01,0.9946789477471175
MMR005033,2023-05-01,0.330217302490946
MMR005034,2023-05-01,1.6217418567271467
MMR005035,2023-05-01,-0.22711107804931488
MMR005036,2023-05-01,-1.1523784330650415
MMR005037,2023-05-01,-1.3794330434319846
MMR006001,2023-05-01,5.729524689598655
MMR006002,2023-05-01,3.510287677032481
MMR006003,2023-05-01,4.782954713865698
MMR006004,2023-05-01,3.577270152655282
MMR006005,2023-05-01,3.108392823295676
MMR006006,2023-05-01,1.0319360789888479
MMR006007,2023-05-01,4.853358903571783
MMR006008,2023-05-01,3.5832043160064244
MMR006009,2023-05-01,-0.21624725040927867
MMR006010,2023-05-01,1.0989185546116487
MMR007001,2023-05-01,-1.9206595720007047
MMR007002,2023-05-01,-1.2454680921863828
MMR007003,2023-05-01,-1.3367224897642358
MMR007004,2023-05-01,-0.5386940797671251
MMR007005,2023-05-01,-1.0963309793434195
MMR007006,2023-05-01,-0.25330513487251005
MMR007007,2023-05-01,-1.0963309793434195
MMR007008,2023-05-01,2.1493384636387383
MMR007009,2023-05-01,0.5563422506840467
MMR007010,2023-05-01,0.006003693352705361
MMR007011,2023-05-01,1.2502411189994918
MMR007012,2023-05-01,0.38132973674142057
MMR007013,2023-05-01,-0.25496069287056244
MMR007014,2023-05-01,1.491917798147327
MMR008001,2023-05-01,-1.6450119786413184
MMR008002,2023-05-01,-0.3231627481499822
MMR008003,2023-05-01,-1.9755077358518889
MMR008004,2023-05-01,-0.17374848222156838
MMR008005,2023-05-01,-0.7094364311780381
MMR008006,2023-05-01,-1.6631676332775698
MMR008007,2023-05-01,-1.3367224897642358
MMR008008,2023-05-01,-1.704781622831688
MMR008009,2023-05-01,-0.8435732384495774
MMR008010,2023-05-01,-1.1497072770431114
MMR008011,2023-05-01,-0.8439559813931327
MMR008012,2023-05-01,-1.143498954992245
MMR008013,2023-05-01,-1.6616060329978848
MMR008014,2023-05-01,-1.1497072770431114
MMR009001,2023-05-01,-1.9886350761750085
MMR009002,2023-05-01,-1.5098303305261456
MMR009003,2023-05-01,0.2791048682404711
MMR009004,2023-05-01,-1.9187298045299437
MMR009005,2023-05-01,-1.6450119786413184
MMR009006,2023-05-01,-1.8316177521487274
MMR009007,2023-05-01,-1.456918244974644
MMR009008,2023-05-01,-1.7142800675280447
MMR009009,2023-05-01,-1.5899781229081844
MMR009010,2023-05-01,-0.6920313825185493
MMR009011,2023-05-01,-1.3040211452371355
MMR009012,2023-05-01,-1.5349442671750502
MMR009013,2023-05-01,-1.927544407950835
MMR009014,2023-05-01,-1.5349442671750502
MMR009015,2023-05-01,-1.7000458343744527
MMR009016,2023-05-01,-1.4442555032693654
MMR009017,2023-05-01,-1.8165049360289942
MMR009018,2023-05-01,5.171028121405128
MMR009019,2023-05-01,6.753817942139904
MMR009020,2023-05-01,7.655709640258349
MMR009021,2023-05-01,5.554734744613558
MMR009022,2023-05-01,2.097290211211803
MMR009023,2023-05-01,4.725379656327923
MMR009024,2023-05-01,2.59259491281001
MMR009025,2023-05-01,1.6217418567271467
MMR010001,2023-05-01,-0.07289985221336036
MMR010002,2023-05-01,-0.441678384712772
MMR010003,2023-05-01,-0.7958415913173992
MMR010004,2023-05-01,-0.43525432568617484
MMR010005,2023-05-01,-0.10676600659876749
MMR010006,2023-05-01,1.0941452498155546
MMR010007,2023-05-01,2.1007806294317954
MMR010008,2023-05-01,1.6019855096135953
MMR010009,2023-05-01,5.7481353330412706
MMR010010,2023-05-01,7.434845663306938
MMR010011,2023-05-01,2.0888565337323963
MMR010012,2023-05-01,4.271730012239887
MMR010013,2023-05-01,-0.7764245383255437
MMR010014,2023-05-01,-1.2597749885093796
MMR010015,2023-05-01,-0.4893010082455018
MMR010016,2023-05-01,1.3339618893208238
MMR010017,2023-05-01,4.078509017604631
MMR010018,2023-05-01,3.5402749727692986
MMR010019,2023-05-01,0.518585315002909
MMR010020,2023-05-01,-1.3999478010392432
MMR010021,2023-05-01,4.1636498712765535
MMR010022,2023-05-01,0.5864095936022944
MMR010023,2023-05-01,-1.1121678336329204
MMR010024,2023-05-01,-1.3367224897642358
MMR010028,2023-05-01,-1.5098303305261456
MMR010029,2023-05-01,-0.3792332967792334
MMR010030,2023-05-01,-1.687727768445566
MMR010031,2023-05-01,-0.6409189482680746
MMR011001,2023-05-01,-1.2165267345538278
MMR011002,2023-05-01,1.427779880075151
MMR011003,2023-05-01,-0.7497460260401808
MMR011004,2023-05-01,0.7640061764976442
MMR011005,2023-05-01,-0.615547958501787
MMR011006,2023-05-01,1.8357257864624585
MMR011007,2023-05-01,1.8357257864624585
MMR011008,2023-05-01,-0.03978353097596658
MMR011009,2023-05-01,1.8357257864624585
MMR011010,2023-05-01,2.262391778411205
MMR012001,2023-05-01,-1.0635484822239984
MMR012002,2023-05-01,-1.637211877790256
MMR012003,2023-05-01,-1.637211877790256
MMR012004,2023-05-01,-1.6973097553954601
MMR012005,2023-05-01,-1.8795810800497812
MMR012006,2023-05-01,-1.306589658900996
MMR012007,2023-05-01,-1.229484045983019
MMR012008,2023-05-01,-1.3124505678091838
MMR012009,2023-05-01,-1.0752728201470643
MMR012010,2023-05-01,-1.7000458343744527
MMR012011,2023-05-01,-1.306589658900996
MMR012012,2023-05-01,-0.7497460260401808
MMR012013,2023-05-01,-1.306589658900996
MMR012014,2023-05-01,-2.179713111003525
MMR012015,2023-05-01,-1.8101135458407207
MMR012016,2023-05-01,-1.7000458343744527
MMR012017,2023-05-01,-1.8316177521487274
MMR013001,2023-05-01,-1.2047411327762454
MMR013002,2023-05-01,-1.3053805935242464
MMR013003,2023-05-01,-1.3148088442425134
MMR013004,2023-05-01,-1.8558586124755683
MMR013005,2023-05-01,-2.034000040583812
MMR013006,2023-05-01,-1.8165049360289942
MMR013007,2023-05-01,-1.2047411327762454
MMR013009,2023-05-01,-1.7836544242476735
MMR013010,2023-05-01,-1.4799104114419162
MMR013011,2023-05-01,-1.2766246121590317
MMR013012,2023-05-01,-1.2047411327762454
MMR013013,2023-05-01,-1.39682036736944
MMR013014,2023-05-01,-1.5170161225798482
MMR013015,2023-05-01,-1.5349442671750502
MMR013016,2023-05-01,-1.306589658900996
MMR013017,2023-05-01,-1.6973097553954601
MMR013018,2023-05-01,-1.5609427647766203
MMR013019,2023-05-01,-1.5609427647766203
MMR013020,2023-05-01,-1.3367224897642358
MMR013021,2023-05-01,-1.39682036736944
MMR013022,2023-05-01,-2.034000040583812
MMR013023,2023-05-01,-1.424876555708782
MMR013024,2023-05-01,-1.1523784330650415
MMR013025,2023-05-01,-1.0445206653179802
MMR013026,2023-05-01,-1.2165267345538278
MMR013027,2023-05-01,-2.3092398805049346
MMR013028,2023-05-01,-1.865147401573855
MMR013029,2023-05-01,-1.0635484822239984
MMR013030,2023-05-01,-1.5133979946775864
MMR013031,2023-05-01,-1.4464155190547856
MMR013032,2023-05-01,-0.7497460260401808
MMR013033,2023-05-01,-1.6973097553954601
MMR013034,2023-05-01,-1.7000458343744527
MMR013035,2023-05-01,-1.8165049360289942
MMR013036,2023-05-01,-1.3124505678091838
MMR013037,2023-05-01,-1.3367224897642358
MMR013038,2023-05-01,-1.7653925017785195
MMR013039,2023-05-01,-1.3698426999756477
MMR013040,2023-05-01,-1.2454680921863828
MMR013041,2023-05-01,-1.5098303305261456
MMR013042,2023-05-01,-1.740096143906808
MMR013043,2023-05-01,-1.9432701117662048
MMR013044,2023-05-01,-1.7356910963466199
MMR013046,2023-05-01,-1.6631676332775698
MMR013047,2023-05-01,-1.5899781229081844
MMR014001,2023-05-01,-1.5899781229081844
MMR014002,2023-05-01,1.352465987500441
MMR014003,2023-05-01,-1.2542681592737717
MMR014004,2023-05-01,-1.1009308565223475
MMR014005,2023-05-01,-1.1121678336329204
MMR014006,2023-05-01,-0.9761352241330113
MMR014007,2023-05-01,-1.4076054620251959
MMR014008,2023-05-01,-1.1618996403934698
MMR014009,2023-05-01,0.3267320033986938
MMR014010,2023-05-01,3.492311644868245
MMR014011,2023-05-01,-1.1497072770431114
MMR014012,2023-05-01,-1.1497072770431114
MMR014013,2023-05-01,-1.1009308565223475
MMR014014,2023-05-01,-1.4799104114419162
MMR014015,2023-05-01,-1.3040211452371355
MMR014016,2023-05-01,-1.039639565576843
MMR014017,2023-05-01,-1.6631676332775698
MMR014018,2023-05-01,-1.7000458343744527
MMR014019,2023-05-01,-1.7836544242476735
MMR014020,2023-05-01,-1.3519844731381894
MMR014021,2023-05-01,-1.5133979946775864
MMR015001,2023-05-01,-1.7164452897221867
MMR015002,2023-05-01,-0.49535220329137897
MMR015003,2023-05-01,-1.2597749885093796
MMR015004,2023-05-01,-1.7356910963466199
MMR015005,2023-05-01,-1.865147401573855
MMR015006,2023-05-01,-1.5133979946775864
MMR015007,2023-05-01,-1.306589658900996
MMR015008,2023-05-01,-1.865147401573855
MMR015009,2023-05-01,-0.7765907628267765
MMR015010,2023-05-01,-0.9160373465278073
MMR015011,2023-05-01,-1.447911128940297
MMR015012,2023-05-01,-0.027569737262377374
MMR015013,2023-05-01,3.1376059020197973
MMR015014,2023-05-01,-1.2174306812253475
MMR015015,2023-05-01,-0.9160373465278073
MMR015016,2023-05-01,-1.2047411327762454
MMR015017,2023-05-01,0.6880043422442694
MMR015018,2023-05-01,1.0961825036236355
MMR015019,2023-05-01,-1.1003233651584419
MMR015020,2023-05-01,-0.7644702869111724
MMR015021,2023-05-01,-1.3148088442425137
MMR015022,2023-05-01,-1.1564288569486236
MMR015023,2023-05-01,-0.7096082872039756
MMR015024,2023-05-01,-2.0209546730308934
MMR016001,2023-05-01,-2.0209546730308934
MMR016002,2023-05-01,-1.865147401573855
MMR016003,2023-05-01,-1.6973097553954601
MMR016005,2023-05-01,-1.6973097553954601
MMR016006,2023-05-01,-1.865147401573855
MMR016007,2023-05-01,-2.079365004992616
MMR016008,2023-05-01,-1.865147401573855
MMR016009,2023-05-01,-1.5133979946775864
MMR016010,2023-05-01,-1.6973097553954601
MMR016011,2023-05-01,-1.6973097553954601
MMR017001,2023-05-01,-1.3367224897642358
MMR017002,2023-05-01,-1.6450119786413184
MMR017003,2023-05-01,-1.5349442671750502
MMR017004,2023-05-01,-0.4986809943475186
MMR017005,2023-05-01,-1.6631676332775698
MMR017006,2023-05-01,-1.6450119786413184
MMR017007,2023-05-01,-1.8165049360289942
MMR017008,2023-05-01,-1.5609427647766203
MMR017009,2023-05-01,-1.3698426999756477
MMR017010,2023-05-01,-1.424876555708782
MMR017011,2023-05-01,-1.7550796901075867
MMR017012,2023-05-01,-1.8101135458407207
MMR017013,2023-05-01,-1.6631676332775698
MMR017014,2023-05-01,-1.637211877790256
MMR017015,2023-05-01,-1.8101135458407207
MMR017016,2023-05-01,-1.3124505678091838
MMR017017,2023-05-01,-2.0234710637529427
MMR017018,2023-05-01,-1.39682036736944
MMR017019,2023-05-01,-1.9698422387804184
MMR017020,2023-05-01,-2.0234710637529427
MMR017021,2023-05-01,-2.0209546730308934
MMR017022,2023-05-01,-1.7653925017785195
MMR017023,2023-05-01,-1.3794330434319846
MMR017024,2023-05-01,-1.2454680921863828
MMR017025,2023-05-01,-1.927544407950835
MMR017026,2023-05-01,-1.306589658900996
MMR018001,2023-05-01,-0.7357437137121952
MMR018002,2023-05-01,-1.456918244974644
MMR018003,2023-05-01,-1.3519844731381894
MMR018004,2023-05-01,-1.456918244974644
MMR018005,2023-05-01,-1.7000458343744527
MMR018006,2023-05-01,0.6878978239444035
MMR018007,2023-05-01,-0.9906058591813294
MMR018008,2023-05-01,-1.8165049360289942
MMR001001,2023-06-01,-1.0914284648715988
MMR001002,2023-06-01,-0.6186185537365334
MMR001003,2023-06-01,-1.081902601919274
MMR001004,2023-06-01,-0.1958479294662308
MMR001005,2023-06-01,-0.7652905718911832
MMR001006,2023-06-01,-1.393826880313509
MMR001007,2023-06-01,2.0371027999553015
MMR001008,2023-06-01,1.0731835683606168
MMR001009,2023-06-01,0.6835460950580253
MMR001010,2023-06-01,-1.0206244578682329
MMR001011,2023-06-01,0.21877230789631852
MMR001012,2023-06-01,-0.6186185537365334
MMR001013,2023-06-01,-1.433756713123083
MMR001014,2023-06-01,-1.5209130188550135
MMR001015,2023-06-01,-1.51355906722022
MMR001016,2023-06-01,-1.5773064229249185
MMR001017,2023-06-01,-1.393826880313509
MMR001018,2023-06-01,-1.7952474364710773
MMR002001,2023-06-01,2.549569076212896
MMR002002,2023-06-01,4.231214196275297
MMR002003,2023-06-01,4.091887200910541
MMR002004,2023-06-01,-0.11107791710738853
MMR002005,2023-06-01,1.8917308257094658
MMR002006,2023-06-01,1.3548860098471571
MMR002007,2023-06-01,1.371732876744724
MMR003001,2023-06-01,2.4595554038955476
MMR003002,2023-06-01,2.5394120741781467
MMR003003,2023-06-01,2.8033382756223797
MMR003004,2023-06-01,3.5369489393823588
MMR003005,2023-06-01,4.011585372118493
MMR003006,2023-06-01,3.0074150308665595
MMR003007,2023-06-01,3.906127663780548
MMR004001,2023-06-01,2.0318714375490017
MMR004002,2023-06-01,2.6975658394254216
MMR004003,2023-06-01,0.49178204495346817
MMR004004,2023-06-01,0.9317574608490962
MMR004005,2023-06-01,1.246025615060259
MMR004006,2023-06-01,0.47697996743059995
MMR004007,2023-06-01,1.9876544846652318
MMR004008,2023-06-01,-0.1427184154516757
MMR004009,2023-06-01,-1.095984652639715
MMR005001,2023-06-01,6.08112336597599
MMR005002,2023-06-01,7.2154938977544685
MMR005003,2023-06-01,4.711585583792817
MMR005004,2023-06-01,5.950982349557369
MMR005005,2023-06-01,6.415756136719075
MMR005006,2023-06-01,8.318615975745775
MMR005007,2023-06-01,3.179664782434335
MMR005008,2023-06-01,1.0154554990658649
MMR005009,2023-06-01,4.394849358718539
MMR005010,2023-06-01,4.481669617515143
MMR005011,2023-06-01,1.1295769724305216
MMR005012,2023-06-01,5.057211571249737
MMR005013,2023-06-01,3.059056562773415
MMR005014,2023-06-01,6.975684750365054
MMR005015,2023-06-01,6.519039200532788
MMR005016,2023-06-01,5.176359370954524
MMR005017,2023-06-01,3.0446442739583124
MMR005018,2023-06-01,8.462501464179425
MMR005019,2023-06-01,6.25625730819681
MMR005020,2023-06-01,0.7351876269648814
MMR005021,2023-06-01,1.2516029460334448
MMR005022,2023-06-01,2.59457591237157
MMR005023,2023-06-01,0.6447232592845106
MMR005024,2023-06-01,0.5286214993374564
MMR005025,2023-06-01,0.5802630312443124
MMR005026,2023-06-01,0.11548924408260573
MMR005027,2023-06-01,2.473822673471622
MMR005028,2023-06-01,1.8626912253392864
MMR005029,2023-06-01,2.2345212231021763
MMR005030,2023-06-01,2.026225924636289
MMR005031,2023-06-01,1.9229428608225767
MMR005032,2023-06-01,0.7406469182402763
MMR005033,2023-06-01,-0.17062784183949892
MMR005034,2023-06-01,1.1543571552939955
MMR005035,2023-06-01,-0.7511533150941133
MMR005036,2023-06-01,-1.1852699420311665
MMR005037,2023-06-01,-1.3309732494712765
MMR006001,2023-06-01,5.744416221929943
MMR006002,2023-06-01,3.760170848749562
MMR006003,2023-06-01,5.080097096436446
MMR006004,2023-06-01,4.074439002960725
MMR006005,2023-06-01,2.8802200169583063
MMR006006,2023-06-01,0.36607478326900306
MMR006007,2023-06-01,4.7387548329044415
MMR006008,2023-06-01,3.1106980946802714
MMR006009,2023-06-01,-0.40529984663571994
MMR006010,2023-06-01,0.4289284141112356
MMR007001,2023-06-01,-1.7396559445703665
MMR007002,2023-06-01,-1.2681196186290438
MMR007003,2023-06-01,-1.6336998269948235
MMR007004,2023-06-01,-0.21858967131738166
MMR007005,2023-06-01,-0.2802581293171034
MMR007006,2023-06-01,0.5916444902253908
MMR007007,2023-06-01,-0.6750119578064385
MMR007008,2023-06-01,3.314685290910358
MMR007009,2023-06-01,0.37369690361688745
MMR007010,2023-06-01,-0.1427184154516757
MMR007011,2023-06-01,2.9948529037007727
MMR007012,2023-06-01,1.5559980193642855
MMR007013,2023-06-01,-0.054684513037483486
MMR007014,2023-06-01,2.3877166479842833
MMR008001,2023-06-01,-1.588681308843652
MMR008002,2023-06-01,-0.2811441152481395
MMR008003,2023-06-01,-1.8611008673371765
MMR008004,2023-06-01,-0.13675426346885755
MMR008005,2023-06-01,-0.6591337345202387
MMR008006,2023-06-01,-1.8013300440875173
MMR008007,2023-06-01,-1.5773064229249185
MMR008008,2023-06-01,-1.4965706396833287
MMR008009,2023-06-01,-1.079558726102346
MMR008010,2023-06-01,-1.0206244578682329
MMR008011,2023-06-01,-1.112917170874991
MMR008012,2023-06-01,-0.7673147250222152
MMR008013,2023-06-01,-1.9827412494574044
MMR008014,2023-06-01,-1.0206244578682329
MMR009001,2023-06-01,-1.8792118534542073
MMR009002,2023-06-01,-1.2257880903529226
MMR009003,2023-06-01,0.8845324066739249
MMR009004,2023-06-01,-1.8013300440875173
MMR009005,2023-06-01,-1.537039776936796
MMR009006,2023-06-01,-1.7260803588611537
MMR009007,2023-06-01,-1.4645196147851083
MMR009008,2023-06-01,-1.369673578786571
MMR009009,2023-06-01,-1.537039776936796
MMR009010,2023-06-01,-0.5543224776625619
MMR009011,2023-06-01,-1.1859983249570634
MMR009012,2023-06-01,-1.537039776936796
MMR009013,2023-06-01,-1.9511145396545249
MMR009014,2023-06-01,-1.6403228407505084
MMR009015,2023-06-01,-1.588681308843652
MMR009016,2023-06-01,-1.4535254780836082
MMR009017,2023-06-01,-1.7054063851317514
MMR009018,2023-06-01,4.6198835395119096
MMR009019,2023-06-01,7.6803483983017555
MMR009020,2023-06-01,8.01664362583162
MMR009021,2023-06-01,5.970088624272136
MMR009022,2023-06-01,2.129508988450002
MMR009023,2023-06-01,4.591221052178894
MMR009024,2023-06-01,2.129508988450002
MMR009025,2023-06-01,1.1543571552939955
MMR010001,2023-06-01,0.6235493368732218
MMR010002,2023-06-01,0.30322115242677045
MMR010003,2023-06-01,-0.2238647252471986
MMR010004,2023-06-01,-0.16747132117729358
MMR010005,2023-06-01,0.05180662905784018
MMR010006,2023-06-01,2.369541731578199
MMR010007,2023-06-01,2.8781308389130373
MMR010008,2023-06-01,0.42533843552374356
MMR010009,2023-06-01,6.112371819763161
MMR010010,2023-06-01,6.975684750365054
MMR010011,2023-06-01,0.05810229510232636
MMR010012,2023-06-01,2.845906913159439
MMR010013,2023-06-01,-1.546053014226457
MMR010014,2023-06-01,-0.8656998621476639
MMR010015,2023-06-01,-0.6591337345202388
MMR010016,2023-06-01,2.3245348954195246
MMR010017,2023-06-01,3.5754718818419784
MMR010018,2023-06-01,3.2696784547516833
MMR010019,2023-06-01,0.25422043212051126
MMR010020,2023-06-01,-1.321018833433086
MMR010021,2023-06-01,5.2970207186391525
MMR010022,2023-06-01,1.1859703765004264
MMR010023,2023-06-01,-0.7809367995289955
MMR010024,2023-06-01,-1.2389459985054885
MMR010028,2023-06-01,-1.4655972377423372
MMR010029,2023-06-01,-0.5558506707065262
MMR010030,2023-06-01,-1.6810735227024796
MMR010031,2023-06-01,-0.7941316250519764
MMR011001,2023-06-01,-0.9569789781559634
MMR011002,2023-06-01,2.3702318619684313
MMR011003,2023-06-01,-0.7216478601730046
MMR011004,2023-06-01,2.503098231904911
MMR011005,2023-06-01,0.6220363358013763
MMR011006,2023-06-01,3.760170848749562
MMR011007,2023-06-01,1.686001030955887
MMR011008,2023-06-01,0.30322115242677045
MMR011009,2023-06-01,1.9374155543248173
MMR011010,2023-06-01,2.6975658394254203
MMR012001,2023-06-01,-0.935348523213478
MMR012002,2023-06-01,-1.5773064229249185
MMR012003,2023-06-01,-1.6336998269948235
MMR012004,2023-06-01,-1.6336998269948235
MMR012005,2023-06-01,-1.8611008673371765
MMR012006,2023-06-01,-1.257622713187342
MMR012007,2023-06-01,-1.257622713187342
MMR012008,2023-06-01,-1.393826880313509
MMR012009,2023-06-01,-1.1852699420311665
MMR012010,2023-06-01,-1.743605904564221
MMR012011,2023-06-01,-1.1852699420311665
MMR012012,2023-06-01,-0.7216478601730046
MMR012013,2023-06-01,-1.1852699420311665
MMR012014,2023-06-01,-2.1447981193820964
MMR012015,2023-06-01,-1.743605904564221
MMR012016,2023-06-01,-1.6919643726573648
MMR012017,2023-06-01,-1.996121375813199
MMR013001,2023-06-01,-1.1755490535888018
MMR013002,2023-06-01,-1.3217117493086883
MMR013003,2023-06-01,-1.2788321174025141
MMR013004,2023-06-01,-1.9925630930042044
MMR013005,2023-06-01,-1.9643491285283265
MMR013006,2023-06-01,-1.7054063851317514
MMR013007,2023-06-01,-1.1755490535888018
MMR013009,2023-06-01,-1.5910598503851312
MMR013010,2023-06-01,-1.4853982450299394
MMR013011,2023-06-01,-1.2389459985054885
MMR013012,2023-06-01,-1.1239075216819454
MMR013013,2023-06-01,-1.1261591903656785
MMR013014,2023-06-01,-1.3517328066452985
MMR013015,2023-06-01,-1.4853982450299394
MMR013016,2023-06-01,-1.257622713187342
MMR013017,2023-06-01,-1.5773064229249185
MMR013018,2023-06-01,-1.3217117493086883
MMR013019,2023-06-01,-1.4655972377423372
MMR013020,2023-06-01,-1.1825525944355835
MMR013021,2023-06-01,-1.2389459985054885
MMR013022,2023-06-01,-1.9643491285283265
MMR013023,2023-06-01,-1.588681308843652
MMR013024,2023-06-01,-1.257622713187342
MMR013025,2023-06-01,-1.4566805111557415
MMR013026,2023-06-01,-1.6336998269948235
MMR013027,2023-06-01,-2.0232554669385774
MMR013028,2023-06-01,-1.743605904564221
MMR013029,2023-06-01,-1.023689969309771
MMR013030,2023-06-01,-1.4566805111557415
MMR013031,2023-06-01,-1.393826880313509
MMR013032,2023-06-01,-0.7216478601730046
MMR013033,2023-06-01,-1.5773064229249185
MMR013034,2023-06-01,-1.6919643726573648
MMR013035,2023-06-01,-1.8013300440875173
MMR013036,2023-06-01,-1.393826880313509
MMR013037,2023-06-01,-1.4645196147851083
MMR013038,2023-06-01,-1.6094827261759856
MMR013039,2023-06-01,-1.4853982450299394
MMR013040,2023-06-01,-0.9538514644178809
MMR013041,2023-06-01,-1.5615208966981027
MMR013042,2023-06-01,-1.5398258348224148
MMR013043,2023-06-01,-2.0069177660653867
MMR013044,2023-06-01,-1.7710871950198281
MMR013046,2023-06-01,-1.4655972377423372
MMR013047,2023-06-01,-1.3821151812162271
MMR014001,2023-06-01,-1.588681308843652
MMR014002,2023-06-01,1.6998835077979342
MMR014003,2023-06-01,-1.369673578786571
MMR014004,2023-06-01,-1.3217117493086883
MMR014005,2023-06-01,-0.8709504718463439
MMR014006,2023-06-01,-1.0133723822258685
MMR014007,2023-06-01,-1.4176354082644542
MMR014008,2023-06-01,-2.004873905741936
MMR014009,2023-06-01,0.8393093021832759
MMR014010,2023-06-01,3.4497057993863804
MMR014011,2023-06-01,-1.3821151812162271
MMR014012,2023-06-01,-1.3304736493093707
MMR014013,2023-06-01,-1.51355906722022
MMR014014,2023-06-01,-1.6403228407505084
MMR014015,2023-06-01,-1.5910598503851312
MMR014016,2023-06-01,-1.2271905854956582
MMR014017,2023-06-01,-1.8013300440875173
MMR014018,2023-06-01,-1.6919643726573648
MMR014019,2023-06-01,-1.9511145396545249
MMR014020,2023-06-01,-1.4560393419091087
MMR014021,2023-06-01,-1.4566805111557415
MMR015001,2023-06-01,-1.2832509279353688
MMR015002,2023-06-01,0.17088910324213644
MMR015003,2023-06-01,-1.0206244578682329
MMR015004,2023-06-01,-1.4560393419091087
MMR015005,2023-06-01,-1.7952474364710773
MMR015006,2023-06-01,-1.4566805111557415
MMR015007,2023-06-01,-1.257622713187342
MMR015008,2023-06-01,-1.7952474364710773
MMR015009,2023-06-01,0.05180662905784018
MMR015010,2023-06-01,-0.2802581293171034
MMR015011,2023-06-01,-0.4208821102596018
MMR015012,2023-06-01,-1.4176354082644542
MMR015013,2023-06-01,1.0580241366029246
MMR015014,2023-06-01,-1.198113652861249
MMR015015,2023-06-01,-0.6186185537365334
MMR015016,2023-06-01,-1.537039776936796
MMR015017,2023-06-01,-0.1706278418394986
MMR015018,2023-06-01,-0.09132907689769218
MMR015019,2023-06-01,-0.6052578550975232
MMR015020,2023-06-01,0.21877230789631824
MMR015021,2023-06-01,-0.7107752664270951
MMR015022,2023-06-01,-0.5622251496666285
MMR015023,2023-06-01,0.49178204495346817
MMR015024,2023-06-01,-1.945215532521166
MMR016001,2023-06-01,-1.945215532521166
MMR016002,2023-06-01,-1.7952474364710773
MMR016003,2023-06-01,-1.6336998269948235
MMR016005,2023-06-01,-1.6336998269948235
MMR016006,2023-06-01,-1.7952474364710773
MMR016007,2023-06-01,-2.1346236786765664
MMR016008,2023-06-01,-1.7952474364710773
MMR016009,2023-06-01,-1.4566805111557415
MMR016010,2023-06-01,-1.6336998269948235
MMR016011,2023-06-01,-1.6336998269948235
MMR017001,2023-06-01,-1.6336998269948235
MMR017002,2023-06-01,-1.7952474364710773
MMR017003,2023-06-01,-1.743605904564221
MMR017004,2023-06-01,-1.023689969309771
MMR017005,2023-06-01,-1.51355906722022
MMR017006,2023-06-01,-1.6403228407505084
MMR017007,2023-06-01,-1.8013300440875173
MMR017008,2023-06-01,-1.5615208966981027
MMR017009,2023-06-01,-1.433756713123083
MMR017010,2023-06-01,-1.3304736493093707
MMR017011,2023-06-01,-1.743605904564221
MMR017012,2023-06-01,-1.743605904564221
MMR017013,2023-06-01,-1.6094827261759856
MMR017014,2023-06-01,-1.6336998269948235
MMR017015,2023-06-01,-1.7952474364710773
MMR017016,2023-06-01,-1.4566805111557415
MMR017017,2023-06-01,-2.0411282119718734
MMR017018,2023-06-01,-1.5209130188550135
MMR017019,2023-06-01,-1.897253703043283
MMR017020,2023-06-01,-1.9511145396545249
MMR017021,2023-06-01,-1.8013300440875173
MMR017022,2023-06-01,-1.5615208966981027
MMR017023,2023-06-01,-1.3309732494712765
MMR017024,2023-06-01,-1.3309732494712765
MMR017025,2023-06-01,-1.9511145396545249
MMR017026,2023-06-01,-1.257622713187342
MMR018001,2023-06-01,-0.3366515333870085
MMR018002,2023-06-01,-1.4645196147851083
MMR018003,2023-06-01,-1.0509778164810408
MMR018004,2023-06-01,-1.4081262107152035
MMR018005,2023-06-01,-1.6403228407505084
MMR018006,2023-06-01,1.1005927741399844
MMR018007,2023-06-01,-1.0278391027130096
MMR018008,2023-06-01,-1.8013300440875173
MMR001001,2023-07-01,-0.008679816469954022
MMR001002,2023-07-01,0.6418452639799853
MMR001003,2023-07-01,-0.5836428421475552
MMR001004,2023-07-01,-1.1770862991137578
MMR001005,2023-07-01,0.09459752770867087
MMR001006,2023-07-01,-1.5162536113873795
MMR001007,2023-07-01,0.6614249528160049
MMR001008,2023-07-01,-0.35490267537716824
MMR001009,2023-07-01,-0.7277179054534721
MMR001010,2023-07-01,-0.08878656315110775
MMR001011,2023-07-01,0.23067910800007443
MMR001012,2023-07-01,0.6418452639799853
MMR001013,2023-07-01,-1.0015456235830567
MMR001014,2023-07-01,-1.650674996541468
MMR001015,2023-07-01,-1.7704517905285873
MMR001016,2023-07-01,-1.7005123935093256
MMR001017,2023-07-01,-1.5162536113873795
MMR001018,2023-07-01,-1.8686667309934082
MMR002001,2023-07-01,0.6923186260607644
MMR002002,2023-07-01,2.0372923790800006
MMR002003,2023-07-01,2.056197228863972
MMR002004,2023-07-01,0.14347129430140856
MMR002005,2023-07-01,1.4508867836484995
MMR002006,2023-07-01,1.3716279335400101
MMR002007,2023-07-01,1.2610759387782244
MMR003001,2023-07-01,2.044654103846589
MMR003002,2023-07-01,1.5389184094014234
MMR003003,2023-07-01,2.9186145539461164
MMR003004,2023-07-01,2.39512327147664
MMR003005,2023-07-01,4.482778216970325
MMR003006,2023-07-01,3.470973772533493
MMR003007,2023-07-01,4.375523120730328
MMR004001,2023-07-01,1.7881053942407124
MMR004002,2023-07-01,2.1018351818855696
MMR004003,2023-07-01,0.2612373007186071
MMR004004,2023-07-01,1.0388895747649762
MMR004005,2023-07-01,1.8720884398146573
MMR004006,2023-07-01,1.325989980518413
MMR004007,2023-07-01,1.3237286820362462
MMR004008,2023-07-01,0.6870586382160485
MMR004009,2023-07-01,-0.5406931330968991
MMR005001,2023-07-01,5.401523115189239
MMR005002,2023-07-01,5.859034306206619
MMR005003,2023-07-01,3.9729912557710647
MMR005004,2023-07-01,5.387767799440586
MMR005005,2023-07-01,4.4293707859870395
MMR005006,2023-07-01,7.088229288458401
MMR005007,2023-07-01,2.16397782247475
MMR005008,2023-07-01,-0.12859140757953383
MMR005009,2023-07-01,3.79473531039295
MMR005010,2023-07-01,4.07882088363507
MMR005011,2023-07-01,0.6916826609478433
MMR005012,2023-07-01,5.392787933628356
MMR005013,2023-07-01,2.3300249469935563
MMR005014,2023-07-01,6.240508611043379
MMR005015,2023-07-01,6.619992531023716
MMR005016,2023-07-01,4.794474410159818
MMR005017,2023-07-01,2.1242032495986964
MMR005018,2023-07-01,8.063108067485679
MMR005019,2023-07-01,6.070964475560374
MMR005020,2023-07-01,0.8696104503024386
MMR005021,2023-07-01,0.09376524893528186
MMR005022,2023-07-01,1.090064354821301
MMR005023,2023-07-01,-0.7531869776305598
MMR005024,2023-07-01,-0.4538901873238875
MMR005025,2023-07-01,-0.4538901873238875
MMR005026,2023-07-01,-1.047183576604654
MMR005027,2023-07-01,1.5309026298881874
MMR005028,2023-07-01,1.0405444397228472
MMR005029,2023-07-01,1.686682947962106
MMR005030,2023-07-01,1.5085417926048026
MMR005031,2023-07-01,1.4629038395832052
MMR005032,2023-07-01,-0.49887077440605304
MMR005033,2023-07-01,-1.1770473163380712
MMR005034,2023-07-01,-0.3418202687166309
MMR005035,2023-07-01,-1.1172308205031865
MMR005036,2023-07-01,-1.3090550508705388
MMR005037,2023-07-01,-1.4607070203840673
MMR006001,2023-07-01,5.479043705483781
MMR006002,2023-07-01,4.149498670950453
MMR006003,2023-07-01,4.927150944996821
MMR006004,2023-07-01,4.260591852957077
MMR006005,2023-07-01,2.0942748038279055
MMR006006,2023-07-01,0.3723304827252313
MMR006007,2023-07-01,3.781601272955019
MMR006008,2023-07-01,2.1931110879287643
MMR006009,2023-07-01,-0.5971273383368985
MMR006010,2023-07-01,0.3167838917219192
MMR007001,2023-07-01,-0.9395901328725511
MMR007002,2023-07-01,-1.294067247374131
MMR007003,2023-07-01,-1.5510002026057528
MMR007004,2023-07-01,0.73032420784573
MMR007005,2023-07-01,1.5887558063692815
MMR007006,2023-07-01,1.9841392973433754
MMR007007,2023-07-01,1.339568821529993
MMR007008,2023-07-01,4.351579330657701
MMR007009,2023-07-01,0.13940320195687939
MMR007010,2023-07-01,-0.1344245161727053
MMR007011,2023-07-01,3.31587227396155
MMR007012,2023-07-01,2.256221427192771
MMR007013,2023-07-01,0.14347129430140856
MMR007014,2023-07-01,2.0105592758423745
MMR008001,2023-07-01,-1.5492010598422261
MMR008002,2023-07-01,-0.008679816469954022
MMR008003,2023-07-01,-1.8532540380066702
MMR008004,2023-07-01,-0.1831354273078895
MMR008005,2023-07-01,-0.7733558584750694
MMR008006,2023-07-01,-1.8552238582700895
MMR008007,2023-07-01,-1.4014880117021795
MMR008008,2023-07-01,-0.6889604323026212
MMR008009,2023-07-01,-0.9052411103509466
MMR008010,2023-07-01,0.04812729591368459
MMR008011,2023-07-01,-1.245113640748088
MMR008012,2023-07-01,0.3493626129156602
MMR008013,2023-07-01,-1.9779131780908326
MMR008014,2023-07-01,-0.1344245161727053
MMR009001,2023-07-01,-1.9343430884836226
MMR009002,2023-07-01,-1.388977485691827
MMR009003,2023-07-01,0.43362197075047204
MMR009004,2023-07-01,-1.8552238582700895
MMR009005,2023-07-01,-1.5035631068206285
MMR009006,2023-07-01,-1.7737048922545628
MMR009007,2023-07-01,-1.5510002026057528
MMR009008,2023-07-01,-1.6432936889163339
MMR009009,2023-07-01,-1.6861149189070181
MMR009010,2023-07-01,-0.3717126727937995
MMR009011,2023-07-01,-0.6600168517250602
MMR009012,2023-07-01,-1.5492010598422261
MMR009013,2023-07-01,-2.0123523295108847
MMR009014,2023-07-01,-1.640476965885421
MMR009015,2023-07-01,-1.5035631068206285
MMR009016,2023-07-01,-1.4076655148865966
MMR009017,2023-07-01,-1.685679722787085
MMR009018,2023-07-01,4.112931893401379
MMR009019,2023-07-01,7.2153485777335655
MMR009020,2023-07-01,7.806579309585249
MMR009021,2023-07-01,5.465267371187204
MMR009022,2023-07-01,2.056197228863972
MMR009023,2023-07-01,3.0314740340026214
MMR009024,2023-07-01,2.056197228863972
MMR009025,2023-07-01,1.4878100835818378
MMR010001,2023-07-01,-0.0941682585439731
MMR010002,2023-07-01,-0.2386820183112016
MMR010003,2023-07-01,-0.7536018511200296
MMR010004,2023-07-01,-0.8034392480878874
MMR010005,2023-07-01,-0.7386013373410103
MMR010006,2023-07-01,0.97074063619314
MMR010007,2023-07-01,1.744398645765637
MMR010008,2023-07-01,0.5045068261296589
MMR010009,2023-07-01,4.629839323954835
MMR010010,2023-07-01,6.070964475560374
MMR010011,2023-07-01,-0.5044148662807414
MMR010012,2023-07-01,1.3009620064695364
MMR010013,2023-07-01,-1.8134794651306165
MMR010014,2023-07-01,-1.1840974356694465
MMR010015,2023-07-01,-1.0015456235830567
MMR010016,2023-07-01,0.97074063619314
MMR010017,2023-07-01,2.466938806058349
MMR010018,2023-07-01,2.203752395350804
MMR010019,2023-07-01,-0.5009185602208456
MMR010020,2023-07-01,-1.3759591634940262
MMR010021,2023-07-01,4.290751052988826
MMR010022,2023-07-01,0.6916826609478433
MMR010023,2023-07-01,-1.0179880076095431
MMR010024,2023-07-01,-1.3516506147343217
MMR010028,2023-07-01,-1.5161355873040803
MMR010029,2023-07-01,-0.8646317645182644
MMR010030,2023-07-01,-1.9328031837587774
MMR010031,2023-07-01,-1.1346612824673201
MMR011001,2023-07-01,-0.853276645055745
MMR011002,2023-07-01,2.6851785396621506
MMR011003,2023-07-01,-0.7511607148976994
MMR011004,2023-07-01,3.8162191249305804
MMR011005,2023-07-01,1.7881053942407124
MMR011006,2023-07-01,4.760511171986885
MMR011007,2023-07-01,2.5941941228577146
MMR011008,2023-07-01,0.7611566197484159
MMR011009,2023-07-01,2.427554349847778
MMR011010,2023-07-01,3.242784007425505
MMR012001,2023-07-01,-0.8313413101885345
MMR012002,2023-07-01,-1.4513254086700371
MMR012003,2023-07-01,-1.650674996541468
MMR012004,2023-07-01,-1.5510002026057528
MMR012005,2023-07-01,-1.5350574549982408
MMR012006,2023-07-01,-1.245113640748088
MMR012007,2023-07-01,-1.3090550508705388
MMR012008,2023-07-01,-1.3496138383774432
MMR012009,2023-07-01,-1.1172308205031865
MMR012010,2023-07-01,-1.6861149189070181
MMR012011,2023-07-01,-1.1811722306256371
MMR012012,2023-07-01,-0.7511607148976994
MMR012013,2023-07-01,-1.1811722306256371
MMR012014,2023-07-01,-2.264347121599324
MMR012015,2023-07-01,-1.7773908249502133
MMR012016,2023-07-01,-1.640476965885421
MMR012017,2023-07-01,-2.091901475262992
MMR013001,2023-07-01,-1.1384594826478491
MMR013002,2023-07-01,-1.5161355873040803
MMR013003,2023-07-01,-1.5035631068206285
MMR013004,2023-07-01,-2.1676517235106023
MMR013005,2023-07-01,-2.0848223952256295
MMR013006,2023-07-01,-1.8128378243993384
MMR013007,2023-07-01,-1.3666492477558363
MMR013009,2023-07-01,-1.7339303193785092
MMR013010,2023-07-01,-1.5948390128638235
MMR013011,2023-07-01,-1.3018132177664643
MMR013012,2023-07-01,-1.2753733417126414
MMR013013,2023-07-01,-1.3516506147343217
MMR013014,2023-07-01,-1.4513254086700371
MMR013015,2023-07-01,-1.6861149189070181
MMR013016,2023-07-01,-1.3090550508705388
MMR013017,2023-07-01,-1.650674996541468
MMR013018,2023-07-01,-1.4737495534333294
MMR013019,2023-07-01,-1.4737495534333294
MMR013020,2023-07-01,-1.2519758207986065
MMR013021,2023-07-01,-1.3516506147343217
MMR013022,2023-07-01,-2.1600620485966333
MMR013023,2023-07-01,-1.640476965885421
MMR013024,2023-07-01,-1.1811722306256371
MMR013025,2023-07-01,-1.4051604293807554
MMR013026,2023-07-01,-1.6008375995736102
MMR013027,2023-07-01,-2.0853259069065166
MMR013028,2023-07-01,-1.7773908249502133
MMR013029,2023-07-01,-1.0655552820401706
MMR013030,2023-07-01,-1.5162536113873795
MMR013031,2023-07-01,-1.5162536113873795
MMR013032,2023-07-01,-0.7511607148976994
MMR013033,2023-07-01,-1.650674996541468
MMR013034,2023-07-01,-1.8230287779718106
MMR013035,2023-07-01,-1.982381959882343
MMR013036,2023-07-01,-1.5162536113873795
MMR013037,2023-07-01,-1.7005123935093256
MMR013038,2023-07-01,-1.7280657566578361
MMR013039,2023-07-01,-1.7773908249502133
MMR013040,2023-07-01,-0.9607877013542586
MMR013041,2023-07-01,-1.8128378243993384
MMR013042,2023-07-01,-1.714716469856012
MMR013043,2023-07-01,-2.235301701967637
MMR013044,2023-07-01,-2.0123523295108847
MMR013046,2023-07-01,-1.5161355873040803
MMR013047,2023-07-01,-1.2297353886910438
MMR014001,2023-07-01,-1.7317528719286157
MMR014002,2023-07-01,1.2389566142947441
MMR014003,2023-07-01,-1.8128378243993384
MMR014004,2023-07-01,-0.8803450792428132
MMR014005,2023-07-01,-1.1373117262377042
MMR014006,2023-07-01,-1.4014880117021795
MMR014007,2023-07-01,-1.685679722787085
MMR014008,2023-07-01,-2.33119243105591
MMR014009,2023-07-01,0.055925460043905764
MMR014010,2023-07-01,2.0048795309705354
MMR014011,2023-07-01,-1.6861149189070181
MMR014012,2023-07-01,-1.7317528719286157
MMR014013,2023-07-01,-1.8552238582700895
MMR014014,2023-07-01,-1.8686667309934082
MMR014015,2023-07-01,-2.091901475262992
MMR014016,2023-07-01,-1.6861149189070181
MMR014017,2023-07-01,-2.0247679937530942
MMR014018,2023-07-01,-1.7317528719286157
MMR014019,2023-07-01,-2.1316760481390458
MMR014020,2023-07-01,-1.0577625804855968
MMR014021,2023-07-01,-1.5162536113873795
MMR015001,2023-07-01,-1.4076655148865966
MMR015002,2023-07-01,1.0903818366907045
MMR015003,2023-07-01,-1.2753733417126414
MMR015004,2023-07-01,-1.6543811736264018
MMR015005,2023-07-01,-1.8686667309934082
MMR015006,2023-07-01,-1.5162536113873795
MMR015007,2023-07-01,-1.3090550508705388
MMR015008,2023-07-01,-1.8686667309934082
MMR015009,2023-07-01,2.316461167841154
MMR015010,2023-07-01,1.7382679972728543
MMR015011,2023-07-01,1.1298389276973546
MMR015012,2023-07-01,-1.431363519562578
MMR015013,2023-07-01,0.32284651264648856
MMR015014,2023-07-01,-1.595764648314106
MMR015015,2023-07-01,-0.9031140420236027
MMR015016,2023-07-01,-1.6861149189070181
MMR015017,2023-07-01,-0.7531869776305598
MMR015018,2023-07-01,-0.24145088763603928
MMR015019,2023-07-01,-0.15189678822419983
MMR015020,2023-07-01,0.9608863563456331
MMR015021,2023-07-01,-0.9559076705614593
MMR015022,2023-07-01,0.39265827914069695
MMR015023,2023-07-01,2.6497407138610267
MMR015024,2023-07-01,-2.0247679937530942
MMR016001,2023-07-01,-2.0247679937530942
MMR016002,2023-07-01,-1.8686667309934082
MMR016003,2023-07-01,-1.7005123935093256
MMR016005,2023-07-01,-1.7005123935093256
MMR016006,2023-07-01,-1.8230287779718106
MMR016007,2023-07-01,-2.310541355338641
MMR016008,2023-07-01,-1.8686667309934082
MMR016009,2023-07-01,-1.4607070203840673
MMR016010,2023-07-01,-1.650674996541468
MMR016011,2023-07-01,-1.650674996541468
MMR017001,2023-07-01,-1.650674996541468
MMR017002,2023-07-01,-1.8230287779718106
MMR017003,2023-07-01,-1.8230287779718106
MMR017004,2023-07-01,-0.9874839580896252
MMR017005,2023-07-01,-1.8976098921408406
MMR017006,2023-07-01,-1.8686667309934082
MMR017007,2023-07-01,-2.0247679937530942
MMR017008,2023-07-01,-1.8128378243993384
MMR017009,2023-07-01,-1.5948390128638235
MMR017010,2023-07-01,-1.7317528719286157
MMR017011,2023-07-01,-1.7773908249502133
MMR017012,2023-07-01,-1.7773908249502133
MMR017013,2023-07-01,-1.7280657566578361
MMR017014,2023-07-01,-1.7005123935093256
MMR017015,2023-07-01,-1.8686667309934082
MMR017016,2023-07-01,-1.5162536113873795
MMR017017,2023-07-01,-2.091901475262992
MMR017018,2023-07-01,-1.7005123935093256
MMR017019,2023-07-01,-1.9399959260115918
MMR017020,2023-07-01,-2.091901475262992
MMR017021,2023-07-01,-1.8552238582700895
MMR017022,2023-07-01,-1.8976098921408406
MMR017023,2023-07-01,-1.5162536113873795
MMR017024,2023-07-01,-1.5162536113873795
MMR017025,2023-07-01,-2.091901475262992
MMR017026,2023-07-01,-1.3090550508705388
MMR018001,2023-07-01,-0.4545774693128837
MMR018002,2023-07-01,-1.4513254086700371
MMR018003,2023-07-01,-1.2566354448658652
MMR018004,2023-07-01,-1.4014880117021795
MMR018005,2023-07-01,-1.640476965885421
MMR018006,2023-07-01,0.3980861660174923
MMR018007,2023-07-01,-0.8809879412895706
MMR018008,2023-07-01,-1.8552238582700895
MMR001001,2023-08-01,1.3522061855938063
MMR001002,2023-08-01,1.257250762701533
MMR001003,2023-08-01,-0.30661737361670366
MMR001004,2023-08-01,-0.8168320363561443
MMR001005,2023-08-01,0.4596451125244717
MMR001006,2023-08-01,-1.437746256188054
MMR001007,2023-08-01,1.1869087272951984
MMR001008,2023-08-01,0.04126966161271177
MMR001009,2023-08-01,-0.346608095577724
MMR001010,2023-08-01,1.0786962226858139
MMR001011,2023-08-01,1.167777742577285
MMR001012,2023-08-01,1.9868394233548259
MMR001013,2023-08-01,-0.1684450557947819
MMR001014,2023-08-01,-1.6124646358680852
MMR001015,2023-08-01,-1.7544631075794705
MMR001016,2023-08-01,-1.6124646358680852
MMR001017,2023-08-01,-1.437746256188054
MMR001018,2023-08-01,-1.7719124138412619
MMR002001,2023-08-01,-0.07928352426613487
MMR002002,2023-08-01,1.9382001793112729
MMR002003,2023-08-01,1.5241038221431693
MMR002004,2023-08-01,-0.20192655860505246
MMR002005,2023-08-01,1.9272017587829935
MMR002006,2023-08-01,1.4795630621974338
MMR002007,2023-08-01,0.4054339305612567
MMR003001,2023-08-01,2.443908753936529
MMR003002,2023-08-01,2.521871107833907
MMR003003,2023-08-01,3.1695402908872907
MMR003004,2023-08-01,2.9436533510700014
MMR003005,2023-08-01,4.525483759765599
MMR003006,2023-08-01,3.439356499809799
MMR003007,2023-08-01,3.7887177024494076
MMR004001,2023-08-01,1.6463647150499556
MMR004002,2023-08-01,2.147674461383467
MMR004003,2023-08-01,0.08016683878196655
MMR004004,2023-08-01,1.3270240239359121
MMR004005,2023-08-01,2.140191753384138
MMR004006,2023-08-01,0.58874786328272255
MMR004007,2023-08-01,0.8516592135535098
MMR004008,2023-08-01,0.18788102377110275
MMR004009,2023-08-01,-0.7780136936145648
MMR005001,2023-08-01,4.8584486598731464
MMR005002,2023-08-01,5.319297478352905
MMR005003,2023-08-01,4.062927139050096
MMR005004,2023-08-01,6.289965136336874
MMR005005,2023-08-01,5.488231457313634
MMR005006,2023-08-01,7.594483631722966
MMR005007,2023-08-01,2.2498170402286317
MMR005008,2023-08-01,-0.1715610477586423
MMR005009,2023-08-01,5.316466116813409
MMR005010,2023-08-01,6.477574065523117
MMR005011,2023-08-01,1.1599722746144272
MMR005012,2023-08-01,6.643042149404577
MMR005013,2023-08-01,4.641957018344659
MMR005014,2023-08-01,6.9326112961971305
MMR005015,2023-08-01,6.779913495739966
MMR005016,2023-08-01,6.067261336608197
MMR005017,2023-08-01,3.7637324071502305
MMR005018,2023-08-01,9.083696386656099
MMR005019,2023-08-01,8.132254904337708
MMR005020,2023-08-01,1.1232369826315491
MMR005021,2023-08-01,0.1433402638253671
MMR005022,2023-08-01,1.1629034434644074
MMR005023,2023-08-01,-1.1753248139943637
MMR005024,2023-08-01,-0.0793635359033106
MMR005025,2023-08-01,-0.658393415197873
MMR005026,2023-08-01,-1.4155863342753774
MMR005027,2023-08-01,1.666697365798474
MMR005028,2023-08-01,1.0626937865273218
MMR005029,2023-08-01,2.5215454394196883
MMR005030,2023-08-01,1.4795630621974338
MMR005031,2023-08-01,1.2123185025230205
MMR005032,2023-08-01,-0.596186520409257
MMR005033,2023-08-01,-0.8857556672018104
MMR005034,2023-08-01,-0.2733752379740321
MMR005035,2023-08-01,-1.1164674970285873
MMR005036,2023-08-01,-1.2412758554362548
MMR005037,2023-08-01,-1.437746256188054
MMR006001,2023-08-01,5.176446137693485
MMR006002,2023-08-01,4.037583122096664
MMR006003,2023-08-01,4.417061395839169
MMR006004,2023-08-01,4.200216667986309
MMR006005,2023-08-01,1.8691358435680625
MMR006006,2023-08-01,0.1885892027083966
MMR006007,2023-08-01,3.1055420363565416
MMR006008,2023-08-01,2.2812967412206735
MMR006009,2023-08-01,-0.4770230745509816
MMR006010,2023-08-01,0.2428003846716116
MMR007001,2023-08-01,-0.7094582179701252
MMR007002,2023-08-01,-1.275112710298409
MMR007003,2023-08-01,-1.4665469037374266
MMR007004,2023-08-01,1.8858347378126288
MMR007005,2023-08-01,2.8623458161387774
MMR007006,2023-08-01,3.912986589310312
MMR007007,2023-08-01,2.278674887616143
MMR007008,2023-08-01,6.015196286161839
MMR007009,2023-08-01,0.3215033036083094
MMR007010,2023-08-01,-0.0793635359033106
MMR007011,2023-08-01,4.616058121856703
MMR007012,2023-08-01,3.45778153468649
MMR007013,2023-08-01,1.1113330305708744
MMR007014,2023-08-01,2.949408140406707
MMR008001,2023-08-01,-1.549208614112584
MMR008002,2023-08-01,0.4786195739141743
MMR008003,2023-08-01,-1.7484722621540512
MMR008004,2023-08-01,-0.5161561628133987
MMR008005,2023-08-01,-1.0147194947637574
MMR008006,2023-08-01,-1.671729065638741
MMR008007,2023-08-01,-1.2719899275632152
MMR008008,2023-08-01,-0.3600235732982723
MMR008009,2023-08-01,-0.4619449808501837
MMR008010,2023-08-01,0.5442071033369872
MMR008011,2023-08-01,-0.9916591386209201
MMR008012,2023-08-01,0.8280542185860271
MMR008013,2023-08-01,-1.513157900715387
MMR008014,2023-08-01,0.36604406355404506
MMR009001,2023-08-01,-1.7870386180929392
MMR009002,2023-08-01,-1.2166918349647287
MMR009003,2023-08-01,0.18978687802767358
MMR009004,2023-08-01,-1.795830128549835
MMR009005,2023-08-01,-1.2819640544381707
MMR009006,2023-08-01,-1.554380548446154
MMR009007,2023-08-01,-1.5151861477809794
MMR009008,2023-08-01,-1.630362044668376
MMR009009,2023-08-01,-1.638290134004055
MMR009010,2023-08-01,-0.7202875833203514
MMR009011,2023-08-01,-0.7391953508729855
MMR009012,2023-08-01,-1.237423294492435
MMR009013,2023-08-01,-1.7484722621540512
MMR009014,2023-08-01,-1.237423294492435
MMR009015,2023-08-01,-1.1928825345466993
MMR009016,2023-08-01,-1.1995922288804677
MMR009017,2023-08-01,-1.7544631075794705
MMR009018,2023-08-01,5.20001108858867
MMR009019,2023-08-01,7.490293310341857
MMR009020,2023-08-01,8.695166173406593
MMR009021,2023-08-01,5.704649544229203
MMR009022,2023-08-01,1.9249706616547893
MMR009023,2023-08-01,3.1695402908872907
MMR009024,2023-08-01,1.9249706616547893
MMR009025,2023-08-01,1.0464484152396691
MMR010001,2023-08-01,-0.6796382426017519
MMR010002,2023-08-01,-0.7872120726294739
MMR010003,2023-08-01,-1.1260721954325568
MMR010004,2023-08-01,-1.1260721954325568
MMR010005,2023-08-01,-1.058267982445549
MMR010006,2023-08-01,0.1536265321833418
MMR010007,2023-08-01,0.9047110223576237
MMR010008,2023-08-01,0.18788102377110275
MMR010009,2023-08-01,3.8300847234197724
MMR010010,2023-08-01,6.767143212315671
MMR010011,2023-08-01,-0.0073695824308411175
MMR010012,2023-08-01,1.4806319219014343
MMR010013,2023-08-01,-1.2438338065135182
MMR010014,2023-08-01,-1.4601270942211129
MMR010015,2023-08-01,-0.6138526552521373
MMR010016,2023-08-01,0.5418099595991362
MMR010017,2023-08-01,2.4594597810036163
MMR010018,2023-08-01,2.327453725711791
MMR010019,2023-08-01,-0.4674669516819293
MMR010020,2023-08-01,-1.2438338065135182
MMR010021,2023-08-01,3.747350681479043
MMR010022,2023-08-01,0.4790228580046876
MMR010023,2023-08-01,-1.1273787782887799
MMR010024,2023-08-01,-1.028793707345451
MMR010028,2023-08-01,-1.133957793023999
MMR010029,2023-08-01,-0.747474935089344
MMR010030,2023-08-01,-1.399107177479836
MMR010031,2023-08-01,-0.6789205623499865
MMR011001,2023-08-01,-0.7369582430841338
MMR011002,2023-08-01,2.23003564357259
MMR011003,2023-08-01,-0.7122677219225377
MMR011004,2023-08-01,1.9775582074944926
MMR011005,2023-08-01,0.7708583222660045
MMR011006,2023-08-01,3.332837756574868
MMR011007,2023-08-01,2.411247663200213
MMR011008,2023-08-01,0.1885892027083966
MMR011009,2023-08-01,3.2786265746116534
MMR011010,2023-08-01,3.439356499809799
MMR012001,2023-08-01,-0.8579950363172545
MMR012002,2023-08-01,-1.4179076596938738
MMR012003,2023-08-01,-1.5638253918245324
MMR012004,2023-08-01,-1.4665469037374266
MMR012005,2023-08-01,-1.476743862962995
MMR012006,2023-08-01,-1.1788716762324212
MMR012007,2023-08-01,-1.2412758554362548
MMR012008,2023-08-01,-1.220901528335194
MMR012009,2023-08-01,-0.9916591386209201
MMR012010,2023-08-01,-1.549208614112584
MMR012011,2023-08-01,-1.1164674970285873
MMR012012,2023-08-01,-0.7122677219225377
MMR012013,2023-08-01,-1.1164674970285873
MMR012014,2023-08-01,-1.9674229387887956
MMR012015,2023-08-01,-1.6828308939497907
MMR012016,2023-08-01,-1.237423294492435
MMR012017,2023-08-01,-1.9425639758619484
MMR013001,2023-08-01,-1.2819640544381707
MMR013002,2023-08-01,-1.4235269398165522
MMR013003,2023-08-01,-1.549208614112584
MMR013004,2023-08-01,-2.0729243559268333
MMR013005,2023-08-01,-2.0440464133733958
MMR013006,2023-08-01,-1.795830128549835
MMR013007,2023-08-01,-1.4155863342753774
MMR013009,2023-08-01,-1.7872906048956305
MMR013010,2023-08-01,-1.549208614112584
MMR013011,2023-08-01,-1.2719899275632152
MMR013012,2023-08-01,-1.237423294492435
MMR013013,2023-08-01,-1.6124646358680852
MMR013014,2023-08-01,-1.6124646358680852
MMR013015,2023-08-01,-1.6828308939497907
MMR013016,2023-08-01,-1.2412758554362548
MMR013017,2023-08-01,-1.6124646358680852
MMR013018,2023-08-01,-1.671729065638741
MMR013019,2023-08-01,-1.3821599188461875
MMR013020,2023-08-01,-1.1260721954325568
MMR013021,2023-08-01,-1.4665469037374266
MMR013022,2023-08-01,-2.154192611350734
MMR013023,2023-08-01,-1.638290134004055
MMR013024,2023-08-01,-1.0540633178247538
MMR013025,2023-08-01,-1.275112710298409
MMR013026,2023-08-01,-1.4665469037374266
MMR013027,2023-08-01,-2.177083725591907
MMR013028,2023-08-01,-1.7273716538955262
MMR013029,2023-08-01,-1.0103838210237637
MMR013030,2023-08-01,-1.437746256188054
MMR013031,2023-08-01,-1.437746256188054
MMR013032,2023-08-01,-0.7122677219225377
MMR013033,2023-08-01,-1.6124646358680852
MMR013034,2023-08-01,-1.7719124138412619
MMR013035,2023-08-01,-1.9199311914609294
MMR013036,2023-08-01,-1.437746256188054
MMR013037,2023-08-01,-1.6124646358680852
MMR013038,2023-08-01,-1.795830128549835
MMR013039,2023-08-01,-1.7273716538955262
MMR013040,2023-08-01,-1.220901528335194
MMR013041,2023-08-01,-1.8371971495202
MMR013042,2023-08-01,-1.735886419745292
MMR013043,2023-08-01,-2.154192611350734
MMR013044,2023-08-01,-1.9813823186035278
MMR013046,2023-08-01,-1.630362044668376
MMR013047,2023-08-01,-1.3710455743296417
MMR014001,2023-08-01,-1.549208614112584
MMR014002,2023-08-01,-0.09978226876487979
MMR014003,2023-08-01,-1.5476280027276466
MMR014004,2023-08-01,-0.8443886462314456
MMR014005,2023-08-01,-1.2050154637719388
MMR014006,2023-08-01,-0.7369582430841338
MMR014007,2023-08-01,-1.0512237510832694
MMR014008,2023-08-01,-1.7024611356680397
MMR014009,2023-08-01,-0.5451036371650883
MMR014010,2023-08-01,2.2886353829702113
MMR014011,2023-08-01,-1.5046678541668483
MMR014012,2023-08-01,-1.549208614112584
MMR014013,2023-08-01,-1.671729065638741
MMR014014,2023-08-01,-1.7719124138412619
MMR014015,2023-08-01,-1.9037456331203688
MMR014016,2023-08-01,-1.4155863342753774
MMR014017,2023-08-01,-1.9199311914609294
MMR014018,2023-08-01,-1.549208614112584
MMR014019,2023-08-01,-2.020200661345107
MMR014020,2023-08-01,-0.9332870645808827
MMR014021,2023-08-01,-1.437746256188054
MMR015001,2023-08-01,-1.309738426857806
MMR015002,2023-08-01,1.4031684948321914
MMR015003,2023-08-01,-1.0147194947637574
MMR015004,2023-08-01,-1.399107177479836
MMR015005,2023-08-01,-1.7719124138412619
MMR015006,2023-08-01,-1.437746256188054
MMR015007,2023-08-01,-1.2412758554362548
MMR015008,2023-08-01,-1.7719124138412619
MMR015009,2023-08-01,3.5496824844277284
MMR015010,2023-08-01,2.91098506018233
MMR015011,2023-08-01,1.6675418991049402
MMR015012,2023-08-01,-1.0925907720536343
MMR015013,2023-08-01,0.746323935385845
MMR015014,2023-08-01,-1.236307628206247
MMR015015,2023-08-01,-0.6396797549970282
MMR015016,2023-08-01,-1.549208614112584
MMR015017,2023-08-01,-0.7202875833203514
MMR015018,2023-08-01,0.9666163313405216
MMR015019,2023-08-01,-0.010588928626419464
MMR015020,2023-08-01,0.9896147027943426
MMR015021,2023-08-01,-0.9701787348180217
MMR015022,2023-08-01,0.43038361396113445
MMR015023,2023-08-01,3.495471302464513
MMR015024,2023-08-01,-1.9199311914609294
MMR016001,2023-08-01,-1.9199311914609294
MMR016002,2023-08-01,-1.7719124138412619
MMR016003,2023-08-01,-1.6124646358680852
MMR016005,2023-08-01,-1.6124646358680852
MMR016006,2023-08-01,-1.7273716538955262
MMR016007,2023-08-01,-2.1909080106765138
MMR016008,2023-08-01,-1.7719124138412619
MMR016009,2023-08-01,-1.3835350742248391
MMR016010,2023-08-01,-1.5638253918245324
MMR016011,2023-08-01,-1.5638253918245324
MMR017001,2023-08-01,-1.5638253918245324
MMR017002,2023-08-01,-1.7273716538955262
MMR017003,2023-08-01,-1.6828308939497907
MMR017004,2023-08-01,-0.934189428670509
MMR017005,2023-08-01,-1.8785641704905647
MMR017006,2023-08-01,-1.7273716538955262
MMR017007,2023-08-01,-1.8785641704905647
MMR017008,2023-08-01,-1.795830128549835
MMR017009,2023-08-01,-1.5937493740583195
MMR017010,2023-08-01,-1.7273716538955262
MMR017011,2023-08-01,-1.6828308939497907
MMR017012,2023-08-01,-1.6828308939497907
MMR017013,2023-08-01,-1.7130960866091056
MMR017014,2023-08-01,-1.6124646358680852
MMR017015,2023-08-01,-1.7719124138412619
MMR017016,2023-08-01,-1.437746256188054
MMR017017,2023-08-01,-2.020200661345107
MMR017018,2023-08-01,-1.6124646358680852
MMR017019,2023-08-01,-1.8785641704905647
MMR017020,2023-08-01,-2.020200661345107
MMR017021,2023-08-01,-1.8785641704905647
MMR017022,2023-08-01,-1.9199311914609294
MMR017023,2023-08-01,-1.437746256188054
MMR017024,2023-08-01,-1.437746256188054
MMR017025,2023-08-01,-2.020200661345107
MMR017026,2023-08-01,-1.2412758554362548
MMR018001,2023-08-01,-0.20192655860505268
MMR018002,2023-08-01,-0.7369582430841339
MMR018003,2023-08-01,-1.554380548446154
MMR018004,2023-08-01,-0.7369582430841339
MMR018005,2023-08-01,-0.9256379748722862
MMR018006,2023-08-01,-0.391853443713319
MMR018007,2023-08-01,-0.391853443713319
MMR018008,2023-08-01,-1.795830128549835
MMR001001,2023-09-01,2.090621283759656
MMR001002,2023-09-01,1.5792098974658069
MMR001003,2023-09-01,0.12265840361836992
MMR001004,2023-09-01,-0.37822415954252786
MMR001005,2023-09-01,0.7325717384550294
MMR001006,2023-09-01,-1.426887325657712
MMR001007,2023-09-01,2.400728698401981
MMR001008,2023-09-01,0.834015522589187
MMR001009,2023-09-01,0.5161441569348896
MMR001010,2023-09-01,1.4715071397230273
MMR001011,2023-09-01,2.3813766471403013
MMR001012,2023-09-01,2.622482022293075
MMR001013,2023-09-01,0.1067028785971166
MMR001014,2023-09-01,-1.5009268520242223
MMR001015,2023-09-01,-1.5251637827787303
MMR001016,2023-09-01,-1.5009268520242223
MMR001017,2023-09-01,-1.426887325657712
MMR001018,2023-09-01,-1.6675426608665675
MMR002001,2023-09-01,-0.536818788067349
MMR002002,2023-09-01,1.7282487724411308
MMR002003,2023-09-01,1.3805201889813001
MMR002004,2023-09-01,-0.9047713521229264
MMR002005,2023-09-01,1.0944509750833264
MMR002006,2023-09-01,1.6079875658356184
MMR002007,2023-09-01,0.45571801228672926
MMR003001,2023-09-01,2.4368304967730463
MMR003002,2023-09-01,2.821200522260174
MMR003003,2023-09-01,2.925738950537602
MMR003004,2023-09-01,3.077173841652125
MMR003005,2023-09-01,3.5011090001380314
MMR003006,2023-09-01,2.7908179254780743
MMR003007,2023-09-01,2.911280565213463
MMR004001,2023-09-01,1.0327340225562858
MMR004002,2023-09-01,2.24489622102771
MMR004003,2023-09-01,-0.6516968923864714
MMR004004,2023-09-01,1.4523914264926099
MMR004005,2023-09-01,2.4490648406984907
MMR004006,2023-09-01,-0.71217967807843
MMR004007,2023-09-01,0.46067321108444165
MMR004008,2023-09-01,-0.9851405303036121
MMR004009,2023-09-01,-1.2504946164290438
MMR005001,2023-09-01,5.138282155966296
MMR005002,2023-09-01,5.995665683341368
MMR005003,2023-09-01,3.928154809749667
MMR005004,2023-09-01,6.612269856630625
MMR005005,2023-09-01,5.019998218650396
MMR005006,2023-09-01,8.699784143069943
MMR005007,2023-09-01,1.5249113827553251
MMR005008,2023-09-01,-0.37432549145773586
MMR005009,2023-09-01,5.450128438744647
MMR005010,2023-09-01,6.840702702006548
MMR005011,2023-09-01,0.8836951475809619
MMR005012,2023-09-01,5.95341383240811
MMR005013,2023-09-01,5.110985169392123
MMR005014,2023-09-01,7.432228615072174
MMR005015,2023-09-01,6.202828578292851
MMR005016,2023-09-01,6.885230708855807
MMR005017,2023-09-01,5.450128438744647
MMR005018,2023-09-01,10.00959152200097
MMR005019,2023-09-01,9.375813758002087
MMR005020,2023-09-01,1.835454942689937
MMR005021,2023-09-01,0.9710789106435269
MMR005022,2023-09-01,1.6042086970177358
MMR005023,2023-09-01,-0.46886750944725586
MMR005024,2023-09-01,-0.02977754751547449
MMR005025,2023-09-01,-0.4392188258532478
MMR005026,2023-09-01,-1.1216209564162032
MMR005027,2023-09-01,2.090621283759656
MMR005028,2023-09-01,1.0824136475480604
MMR005029,2023-09-01,3.1108576680035362
MMR005030,2023-09-01,1.835454942689937
MMR005031,2023-09-01,1.244039762868709
MMR005032,2023-09-01,-0.3843638075807379
MMR005033,2023-09-01,-0.2576082547809609
MMR005034,2023-09-01,0.7319382401312198
MMR005035,2023-09-01,-0.7219889070374141
MMR005036,2023-09-01,-1.168161827116715
MMR005037,2023-09-01,-1.371516580424052
MMR006001,2023-09-01,5.429439496988169
MMR006002,2023-09-01,2.615177076399471
MMR006003,2023-09-01,3.9994457072409717
MMR006004,2023-09-01,3.058143038268751
MMR006005,2023-09-01,3.6118504906053515
MMR006006,2023-09-01,0.8433132289223495
MMR006007,2023-09-01,4.460628146988738
MMR006008,2023-09-01,3.382233105299303
MMR006009,2023-09-01,-0.4579834539263997
MMR006010,2023-09-01,0.9540547193896696
MMR007001,2023-09-01,-1.4784683367301856
MMR007002,2023-09-01,-1.1500335994894118
MMR007003,2023-09-01,-1.6002861020077717
MMR007004,2023-09-01,1.3057102297496213
MMR007005,2023-09-01,1.6785691474493563
MMR007006,2023-09-01,2.906472630022014
MMR007007,2023-09-01,0.7346562726056376
MMR007008,2023-09-01,5.053641867432595
MMR007009,2023-09-01,0.015715927855389288
MMR007010,2023-09-01,-0.02977754751547449
MMR007011,2023-09-01,4.0943323913447145
MMR007012,2023-09-01,2.4887620558808736
MMR007013,2023-09-01,0.5359377726385391
MMR007014,2023-09-01,2.563350548623756
MMR008001,2023-09-01,-1.3945818086413855
MMR008002,2023-09-01,0.05624020008044618
MMR008003,2023-09-01,-1.8055758162659177
MMR008004,2023-09-01,-0.5963261471528114
MMR008005,2023-09-01,-1.0306340056744758
MMR008006,2023-09-01,-1.567415633711989
MMR008007,2023-09-01,-1.401567602040673
MMR008008,2023-09-01,-1.0501775822714046
MMR008009,2023-09-01,-0.31947242098451123
MMR008010,2023-09-01,-0.21175144899892936
MMR008011,2023-09-01,-0.6582499184546569
MMR008012,2023-09-01,-0.26497786576363963
MMR008013,2023-09-01,-1.1929411670909982
MMR008014,2023-09-01,-0.393725350482384
MMR009001,2023-09-01,-1.7993533186829955
MMR009002,2023-09-01,-1.2716526771791763
MMR009003,2023-09-01,0.24941395641814695
MMR009004,2023-09-01,-1.7364230374450254
MMR009005,2023-09-01,-1.3490883332705217
MMR009006,2023-09-01,-1.6073325306098913
MMR009007,2023-09-01,-1.401567602040673
MMR009008,2023-09-01,-1.6096674846452483
MMR009009,2023-09-01,-1.6675426608665675
MMR009010,2023-09-01,-1.3984082299789533
MMR009011,2023-09-01,-1.567683873478686
MMR009012,2023-09-01,-1.2581013825287943
MMR009013,2023-09-01,-1.6866298448723018
MMR009014,2023-09-01,-1.3490883332705217
MMR009015,2023-09-01,-1.303594857899658
MMR009016,2023-09-01,-1.1993416019565706
MMR009017,2023-09-01,-1.6519193355785073
MMR009018,2023-09-01,5.0932905245638
MMR009019,2023-09-01,7.868696523748169
MMR009020,2023-09-01,9.569345755736764
MMR009021,2023-09-01,6.639588152680806
MMR009022,2023-09-01,1.3350267136104361
MMR009023,2023-09-01,4.088261651695052
MMR009024,2023-09-01,1.4260136643521637
MMR009025,2023-09-01,-0.4575214738049384
MMR010001,2023-09-01,-0.6582499184546569
MMR010002,2023-09-01,-0.7624383828537915
MMR010003,2023-09-01,-0.8054121021393771
MMR010004,2023-09-01,-0.9544509771147011
MMR010005,2023-09-01,-0.8731798733211116
MMR010006,2023-09-01,0.6922895830000145
MMR010007,2023-09-01,1.4384422100030645
MMR010008,2023-09-01,0.37966373082229876
MMR010009,2023-09-01,4.643606453477082
MMR010010,2023-09-01,6.756199000140029
MMR010011,2023-09-01,1.2811321475151587
MMR010012,2023-09-01,1.9882206431525633
MMR010013,2023-09-01,-1.131548645035428
MMR010014,2023-09-01,-1.4400752840122488
MMR010015,2023-09-01,-0.5756992519658388
MMR010016,2023-09-01,1.6042086970177358
MMR010017,2023-09-01,2.8363114008489383
MMR010018,2023-09-01,2.3178845253794305
MMR010019,2023-09-01,0.13720838316314068
MMR010020,2023-09-01,-1.409089244953865
MMR010021,2023-09-01,4.347843496944268
MMR010022,2023-09-01,0.7843358975974125
MMR010023,2023-09-01,-1.5280352163474806
MMR010024,2023-09-01,-1.1034898520900251
MMR010028,2023-09-01,-1.3561563790456945
MMR010029,2023-09-01,-0.8031666288201572
MMR010030,2023-09-01,-1.3694405878226596
MMR010031,2023-09-01,-0.6801267641135508
MMR011001,2023-09-01,-0.35829547721340516
MMR011002,2023-09-01,1.8772876474164548
MMR011003,2023-09-01,-0.7068881456043433
MMR011004,2023-09-01,1.56313291695993
MMR011005,2023-09-01,0.23786002268789092
MMR011006,2023-09-01,3.002772293035091
MMR011007,2023-09-01,1.50776217172627
MMR011008,2023-09-01,0.3449765218194092
MMR011009,2023-09-01,2.2829526049975106
MMR011010,2023-09-01,2.9272983515906654
MMR012001,2023-09-01,-0.9249284790418846
MMR012002,2023-09-01,-1.2525287270653493
MMR012003,2023-09-01,-1.550606477015997
MMR012004,2023-09-01,-1.3022083520571237
MMR012005,2023-09-01,-1.8848731305283282
MMR012006,2023-09-01,-1.2319008156994722
MMR012007,2023-09-01,-1.2319008156994722
MMR012008,2023-09-01,-0.9285506185547716
MMR012009,2023-09-01,-0.6582499184546569
MMR012010,2023-09-01,-1.303594857899658
MMR012011,2023-09-01,-1.1044228385339576
MMR012012,2023-09-01,-0.7068881456043433
MMR012013,2023-09-01,-1.1044228385339576
MMR012014,2023-09-01,-1.9781408835987633
MMR012015,2023-09-01,-1.7130361362374311
MMR012016,2023-09-01,-1.3945818086413855
MMR012017,2023-09-01,-1.9245217876595335
MMR013001,2023-09-01,-1.4855687593831126
MMR013002,2023-09-01,-1.4406600809122125
MMR013003,2023-09-01,-1.6675426608665675
MMR013004,2023-09-01,-2.2728834504917668
MMR013005,2023-09-01,-2.061858444750807
MMR013006,2023-09-01,-1.8209267393115431
MMR013007,2023-09-01,-1.4855687593831126
MMR013009,2023-09-01,-1.8452244733971228
MMR013010,2023-09-01,-1.6220491854957038
MMR013011,2023-09-01,-1.3518879770488985
MMR013012,2023-09-01,-1.3490883332705217
MMR013013,2023-09-01,-1.6002861020077717
MMR013014,2023-09-01,-1.6002861020077717
MMR013015,2023-09-01,-1.7130361362374311
MMR013016,2023-09-01,-1.2319008156994722
MMR013017,2023-09-01,-1.6002861020077717
MMR013018,2023-09-01,-1.7786748883782841
MMR013019,2023-09-01,-1.4829119318454715
MMR013020,2023-09-01,-1.2028491020735743
MMR013021,2023-09-01,-1.550606477015997
MMR013022,2023-09-01,-2.1743606416370116
MMR013023,2023-09-01,-1.7130361362374311
MMR013024,2023-09-01,-1.168161827116715
MMR013025,2023-09-01,-1.371516580424052
MMR013026,2023-09-01,-1.550606477015997
MMR013027,2023-09-01,-2.2279771570330524
MMR013028,2023-09-01,-1.7130361362374311
MMR013029,2023-09-01,-1.0027526498944654
MMR013030,2023-09-01,-1.371516580424052
MMR013031,2023-09-01,-1.3161458351903919
MMR013032,2023-09-01,-0.7068881456043433
MMR013033,2023-09-01,-1.6002861020077717
MMR013034,2023-09-01,-1.758529611608295
MMR013035,2023-09-01,-1.9054304411780612
MMR013036,2023-09-01,-1.426887325657712
MMR013037,2023-09-01,-1.5009268520242223
MMR013038,2023-09-01,-1.7786748883782841
MMR013039,2023-09-01,-1.6675426608665675
MMR013040,2023-09-01,-1.426887325657712
MMR013041,2023-09-01,-1.8209267393115431
MMR013042,2023-09-01,-1.9073015379471006
MMR013043,2023-09-01,-2.13685990934161
MMR013044,2023-09-01,-1.9641704447907387
MMR013046,2023-09-01,-1.6519193355785073
MMR013047,2023-09-01,-1.4855687593831126
MMR014001,2023-09-01,-1.6220491854957038
MMR014002,2023-09-01,-1.2716526771791763
MMR014003,2023-09-01,-1.6519193355785073
MMR014004,2023-09-01,-1.6096674846452483
MMR014005,2023-09-01,-1.567683873478686
MMR014006,2023-09-01,-0.7060528521558277
MMR014007,2023-09-01,-1.1026452734461405
MMR014008,2023-09-01,-1.56589911468688
MMR014009,2023-09-01,-1.0918999879042228
MMR014010,2023-09-01,1.4456140684929146
MMR014011,2023-09-01,-1.6220491854957038
MMR014012,2023-09-01,-1.6220491854957038
MMR014013,2023-09-01,-1.7786748883782841
MMR014014,2023-09-01,-1.758529611608295
MMR014015,2023-09-01,-1.9245217876595335
MMR014016,2023-09-01,-1.4855687593831126
MMR014017,2023-09-01,-1.9054304411780612
MMR014018,2023-09-01,-1.6220491854957038
MMR014019,2023-09-01,-2.0434677590531494
MMR014020,2023-09-01,-1.6469811877410965
MMR014021,2023-09-01,-1.426887325657712
MMR015001,2023-09-01,-1.1618408696611688
MMR015002,2023-09-01,1.5295302724740325
MMR015003,2023-09-01,-0.9851405303036121
MMR015004,2023-09-01,-1.3694405878226596
MMR015005,2023-09-01,-1.758529611608295
MMR015006,2023-09-01,-1.426887325657712
MMR015007,2023-09-01,-1.2319008156994722
MMR015008,2023-09-01,-1.758529611608295
MMR015009,2023-09-01,3.9440749620073117
MMR015010,2023-09-01,3.31799677217792
MMR015011,2023-09-01,2.0403439254609936
MMR015012,2023-09-01,-0.0040971491814071085
MMR015013,2023-09-01,1.8382177139709575
MMR015014,2023-09-01,-1.1618408696611688
MMR015015,2023-09-01,-0.4576547271969543
MMR015016,2023-09-01,-1.3945818086413855
MMR015017,2023-09-01,0.2916658073514058
MMR015018,2023-09-01,1.5757125879031462
MMR015019,2023-09-01,0.19900378490003995
MMR015020,2023-09-01,1.062065861385254
MMR015021,2023-09-01,-0.9851405303036121
MMR015022,2023-09-01,0.38689889766321484
MMR015023,2023-09-01,3.8887042167736516
MMR015024,2023-09-01,-1.9054304411780612
MMR016001,2023-09-01,-1.9054304411780612
MMR016002,2023-09-01,-1.758529611608295
MMR016003,2023-09-01,-1.6002861020077717
MMR016005,2023-09-01,-1.6002861020077717
MMR016006,2023-09-01,-1.758529611608295
MMR016007,2023-09-01,-2.1743606416370116
MMR016008,2023-09-01,-1.758529611608295
MMR016009,2023-09-01,-1.426887325657712
MMR016010,2023-09-01,-1.6002861020077717
MMR016011,2023-09-01,-1.6002861020077717
MMR017001,2023-09-01,-1.6002861020077717
MMR017002,2023-09-01,-1.758529611608295
MMR017003,2023-09-01,-1.6675426608665675
MMR017004,2023-09-01,-1.0027526498944654
MMR017005,2023-09-01,-1.8209267393115431
MMR017006,2023-09-01,-1.6675426608665675
MMR017007,2023-09-01,-1.8209267393115431
MMR017008,2023-09-01,-1.8631785902448021
MMR017009,2023-09-01,-1.57655571012484
MMR017010,2023-09-01,-1.6675426608665675
MMR017011,2023-09-01,-1.7130361362374311
MMR017012,2023-09-01,-1.6675426608665675
MMR017013,2023-09-01,-1.8209267393115431
MMR017014,2023-09-01,-1.6002861020077717
MMR017015,2023-09-01,-1.758529611608295
MMR017016,2023-09-01,-1.426887325657712
MMR017017,2023-09-01,-2.0434677590531494
MMR017018,2023-09-01,-1.6002861020077717
MMR017019,2023-09-01,-1.8631785902448021
MMR017020,2023-09-01,-2.0434677590531494
MMR017021,2023-09-01,-1.8631785902448021
MMR017022,2023-09-01,-1.9054304411780612
MMR017023,2023-09-01,-1.371516580424052
MMR017024,2023-09-01,-1.426887325657712
MMR017025,2023-09-01,-2.003819101921944
MMR017026,2023-09-01,-1.168161827116715
MMR018001,2023-09-01,-0.7060528521558278
MMR018002,2023-09-01,-0.8550917271311518
MMR018003,2023-09-01,-1.9245217876595335
MMR018004,2023-09-01,-0.8054121021393771
MMR018005,2023-09-01,-1.0306340056744758
MMR018006,2023-09-01,-0.974337208184161
MMR018007,2023-09-01,-0.6368306175255468
MMR018008,2023-09-01,-1.8209267393115431
MMR001001,2023-10-01,1.526727751955173
MMR001002,2023-10-01,1.9189472101840148
MMR001003,2023-10-01,0.27785121972849147
MMR001004,2023-10-01,-0.26073242949530645
MMR001005,2023-10-01,0.9580297676929782
MMR001006,2023-10-01,-1.4282067385533697
MMR001007,2023-10-01,1.7382238846617621
MMR001008,2023-10-01,0.872248731901825
MMR001009,2023-10-01,0.5925276570759506
MMR001010,2023-10-01,0.6796640772341788
MMR001011,2023-10-01,0.7232322873132926
MMR001012,2023-10-01,2.347142042208547
MMR001013,2023-10-01,0.11327734620569627
MMR001014,2023-10-01,-1.4590342424539615
MMR001015,2023-10-01,-1.502554654259902
MMR001016,2023-10-01,-1.4590342424539615
MMR001017,2023-10-01,-1.3751792606367843
MMR001018,2023-10-01,-1.6730192670379782
MMR002001,2023-10-01,-1.0960887570045406
MMR002002,2023-10-01,0.5392083069938554
MMR002003,2023-10-01,0.33111839660126624
MMR002004,2023-10-01,-1.1259938175459923
MMR002005,2023-10-01,-0.2886415583587244
MMR002006,2023-10-01,0.5925276570759506
MMR002007,2023-10-01,-0.04949231272214649
MMR003001,2023-10-01,2.1693950687133747
MMR003002,2023-10-01,2.822914077791361
MMR003003,2023-10-01,1.1995181352831163
MMR003004,2023-10-01,1.0440744229098116
MMR003005,2023-10-01,3.5033487076890824
MMR003006,2023-10-01,2.770938161031651
MMR003007,2023-10-01,2.8270687211209644
MMR004001,2023-10-01,-0.1268725428220836
MMR004002,2023-10-01,1.2460508082626607
MMR004003,2023-10-01,-0.8449044814709291
MMR004004,2023-10-01,0.21564507686078108
MMR004005,2023-10-01,0.9580297676929782
MMR004006,2023-10-01,-0.888791485613926
MMR004007,2023-10-01,0.07553237041162855
MMR004008,2023-10-01,-1.1937689561677238
MMR004009,2023-10-01,-1.247971725642583
MMR005001,2023-10-01,4.503580064805473
MMR005002,2023-10-01,6.306952929371006
MMR005003,2023-10-01,4.862212244829124
MMR005004,2023-10-01,6.822781698389253
MMR005005,2023-10-01,5.472167185936719
MMR005006,2023-10-01,8.491996501993123
MMR005007,2023-10-01,2.5870732324679913
MMR005008,2023-10-01,-0.16520309647611817
MMR005009,2023-10-01,5.320966667952757
MMR005010,2023-10-01,5.983242770464025
MMR005011,2023-10-01,1.110134749693232
MMR005012,2023-10-01,4.809793444426219
MMR005013,2023-10-01,4.557234774275325
MMR005014,2023-10-01,6.428344238961123
MMR005015,2023-10-01,6.2128267572816585
MMR005016,2023-10-01,5.90784928672786
MMR005017,2023-10-01,5.396908152271779
MMR005018,2023-10-01,8.937097970490223
MMR005019,2023-10-01,8.653851581446615
MMR005020,2023-10-01,1.202482598183547
MMR005021,2023-10-01,0.7668004973924065
MMR005022,2023-10-01,1.827658389277779
MMR005023,2023-10-01,-0.4504966378122149
MMR005024,2023-10-01,0.6796640772341788
MMR005025,2023-10-01,0.2875501865221524
MMR005026,2023-10-01,-0.8452232755348119
MMR005027,2023-10-01,0.8772987828399128
MMR005028,2023-10-01,0.206167882085886
MMR005029,2023-10-01,1.9035998735968
MMR005030,2023-10-01,0.7232322873132926
MMR005031,2023-10-01,0.2875501865221524
MMR005032,2023-10-01,-0.5718879474023324
MMR005033,2023-10-01,-0.0863227090418617
MMR005034,2023-10-01,0.650565382332949
MMR005035,2023-10-01,-0.6836657030102883
MMR005036,2023-10-01,-1.171998348017637
MMR005037,2023-10-01,-1.3751792606367843
MMR006001,2023-10-01,4.121552673484185
MMR006002,2023-10-01,1.8594968922749318
MMR006003,2023-10-01,2.760964016856885
MMR006004,2023-10-01,2.018579326024688
MMR006005,2023-10-01,3.1321563622729838
MMR006006,2023-10-01,1.4352770689422478
MMR006007,2023-10-01,4.012344166748394
MMR006008,2023-10-01,2.8580745811898782
MMR006009,2023-10-01,-0.5564957718988731
MMR006010,2023-10-01,1.0640847235261492
MMR007001,2023-10-01,-1.3786123730341484
MMR007002,2023-10-01,-0.8979319593875147
MMR007003,2023-10-01,-1.4114570388956804
MMR007004,2023-10-01,0.925271537542453
MMR007005,2023-10-01,1.2052891568097945
MMR007006,2023-10-01,1.926851335808504
MMR007007,2023-10-01,0.9198259354601066
MMR007008,2023-10-01,3.4224295599772256
MMR007009,2023-10-01,-0.6273822251392419
MMR007010,2023-10-01,-0.5402458049810139
MMR007011,2023-10-01,2.4628947923506113
MMR007012,2023-10-01,1.572691855356414
MMR007013,2023-10-01,-0.0792953392638022
MMR007014,2023-10-01,1.2896190183417746
MMR008001,2023-10-01,-1.3244735864050659
MMR008002,2023-10-01,-0.2506567950971176
MMR008003,2023-10-01,-1.8555036001947534
MMR008004,2023-10-01,-0.1555472685553175
MMR008005,2023-10-01,-0.6273822251392419
MMR008006,2023-10-01,-1.3406995748064114
MMR008007,2023-10-01,-1.3163026317791175
MMR008008,2023-10-01,-1.0368076524471692
MMR008009,2023-10-01,-0.42068465813824507
MMR008010,2023-10-01,-0.23526833442721576
MMR008011,2023-10-01,-0.3174162192547767
MMR008012,2023-10-01,-0.11393490686232621
MMR008013,2023-10-01,-1.0709881245058672
MMR008014,2023-10-01,-0.3224047545854437
MMR009001,2023-10-01,-1.7813203446120538
MMR009002,2023-10-01,-1.3811633446697842
MMR009003,2023-10-01,0.23738744986511906
MMR009004,2023-10-01,-1.6644097337133923
MMR009005,2023-10-01,-1.498746426721522
MMR009006,2023-10-01,-1.779562115875732
MMR009007,2023-10-01,-1.3163026317791175
MMR009008,2023-10-01,-1.5430184241232745
MMR009009,2023-10-01,-1.629451056958864
MMR009010,2023-10-01,-1.2597720350796664
MMR009011,2023-10-01,-1.589708405078179
MMR009012,2023-10-01,-1.5423146368006362
MMR009013,2023-10-01,-1.8175328580352428
MMR009014,2023-10-01,-1.629451056958864
MMR009015,2023-10-01,-1.5858828468797501
MMR009016,2023-10-01,-1.565838044860596
MMR009017,2023-10-01,-1.5430184241232745
MMR009018,2023-10-01,5.245025183633737
MMR009019,2023-10-01,7.713123424001928
MMR009020,2023-10-01,9.436874303136094
MMR009021,2023-10-01,6.687913385695141
MMR009022,2023-10-01,2.335256060240511
MMR009023,2023-10-01,3.8212194489258566
MMR009024,2023-10-01,2.204551430003169
MMR009025,2023-10-01,0.23288721857833192
MMR010001,2023-10-01,-0.5005409611325324
MMR010002,2023-10-01,-0.6327945698045871
MMR010003,2023-10-01,-0.840530596196304
MMR010004,2023-10-01,-1.1259938175459923
MMR010005,2023-10-01,-1.057014393137271
MMR010006,2023-10-01,0.4607116715353958
MMR010007,2023-10-01,1.4037242763129825
MMR010008,2023-10-01,0.9846415477879767
MMR010009,2023-10-01,4.850257214289592
MMR010010,2023-10-01,6.873445707458221
MMR010011,2023-10-01,2.6801824671165164
MMR010012,2023-10-01,3.677564582424885
MMR010013,2023-10-01,-1.05811801484503
MMR010014,2023-10-01,-1.36804179648418
MMR010015,2023-10-01,-0.888791485613926
MMR010016,2023-10-01,1.599833936320715
MMR010017,2023-10-01,4.252257303721526
MMR010018,2023-10-01,2.359248779510928
MMR010019,2023-10-01,0.38477018721637446
MMR010020,2023-10-01,-1.589708405078179
MMR010021,2023-10-01,4.97164852387971
MMR010022,2023-10-01,0.6819399176686998
MMR010023,2023-10-01,-1.8555036001947534
MMR010024,2023-10-01,-1.3638798353373989
MMR010028,2023-10-01,-1.6644097337133923
MMR010029,2023-10-01,-0.9323596956930399
MMR010030,2023-10-01,-1.7415913737162214
MMR010031,2023-10-01,-1.0169894158994308
MMR011001,2023-10-01,-0.6026445784048972
MMR011002,2023-10-01,2.347142042208547
MMR011003,2023-10-01,-0.7075417903023702
MMR011004,2023-10-01,1.4352770689422478
MMR011005,2023-10-01,0.1110134749693232
MMR011006,2023-10-01,2.3897716714407866
MMR011007,2023-10-01,0.6398649001934651
MMR011008,2023-10-01,0.21564507686078108
MMR011009,2023-10-01,1.0110572456095637
MMR011010,2023-10-01,1.768869329212029
MMR012001,2023-10-01,-0.7800878231082417
MMR012002,2023-10-01,-1.1735710211042736
MMR012003,2023-10-01,-1.506611446012243
MMR012004,2023-10-01,-1.2687254282208364
MMR012005,2023-10-01,-1.893474342354264
MMR012006,2023-10-01,-1.171998348017637
MMR012007,2023-10-01,-1.171998348017637
MMR012008,2023-10-01,-0.8979319593875147
MMR012009,2023-10-01,-0.6836657030102883
MMR012010,2023-10-01,-1.2809053763259521
MMR012011,2023-10-01,-0.9888736061398813
MMR012012,2023-10-01,-0.7075417903023702
MMR012013,2023-10-01,-0.9888736061398813
MMR012014,2023-10-01,-2.0280413421494083
MMR012015,2023-10-01,-1.7165874771170921
MMR012016,2023-10-01,-1.6730192670379782
MMR012017,2023-10-01,-2.007386568832796
MMR013001,2023-10-01,-1.3244735864050659
MMR013002,2023-10-01,-1.3811633446697842
MMR013003,2023-10-01,-1.5423146368006362
MMR013004,2023-10-01,-2.1293019944629887
MMR013005,2023-10-01,-1.889061494487783
MMR013006,2023-10-01,-1.7858010433035099
MMR013007,2023-10-01,-1.36804179648418
MMR013009,2023-10-01,-1.6656498893972003
MMR013010,2023-10-01,-1.629451056958864
MMR013011,2023-10-01,-1.2211482246625547
MMR013012,2023-10-01,-1.1937689561677238
MMR013013,2023-10-01,-1.4590342424539615
MMR013014,2023-10-01,-1.5541886495705244
MMR013015,2023-10-01,-1.760155687196206
MMR013016,2023-10-01,-1.2330399286435556
MMR013017,2023-10-01,-1.6017658531288057
MMR013018,2023-10-01,-1.4620908843965292
MMR013019,2023-10-01,-1.3406995748064114
MMR013020,2023-10-01,-1.0308394104294294
MMR013021,2023-10-01,-1.4114570388956804
MMR013022,2023-10-01,-2.176371227489727
MMR013023,2023-10-01,-1.7165874771170921
MMR013024,2023-10-01,-1.2330399286435556
MMR013025,2023-10-01,-1.4282067385533697
MMR013026,2023-10-01,-1.5541886495705244
MMR013027,2023-10-01,-2.1647632303842
MMR013028,2023-10-01,-1.7165874771170921
MMR013029,2023-10-01,-1.0036798743176103
MMR013030,2023-10-01,-1.3751792606367843
MMR013031,2023-10-01,-1.2691243048036132
MMR013032,2023-10-01,-0.7075417903023702
MMR013033,2023-10-01,-1.6017658531288057
MMR013034,2023-10-01,-1.7165874771170921
MMR013035,2023-10-01,-1.866728583030255
MMR013036,2023-10-01,-1.3751792606367843
MMR013037,2023-10-01,-1.4590342424539615
MMR013038,2023-10-01,-1.6644097337133923
MMR013039,2023-10-01,-1.5858828468797501
MMR013040,2023-10-01,-1.2160968268870278
MMR013041,2023-10-01,-1.6644097337133923
MMR013042,2023-10-01,-1.7677335218786159
MMR013043,2023-10-01,-2.068630077613998
MMR013044,2023-10-01,-1.9314450845137747
MMR013046,2023-10-01,-1.4620908843965292
MMR013047,2023-10-01,-1.4116100065632942
MMR014001,2023-10-01,-1.6730192670379782
MMR014002,2023-10-01,-1.3811633446697842
MMR014003,2023-10-01,-1.7453372734401373
MMR014004,2023-10-01,-1.6239459638500195
MMR014005,2023-10-01,-1.8555036001947534
MMR014006,2023-10-01,-1.2211482246625547
MMR014007,2023-10-01,-1.5834821939866468
MMR014008,2023-10-01,-1.5388654333493255
MMR014009,2023-10-01,-1.779562115875732
MMR014010,2023-10-01,-0.1468202030167745
MMR014011,2023-10-01,-1.7165874771170921
MMR014012,2023-10-01,-1.6730192670379782
MMR014013,2023-10-01,-1.866728583030255
MMR014014,2023-10-01,-1.760155687196206
MMR014015,2023-10-01,-1.9694158266732853
MMR014016,2023-10-01,-1.629451056958864
MMR014017,2023-10-01,-1.9071923528936277
MMR014018,2023-10-01,-1.760155687196206
MMR014019,2023-10-01,-2.0453573109923067
MMR014020,2023-10-01,-1.8175328580352428
MMR014021,2023-10-01,-1.4282067385533697
MMR015001,2023-10-01,0.8044672524054434
MMR015002,2023-10-01,4.155075777423239
MMR015003,2023-10-01,-0.49667759490189983
MMR015004,2023-10-01,-0.8682643040474767
MMR015005,2023-10-01,-1.760155687196206
MMR015006,2023-10-01,-1.4282067385533697
MMR015007,2023-10-01,-1.2330399286435556
MMR015008,2023-10-01,-1.6730192670379782
MMR015009,2023-10-01,4.2457333985212795
MMR015010,2023-10-01,3.5841493347238624
MMR015011,2023-10-01,4.4856103404435235
MMR015012,2023-10-01,1.0466628471325707
MMR015013,2023-10-01,3.1029451164209965
MMR015014,2023-10-01,-0.7757362791052493
MMR015015,2023-10-01,0.206167882085886
MMR015016,2023-10-01,-1.237337166246838
MMR015017,2023-10-01,1.2894454663128059
MMR015018,2023-10-01,0.7326398191549576
MMR015019,2023-10-01,2.107795776953037
MMR015020,2023-10-01,4.165120883563299
MMR015021,2023-10-01,0.5925276570759506
MMR015022,2023-10-01,1.8237928030674522
MMR015023,2023-10-01,4.72298069977055
MMR015024,2023-10-01,-1.9071923528936277
MMR016001,2023-10-01,-1.7048735035767646
MMR016002,2023-10-01,-1.760155687196206
MMR016003,2023-10-01,-1.6017658531288057
MMR016005,2023-10-01,-1.6017658531288057
MMR016006,2023-10-01,-1.5423146368006362
MMR016007,2023-10-01,-1.996802644363512
MMR016008,2023-10-01,-1.5423146368006362
MMR016009,2023-10-01,-1.1630693489704422
MMR016010,2023-10-01,-1.3638798353373989
MMR016011,2023-10-01,-1.6017658531288057
MMR017001,2023-10-01,-1.6017658531288057
MMR017002,2023-10-01,-1.760155687196206
MMR017003,2023-10-01,-1.7165874771170921
MMR017004,2023-10-01,-1.0036798743176103
MMR017005,2023-10-01,-1.866728583030255
MMR017006,2023-10-01,-1.7165874771170921
MMR017007,2023-10-01,-1.866728583030255
MMR017008,2023-10-01,-1.9071923528936277
MMR017009,2023-10-01,-1.629451056958864
MMR017010,2023-10-01,-1.7165874771170921
MMR017011,2023-10-01,-1.760155687196206
MMR017012,2023-10-01,-1.6730192670379782
MMR017013,2023-10-01,-1.9071923528936277
MMR017014,2023-10-01,-1.6017658531288057
MMR017015,2023-10-01,-1.760155687196206
MMR017016,2023-10-01,-1.4282067385533697
MMR017017,2023-10-01,-2.0453573109923067
MMR017018,2023-10-01,-1.6017658531288057
MMR017019,2023-10-01,-1.866728583030255
MMR017020,2023-10-01,-2.0453573109923067
MMR017021,2023-10-01,-1.866728583030255
MMR017022,2023-10-01,-1.9071923528936277
MMR017023,2023-10-01,-1.3221517827201987
MMR017024,2023-10-01,-1.4282067385533697
MMR017025,2023-10-01,-1.9694158266732853
MMR017026,2023-10-01,-1.1109567673917184
MMR018001,2023-10-01,-1.5541886495705244
MMR018002,2023-10-01,-1.5541886495705244
MMR018003,2023-10-01,-2.007386568832796
MMR018004,2023-10-01,-1.506611446012243
MMR018005,2023-10-01,-1.7165874771170921
MMR018006,2023-10-01,-1.6017517614858388
MMR018007,2023-10-01,-1.386269461734381
MMR018008,2023-10-01,-1.8262648131668826
MMR001001,2023-11-01,-0.5190551911538419
MMR001002,2023-11-01,0.15857068544436476
MMR001003,2023-11-01,-0.8014924790184684
MMR001004,2023-11-01,-0.8872132510927134
MMR001005,2023-11-01,-0.2139558706497314
MMR001006,2023-11-01,-1.2568151745277987
MMR001007,2023-11-01,0.5241314750987478
MMR001008,2023-11-01,-0.08401095917582224
MMR001009,2023-11-01,0.4027387662861175
MMR001010,2023-11-01,-0.8031695740261827
MMR001011,2023-11-01,-0.9618417240672749
MMR001012,2023-11-01,0.19322520610439134
MMR001013,2023-11-01,1.2913028065162333
MMR001014,2023-11-01,-1.4355372649168638
MMR001015,2023-11-01,-1.5088493359191004
MMR001016,2023-11-01,-1.5048463062369173
MMR001017,2023-11-01,-1.3340640118520999
MMR001018,2023-11-01,-1.5965303242316433
MMR002001,2023-11-01,-0.25109492728828353
MMR002002,2023-11-01,1.2328608259051925
MMR002003,2023-11-01,-0.00980882382072227
MMR002004,2023-11-01,-0.29193808313598235
MMR002005,2023-11-01,0.40690881818677777
MMR002006,2023-11-01,-0.48582527394399844
MMR002007,2023-11-01,-0.793322150581991
MMR003001,2023-11-01,0.44033803336870553
MMR003002,2023-11-01,1.0595882226050592
MMR003003,2023-11-01,0.02711024871200422
MMR003004,2023-11-01,0.17305471061979705
MMR003005,2023-11-01,1.4468941318227462
MMR003006,2023-11-01,1.6403815366066359
MMR003007,2023-11-01,1.5858369130211636
MMR004001,2023-11-01,-0.04935643851579566
MMR004002,2023-11-01,0.8787552164093938
MMR004003,2023-11-01,-0.2139558706497314
MMR004004,2023-11-01,0.172288315971775
MMR004005,2023-11-01,0.713030177241884
MMR004006,2023-11-01,-0.48582527394399844
MMR004007,2023-11-01,-0.09413562211783655
MMR004008,2023-11-01,-0.6444974239850905
MMR004009,2023-11-01,-0.3340668825671222
MMR005001,2023-11-01,2.119831201919346
MMR005002,2023-11-01,3.590014674239621
MMR005003,2023-11-01,3.1001653169846835
MMR005004,2023-11-01,3.5127129070915224
MMR005005,2023-11-01,3.354040757050431
MMR005006,2023-11-01,4.680523161961428
MMR005007,2023-11-01,2.5699515521922316
MMR005008,2023-11-01,0.7595625823345737
MMR005009,2023-11-01,3.372013786554339
MMR005010,2023-11-01,3.2658094481601645
MMR005011,2023-11-01,0.9556246606249789
MMR005012,2023-11-01,2.2637205675509358
MMR005013,2023-11-01,2.8462898769189358
MMR005014,2023-11-01,3.3837022576436038
MMR005015,2023-11-01,3.6079161971161775
MMR005016,2023-11-01,3.4809784770833043
MMR005017,2023-11-01,2.68058082589735
MMR005018,2023-11-01,4.798415971444867
MMR005019,2023-11-01,4.592103554848849
MMR005020,2023-11-01,0.4027387662861175
MMR005021,2023-11-01,0.593145346335428
MMR005022,2023-11-01,1.6296027256987267
MMR005023,2023-11-01,0.6721676395245145
MMR005024,2023-11-01,1.6403815366066359
MMR005025,2023-11-01,1.0056929364422673
MMR005026,2023-11-01,0.4662076263025541
MMR005027,2023-11-01,0.2527376294135715
MMR005028,2023-11-01,-0.014701917855768768
MMR005029,2023-11-01,1.1317709940256946
MMR005030,2023-11-01,1.7990536866477278
MMR005031,2023-11-01,1.1643650864833597
MMR005032,2023-11-01,1.0553192703456902
MMR005033,2023-11-01,-0.15308202685955602
MMR005034,2023-11-01,1.2424002677308128
MMR005035,2023-11-01,0.10428306227433523
MMR005036,2023-11-01,-1.185108289102136
MMR005037,2023-11-01,-1.2954395931899494
MMR006001,2023-11-01,1.132630656475141
MMR006002,2023-11-01,0.713030177241884
MMR006003,2023-11-01,0.7902790145661852
MMR006004,2023-11-01,0.6744057585797333
MMR006005,2023-11-01,0.4812836652689801
MMR006006,2023-11-01,0.13366389730962436
MMR006007,2023-11-01,1.1288972639251125
MMR006008,2023-11-01,0.529676486318991
MMR006009,2023-11-01,-0.7475159647753903
MMR006010,2023-11-01,-0.0980826146632795
MMR007001,2023-11-01,-1.5896065229086416
MMR007002,2023-11-01,-1.0636930812170455
MMR007003,2023-11-01,-1.3315737029367836
MMR007004,2023-11-01,0.20059640159075975
MMR007005,2023-11-01,0.5051158920446318
MMR007006,2023-11-01,1.1732791848443127
MMR007007,2023-11-01,0.12391616478433817
MMR007008,2023-11-01,1.601945407272447
MMR007009,2023-11-01,-0.676231853993309
MMR007010,2023-11-01,-0.6127629939768722
MMR007011,2023-11-01,1.4384709011668655
MMR007012,2023-11-01,1.1142656750874094
MMR007013,2023-11-01,0.19322520610439134
MMR007014,2023-11-01,1.0056929364422673
MMR008001,2023-11-01,-1.279186024149459
MMR008002,2023-11-01,-0.17050359476855834
MMR008003,2023-11-01,-1.7722474407336593
MMR008004,2023-11-01,-0.32982912663618336
MMR008005,2023-11-01,-0.7714351440179643
MMR008006,2023-11-01,-1.5088493359191004
MMR008007,2023-11-01,-1.3662282235968104
MMR008008,2023-11-01,-1.4402272673149485
MMR008009,2023-11-01,-0.8319465692441417
MMR008010,2023-11-01,-0.5810285639686538
MMR008011,2023-11-01,-0.47371995730822086
MMR008012,2023-11-01,-0.17050359476855834
MMR008013,2023-11-01,-1.4402272673149485
MMR008014,2023-11-01,-0.676231853993309
MMR009001,2023-11-01,-1.7255435495991447
MMR009002,2023-11-01,-1.3320101216939424
MMR009003,2023-11-01,-0.24150163397213506
MMR009004,2023-11-01,-1.5677957406608196
MMR009005,2023-11-01,-1.4378581741905512
MMR009006,2023-11-01,-1.7722474407336593
MMR009007,2023-11-01,-1.400882744256837
MMR009008,2023-11-01,-1.4793761335482407
MMR009009,2023-11-01,-1.4695926041987697
MMR009010,2023-11-01,-1.1551709074687844
MMR009011,2023-11-01,-1.10847179850295
MMR009012,2023-11-01,-1.4378581741905512
MMR009013,2023-11-01,-1.7445901223073799
MMR009014,2023-11-01,-1.501327034206988
MMR009015,2023-11-01,-1.501327034206988
MMR009016,2023-11-01,-1.4116354066180432
MMR009017,2023-11-01,-1.5088493359191004
MMR009018,2023-11-01,3.040125965438984
MMR009019,2023-11-01,4.312362613047845
MMR009020,2023-11-01,5.3215754175599725
MMR009021,2023-11-01,3.2890418312755
MMR009022,2023-11-01,1.5769126765901986
MMR009023,2023-11-01,2.4075803329853556
MMR009024,2023-11-01,1.3547716665326701
MMR009025,2023-11-01,-0.16812297200944482
MMR010001,2023-11-01,-0.6515670402566996
MMR010002,2023-11-01,-0.8705709879062923
MMR010003,2023-11-01,-0.9850284963365166
MMR010004,2023-11-01,-1.0889920583165968
MMR010005,2023-11-01,-0.9091954065684429
MMR010006,2023-11-01,-0.1957802904357244
MMR010007,2023-11-01,0.3873885265250504
MMR010008,2023-11-01,1.8625225466641646
MMR010009,2023-11-01,4.032112709802515
MMR010010,2023-11-01,5.2699872093786215
MMR010011,2023-11-01,3.4854046688069285
MMR010012,2023-11-01,3.4016227857588426
MMR010013,2023-11-01,0.025478256974512097
MMR010014,2023-11-01,-1.4378581741905512
MMR010015,2023-11-01,-0.9301072940590563
MMR010016,2023-11-01,0.6892538992052215
MMR010017,2023-11-01,3.290571897033994
MMR010018,2023-11-01,1.8232039546826835
MMR010019,2023-11-01,0.13610753067963033
MMR010020,2023-11-01,-1.606303530175982
MMR010021,2023-11-01,3.206863043418445
MMR010022,2023-11-01,0.12391616478433817
MMR010023,2023-11-01,-1.7445901223073799
MMR010024,2023-11-01,-1.3315737029367836
MMR010028,2023-11-01,-1.6562153477733985
MMR010029,2023-11-01,-0.8666384340426195
MMR010030,2023-11-01,-1.7445901223073799
MMR010031,2023-11-01,-1.0667513003562055
MMR011001,2023-11-01,-0.25728356247595574
MMR011002,2023-11-01,1.8219876771256467
MMR011003,2023-11-01,-0.6800377028308707
MMR011004,2023-11-01,-0.5229512199469365
MMR011005,2023-11-01,-0.08401095917582224
MMR011006,2023-11-01,-0.2139558706497314
MMR011007,2023-11-01,-0.5615756386090872
MMR011008,2023-11-01,-0.6774488945955391
MMR011009,2023-11-01,0.4040348279446788
MMR011010,2023-11-01,0.27580104625324353
MMR012001,2023-11-01,0.1210765295058731
MMR012002,2023-11-01,-0.25728356247595574
MMR012003,2023-11-01,0.2971887680844717
MMR012004,2023-11-01,-0.1879745211559023
MMR012005,2023-11-01,-0.36172420099340175
MMR012006,2023-11-01,-0.4292581865711012
MMR012007,2023-11-01,0.5933625403826521
MMR012008,2023-11-01,0.24953715329607626
MMR012009,2023-11-01,0.05982129153721545
MMR012010,2023-11-01,0.05366003619571469
MMR012011,2023-11-01,-0.873875893942298
MMR012012,2023-11-01,-0.6800377028308707
MMR012013,2023-11-01,-0.873875893942298
MMR012014,2023-11-01,-1.6145030655075903
MMR012015,2023-11-01,-1.6599991842480801
MMR012016,2023-11-01,-1.501327034206988
MMR012017,2023-11-01,-1.9658486697176163
MMR013001,2023-11-01,-1.4061237441823327
MMR013002,2023-11-01,-1.361483324064802
MMR013003,2023-11-01,-1.564795894223425
MMR013004,2023-11-01,-1.9585494990762702
MMR013005,2023-11-01,-1.934815644919879
MMR013006,2023-11-01,-1.7741081572568371
MMR013007,2023-11-01,-1.4695926041987697
MMR013009,2023-11-01,-1.6892754854548206
MMR013010,2023-11-01,-1.5330614642152063
MMR013011,2023-11-01,-1.2622646616167303
MMR013012,2023-11-01,-1.1522483041165854
MMR013013,2023-11-01,-1.400882744256837
MMR013014,2023-11-01,-1.4701917855768905
MMR013015,2023-11-01,-1.6599991842480801
MMR013016,2023-11-01,-1.185108289102136
MMR013017,2023-11-01,-1.539500826896944
MMR013018,2023-11-01,-1.5088493359191004
MMR013019,2023-11-01,-1.3025369193230827
MMR013020,2023-11-01,-1.0196830169965434
MMR013021,2023-11-01,-1.3315737029367836
MMR013022,2023-11-01,-2.0656107044953376
MMR013023,2023-11-01,-1.501327034206988
MMR013024,2023-11-01,-1.0961847476278967
MMR013025,2023-11-01,-1.218190755865648
MMR013026,2023-11-01,-1.3662282235968104
MMR013027,2023-11-01,-2.1373304600855154
MMR013028,2023-11-01,-1.6599991842480801
MMR013029,2023-11-01,-0.9646640883457062
MMR013030,2023-11-01,-1.3340640118520999
MMR013031,2023-11-01,-1.2954395931899494
MMR013032,2023-11-01,-0.6800377028308707
MMR013033,2023-11-01,-1.539500826896944
MMR013034,2023-11-01,-1.6599991842480801
MMR013035,2023-11-01,-1.803581359627697
MMR013036,2023-11-01,-1.3340640118520999
MMR013037,2023-11-01,-1.5048463062369173
MMR013038,2023-11-01,-1.715161752515118
MMR013039,2023-11-01,-1.6282647542398616
MMR013040,2023-11-01,-1.0636930812170455
MMR013041,2023-11-01,-1.5972689430316795
MMR013042,2023-11-01,-1.708319895659649
MMR013043,2023-11-01,-2.039451692580246
MMR013044,2023-11-01,-1.855219396012498
MMR013046,2023-11-01,-1.449902931177381
MMR013047,2023-11-01,-1.501327034206988
MMR014001,2023-11-01,-1.6599991842480801
MMR014002,2023-11-01,-0.35939444345557364
MMR014003,2023-11-01,-1.7446349548859776
MMR014004,2023-11-01,-0.7425460742767491
MMR014005,2023-11-01,-1.7722474407336593
MMR014006,2023-11-01,-1.3315737029367836
MMR014007,2023-11-01,-1.626742145402539
MMR014008,2023-11-01,0.7207966845998891
MMR014009,2023-11-01,-1.5509888933234228
MMR014010,2023-11-01,0.44033803336870553
MMR014011,2023-11-01,-1.6599991842480801
MMR014012,2023-11-01,-1.6282647542398616
MMR014013,2023-11-01,-1.803581359627697
MMR014014,2023-11-01,-1.6917336142562984
MMR014015,2023-11-01,-1.4403596196183046
MMR014016,2023-11-01,-1.0887794441001486
MMR014017,2023-11-01,-1.803581359627697
MMR014018,2023-11-01,-1.6917336142562984
MMR014019,2023-11-01,-1.9658486697176163
MMR014020,2023-11-01,-0.970185206371552
MMR014021,2023-11-01,-1.3726884305142506
MMR015001,2023-11-01,2.77380649979664
MMR015002,2023-11-01,5.703293991048638
MMR015003,2023-11-01,0.9422240764258304
MMR015004,2023-11-01,-0.05749369830432659
MMR015005,2023-11-01,-1.6282647542398616
MMR015006,2023-11-01,-1.3726884305142506
MMR015007,2023-11-01,-1.185108289102136
MMR015008,2023-11-01,-1.564795894223425
MMR015009,2023-11-01,6.854312744523836
MMR015010,2023-11-01,5.841912073688745
MMR015011,2023-11-01,8.709876242826294
MMR015012,2023-11-01,2.617398996001252
MMR015013,2023-11-01,2.983078595117374
MMR015014,2023-11-01,1.2304247968062256
MMR015015,2023-11-01,1.9259512391057265
MMR015016,2023-11-01,0.6566142063518646
MMR015017,2023-11-01,0.8784800561205321
MMR015018,2023-11-01,9.512367969121205e-4
MMR015019,2023-11-01,4.435356786036975
MMR015020,2023-11-01,7.130437928028423
MMR015021,2023-11-01,3.4809784770833043
MMR015022,2023-11-01,3.9012589167272487
MMR015023,2023-11-01,7.317805768469643
MMR015024,2023-11-01,-1.7741081572568371
MMR016001,2023-11-01,-1.6562153477733985
MMR016002,2023-11-01,-1.6599991842480801
MMR016003,2023-11-01,-1.5048463062369173
MMR016005,2023-11-01,-1.5048463062369173
MMR016006,2023-11-01,-1.501327034206988
MMR016007,2023-11-01,-1.934815644919879
MMR016008,2023-11-01,-1.501327034206988
MMR016009,2023-11-01,-1.1409419185413467
MMR016010,2023-11-01,-1.3315737029367836
MMR016011,2023-11-01,-1.539500826896944
MMR017001,2023-11-01,-1.539500826896944
MMR017002,2023-11-01,-1.6917336142562984
MMR017003,2023-11-01,-1.6917336142562984
MMR017004,2023-11-01,-0.9646640883457062
MMR017005,2023-11-01,-1.8330545619985565
MMR017006,2023-11-01,-1.6917336142562984
MMR017007,2023-11-01,-1.8330545619985565
MMR017008,2023-11-01,-1.803581359627697
MMR017009,2023-11-01,-1.6282647542398616
MMR017010,2023-11-01,-1.6917336142562984
MMR017011,2023-11-01,-1.6917336142562984
MMR017012,2023-11-01,-1.6599991842480801
MMR017013,2023-11-01,-1.803581359627697
MMR017014,2023-11-01,-1.539500826896944
MMR017015,2023-11-01,-1.6917336142562984
MMR017016,2023-11-01,-1.3726884305142506
MMR017017,2023-11-01,-1.9658486697176163
MMR017018,2023-11-01,-1.539500826896944
MMR017019,2023-11-01,-1.803581359627697
MMR017020,2023-11-01,-1.9658486697176163
MMR017021,2023-11-01,-1.803581359627697
MMR017022,2023-11-01,-1.8330545619985565
MMR017023,2023-11-01,-1.3340640118520999
MMR017024,2023-11-01,-1.3726884305142506
MMR017025,2023-11-01,-1.9381913512913367
MMR017026,2023-11-01,-1.1406465183650163
MMR018001,2023-11-01,-1.4701917855768905
MMR018002,2023-11-01,-1.5048463062369173
MMR018003,2023-11-01,-1.7999047591599389
MMR018004,2023-11-01,-1.4701917855768905
MMR018005,2023-11-01,-1.6599991842480801
MMR018006,2023-11-01,-1.5685894781085938
MMR018007,2023-11-01,-1.4116354066180432
MMR018008,2023-11-01,-1.715161752515118
MMR001001,2023-12-01,-0.8138481412020578
MMR001002,2023-12-01,-0.2322834810939413
MMR001003,2023-12-01,-1.018770613565024
MMR001004,2023-12-01,-1.5452336027521896
MMR001005,2023-12-01,-0.48751552105074003
MMR001006,2023-12-01,-1.4075815779357153
MMR001007,2023-12-01,1.304525885226999
MMR001008,2023-12-01,-0.625378602945227
MMR001009,2023-12-01,0.9110558609839509
MMR001010,2023-12-01,-1.104786130273642
MMR001011,2023-12-01,-0.4208397403826728
MMR001012,2023-12-01,-0.2322834810939413
MMR001013,2023-12-01,2.566926068088402
MMR001014,2023-12-01,-1.6474259197585697
MMR001015,2023-12-01,-1.6539826011398746
MMR001016,2023-12-01,-1.7260449441288268
MMR001017,2023-12-01,-1.5390195860621403
MMR001018,2023-12-01,-1.788732520164611
MMR002001,2023-12-01,0.5253452004927158
MMR002002,2023-12-01,1.7331921281624871
MMR002003,2023-12-01,-0.2768510267214161
MMR002004,2023-12-01,0.35735920168298735
MMR002005,2023-12-01,0.5191110405635625
MMR002006,2023-12-01,-1.140783308688956
MMR002007,2023-12-01,-1.0132675535564402
MMR003001,2023-12-01,0.8390692615904287
MMR003002,2023-12-01,0.7897638357194015
MMR003003,2023-12-01,0.7704147907792203
MMR003004,2023-12-01,0.9022614700252439
MMR003005,2023-12-01,1.2211785845927854
MMR003006,2023-12-01,1.8829796781974337
MMR003007,2023-12-01,1.9232638552027064
MMR004001,2023-12-01,-0.07504543235342709
MMR004002,2023-12-01,0.9830502178145794
MMR004003,2023-12-01,-0.005576157920514911
MMR004004,2023-12-01,0.0382365114549601
MMR004005,2023-12-01,1.7031179477230105
MMR004006,2023-12-01,1.1990332883064643
MMR004007,2023-12-01,1.4886451268620189
MMR004008,2023-12-01,1.1630361098911504
MMR004009,2023-12-01,3.317489344262361
MMR005001,2023-12-01,2.105692526898667
MMR005002,2023-12-01,4.330382966012667
MMR005003,2023-12-01,3.286869636394686
MMR005004,2023-12-01,1.1270389314758362
MMR005005,2023-12-01,1.4510135372136637
MMR005006,2023-12-01,3.628306558693095
MMR005007,2023-12-01,1.8743586632128815
MMR005008,2023-12-01,0.7110691136183562
MMR005009,2023-12-01,1.6547518204444824
MMR005010,2023-12-01,1.7226705959685429
MMR005011,2023-12-01,0.5932162747937586
MMR005012,2023-12-01,2.3913147934157544
MMR005013,2023-12-01,1.9549740350280618
MMR005014,2023-12-01,2.792501311884081
MMR005015,2023-12-01,3.75483295579377
MMR005016,2023-12-01,2.674917603334345
MMR005017,2023-12-01,1.2155381349076844
MMR005018,2023-12-01,4.999027163459878
MMR005019,2023-12-01,3.126823410607687
MMR005020,2023-12-01,1.307024823552407
MMR005021,2023-12-01,1.4870107156289778
MMR005022,2023-12-01,1.8429862571031101
MMR005023,2023-12-01,2.0235604848197877
MMR005024,2023-12-01,1.8829796781974337
MMR005025,2023-12-01,1.2350304667217784
MMR005026,2023-12-01,0.8390615041533228
MMR005027,2023-12-01,0.7676359439098278
MMR005028,2023-12-01,-0.15366445672368428
MMR005029,2023-12-01,0.9645588860295139
MMR005030,2023-12-01,3.8988216694550264
MMR005031,2023-12-01,2.3509429975965173
MMR005032,2023-12-01,3.160255620480047
MMR005033,2023-12-01,0.15135673196759622
MMR005034,2023-12-01,2.7214136281767063
MMR005035,2023-12-01,1.546035258459374
MMR005036,2023-12-01,-1.3287100175015614
MMR005037,2023-12-01,-1.4513942473111903
MMR006001,2023-12-01,0.7310699689073803
MMR006002,2023-12-01,0.6516138827116102
MMR006003,2023-12-01,0.7392392214625603
MMR006004,2023-12-01,0.7830518908380353
MMR006005,2023-12-01,-0.04938882729598992
MMR006006,2023-12-01,-0.39989018229979
MMR006007,2023-12-01,0.43597822605324454
MMR006008,2023-12-01,-0.09686513464484553
MMR006009,2023-12-01,-0.7736583296809182
MMR006010,2023-12-01,-0.48751552105074003
MMR007001,2023-12-01,-0.9268112901386213
MMR007002,2023-12-01,-1.1447055616828652
MMR007003,2023-12-01,-1.4508783588329268
MMR007004,2023-12-01,-0.1495331568836491
MMR007005,2023-12-01,1.5366445672368443
MMR007006,2023-12-01,2.766214806304939
MMR007007,2023-12-01,1.025620908830173
MMR007008,2023-12-01,3.317489344262361
MMR007009,2023-12-01,0.11911793584703945
MMR007010,2023-12-01,0.11911793584703945
MMR007011,2023-12-01,3.528009929076014
MMR007012,2023-12-01,3.360848879714211
MMR007013,2023-12-01,1.0649304210153014
MMR007014,2023-12-01,2.4589345328424597
MMR008001,2023-12-01,-1.392763557596155
MMR008002,2023-12-01,0.9653214545488139
MMR008003,2023-12-01,-1.9217024760694452
MMR008004,2023-12-01,-0.31226484354884
MMR008005,2023-12-01,-0.7808115245358143
MMR008006,2023-12-01,-1.5871181813951536
MMR008007,2023-12-01,-1.6081164075734413
MMR008008,2023-12-01,-0.6726442050313538
MMR008009,2023-12-01,-0.8380168760545401
MMR008010,2023-12-01,0.47908972000018135
MMR008011,2023-12-01,-0.5721981027749995
MMR008012,2023-12-01,1.050043816251236
MMR008013,2023-12-01,-1.604590183758001
MMR008014,2023-12-01,0.47908972000018135
MMR009001,2023-12-01,-2.0485048743618344
MMR009002,2023-12-01,-1.553685971522793
MMR009003,2023-12-01,0.0844923122228749
MMR009004,2023-12-01,-1.8211436505016776
MMR009005,2023-12-01,-1.6807409849186685
MMR009006,2023-12-01,-2.015819694398759
MMR009007,2023-12-01,-1.6867354319436985
MMR009008,2023-12-01,-1.8211436505016776
MMR009009,2023-12-01,-1.2847720223502126
MMR009010,2023-12-01,-1.0522028234373844
MMR009011,2023-12-01,-0.5413166072395083
MMR009012,2023-12-01,-1.6087466280880403
MMR009013,2023-12-01,-1.6079784149717322
MMR009014,2023-12-01,-1.2127776655195845
MMR009015,2023-12-01,-1.6447438065033544
MMR009016,2023-12-01,-1.0396283626271412
MMR009017,2023-12-01,-1.7542792307569564
MMR009018,2023-12-01,2.878275658725563
MMR009019,2023-12-01,4.98022686808024
MMR009020,2023-12-01,4.294790632023482
MMR009021,2023-12-01,3.317489344262361
MMR009022,2023-12-01,1.0910417530605219
MMR009023,2023-12-01,1.6605999481921851
MMR009024,2023-12-01,0.9830502178145794
MMR009025,2023-12-01,-0.5726890133492795
MMR010001,2023-12-01,-0.9252369963140619
MMR010002,2023-12-01,-1.0570802229319152
MMR010003,2023-12-01,-0.900545188241127
MMR010004,2023-12-01,-0.979164212611384
MMR010005,2023-12-01,-0.8380168760545401
MMR010006,2023-12-01,-0.13347532781248136
MMR010007,2023-12-01,0.6591371218148488
MMR010008,2023-12-01,2.02696839185869
MMR010009,2023-12-01,3.4611455093312924
MMR010010,2023-12-01,3.762035398182537
MMR010011,2023-12-01,3.3448821277527583
MMR010012,2023-12-01,2.076019688318235
MMR010013,2023-12-01,-0.29033735836133784
MMR010014,2023-12-01,-1.536752271257412
MMR010015,2023-12-01,-0.6368228108745578
MMR010016,2023-12-01,0.9645588860295139
MMR010017,2023-12-01,3.1068837443181145
MMR010018,2023-12-01,2.1880827243105943
MMR010019,2023-12-01,0.5567176066024871
MMR010020,2023-12-01,-1.5452336027521896
MMR010021,2023-12-01,3.293984459969489
MMR010022,2023-12-01,0.5539067626086301
MMR010023,2023-12-01,-1.9844472882889876
MMR010024,2023-12-01,-1.5294973832031842
MMR010028,2023-12-01,-1.7542792307569564
MMR010029,2023-12-01,-0.45683691879798705
MMR010030,2023-12-01,-1.9530748821792165
MMR010031,2023-12-01,-0.9184739839479422
MMR011001,2023-12-01,0.20012115294247293
MMR011002,2023-12-01,2.2049062743840295
MMR011003,2023-12-01,-0.7624391090156786
MMR011004,2023-12-01,-0.531328190426215
MMR011005,2023-12-01,0.43597822605324454
MMR011006,2023-12-01,-0.31226484354884
MMR011007,2023-12-01,0.16967451958138513
MMR011008,2023-12-01,-0.48751552105074003
MMR011009,2023-12-01,0.9144898989644603
MMR011010,2023-12-01,0.7310699689073803
MMR012001,2023-12-01,1.5047710493359683
MMR012002,2023-12-01,1.811811152532744
MMR012003,2023-12-01,4.877953102972772
MMR012004,2023-12-01,4.091762859270201
MMR012005,2023-12-01,3.223372125933047
MMR012006,2023-12-01,0.9408257266781244
MMR012007,2023-12-01,4.219044023826559
MMR012008,2023-12-01,2.0536193027268106
MMR012009,2023-12-01,1.2938646202171864
MMR012010,2023-12-01,3.142880922733429
MMR012011,2023-12-01,0.13387968430312489
MMR012012,2023-12-01,-0.7624391090156786
MMR012013,2023-12-01,0.13387968430312489
MMR012014,2023-12-01,-0.7008849922654945
MMR012015,2023-12-01,-1.824729698579925
MMR012016,2023-12-01,-1.2127776655195845
MMR012017,2023-12-01,-2.1726817249476156
MMR013001,2023-12-01,-1.4287607360114694
MMR013002,2023-12-01,-1.5202537616504324
MMR013003,2023-12-01,-1.788732520164611
MMR013004,2023-12-01,-2.1636034755105062
MMR013005,2023-12-01,-2.285887583005292
MMR013006,2023-12-01,-1.854575860374038
MMR013007,2023-12-01,-1.6807409849186685
MMR013009,2023-12-01,-1.6393508210815035
MMR013010,2023-12-01,-1.3927635575961552
MMR013011,2023-12-01,-1.3329498222775413
MMR013012,2023-12-01,-1.3927635575961552
MMR013013,2023-12-01,-1.2936403100924128
MMR013014,2023-12-01,-1.2936403100924128
MMR013015,2023-12-01,-1.5007550928420976
MMR013016,2023-12-01,-1.177407634556249
MMR013017,2023-12-01,-1.6081164075734413
MMR013018,2023-12-01,-1.620550391267514
MMR013019,2023-12-01,-1.38652492216099
MMR013020,2023-12-01,-1.2150212857221556
MMR013021,2023-12-01,-1.4115688466477985
MMR013022,2023-12-01,-2.0485048743618344
MMR013023,2023-12-01,-1.6447438065033544
MMR013024,2023-12-01,-1.2278417622046867
MMR013025,2023-12-01,-1.3199562391847652
MMR013026,2023-12-01,-1.4115688466477985
MMR013027,2023-12-01,-2.2258875029090985
MMR013028,2023-12-01,-1.7167381633339827
MMR013029,2023-12-01,-1.0815541917102272
MMR013030,2023-12-01,-1.3637689085602402
MMR013031,2023-12-01,-1.3199562391847652
MMR013032,2023-12-01,-0.7624391090156786
MMR013033,2023-12-01,-1.6081164075734413
MMR013034,2023-12-01,-1.8967240554105533
MMR013035,2023-12-01,-1.8880080702463988
MMR013036,2023-12-01,-1.5390195860621403
MMR013037,2023-12-01,-1.6081164075734413
MMR013038,2023-12-01,-1.6874148110122353
MMR013039,2023-12-01,-1.7527353417492968
MMR013040,2023-12-01,-1.1008928923073902
MMR013041,2023-12-01,-1.787711440629317
MMR013042,2023-12-01,-1.90717544262821
MMR013043,2023-12-01,-2.256214744424859
MMR013044,2023-12-01,-1.890330069959674
MMR013046,2023-12-01,-1.4533893419057113
MMR013047,2023-12-01,-1.4287607360114694
MMR014001,2023-12-01,-1.824729698579925
MMR014002,2023-12-01,0.38538220107412025
MMR014003,2023-12-01,-2.0551691196082014
MMR014004,2023-12-01,-0.2832619963730913
MMR014005,2023-12-01,-1.9844472882889876
MMR014006,2023-12-01,-1.5688068953883127
MMR014007,2023-12-01,-1.6874148110122353
MMR014008,2023-12-01,1.334482533510391
MMR014009,2023-12-01,-1.482488790532647
MMR014010,2023-12-01,0.7763244493708862
MMR014011,2023-12-01,-1.8967240554105533
MMR014012,2023-12-01,-1.8967240554105533
MMR014013,2023-12-01,-2.0551691196082014
MMR014014,2023-12-01,-1.8967240554105533
MMR014015,2023-12-01,-1.3569991660935619
MMR014016,2023-12-01,-0.924800238197071
MMR014017,2023-12-01,-2.021736909735841
MMR014018,2023-12-01,-1.8607268769952394
MMR014019,2023-12-01,-2.204054131057387
MMR014020,2023-12-01,-0.5726890133492795
MMR014021,2023-12-01,-1.5390195860621403
MMR015001,2023-12-01,3.470643101598546
MMR015002,2023-12-01,6.528952614748172
MMR015003,2023-12-01,1.1990332883064643
MMR015004,2023-12-01,-0.32170976447110916
MMR015005,2023-12-01,-1.824729698579925
MMR015006,2023-12-01,-1.5390195860621403
MMR015007,2023-12-01,-1.3287100175015614
MMR015008,2023-12-01,-1.824729698579925
MMR015009,2023-12-01,11.035216524699187
MMR015010,2023-12-01,9.8702611504841
MMR015011,2023-12-01,12.195880273327637
MMR015012,2023-12-01,3.9626286574167007
MMR015013,2023-12-01,2.9662048457312
MMR015014,2023-12-01,3.708025810242003
MMR015015,2023-12-01,4.956572127343029
MMR015016,2023-12-01,4.294790632023482
MMR015017,2023-12-01,2.1572893243092306
MMR015018,2023-12-01,0.7407419521987882
MMR015019,2023-12-01,7.601906454571907
MMR015020,2023-12-01,8.398468971369297
MMR015021,2023-12-01,4.1867990967775395
MMR015022,2023-12-01,6.175167005082015
MMR015023,2023-12-01,11.298092540952037
MMR015024,2023-12-01,-1.9883046998634801
MMR016001,2023-12-01,-2.021736909735841
MMR016002,2023-12-01,-1.8607268769952394
MMR016003,2023-12-01,-1.6867354319436985
MMR016005,2023-12-01,-1.6867354319436985
MMR016006,2023-12-01,-1.8607268769952394
MMR016007,2023-12-01,-2.3155604215857237
MMR016008,2023-12-01,-1.8607268769952394
MMR016009,2023-12-01,-1.4952069166866653
MMR016010,2023-12-01,-1.6867354319436985
MMR016011,2023-12-01,-1.7260449441288268
MMR017001,2023-12-01,-1.6474259197585697
MMR017002,2023-12-01,-1.8607268769952394
MMR017003,2023-12-01,-1.8607268769952394
MMR017004,2023-12-01,-0.9583958468985035
MMR017005,2023-12-01,-1.9883046998634801
MMR017006,2023-12-01,-1.8967240554105533
MMR017007,2023-12-01,-2.0551691196082014
MMR017008,2023-12-01,-1.9548724899911198
MMR017009,2023-12-01,-1.7527353417492968
MMR017010,2023-12-01,-1.824729698579925
MMR017011,2023-12-01,-1.8607268769952394
MMR017012,2023-12-01,-1.8607268769952394
MMR017013,2023-12-01,-1.9214402801187593
MMR017014,2023-12-01,-1.7260449441288268
MMR017015,2023-12-01,-1.8967240554105533
MMR017016,2023-12-01,-1.5390195860621403
MMR017017,2023-12-01,-2.1726817249476156
MMR017018,2023-12-01,-1.6867354319436985
MMR017019,2023-12-01,-1.8880080702463988
MMR017020,2023-12-01,-2.204054131057387
MMR017021,2023-12-01,-1.9214402801187593
MMR017022,2023-12-01,-1.9883046998634801
MMR017023,2023-12-01,-1.4952069166866653
MMR017024,2023-12-01,-1.4952069166866653
MMR017025,2023-12-01,-2.1726817249476156
MMR017026,2023-12-01,-1.278275889853124
MMR018001,2023-12-01,-1.6867354319436985
MMR018002,2023-12-01,-1.7260449441288268
MMR018003,2023-12-01,-2.0471921005085303
MMR018004,2023-12-01,-1.6867354319436985
MMR018005,2023-12-01,-1.8967240554105533
MMR018006,2023-12-01,-1.5737394570749197
MMR018007,2023-12-01,-1.1583197169488695
MMR018008,2023-12-01,-1.9548724899911198
MMR001001,2024-01-01,-0.7230653610378233
MMR001002,2024-01-01,-0.45987276181923165
MMR001003,2024-01-01,-1.0122071230097627
MMR001004,2024-01-01,-0.9817218415798307
MMR001005,2024-01-01,-0.6613412864946888
MMR001006,2024-01-01,-1.3862392865276185
MMR001007,2024-01-01,1.20148582587774
MMR001008,2024-01-01,0.320597011096836
MMR001009,2024-01-01,1.170239395120915
MMR001010,2024-01-01,-0.4577000471971993
MMR001011,2024-01-01,0.1775933937074306
MMR001012,2024-01-01,0.06044042012481362
MMR001013,2024-01-01,1.0511218749512967
MMR001014,2024-01-01,-1.6305774211933333
MMR001015,2024-01-01,-1.6022329134151
MMR001016,2024-01-01,-1.5872179893646627
MMR001017,2024-01-01,-1.3862392865276185
MMR001018,2024-01-01,-1.7679927690629988
MMR002001,2024-01-01,0.575484882139512
MMR002002,2024-01-01,0.40731587475417697
MMR002003,2024-01-01,-0.2988766869710419
MMR002004,2024-01-01,-0.41651332999056134
MMR002005,2024-01-01,-0.7171942278070941
MMR002006,2024-01-01,-1.0929934881018295
MMR002007,2024-01-01,-1.1446066198499751
MMR003001,2024-01-01,1.2675767593481089
MMR003002,2024-01-01,1.0143479203555632
MMR003003,2024-01-01,0.9723763444696518
MMR003004,2024-01-01,1.6050625987019602
MMR003005,2024-01-01,1.3200465802619854
MMR003006,2024-01-01,1.0114160348947576
MMR003007,2024-01-01,1.4954024862129216
MMR004001,2024-01-01,-0.6333104891339135
MMR004002,2024-01-01,0.018770033481273228
MMR004003,2024-01-01,-0.7096678198302174
MMR004004,2024-01-01,-0.5646882198236316
MMR004005,2024-01-01,0.7884547135711704
MMR004006,2024-01-01,2.3217087567605565
MMR004007,2024-01-01,2.4910710075219282
MMR004008,2024-01-01,3.8305306789090534
MMR004009,2024-01-01,8.015472562131926
MMR005001,2024-01-01,2.0851938255946516
MMR005002,2024-01-01,4.593037885840943
MMR005003,2024-01-01,4.108471559304828
MMR005004,2024-01-01,2.043767876364781
MMR005005,2024-01-01,2.242297076647478
MMR005006,2024-01-01,3.3392330812296005
MMR005007,2024-01-01,2.063482418137995
MMR005008,2024-01-01,-0.6968498772178473
MMR005009,2024-01-01,1.613622697952407
MMR005010,2024-01-01,1.4585258743125882
MMR005011,2024-01-01,0.2772375792681658
MMR005012,2024-01-01,3.2654798574289337
MMR005013,2024-01-01,2.4408262769301743
MMR005014,2024-01-01,3.4129863050302682
MMR005015,2024-01-01,4.66435332009638
MMR005016,2024-01-01,2.917296357608647
MMR005017,2024-01-01,0.9561354146042402
MMR005018,2024-01-01,6.621251540359291
MMR005019,2024-01-01,3.2286032455286002
MMR005020,2024-01-01,1.368768595403612
MMR005021,2024-01-01,1.090827715007836
MMR005022,2024-01-01,1.1637629777668193
MMR005023,2024-01-01,0.6841170244055826
MMR005024,2024-01-01,0.8525926746686001
MMR005025,2024-01-01,0.29671091387704873
MMR005026,2024-01-01,-0.6562292474798963
MMR005027,2024-01-01,-0.22465999468276981
MMR005028,2024-01-01,-0.9801859437632768
MMR005029,2024-01-01,0.021811380372634644
MMR005030,2024-01-01,1.567297795686309
MMR005031,2024-01-01,0.37612259399012765
MMR005032,2024-01-01,0.9422533077079178
MMR005033,2024-01-01,0.24159768160157924
MMR005034,2024-01-01,1.7866456672545563
MMR005035,2024-01-01,0.7363412515799533
MMR005036,2024-01-01,-1.2107149425016541
MMR005037,2024-01-01,-1.3379127531920898
MMR006001,2024-01-01,1.4084744354601513
MMR006002,2024-01-01,1.0300873802488135
MMR006003,2024-01-01,0.9817608469132849
MMR006004,2024-01-01,1.2717200469264567
MMR006005,2024-01-01,0.45016898022246987
MMR006006,2024-01-01,0.06355671353824074
MMR006007,2024-01-01,1.1444262158415743
MMR006008,2024-01-01,0.21729923376396984
MMR006009,2024-01-01,-0.8723018401557499
MMR006010,2024-01-01,-0.2747290198104597
MMR007001,2024-01-01,0.27374537167228336
MMR007002,2024-01-01,-0.7579943531657461
MMR007003,2024-01-01,-1.3270613983926405
MMR007004,2024-01-01,0.20472106970124576
MMR007005,2024-01-01,2.922162920817062
MMR007006,2024-01-01,4.048412841775488
MMR007007,2024-01-01,2.8788034889883916
MMR007008,2024-01-01,4.831849926972382
MMR007009,2024-01-01,0.8922985147251394
MMR007010,2024-01-01,0.733475154498982
MMR007011,2024-01-01,4.814297557242945
MMR007012,2024-01-01,4.7774209453426115
MMR007013,2024-01-01,1.1877856476702446
MMR007014,2024-01-01,3.0761197178348048
MMR008001,2024-01-01,-1.4503460486106838
MMR008002,2024-01-01,1.5820594583542982
MMR008003,2024-01-01,-1.9160458758114363
MMR008004,2024-01-01,0.01523018020271211
MMR008005,2024-01-01,-0.5371117273102782
MMR008006,2024-01-01,-1.3809732420130987
MMR008007,2024-01-01,-1.413780262049981
MMR008008,2024-01-01,0.6163990610413824
MMR008009,2024-01-01,-0.46803515315257427
MMR008010,2024-01-01,1.6864153158559272
MMR008011,2024-01-01,-0.5987829957902918
MMR008012,2024-01-01,2.0493144893121604
MMR008013,2024-01-01,-1.3772224043788306
MMR008014,2024-01-01,1.7658269959690056
MMR009001,2024-01-01,-2.1042366915818174
MMR009002,2024-01-01,-1.712862749116101
MMR009003,2024-01-01,0.5366105768042483
MMR009004,2024-01-01,-1.9341224205181025
MMR009005,2024-01-01,-1.7679927690629988
MMR009006,2024-01-01,-1.9852550635322959
MMR009007,2024-01-01,-1.6305774211933333
MMR009008,2024-01-01,-1.8234925848171017
MMR009009,2024-01-01,-1.2915226883845263
MMR009010,2024-01-01,-0.8647006754084283
MMR009011,2024-01-01,0.575484882139512
MMR009012,2024-01-01,-1.6091694088368411
MMR009013,2024-01-01,-1.4661861556258484
MMR009014,2024-01-01,-1.05328764804529
MMR009015,2024-01-01,-1.4900518886672232
MMR009016,2024-01-01,-0.7623097290487296
MMR009017,2024-01-01,-1.897245808617769
MMR009018,2024-01-01,4.658826957670232
MMR009019,2024-01-01,6.631288807714733
MMR009020,2024-01-01,5.617293481453325
MMR009021,2024-01-01,4.174362643624215
MMR009022,2024-01-01,1.4084744354601513
MMR009023,2024-01-01,0.5796172334843582
MMR009024,2024-01-01,0.733475154498982
MMR009025,2024-01-01,-0.08200240120865487
MMR010001,2024-01-01,-0.7656735267115725
MMR010002,2024-01-01,-0.902973953172332
MMR010003,2024-01-01,-0.9368265119346064
MMR010004,2024-01-01,-1.196983102906629
MMR010005,2024-01-01,-1.0962800865144466
MMR010006,2024-01-01,-0.2896299643712339
MMR010007,2024-01-01,0.6515600648196074
MMR010008,2024-01-01,0.733475154498982
MMR010009,2024-01-01,2.232934724219593
MMR010010,2024-01-01,2.970466962226265
MMR010011,2024-01-01,3.0522412163030728
MMR010012,2024-01-01,3.328931010381415
MMR010013,2024-01-01,-1.12014021702155
MMR010014,2024-01-01,-1.1326993281583686
MMR010015,2024-01-01,-0.02093580657526622
MMR010016,2024-01-01,1.3021813532085387
MMR010017,2024-01-01,4.704059160152919
MMR010018,2024-01-01,3.8629212988803463
MMR010019,2024-01-01,1.682831885673267
MMR010020,2024-01-01,-1.2931631863236992
MMR010021,2024-01-01,3.7448758121332704
MMR010022,2024-01-01,0.8409101930408813
MMR010023,2024-01-01,-2.0544642512531555
MMR010024,2024-01-01,-1.5872179893646627
MMR010028,2024-01-01,-1.6759861372157676
MMR010029,2024-01-01,0.2570050738205095
MMR010030,2024-01-01,-1.9852550635322959
MMR010031,2024-01-01,-0.49593455640509254
MMR011001,2024-01-01,-0.8934670801059361
MMR011002,2024-01-01,1.0577073521842335
MMR011003,2024-01-01,-0.7585745978348974
MMR011004,2024-01-01,-0.1297494198038738
MMR011005,2024-01-01,-0.6766699209625837
MMR011006,2024-01-01,0.30518938021588393
MMR011007,2024-01-01,0.691801646900113
MMR011008,2024-01-01,-0.371382086481517
MMR011009,2024-01-01,1.1267404469198707
MMR011010,2024-01-01,0.8922985147251394
MMR012001,2024-01-01,1.3012487573064302
MMR012002,2024-01-01,4.309664739334515
MMR012003,2024-01-01,10.163188036205025
MMR012004,2024-01-01,8.385451331229536
MMR012005,2024-01-01,6.3198474629708645
MMR012006,2024-01-01,2.961548330530362
MMR012007,2024-01-01,7.245071957509898
MMR012008,2024-01-01,3.0114752470054875
MMR012009,2024-01-01,2.6833974456615612
MMR012010,2024-01-01,6.609939482866809
MMR012011,2024-01-01,0.7363412515799533
MMR012012,2024-01-01,-0.7585745978348974
MMR012013,2024-01-01,0.7363412515799533
MMR012014,2024-01-01,0.9590527504104814
MMR012015,2024-01-01,-1.68858108894992
MMR012016,2024-01-01,-1.05328764804529
MMR012017,2024-01-01,-2.158278032834445
MMR013001,2024-01-01,-1.2121110082714475
MMR013002,2024-01-01,-1.4547264658137657
MMR013003,2024-01-01,-1.68858108894992
MMR013004,2024-01-01,-2.0336869569722236
MMR013005,2024-01-01,-2.1042366915818174
MMR013006,2024-01-01,-1.8603691967174354
MMR013007,2024-01-01,-1.5297577287237625
MMR013009,2024-01-01,-1.5699999372071378
MMR013010,2024-01-01,-1.4106402085541443
MMR013011,2024-01-01,-1.3270613983926405
MMR013012,2024-01-01,-1.370934368497605
MMR013013,2024-01-01,-1.1536236710779586
MMR013014,2024-01-01,-1.28370196656397
MMR013015,2024-01-01,-1.4900518886672232
MMR013016,2024-01-01,-1.155084765527894
MMR013017,2024-01-01,-1.5872179893646627
MMR013018,2024-01-01,-1.4916030777140994
MMR013019,2024-01-01,-1.3809732420130987
MMR013020,2024-01-01,-1.196983102906629
MMR013021,2024-01-01,-1.3270613983926405
MMR013022,2024-01-01,-2.038776839750935
MMR013023,2024-01-01,-1.7679927690629988
MMR013024,2024-01-01,-1.3219752964491747
MMR013025,2024-01-01,-1.4828923531986757
MMR013026,2024-01-01,-1.5004991257073221
MMR013027,2024-01-01,-2.0625297831170295
MMR013028,2024-01-01,-1.6091694088368411
MMR013029,2024-01-01,-1.0760722086678294
MMR013030,2024-01-01,-1.3862392865276185
MMR013031,2024-01-01,-1.289586219856561
MMR013032,2024-01-01,-0.7585745978348974
MMR013033,2024-01-01,-1.5872179893646627
MMR013034,2024-01-01,-1.8871102892326168
MMR013035,2024-01-01,-1.8603691967174354
MMR013036,2024-01-01,-1.5312188865342042
MMR013037,2024-01-01,-1.5004991257073221
MMR013038,2024-01-01,-1.5653563015147667
MMR013039,2024-01-01,-1.6488752488933807
MMR013040,2024-01-01,-1.0962800865144466
MMR013041,2024-01-01,-1.7497393610164345
MMR013042,2024-01-01,-1.8811810408053913
MMR013043,2024-01-01,-2.2024264693281403
MMR013044,2024-01-01,-1.8468366880905764
MMR013046,2024-01-01,-1.3809732420130987
MMR013047,2024-01-01,-1.3312285284410657
MMR014001,2024-01-01,-0.6562292474798961
MMR014002,2024-01-01,0.42598074110324746
MMR014003,2024-01-01,-0.9384538992090955
MMR014004,2024-01-01,-0.12716843740175654
MMR014005,2024-01-01,-2.123673438974015
MMR014006,2024-01-01,-1.6305774211933333
MMR014007,2024-01-01,-1.6391095253154337
MMR014008,2024-01-01,-0.2125516065112741
MMR014009,2024-01-01,-1.4315815617654184
MMR014010,2024-01-01,-0.15121158892951453
MMR014011,2024-01-01,-0.6959350875364356
MMR014012,2024-01-01,-1.6488752488933807
MMR014013,2024-01-01,-2.0078756443187697
MMR014014,2024-01-01,-1.8871102892326168
MMR014015,2024-01-01,-1.2931631863236992
MMR014016,2024-01-01,-0.6562292474798963
MMR014017,2024-01-01,-2.0078756443187697
MMR014018,2024-01-01,-1.6488752488933807
MMR014019,2024-01-01,-2.192882626694875
MMR014020,2024-01-01,-0.42804833981295326
MMR014021,2024-01-01,-1.5312188865342042
MMR015001,2024-01-01,2.3143033070027395
MMR015002,2024-01-01,5.046775080421913
MMR015003,2024-01-01,0.8128868346120605
MMR015004,2024-01-01,-0.6356759029755322
MMR015005,2024-01-01,-1.8474044491760775
MMR015006,2024-01-01,-1.5312188865342042
MMR015007,2024-01-01,-1.3219752964491747
MMR015008,2024-01-01,-1.7679927690629988
MMR015009,2024-01-01,6.9259244471833075
MMR015010,2024-01-01,6.607714626254048
MMR015011,2024-01-01,6.423661244552155
MMR015012,2024-01-01,3.8923822597346054
MMR015013,2024-01-01,1.7906244923556807
MMR015014,2024-01-01,3.165281380804209
MMR015015,2024-01-01,4.873337353107232
MMR015016,2024-01-01,5.339352601057549
MMR015017,2024-01-01,3.486739528830935
MMR015018,2024-01-01,2.05246389967921
MMR015019,2024-01-01,7.500623183820556
MMR015020,2024-01-01,5.498175961283707
MMR015021,2024-01-01,1.607003635742848
MMR015022,2024-01-01,4.006148716533823
MMR015023,2024-01-01,7.16755711386095
MMR015024,2024-01-01,-2.0078756443187697
MMR016001,2024-01-01,-2.044752256219103
MMR016002,2024-01-01,-1.8871102892326168
MMR016003,2024-01-01,-1.7172962848506743
MMR016005,2024-01-01,-1.7172962848506743
MMR016006,2024-01-01,-1.8871102892326168
MMR016007,2024-01-01,-2.333346172989905
MMR016008,2024-01-01,-1.8871102892326168
MMR016009,2024-01-01,-1.5312188865342042
MMR016010,2024-01-01,-1.7172962848506743
MMR016011,2024-01-01,-1.7172962848506743
MMR017001,2024-01-01,-1.6305774211933333
MMR017002,2024-01-01,-1.8474044491760775
MMR017003,2024-01-01,-1.8474044491760775
MMR017004,2024-01-01,-0.940225296326443
MMR017005,2024-01-01,-1.8603691967174354
MMR017006,2024-01-01,-1.8076986091195382
MMR017007,2024-01-01,-1.970999032418436
MMR017008,2024-01-01,-1.8603691967174354
MMR017009,2024-01-01,-1.6488752488933807
MMR017010,2024-01-01,-1.68858108894992
MMR017011,2024-01-01,-1.8474044491760775
MMR017012,2024-01-01,-1.8076986091195382
MMR017013,2024-01-01,-1.897245808617769
MMR017014,2024-01-01,-1.7172962848506743
MMR017015,2024-01-01,-1.8871102892326168
MMR017016,2024-01-01,-1.5312188865342042
MMR017017,2024-01-01,-2.0544642512531555
MMR017018,2024-01-01,-1.6739368530220038
MMR017019,2024-01-01,-1.786615972916768
MMR017020,2024-01-01,-2.019859657392726
MMR017021,2024-01-01,-1.8234925848171017
MMR017022,2024-01-01,-1.8603691967174354
MMR017023,2024-01-01,-1.4828923531986757
MMR017024,2024-01-01,-1.4828923531986757
MMR017025,2024-01-01,-2.0544642512531555
MMR017026,2024-01-01,-1.2663451194754145
MMR018001,2024-01-01,-1.7172962848506743
MMR018002,2024-01-01,-1.7172962848506743
MMR018003,2024-01-01,-2.158278032834445
MMR018004,2024-01-01,-1.7172962848506743
MMR018005,2024-01-01,-1.8871102892326168
MMR018006,2024-01-01,-1.3187184696112295
MMR018007,2024-01-01,-0.6968498772178473
MMR018008,2024-01-01,-2.044752256219103
MMR001001,2024-02-01,-0.764812426231899
MMR001002,2024-02-01,-0.691972997791324
MMR001003,2024-02-01,-1.0321624904309907
MMR001004,2024-02-01,0.16142826007564562
MMR001005,2024-02-01,-0.8661651600383911
MMR001006,2024-02-01,-1.1627970641611278
MMR001007,2024-02-01,1.1009251621505727
MMR001008,2024-02-01,1.8630042248227954
MMR001009,2024-02-01,1.4915507267409052
MMR001010,2024-02-01,0.8091418975130399
MMR001011,2024-02-01,0.12673306828517478
MMR001012,2024-02-01,1.011345150618089
MMR001013,2024-02-01,0.32170701949313635
MMR001014,2024-02-01,-1.5968607641338246
MMR001015,2024-02-01,-1.394324767775198
MMR001016,2024-02-01,-1.5436320719960306
MMR001017,2024-02-01,-1.3407762066347697
MMR001018,2024-02-01,-1.6767759803884688
MMR002001,2024-02-01,2.030597587267333
MMR002002,2024-02-01,-0.21291476855117658
MMR002003,2024-02-01,0.12673306828517478
MMR002004,2024-02-01,-0.5855156135157358
MMR002005,2024-02-01,-0.6247299284187579
MMR002006,2024-02-01,-0.6044192487446808
MMR002007,2024-02-01,-0.9254915408629384
MMR003001,2024-02-01,0.6712017129461059
MMR003002,2024-02-01,0.7452016899291184
MMR003003,2024-02-01,1.1009251621505727
MMR003004,2024-02-01,2.143540541759893
MMR003005,2024-02-01,1.0916054071716708
MMR003006,2024-02-01,0.4679374828991072
MMR003007,2024-02-01,1.4124328816424077
MMR004001,2024-02-01,0.8516590742047068
MMR004002,2024-02-01,1.101602824324982
MMR004003,2024-02-01,-0.9848179216874857
MMR004004,2024-02-01,1.2695845496453129
MMR004005,2024-02-01,1.7441955962416915
MMR004006,2024-02-01,1.5890377023448863
MMR004007,2024-02-01,1.5482437356464855
MMR004008,2024-02-01,4.611133946068288
MMR004009,2024-02-01,8.57269023243824
MMR005001,2024-02-01,1.7839809196892484
MMR005002,2024-02-01,4.1739202463919876
MMR005003,2024-02-01,4.367416507058337
MMR005004,2024-02-01,3.879981629038433
MMR005005,2024-02-01,4.172442555850375
MMR005006,2024-02-01,3.766487684379755
MMR005007,2024-02-01,4.282097004111866
MMR005008,2024-02-01,1.864340420576152
MMR005009,2024-02-01,4.409540367329481
MMR005010,2024-02-01,2.680000852347133
MMR005011,2024-02-01,2.927578067578679
MMR005012,2024-02-01,4.581352808404222
MMR005013,2024-02-01,3.9774686046424144
MMR005014,2024-02-01,4.671893377740273
MMR005015,2024-02-01,5.488516726504115
MMR005016,2024-02-01,4.513646970464308
MMR005017,2024-02-01,1.9456353451222566
MMR005018,2024-02-01,7.569191596493932
MMR005019,2024-02-01,3.132703699027392
MMR005020,2024-02-01,0.3704505072951266
MMR005021,2024-02-01,0.07798958048318431
MMR005022,2024-02-01,1.520824134396873
MMR005023,2024-02-01,0.054324341601630896
MMR005024,2024-02-01,1.9789856047608088
MMR005025,2024-02-01,0.711654921909059
MMR005026,2024-02-01,0.3704505072951266
MMR005027,2024-02-01,0.26768434918116474
MMR005028,2024-02-01,0.7984303820669123
MMR005029,2024-02-01,2.5828521612103317
MMR005030,2024-02-01,1.2965767755329434
MMR005031,2024-02-01,1.0041158487210011
MMR005032,2024-02-01,-0.5794596437507318
MMR005033,2024-02-01,0.3712163342778122
MMR005034,2024-02-01,1.2659374079616428
MMR005035,2024-02-01,-0.6282904834581734
MMR005036,2024-02-01,-1.1746300342913676
MMR005037,2024-02-01,-1.2814498258102225
MMR006001,2024-02-01,3.4412902388205193
MMR006002,2024-02-01,2.21880664283807
MMR006003,2024-02-01,2.574764927785354
MMR006004,2024-02-01,2.7527440702589963
MMR006005,2024-02-01,1.684869215417144
MMR006006,2024-02-01,0.8542998838734814
MMR006007,2024-02-01,3.4066362968188257
MMR006008,2024-02-01,2.17395955596877
MMR006009,2024-02-01,-0.9005456740921728
MMR006010,2024-02-01,0.6169943605752921
MMR007001,2024-02-01,-0.3059249704927596
MMR007002,2024-02-01,-0.6881860175647491
MMR007003,2024-02-01,-1.3307173034448538
MMR007004,2024-02-01,1.0050003196301749
MMR007005,2024-02-01,2.395291146200737
MMR007006,2024-02-01,2.7653867740110574
MMR007007,2024-02-01,2.1823763776495606
MMR007008,2024-02-01,4.324578125184405
MMR007009,2024-02-01,2.1252160681667798
MMR007010,2024-02-01,1.5402942145428955
MMR007011,2024-02-01,3.9022985383838322
MMR007012,2024-02-01,3.540136261039625
MMR007013,2024-02-01,0.9581164584802947
MMR007014,2024-02-01,2.7588814095926546
MMR008001,2024-02-01,-0.9943671511606037
MMR008002,2024-02-01,1.070737396724659
MMR008003,2024-02-01,-1.6227788249709654
MMR008004,2024-02-01,0.023730552329818848
MMR008005,2024-02-01,-0.45818878533870966
MMR008006,2024-02-01,-1.6659464757833535
MMR008007,2024-02-01,-1.2242599191692654
MMR008008,2024-02-01,-0.038240621311594815
MMR008009,2024-02-01,-0.5102068750911071
MMR008010,2024-02-01,0.7603984097110497
MMR008011,2024-02-01,-0.9697527027289199
MMR008012,2024-02-01,0.6500905622971139
MMR008013,2024-02-01,-1.567865473775393
MMR008014,2024-02-01,0.4679374828991072
MMR009001,2024-02-01,-1.5911181175606817
MMR009002,2024-02-01,-1.3037841984391463
MMR009003,2024-02-01,1.0050003196301749
MMR009004,2024-02-01,-1.6659464757833535
MMR009005,2024-02-01,-1.0918541267645845
MMR009006,2024-02-01,-1.5378165828258885
MMR009007,2024-02-01,-1.4904033798582366
MMR009008,2024-02-01,-1.6659464757833535
MMR009009,2024-02-01,-1.579289004784488
MMR009010,2024-02-01,-1.1227030597670427
MMR009011,2024-02-01,1.3508996501067196
MMR009012,2024-02-01,-1.3843150535765267
MMR009013,2024-02-01,-1.6227788249709654
MMR009014,2024-02-01,-1.1405976145665748
MMR009015,2024-02-01,-1.1893411023685652
MMR009016,2024-02-01,-0.02410785026607117
MMR009017,2024-02-01,-1.6659464757833535
MMR009018,2024-02-01,5.046757183417556
MMR009019,2024-02-01,7.468181084552243
MMR009020,2024-02-01,6.804590897157856
MMR009021,2024-02-01,4.154653640894251
MMR009022,2024-02-01,1.7352681657508569
MMR009023,2024-02-01,1.4625429161416366
MMR009024,2024-02-01,0.07798958048318431
MMR009025,2024-02-01,-0.4333074349398913
MMR010001,2024-02-01,-0.8331678150206213
MMR010002,2024-02-01,-1.1034706833365804
MMR010003,2024-02-01,-1.2774886113070598
MMR010004,2024-02-01,-1.4904033798582366
MMR010005,2024-02-01,-1.2814498258102225
MMR010006,2024-02-01,-0.9430808878103516
MMR010007,2024-02-01,-0.08779005631781156
MMR010008,2024-02-01,1.0041158487210011
MMR010009,2024-02-01,2.5894602830110816
MMR010010,2024-02-01,4.03810939238791
MMR010011,2024-02-01,3.0872641439920607
MMR010012,2024-02-01,4.556383700287406
MMR010013,2024-02-01,-0.7306752824476598
MMR010014,2024-02-01,-0.9943671511606037
MMR010015,2024-02-01,0.22422004388915542
MMR010016,2024-02-01,0.8836073183087977
MMR010017,2024-02-01,5.342286263098145
MMR010018,2024-02-01,5.429087273070402
MMR010019,2024-02-01,2.4129276769201784
MMR010020,2024-02-01,-1.1554864931730433
MMR010021,2024-02-01,3.9022985383838322
MMR010022,2024-02-01,1.4904033798582361
MMR010023,2024-02-01,-1.6227788249709654
MMR010024,2024-02-01,-1.1178025348936773
MMR010028,2024-02-01,-1.394324767775198
MMR010029,2024-02-01,0.32170701949313635
MMR010030,2024-02-01,-2.0051089146238104
MMR010031,2024-02-01,-0.3983785050786282
MMR011001,2024-02-01,-1.383945995582648
MMR011002,2024-02-01,0.31937215282676495
MMR011003,2024-02-01,-0.7524000900793337
MMR011004,2024-02-01,0.4390152181016502
MMR011005,2024-02-01,-1.2242599191692654
MMR011006,2024-02-01,0.9729526455225761
MMR011007,2024-02-01,0.3203624564525555
MMR011008,2024-02-01,-0.4508804942665598
MMR011009,2024-02-01,1.32891093046986
MMR011010,2024-02-01,1.052859336522992
MMR012001,2024-02-01,1.350818511138259
MMR012002,2024-02-01,6.28098567225971
MMR012003,2024-02-01,9.847308045491921
MMR012004,2024-02-01,7.7181603599801525
MMR012005,2024-02-01,5.514049515215479
MMR012006,2024-02-01,4.288765474040574
MMR012007,2024-02-01,6.815585896644097
MMR012008,2024-02-01,5.541083969012721
MMR012009,2024-02-01,5.722906794977709
MMR012010,2024-02-01,8.70558692143548
MMR012011,2024-02-01,1.488775276020454
MMR012012,2024-02-01,-0.7524000900793337
MMR012013,2024-02-01,1.488775276020454
MMR012014,2024-02-01,2.5621216278768615
MMR012015,2024-02-01,-1.579289004784488
MMR012016,2024-02-01,-1.0918541267645845
MMR012017,2024-02-01,-2.090071156768887
MMR013001,2024-02-01,-0.7506497121506519
MMR013002,2024-02-01,-1.2132436291030944
MMR013003,2024-02-01,-1.6767759803884688
MMR013004,2024-02-01,-2.0660069424550698
MMR013005,2024-02-01,-1.9527358715517458
MMR013006,2024-02-01,-1.892297899123483
MMR013007,2024-02-01,-1.1893411023685652
MMR013009,2024-02-01,-2.0051089146238104
MMR013010,2024-02-01,-1.7742629559924497
MMR013011,2024-02-01,-1.5968607641338246
MMR013012,2024-02-01,-1.433058541378517
MMR013013,2024-02-01,-1.4371746877204423
MMR013014,2024-02-01,-1.703318148409413
MMR013015,2024-02-01,-1.8717499315964303
MMR013016,2024-02-01,-1.311214921999666
MMR013017,2024-02-01,-1.703318148409413
MMR013018,2024-02-01,-1.801757329787431
MMR013019,2024-02-01,-1.5754059064473016
MMR013020,2024-02-01,-1.2774886113070598
MMR013021,2024-02-01,-1.4371746877204423
MMR013022,2024-02-01,-2.2741738750993585
MMR013023,2024-02-01,-1.82300644379444
MMR013024,2024-02-01,-1.311214921999666
MMR013025,2024-02-01,-1.5187553491084118
MMR013026,2024-02-01,-1.5436320719960306
MMR013027,2024-02-01,-1.9502716868913426
MMR013028,2024-02-01,-1.7255194681904593
MMR013029,2024-02-01,-1.067313391516649
MMR013030,2024-02-01,-1.5187553491084118
MMR013031,2024-02-01,-1.4594289682838644
MMR013032,2024-02-01,-0.7524000900793337
MMR013033,2024-02-01,-1.703318148409413
MMR013034,2024-02-01,-1.82300644379444
MMR013035,2024-02-01,-1.9828384684595346
MMR013036,2024-02-01,-1.4594289682838644
MMR013037,2024-02-01,-1.4904033798582366
MMR013038,2024-02-01,-1.5754059064473016
MMR013039,2024-02-01,-1.6767759803884688
MMR013040,2024-02-01,-0.9254915408629384
MMR013041,2024-02-01,-1.7112167604513793
MMR013042,2024-02-01,-1.6606952320119313
MMR013043,2024-02-01,-2.1938143742124554
MMR013044,2024-02-01,-1.9626277935512721
MMR013046,2024-02-01,-1.0774327750990167
MMR013047,2024-02-01,-0.9943671511606037
MMR014001,2024-02-01,2.222703043770761
MMR014002,2024-02-01,1.5482437356464855
MMR014003,2024-02-01,2.091487151662796
MMR014004,2024-02-01,2.227298005666874
MMR014005,2024-02-01,-2.0051089146238104
MMR014006,2024-02-01,-1.6500894562716188
MMR014007,2024-02-01,-1.7564870451194052
MMR014008,2024-02-01,0.16826427460913834
MMR014009,2024-02-01,-1.5378165828258885
MMR014010,2024-02-01,-0.390826313867353
MMR014011,2024-02-01,2.368933507176732
MMR014012,2024-02-01,-0.2632148341307481
MMR014013,2024-02-01,-1.7112167604513793
MMR014014,2024-02-01,-1.7255194681904593
MMR014015,2024-02-01,-1.1979676142455817
MMR014016,2024-02-01,0.2729635316911459
MMR014017,2024-02-01,-1.8470276144554572
MMR014018,2024-02-01,-1.1893411023685652
MMR014019,2024-02-01,-2.090071156768887
MMR014020,2024-02-01,1.2234562868891046
MMR014021,2024-02-01,-1.4001025874593171
MMR015001,2024-02-01,0.3776896541684446
MMR015002,2024-02-01,2.2888337619251486
MMR015003,2024-02-01,0.5654244585030879
MMR015004,2024-02-01,-0.6881941613751215
MMR015005,2024-02-01,-1.82300644379444
MMR015006,2024-02-01,-1.5187553491084118
MMR015007,2024-02-01,-1.311214921999666
MMR015008,2024-02-01,-1.7255194681904593
MMR015009,2024-02-01,1.8628483578907862
MMR015010,2024-02-01,2.980806759716473
MMR015011,2024-02-01,0.9685695604538744
MMR015012,2024-02-01,2.951622560355289
MMR015013,2024-02-01,1.8241606701327007
MMR015014,2024-02-01,0.7393074081595086
MMR015015,2024-02-01,1.4904033798582361
MMR015016,2024-02-01,2.2714465315727512
MMR015017,2024-02-01,1.9104060129906926
MMR015018,2024-02-01,2.0250594223499583
MMR015019,2024-02-01,4.16822772296385
MMR015020,2024-02-01,2.222703043770761
MMR015021,2024-02-01,0.07798958048318431
MMR015022,2024-02-01,0.6387443056535299
MMR015023,2024-02-01,2.1001538811889753
MMR015024,2024-02-01,-1.892297899123483
MMR016001,2024-02-01,-1.9828384684595346
MMR016002,2024-02-01,-1.82300644379444
MMR016003,2024-02-01,-1.703318148409413
MMR016005,2024-02-01,-1.6500894562716188
MMR016006,2024-02-01,-1.7742629559924497
MMR016007,2024-02-01,-2.1938143742124554
MMR016008,2024-02-01,-1.7742629559924497
MMR016009,2024-02-01,-1.4594289682838644
MMR016010,2024-02-01,-1.5968607641338246
MMR016011,2024-02-01,-1.5968607641338246
MMR017001,2024-02-01,-1.5968607641338246
MMR017002,2024-02-01,-1.7742629559924497
MMR017003,2024-02-01,-1.7742629559924497
MMR017004,2024-02-01,-1.067313391516649
MMR017005,2024-02-01,-1.892297899123483
MMR017006,2024-02-01,-1.7742629559924497
MMR017007,2024-02-01,-1.8470276144554572
MMR017008,2024-02-01,-1.7564870451194052
MMR017009,2024-02-01,-1.530545516982498
MMR017010,2024-02-01,-1.6767759803884688
MMR017011,2024-02-01,-1.7742629559924497
MMR017012,2024-02-01,-1.7742629559924497
MMR017013,2024-02-01,-1.9375681837915089
MMR017014,2024-02-01,-1.5968607641338246
MMR017015,2024-02-01,-1.7742629559924497
MMR017016,2024-02-01,-1.5187553491084118
MMR017017,2024-02-01,-2.047590035696349
MMR017018,2024-02-01,-1.703318148409413
MMR017019,2024-02-01,-1.892297899123483
MMR017020,2024-02-01,-1.9626277935512721
MMR017021,2024-02-01,-1.892297899123483
MMR017022,2024-02-01,-1.801757329787431
MMR017023,2024-02-01,-1.4594289682838644
MMR017024,2024-02-01,-1.5187553491084118
MMR017025,2024-02-01,-2.0051089146238104
MMR017026,2024-02-01,-1.2429224781455168
MMR018001,2024-02-01,-1.6500894562716188
MMR018002,2024-02-01,-1.6500894562716188
MMR018003,2024-02-01,-1.9201466724787337
MMR018004,2024-02-01,-1.6500894562716188
MMR018005,2024-02-01,-1.82300644379444
MMR018006,2024-02-01,-1.1893206131261662
MMR018007,2024-02-01,-0.06428760070952258
MMR018008,2024-02-01,-1.8470276144554572
MMR001001,2024-03-01,1.8915007879403474
MMR001002,2024-03-01,2.5563449404619893
MMR001003,2024-03-01,0.07576361582304186
MMR001004,2024-03-01,0.6878401554595348
MMR001005,2024-03-01,0.07827279575856828
MMR001006,2024-03-01,-1.4293160719648277
MMR001007,2024-03-01,1.0977715540423216
MMR001008,2024-03-01,1.7447634895617103
MMR001009,2024-03-01,1.1080365375089112
MMR001010,2024-03-01,2.7595815121156906
MMR001011,2024-03-01,0.24097542584035248
MMR001012,2024-03-01,4.404947134179291
MMR001013,2024-03-01,1.97509764917747
MMR001014,2024-03-01,-1.2310351637393115
MMR001015,2024-03-01,-1.036288229923141
MMR001016,2024-03-01,-1.27612302212266
MMR001017,2024-03-01,-1.4795690342222743
MMR001018,2024-03-01,-1.5344354218619343
MMR002001,2024-03-01,1.0116964112798927
MMR002002,2024-03-01,-1.0055958718225673
MMR002003,2024-03-01,-0.8738174320192229
MMR002004,2024-03-01,-1.0957715885892647
MMR002005,2024-03-01,-0.9595949991820251
MMR002006,2024-03-01,-0.2544880665416809
MMR002007,2024-03-01,0.07827279575856828
MMR003001,2024-03-01,0.29201584279020837
MMR003002,2024-03-01,2.15055421501185
MMR003003,2024-03-01,1.3700486023955476
MMR003004,2024-03-01,2.0925029751764614
MMR003005,2024-03-01,2.490414984116002
MMR003006,2024-03-01,1.7686545273516225
MMR003007,2024-03-01,2.4149071534270825
MMR004001,2024-03-01,1.9702027814784546
MMR004002,2024-03-01,1.892520400447131
MMR004003,2024-03-01,-0.7257746003605762
MMR004004,2024-03-01,1.9878853615415366
MMR004005,2024-03-01,2.188897210571323
MMR004006,2024-03-01,-0.2544880665416809
MMR004007,2024-03-01,-0.3460491532530965
MMR004008,2024-03-01,1.355768283699928
MMR004009,2024-03-01,2.5590096335327144
MMR005001,2024-03-01,1.3700486023955472
MMR005002,2024-03-01,3.9104251528788456
MMR005003,2024-03-01,3.1311791314022157
MMR005004,2024-03-01,2.0989635222729786
MMR005005,2024-03-01,2.5118497659246737
MMR005006,2024-03-01,3.2585326915793593
MMR005007,2024-03-01,2.77491380407962
MMR005008,2024-03-01,1.4381178644838537
MMR005009,2024-03-01,3.638530486267241
MMR005010,2024-03-01,3.4886123838027068
MMR005011,2024-03-01,2.15055421501185
MMR005012,2024-03-01,4.02546499899052
MMR005013,2024-03-01,3.9569516187056046
MMR005014,2024-03-01,4.102158229731636
MMR005015,2024-03-01,3.915662994340435
MMR005016,2024-03-01,4.080817491801113
MMR005017,2024-03-01,2.055233235589935
MMR005018,2024-03-01,4.869090537142797
MMR005019,2024-03-01,2.606640230279872
MMR005020,2024-03-01,-0.791240183288884
MMR005021,2024-03-01,-0.9151060563843925
MMR005022,2024-03-01,0.9757123828554085
MMR005023,2024-03-01,-0.729515306958677
MMR005024,2024-03-01,1.2319024106044196
MMR005025,2024-03-01,0.19968680147518314
MMR005026,2024-03-01,0.32355267457069153
MMR005027,2024-03-01,0.6282099140019837
MMR005028,2024-03-01,1.6545877727950127
MMR005029,2024-03-01,3.7464825715406938
MMR005030,2024-03-01,1.7686545273516225
MMR005031,2024-03-01,1.4383455324302672
MMR005032,2024-03-01,-0.9595949991820251
MMR005033,2024-03-01,0.2674966926758318
MMR005034,2024-03-01,0.5439040417615979
MMR005035,2024-03-01,-0.7278298636350963
MMR005036,2024-03-01,-1.3641551056860115
MMR005037,2024-03-01,-1.5298219964797206
MMR006001,2024-03-01,3.3789108775932326
MMR006002,2024-03-01,2.239150172828769
MMR006003,2024-03-01,3.0934505312053604
MMR006004,2024-03-01,2.590920908630895
MMR006005,2024-03-01,1.5356087012245176
MMR006006,2024-03-01,0.17877872027346134
MMR006007,2024-03-01,2.8719599491454306
MMR006008,2024-03-01,2.1402521466381486
MMR006009,2024-03-01,-0.8278817830352977
MMR006010,2024-03-01,0.17877872027346134
MMR007001,2024-03-01,-1.5420590232767435
MMR007002,2024-03-01,-1.3288101474499345
MMR007003,2024-03-01,-1.591738030806102
MMR007004,2024-03-01,-0.1926626917708644
MMR007005,2024-03-01,0.347039879677897
MMR007006,2024-03-01,1.3798538868883283
MMR007007,2024-03-01,-0.05875084577224222
MMR007008,2024-03-01,2.990817974626525
MMR007009,2024-03-01,1.2319024106044196
MMR007010,2024-03-01,0.48870717203136926
MMR007011,2024-03-01,2.7983733071326626
MMR007012,2024-03-01,2.223174076574292
MMR007013,2024-03-01,0.16668844614450204
MMR007014,2024-03-01,1.8099431517167923
MMR008001,2024-03-01,-1.245415051305748
MMR008002,2024-03-01,0.17472088233180183
MMR008003,2024-03-01,-1.6511216921319396
MMR008004,2024-03-01,-0.12273905327121784
MMR008005,2024-03-01,-0.6260856858282061
MMR008006,2024-03-01,-1.6881806912226278
MMR008007,2024-03-01,-1.321210880506009
MMR008008,2024-03-01,-0.9266096231529254
MMR008009,2024-03-01,-0.022233128756324782
MMR008010,2024-03-01,0.07582092837967475
MMR008011,2024-03-01,-0.6699821143577405
MMR008012,2024-03-01,-0.7322571810085616
MMR008013,2024-03-01,-1.1533541389880162
MMR008014,2024-03-01,-0.5022198127326977
MMR009001,2024-03-01,-1.6930681915782375
MMR009002,2024-03-01,-1.1896746914053733
MMR009003,2024-03-01,0.6509628463814123
MMR009004,2024-03-01,-1.8032205373343018
MMR009005,2024-03-01,-1.1215491782102396
MMR009006,2024-03-01,-1.5791536352829711
MMR009007,2024-03-01,-1.501562314039404
MMR009008,2024-03-01,-1.6114874604815117
MMR009009,2024-03-01,-0.9563946807495618
MMR009010,2024-03-01,-1.4197543836287214
MMR009011,2024-03-01,0.9037443260064402
MMR009012,2024-03-01,-1.5344354218619343
MMR009013,2024-03-01,-1.1473452941891604
MMR009014,2024-03-01,-0.5847970614630366
MMR009015,2024-03-01,-1.3692809244012565
MMR009016,2024-03-01,-0.5018561050328766
MMR009017,2024-03-01,-1.8032205373343018
MMR009018,2024-03-01,2.7389297756551354
MMR009019,2024-03-01,5.833556220160778
MMR009020,2024-03-01,4.452415111087638
MMR009021,2024-03-01,2.990817974626525
MMR009022,2024-03-01,1.2731910349695894
MMR009023,2024-03-01,2.6633645820733673
MMR009024,2024-03-01,-0.5847970614630366
MMR009025,2024-03-01,-0.7155369530953498
MMR010001,2024-03-01,-1.1327641085765878
MMR010002,2024-03-01,-1.2283042229350416
MMR010003,2024-03-01,-1.501562314039404
MMR010004,2024-03-01,-1.546650172422753
MMR010005,2024-03-01,-1.4795690342222743
MMR010006,2024-03-01,-1.1473452941891604
MMR010007,2024-03-01,-0.6341544060998752
MMR010008,2024-03-01,-0.1306221934461725
MMR010009,2024-03-01,1.1878154615692247
MMR010010,2024-03-01,2.1848274612037333
MMR010011,2024-03-01,-0.7350687215224744
MMR010012,2024-03-01,-0.059405901458885635
MMR010013,2024-03-01,-1.5431696068584868
MMR010014,2024-03-01,-1.5757240462271038
MMR010015,2024-03-01,-0.33706531527201977
MMR010016,2024-03-01,-0.2117605551525707
MMR010017,2024-03-01,2.5944270146550124
MMR010018,2024-03-01,3.2067221451734307
MMR010019,2024-03-01,0.9757123828554085
MMR010020,2024-03-01,-1.39923349316055
MMR010021,2024-03-01,2.8750665378737783
MMR010022,2024-03-01,1.2938849057282222
MMR010023,2024-03-01,-0.9674251520667393
MMR010024,2024-03-01,-1.1408594469726139
MMR010028,2024-03-01,-1.3430611528876055
MMR010029,2024-03-01,-0.41964256400235883
MMR010030,2024-03-01,-1.7950578058298765
MMR010031,2024-03-01,-0.7678619223292348
MMR011001,2024-03-01,-1.0506837302059162
MMR011002,2024-03-01,0.6175670299779902
MMR011003,2024-03-01,-0.6831957553782767
MMR011004,2024-03-01,0.7818142673628197
MMR011005,2024-03-01,-0.19401442092228857
MMR011006,2024-03-01,1.2340909276798384
MMR011007,2024-03-01,-0.37400386455845047
MMR011008,2024-03-01,-0.7257746003605762
MMR011009,2024-03-01,0.22903168253090786
MMR011010,2024-03-01,0.9428820400482335
MMR012001,2024-03-01,2.3505164791348605
MMR012002,2024-03-01,3.63845354166236
MMR012003,2024-03-01,2.4210813653119425
MMR012004,2024-03-01,2.240729931778547
MMR012005,2024-03-01,2.2711374061368406
MMR012006,2024-03-01,3.43720808433453
MMR012007,2024-03-01,2.5694918451741913
MMR012008,2024-03-01,4.148762738611738
MMR012009,2024-03-01,3.72644683072131
MMR012010,2024-03-01,3.7917971212449264
MMR012011,2024-03-01,2.743035093006259
MMR012012,2024-03-01,-0.7827781755526722
MMR012013,2024-03-01,2.743035093006259
MMR012014,2024-03-01,2.21542152484762
MMR012015,2024-03-01,-1.5757240462271038
MMR012016,2024-03-01,-0.4196425640023586
MMR012017,2024-03-01,-2.0829300332257503
MMR013001,2024-03-01,-0.6673743101933757
MMR013002,2024-03-01,-1.1129814606642572
MMR013003,2024-03-01,-1.6170126705922734
MMR013004,2024-03-01,-2.3014468815889653
MMR013005,2024-03-01,-2.2035876572405346
MMR013006,2024-03-01,-1.918260383445976
MMR013007,2024-03-01,-1.2041264269405785
MMR013009,2024-03-01,-1.8310418342543606
MMR013010,2024-03-01,-1.493146797496765
MMR013011,2024-03-01,-1.1859473053559624
MMR013012,2024-03-01,-1.2041264269405785
MMR013013,2024-03-01,-1.546650172422753
MMR013014,2024-03-01,-1.591738030806102
MMR013015,2024-03-01,-1.6583012949574425
MMR013016,2024-03-01,-1.3063073564086556
MMR013017,2024-03-01,-1.6819137475727994
MMR013018,2024-03-01,-1.7265273065931859
MMR013019,2024-03-01,-1.3430611528876055
MMR013020,2024-03-01,-1.1859473053559624
MMR013021,2024-03-01,-1.6368258891894505
MMR013022,2024-03-01,-2.271656919328841
MMR013023,2024-03-01,-1.9060330411484594
MMR013024,2024-03-01,-1.3641551056860115
MMR013025,2024-03-01,-1.5800749587371672
MMR013026,2024-03-01,-1.6368258891894505
MMR013027,2024-03-01,-2.1251163497098347
MMR013028,2024-03-01,-1.947321665513629
MMR013029,2024-03-01,-1.1104060730059784
MMR013030,2024-03-01,-1.5800749587371672
MMR013031,2024-03-01,-1.5298219964797206
MMR013032,2024-03-01,-0.7827781755526722
MMR013033,2024-03-01,-1.6819137475727994
MMR013034,2024-03-01,-1.8234557924181205
MMR013035,2024-03-01,-2.03330022955765
MMR013036,2024-03-01,-1.5298219964797206
MMR013037,2024-03-01,-1.6368258891894505
MMR013038,2024-03-01,-1.6498340758520695
MMR013039,2024-03-01,-1.782167168052951
MMR013040,2024-03-01,-0.8765334871329158
MMR013041,2024-03-01,-1.8032205373343018
MMR013042,2024-03-01,-1.3777882373570578
MMR013043,2024-03-01,-2.271656919328841
MMR013044,2024-03-01,-1.9389939195278132
MMR013046,2024-03-01,-1.0746348452936991
MMR013047,2024-03-01,-0.9563946807495618
MMR014001,2024-03-01,2.3466952684639955
MMR014002,2024-03-01,1.8013613074981536
MMR014003,2024-03-01,2.0314409997215015
MMR014004,2024-03-01,2.26152069194485
MMR014005,2024-03-01,-1.1113612657646763
MMR014006,2024-03-01,-1.4113865972727064
MMR014007,2024-03-01,-1.5347942297403954
MMR014008,2024-03-01,-0.8510476068832199
MMR014009,2024-03-01,-1.1473452941891604
MMR014010,2024-03-01,-0.5356168109729287
MMR014011,2024-03-01,2.2228293953684872
MMR014012,2024-03-01,-0.17191081781134204
MMR014013,2024-03-01,-1.8032205373343018
MMR014014,2024-03-01,-1.782167168052951
MMR014015,2024-03-01,-1.8670258626788447
MMR014016,2024-03-01,-0.29577669090685044
MMR014017,2024-03-01,-1.9949536141870918
MMR014018,2024-03-01,-1.5344354218619343
MMR014019,2024-03-01,-2.1189140616502344
MMR014020,2024-03-01,0.6878401554595348
MMR014021,2024-03-01,-1.4795690342222743
MMR015001,2024-03-01,-1.8292067157548502
MMR015002,2024-03-01,-0.9154201550558696
MMR015003,2024-03-01,-1.4518581731315954
MMR015004,2024-03-01,-1.903009891103329
MMR015005,2024-03-01,-1.947321665513629
MMR015006,2024-03-01,-1.5800749587371672
MMR015007,2024-03-01,-1.3641551056860115
MMR015008,2024-03-01,-1.9060330411484594
MMR015009,2024-03-01,-0.7257746003605762
MMR015010,2024-03-01,0.25686416291119935
MMR015011,2024-03-01,-1.3632494647360658
MMR015012,2024-03-01,-1.4197543836287214
MMR015013,2024-03-01,-0.059405901458885364
MMR015014,2024-03-01,-1.6590335605340845
MMR015015,2024-03-01,-1.2310351637393113
MMR015016,2024-03-01,-1.493146797496765
MMR015017,2024-03-01,-1.2663679221464894
MMR015018,2024-03-01,0.17883651585018676
MMR015019,2024-03-01,-0.7322571810085616
MMR015020,2024-03-01,-1.0389719294799007
MMR015021,2024-03-01,-1.5344354218619343
MMR015022,2024-03-01,-1.366298738889358
MMR015023,2024-03-01,-0.6755216381031297
MMR015024,2024-03-01,-2.03330022955765
MMR016001,2024-03-01,-2.0716468449282077
MMR016002,2024-03-01,-1.9060330411484594
MMR016003,2024-03-01,-1.772089464339497
MMR016005,2024-03-01,-1.7270016059561482
MMR016006,2024-03-01,-1.8234557924181205
MMR016007,2024-03-01,-2.3056915503729942
MMR016008,2024-03-01,-1.86474441678329
MMR016009,2024-03-01,-1.4795690342222743
MMR016010,2024-03-01,-1.6368258891894505
MMR016011,2024-03-01,-1.6368258891894505
MMR017001,2024-03-01,-1.6819137475727994
MMR017002,2024-03-01,-1.86474441678329
MMR017003,2024-03-01,-1.86474441678329
MMR017004,2024-03-01,-1.1104060730059784
MMR017005,2024-03-01,-2.109993460298766
MMR017006,2024-03-01,-1.947321665513629
MMR017007,2024-03-01,-2.03330022955765
MMR017008,2024-03-01,-1.8032205373343018
MMR017009,2024-03-01,-1.5344354218619343
MMR017010,2024-03-01,-1.9060330411484594
MMR017011,2024-03-01,-1.699589919322612
MMR017012,2024-03-01,-1.7408785436877816
MMR017013,2024-03-01,-1.8799137680754179
MMR017014,2024-03-01,-1.6819137475727994
MMR017015,2024-03-01,-1.86474441678329
MMR017016,2024-03-01,-1.5800749587371672
MMR017017,2024-03-01,-2.2628501753481713
MMR017018,2024-03-01,-1.772089464339497
MMR017019,2024-03-01,-2.109993460298766
MMR017020,2024-03-01,-2.2628501753481713
MMR017021,2024-03-01,-2.0716468449282077
MMR017022,2024-03-01,-1.9949536141870918
MMR017023,2024-03-01,-1.4293160719648277
MMR017024,2024-03-01,-1.4795690342222743
MMR017025,2024-03-01,-2.1548980900747186
MMR017026,2024-03-01,-1.1906118578539437
MMR018001,2024-03-01,-0.7801565799058232
MMR018002,2024-03-01,-1.7270016059561482
MMR018003,2024-03-01,-1.2912814078870973
MMR018004,2024-03-01,-1.7270016059561482
MMR018005,2024-03-01,-1.9060330411484594
MMR018006,2024-03-01,-1.386756512180859
MMR018007,2024-03-01,-0.808167784430255
MMR018008,2024-03-01,-1.918260383445976
MMR001001,2024-04-01,3.719790562600635
MMR001002,2024-04-01,4.598750014533317
MMR001003,2024-04-01,0.8244418939793794
MMR001004,2024-04-01,1.2462844444380738
MMR001005,2024-04-01,0.7043044445214115
MMR001006,2024-04-01,-1.342234648197873
MMR001007,2024-04-01,2.0378705833180875
MMR001008,2024-04-01,2.3655440722239724
MMR001009,2024-04-01,2.1177416782891196
MMR001010,2024-04-01,4.162771195950286
MMR001011,2024-04-01,1.072504369262301
MMR001012,2024-04-01,6.236434372226836
MMR001013,2024-04-01,3.34475938888582
MMR001014,2024-04-01,-1.0587050393170223
MMR001015,2024-04-01,-0.6950073304194773
MMR001016,2024-04-01,-1.2075854354709785
MMR001017,2024-04-01,-1.452858382939456
MMR001018,2024-04-01,-1.3815310519310995
MMR002001,2024-04-01,1.404710433137829
MMR002002,2024-04-01,-0.31430305854724083
MMR002003,2024-04-01,-0.42718394368922175
MMR002004,2024-04-01,-1.4557194290609057
MMR002005,2024-04-01,-1.3281111739190008
MMR002006,2024-04-01,-0.3817388432967513
MMR002007,2024-04-01,0.09587390344270527
MMR003001,2024-04-01,1.9988078907619107
MMR003002,2024-04-01,4.9461376055592146
MMR003003,2024-04-01,1.550879451275162
MMR003004,2024-04-01,2.46457804095066
MMR003005,2024-04-01,5.571748773151061
MMR003006,2024-04-01,5.208008504977105
MMR003007,2024-04-01,5.63603110457576
MMR004001,2024-04-01,2.1670368773520305
MMR004002,2024-04-01,1.6178455739719455
MMR004003,2024-04-01,-0.6231803723775838
MMR004004,2024-04-01,2.031789261420407
MMR004005,2024-04-01,2.1977248635327813
MMR004006,2024-04-01,0.7089435661225378
MMR004007,2024-04-01,-0.14631733271988992
MMR004008,2024-04-01,1.072504369262301
MMR004009,2024-04-01,2.0384143879368497
MMR005001,2024-04-01,2.112792295940076
MMR005002,2024-04-01,5.002927261076236
MMR005003,2024-04-01,4.708112400659931
MMR005004,2024-04-01,2.2086318790740602
MMR005005,2024-04-01,2.1631867786815895
MMR005006,2024-04-01,4.116581880176903
MMR005007,2024-04-01,0.9690389642135023
MMR005008,2024-04-01,-0.7716936400064817
MMR005009,2024-04-01,2.3948728625112987
MMR005010,2024-04-01,4.158788803076871
MMR005011,2024-04-01,0.03308453247865705
MMR005012,2024-04-01,4.87630649237633
MMR005013,2024-04-01,4.299106497127697
MMR005014,2024-04-01,4.580858032076553
MMR005015,2024-04-01,4.844447701837343
MMR005016,2024-04-01,4.117326095557816
MMR005017,2024-04-01,1.3651039359628903
MMR005018,2024-04-01,5.720444950375695
MMR005019,2024-04-01,3.44127111377741
MMR005020,2024-04-01,-0.5635192448666326
MMR005021,2024-04-01,-1.0179702487913365
MMR005022,2024-04-01,-0.021123465159967277
MMR005023,2024-04-01,-0.5683865617195725
MMR005024,2024-04-01,-0.7452996464365143
MMR005025,2024-04-01,-0.9270800480063958
MMR005026,2024-04-01,-0.8816349476139254
MMR005027,2024-04-01,0.5110255405489691
MMR005028,2024-04-01,1.2737545004282929
MMR005029,2024-04-01,2.5929053483859925
MMR005030,2024-04-01,2.2540769794665305
MMR005031,2024-04-01,1.2088396704397122
MMR005032,2024-04-01,-0.6528004075195089
MMR005033,2024-04-01,1.28871804587903
MMR005034,2024-04-01,1.3254974387879515
MMR005035,2024-04-01,0.24195060727916295
MMR005036,2024-04-01,-1.2861584913260777
MMR005037,2024-04-01,-1.342234648197873
MMR006001,2024-04-01,3.8901005935954642
MMR006002,2024-04-01,2.1977248635327813
MMR006003,2024-04-01,3.359274078319402
MMR006004,2024-04-01,2.52959606775753
MMR006005,2024-04-01,2.1977248635327813
MMR006006,2024-04-01,0.5936807097798286
MMR006007,2024-04-01,2.911438858121812
MMR006008,2024-04-01,2.299522079859001
MMR006009,2024-04-01,-0.7100382788343487
MMR006010,2024-04-01,0.5936807097798286
MMR007001,2024-04-01,-1.663804085508271
MMR007002,2024-04-01,-1.2869227808270816
MMR007003,2024-04-01,-1.5053462277788912
MMR007004,2024-04-01,0.4445795878796655
MMR007005,2024-04-01,0.08271133119664252
MMR007006,2024-04-01,1.6801874282864737
MMR007007,2024-04-01,-0.21504946111126985
MMR007008,2024-04-01,3.5434612805845234
MMR007009,2024-04-01,0.8907239676924192
MMR007010,2024-04-01,0.5271631645526564
MMR007011,2024-04-01,1.964028812278522
MMR007012,2024-04-01,1.5419595832788395
MMR007013,2024-04-01,-0.016542266239328196
MMR007014,2024-04-01,1.4815102727945344
MMR008001,2024-04-01,-1.3815310519310995
MMR008002,2024-04-01,0.938860876822525
MMR008003,2024-04-01,-0.021123465159967277
MMR008004,2024-04-01,0.538368842409037
MMR008005,2024-04-01,-0.109068240941929
MMR008006,2024-04-01,-1.3703180968189688
MMR008007,2024-04-01,-1.1579586367529933
MMR008008,2024-04-01,-0.8794393023400859
MMR008009,2024-04-01,0.538368842409037
MMR008010,2024-04-01,0.34538276298277465
MMR008011,2024-04-01,-0.07640545493026211
MMR008012,2024-04-01,-0.38029807668760446
MMR008013,2024-04-01,-0.4516039660665304
MMR008014,2024-04-01,-0.109068240941929
MMR009001,2024-04-01,-1.6332933351593495
MMR009002,2024-04-01,-0.8638350220193501
MMR009003,2024-04-01,1.0354765084792208
MMR009004,2024-04-01,-1.7501804029186832
MMR009005,2024-04-01,-1.1543055499687476
MMR009006,2024-04-01,-1.526170357807641
MMR009007,2024-04-01,-1.4060926303429202
MMR009008,2024-04-01,-1.201490405219096
MMR009009,2024-04-01,0.48171806416018625
MMR009010,2024-04-01,-0.7794211762194134
MMR009011,2024-04-01,2.315659868161421
MMR009012,2024-04-01,-1.2451957507536884
MMR009013,2024-04-01,0.13730252353978786
MMR009014,2024-04-01,1.163394570047242
MMR009015,2024-04-01,-0.8816349476139254
MMR009016,2024-04-01,-0.5094676458295219
MMR009017,2024-04-01,-1.7501804029186832
MMR009018,2024-04-01,4.3355912240832994
MMR009019,2024-04-01,7.464504500903463
MMR009020,2024-04-01,5.480679107331928
MMR009021,2024-04-01,3.97913274950885
MMR009022,2024-04-01,2.3449671802514716
MMR009023,2024-04-01,3.236617985269903
MMR009024,2024-04-01,0.5726082649451267
MMR009025,2024-04-01,1.563136421837584
MMR010001,2024-04-01,-0.9041312166747676
MMR010002,2024-04-01,-1.0103634439731242
MMR010003,2024-04-01,-1.4060926303429202
MMR010004,2024-04-01,-1.4060926303429202
MMR010005,2024-04-01,-1.342234648197873
MMR010006,2024-04-01,-0.813253408658743
MMR010007,2024-04-01,0.04319832359599901
MMR010008,2024-04-01,0.5271631645526564
MMR010009,2024-04-01,1.8374080435786173
MMR010010,2024-04-01,3.3146503450775056
MMR010011,2024-04-01,-0.1654226623932846
MMR010012,2024-04-01,-0.13485908271957914
MMR010013,2024-04-01,-0.8924664030086206
MMR010014,2024-04-01,-1.3360859515386292
MMR010015,2024-04-01,-0.15451334133439923
MMR010016,2024-04-01,0.13730252353978786
MMR010017,2024-04-01,4.117326095557816
MMR010018,2024-04-01,4.137558738208605
MMR010019,2024-04-01,1.9592013935869719
MMR010020,2024-04-01,-1.0112858945334369
MMR010021,2024-04-01,3.821133419877125
MMR010022,2024-04-01,1.422634896582249
MMR010023,2024-04-01,-0.7340404143088654
MMR010024,2024-04-01,-1.2075854354709785
MMR010028,2024-04-01,-1.3703180968189688
MMR010029,2024-04-01,-0.06362314054945854
MMR010030,2024-04-01,-1.56577685498258
MMR010031,2024-04-01,-0.6105934846195405
MMR011001,2024-04-01,0.23159172735059871
MMR011002,2024-04-01,3.010692455557783
MMR011003,2024-04-01,-0.5553434624858187
MMR011004,2024-04-01,1.0361756487461602
MMR011005,2024-04-01,1.422634896582249
MMR011006,2024-04-01,1.257423118229326
MMR011007,2024-04-01,0.538368842409037
MMR011008,2024-04-01,-0.1806854334112521
MMR011009,2024-04-01,1.4786705877124922
MMR011010,2024-04-01,2.299522079859001
MMR012001,2024-04-01,1.6999456602749372
MMR012002,2024-04-01,2.3655440722239724
MMR012003,2024-04-01,0.6782329158124677
MMR012004,2024-04-01,1.3233812991462781
MMR012005,2024-04-01,3.226609303185013
MMR012006,2024-04-01,4.444250628443576
MMR012007,2024-04-01,1.3880324312330936
MMR012008,2024-04-01,4.354887690993649
MMR012009,2024-04-01,4.444250628443576
MMR012010,2024-04-01,3.2084240877084085
MMR012011,2024-04-01,4.125894566234151
MMR012012,2024-04-01,-0.7745579871512734
MMR012013,2024-04-01,4.125894566234151
MMR012014,2024-04-01,2.7215081112956727
MMR012015,2024-04-01,0.16360236141289353
MMR012016,2024-04-01,2.799418184176175
MMR012017,2024-04-01,-0.7340404143088654
MMR013001,2024-04-01,-0.5635192448666326
MMR013002,2024-04-01,-0.6950073304194773
MMR013003,2024-04-01,-1.1543055499687476
MMR013004,2024-04-01,-1.7624109876819503
MMR013005,2024-04-01,-2.045362754580286
MMR013006,2024-04-01,-1.7923873258186513
MMR013007,2024-04-01,-0.9270800480063958
MMR013009,2024-04-01,-1.6449898493324575
MMR013010,2024-04-01,-1.42697615232357
MMR013011,2024-04-01,-1.009078240599037
MMR013012,2024-04-01,-0.5180741444741624
MMR013013,2024-04-01,-1.4557194290609057
MMR013014,2024-04-01,-1.4557194290609057
MMR013015,2024-04-01,-1.563311453500981
MMR013016,2024-04-01,-1.2224872788841925
MMR013017,2024-04-01,-1.604599825214862
MMR013018,2024-04-01,-1.4125250197189372
MMR013019,2024-04-01,-1.032662713619223
MMR013020,2024-04-01,-0.8105710457270952
MMR013021,2024-04-01,-1.5053462277788912
MMR013022,2024-04-01,-2.2326670361352576
MMR013023,2024-04-01,-1.7905369554633328
MMR013024,2024-04-01,-1.3498297037679627
MMR013025,2024-04-01,-1.5081702503102474
MMR013026,2024-04-01,-1.604599825214862
MMR013027,2024-04-01,-2.12729236647129
MMR013028,2024-04-01,-1.8359820558558033
MMR013029,2024-04-01,-1.0210039483968372
MMR013030,2024-04-01,-1.5081702503102474
MMR013031,2024-04-01,-1.3975465155686644
MMR013032,2024-04-01,-0.7745579871512734
MMR013033,2024-04-01,-1.604599825214862
MMR013034,2024-04-01,-1.7905369554633328
MMR013035,2024-04-01,-2.0456288632184605
MMR013036,2024-04-01,-1.563482117681039
MMR013037,2024-04-01,-1.6542266239328474
MMR013038,2024-04-01,-1.707973480018715
MMR013039,2024-04-01,-1.7905369554633328
MMR013040,2024-04-01,-0.8997397092315412
MMR013041,2024-04-01,-1.707973480018715
MMR013042,2024-04-01,-1.0140238065165998
MMR013043,2024-04-01,-2.270127892446252
MMR013044,2024-04-01,-1.922235329557029
MMR013046,2024-04-01,-1.0748696365191912
MMR013047,2024-04-01,-1.1543055499687476
MMR014001,2024-04-01,1.7541808751493568
MMR014002,2024-04-01,2.7659603473779186
MMR014003,2024-04-01,1.077683431379189
MMR014004,2024-04-01,1.5841665061788077
MMR014005,2024-04-01,-0.7736469114838042
MMR014006,2024-04-01,-1.1579586367529933
MMR014007,2024-04-01,-1.2859042510190324
MMR014008,2024-04-01,-1.1845435049218576
MMR014009,2024-04-01,-0.10033645950984485
MMR014010,2024-04-01,0.2561220150646042
MMR014011,2024-04-01,1.3451749716171233
MMR014012,2024-04-01,-1.1543055499687476
MMR014013,2024-04-01,-1.961215017418524
MMR014014,2024-04-01,-1.8814271562482736
MMR014015,2024-04-01,-2.080661318256784
MMR014016,2024-04-01,-1.1543055499687476
MMR014017,2024-04-01,-2.087835786118429
MMR014018,2024-04-01,-1.8814271562482736
MMR014019,2024-04-01,-2.1598743126066617
MMR014020,2024-04-01,0.295728512239543
MMR014021,2024-04-01,-1.563482117681039
MMR015001,2024-04-01,-1.7456759040923322
MMR015002,2024-04-01,-0.5128102534191825
MMR015003,2024-04-01,-1.6996467546783922
MMR015004,2024-04-01,-2.041054821081845
MMR015005,2024-04-01,-1.9268722566407441
MMR015006,2024-04-01,-1.563482117681039
MMR015007,2024-04-01,-1.3498297037679627
MMR015008,2024-04-01,-1.8814271562482736
MMR015009,2024-04-01,-0.45724477026520943
MMR015010,2024-04-01,-0.06616906495731367
MMR015011,2024-04-01,-1.0508923917083757
MMR015012,2024-04-01,-1.2436973281190642
MMR015013,2024-04-01,0.4270537619453348
MMR015014,2024-04-01,-1.9704410419582978
MMR015015,2024-04-01,-1.257212234188964
MMR015016,2024-04-01,-1.42697615232357
MMR015017,2024-04-01,-0.7794211762194136
MMR015018,2024-04-01,0.6518188998113001
MMR015019,2024-04-01,-0.5942157448243824
MMR015020,2024-04-01,-0.836189847221455
MMR015021,2024-04-01,-1.6996467546783922
MMR015022,2024-04-01,-1.1579586367529933
MMR015023,2024-04-01,-0.6231803723775838
MMR015024,2024-04-01,-2.087835786118429
MMR016001,2024-04-01,-2.087835786118429
MMR016002,2024-04-01,-1.9268722566407441
MMR016003,2024-04-01,-1.7534802213688183
MMR016005,2024-04-01,-1.7534802213688183
MMR016006,2024-04-01,-1.8814271562482736
MMR016007,2024-04-01,-2.3825104613792347
MMR016008,2024-04-01,-1.9268722566407441
MMR016009,2024-04-01,-1.5081702503102474
MMR016010,2024-04-01,-1.7038534226508328
MMR016011,2024-04-01,-1.7038534226508328
MMR017001,2024-04-01,-1.7038534226508328
MMR017002,2024-04-01,-1.8814271562482736
MMR017003,2024-04-01,-1.8359820558558033
MMR017004,2024-04-01,-1.0987453657874593
MMR017005,2024-04-01,-2.0034219403184927
MMR017006,2024-04-01,-1.7905369554633328
MMR017007,2024-04-01,-1.961215017418524
MMR017008,2024-04-01,-1.7501804029186832
MMR017009,2024-04-01,-1.4724212527160403
MMR017010,2024-04-01,-1.8359820558558033
MMR017011,2024-04-01,-0.15451334133439923
MMR017012,2024-04-01,-0.15451334133439923
MMR017013,2024-04-01,-1.7501804029186832
MMR017014,2024-04-01,-1.7038534226508328
MMR017015,2024-04-01,-1.9268722566407441
MMR017016,2024-04-01,-1.5081702503102474
MMR017017,2024-04-01,-2.1994808097816003
MMR017018,2024-04-01,-1.7038534226508328
MMR017019,2024-04-01,-2.0034219403184927
MMR017020,2024-04-01,-2.1598743126066617
MMR017021,2024-04-01,-1.9190080945185561
MMR017022,2024-04-01,-1.9190080945185561
MMR017023,2024-04-01,-1.452858382939456
MMR017024,2024-04-01,-1.452858382939456
MMR017025,2024-04-01,-2.1598743126066617
MMR017026,2024-04-01,-1.2224872788841925
MMR018001,2024-04-01,-0.4631834547011972
MMR018002,2024-04-01,-1.6542266239328474
MMR018003,2024-04-01,-1.0904988888833145
MMR018004,2024-04-01,-1.604599825214862
MMR018005,2024-04-01,-1.7450918550708625
MMR018006,2024-04-01,-0.6218502147625048
MMR018007,2024-04-01,-0.8840762089394643
MMR018008,2024-04-01,-1.7923873258186513
MMR001001,2024-05-01,3.034988566735135
MMR001002,2024-05-01,4.471987028678353
MMR001003,2024-05-01,1.5183392459587508
MMR001004,2024-05-01,0.4796330538866241
MMR001005,2024-05-01,1.8715682933612128
MMR001006,2024-05-01,-1.2017438515266734
MMR001007,2024-05-01,1.16080883855641
MMR001008,2024-05-01,1.3963912065833597
MMR001009,2024-05-01,1.5053371120272652
MMR001010,2024-05-01,3.059233485732829
MMR001011,2024-05-01,0.4370333551046899
MMR001012,2024-05-01,6.062812453899903
MMR001013,2024-05-01,2.379403822236645
MMR001014,2024-05-01,-0.8837919029008601
MMR001015,2024-05-01,-0.5111241025999758
MMR001016,2024-05-01,-1.308012016293273
MMR001017,2024-05-01,-1.2608460081591326
MMR001018,2024-05-01,-1.5538963737055638
MMR002001,2024-05-01,1.4953265797641808
MMR002002,2024-05-01,-0.035351676116034285
MMR002003,2024-05-01,-0.04855926167829896
MMR002004,2024-05-01,-1.308012016293273
MMR002005,2024-05-01,-1.2327110709764117
MMR002006,2024-05-01,-1.068303756922575
MMR002007,2024-05-01,-0.8471309117319172
MMR003001,2024-05-01,2.5110201056417374
MMR003002,2024-05-01,3.305381716849218
MMR003003,2024-05-01,1.16080883855641
MMR003004,2024-05-01,0.740965759658709
MMR003005,2024-05-01,3.9401437754972903
MMR003006,2024-05-01,4.1275372426554044
MMR003007,2024-05-01,4.314488748417442
MMR004001,2024-05-01,1.4494187207574112
MMR004002,2024-05-01,1.0683037569225753
MMR004003,2024-05-01,-1.142641694894214
MMR004004,2024-05-01,2.876304956113022
MMR004005,2024-05-01,3.585530835702534
MMR004006,2024-05-01,0.7769481868527821
MMR004007,2024-05-01,0.030066123682351398
MMR004008,2024-05-01,0.5827111401395862
MMR004009,2024-05-01,2.1301350334376536
MMR005001,2024-05-01,1.8412829852963746
MMR005002,2024-05-01,4.945877345746822
MMR005003,2024-05-01,4.710248382794991
MMR005004,2024-05-01,2.57364086894984
MMR005005,2024-05-01,2.864996439019633
MMR005006,2024-05-01,4.134092006323332
MMR005007,2024-05-01,0.4796330538866241
MMR005008,2024-05-01,0.08005578196940762
MMR005009,2024-05-01,1.7069293976553384
MMR005010,2024-05-01,2.4654221419528235
MMR005011,2024-05-01,0.17675838058017238
MMR005012,2024-05-01,4.49488549051155
MMR005013,2024-05-01,3.059233485732829
MMR005014,2024-05-01,4.134092006323332
MMR005015,2024-05-01,5.098722476221382
MMR005016,2024-05-01,3.1077927474111284
MMR005017,2024-05-01,0.5642741810430871
MMR005018,2024-05-01,5.892960241740894
MMR005019,2024-05-01,2.4654221419528235
MMR005020,2024-05-01,-0.9226259718876786
MMR005021,2024-05-01,-1.2625408036357706
MMR005022,2024-05-01,-0.5360604719909327
MMR005023,2024-05-01,1.022248205199951
MMR005024,2024-05-01,-1.2625408036357706
MMR005025,2024-05-01,-1.4567778503489661
MMR005026,2024-05-01,0
MMR005027,2024-05-01,1.4730488441057563
MMR005028,2024-05-01,0.9191435790168949
MMR005029,2024-05-01,1.5376471433424124
MMR005030,2024-05-01,4.855926167829888
MMR005031,2024-05-01,2.6222001306281393
MMR005032,2024-05-01,1.4732400604352238
MMR005033,2024-05-01,0.9771490196764241
MMR005034,2024-05-01,2.341737851328811
MMR005035,2024-05-01,0.6803433240632311
MMR005036,2024-05-01,-1.224617983313816
MMR005037,2024-05-01,-0.965335224996836
MMR006001,2024-05-01,4.224655766012002
MMR006002,2024-05-01,2.5216920163182657
MMR006003,2024-05-01,2.6989984862156438
MMR006004,2024-05-01,2.1079769198910503
MMR006005,2024-05-01,2.5807941729507253
MMR006006,2024-05-01,2.4625898596858065
MMR006007,2024-05-01,3.7826293444156827
MMR006008,2024-05-01,2.864996439019633
MMR006009,2024-05-01,0.11075827896989461
MMR006010,2024-05-01,2.2852833897884284
MMR007001,2024-05-01,-1.269869693194617
MMR007002,2024-05-01,-1.0244373816292953
MMR007003,2024-05-01,-1.467094558815428
MMR007004,2024-05-01,0.9320498341528964
MMR007005,2024-05-01,0.7070335223206883
MMR007006,2024-05-01,1.2146979666536213
MMR007007,2024-05-01,0.22978589475422379
MMR007008,2024-05-01,3.3151108136281366
MMR007009,2024-05-01,0.24279630839149427
MMR007010,2024-05-01,0.24279630839149427
MMR007011,2024-05-01,0.7967522775823146
MMR007012,2024-05-01,0.48105797891762403
MMR007013,2024-05-01,0.1237308664061207
MMR007014,2024-05-01,0.9226259718876787
MMR008001,2024-05-01,-0.9226259718876786
MMR008002,2024-05-01,0.6349348465973086
MMR008003,2024-05-01,1.579967706920644
MMR008004,2024-05-01,0.09850359438743232
MMR008005,2024-05-01,-0.24279630839149427
MMR008006,2024-05-01,-1.09741351440583
MMR008007,2024-05-01,-1.042874445423015
MMR008008,2024-05-01,-0.9270048760320702
MMR008009,2024-05-01,0.03940143775497297
MMR008010,2024-05-01,0.19423704671319558
MMR008011,2024-05-01,-0.5442746592505849
MMR008012,2024-05-01,-0.3555635140944925
MMR008013,2024-05-01,-0.9270048760320702
MMR008014,2024-05-01,-0.24279630839149427
MMR009001,2024-05-01,-1.4810319664340401
MMR009002,2024-05-01,-0.60132247364703
MMR009003,2024-05-01,1.157545761770533
MMR009004,2024-05-01,-1.6837029262116843
MMR009005,2024-05-01,-1.2139815419574718
MMR009006,2024-05-01,-1.4247923071337947
MMR009007,2024-05-01,-1.308012016293273
MMR009008,2024-05-01,-0.8719175867881936
MMR009009,2024-05-01,0.24279630839149427
MMR009010,2024-05-01,-0.46602491707644833
MMR009011,2024-05-01,1.6222882704988755
MMR009012,2024-05-01,-0.9711852335659774
MMR009013,2024-05-01,-0.07053427263038578
MMR009014,2024-05-01,0.9711852335659774
MMR009015,2024-05-01,-0.5827111401395865
MMR009016,2024-05-01,-0.8005578196940758
MMR009017,2024-05-01,-1.5484053696411026
MMR009018,2024-05-01,4.50008659381862
MMR009019,2024-05-01,6.912358717777817
MMR009020,2024-05-01,5.438637307969474
MMR009021,2024-05-01,3.9075987037233784
MMR009022,2024-05-01,2.767877915663036
MMR009023,2024-05-01,2.1615061131740045
MMR009024,2024-05-01,1.5053371120272652
MMR009025,2024-05-01,1.9185322155464961
MMR010001,2024-05-01,-0.9524806536885235
MMR010002,2024-05-01,-1.0835395382617548
MMR010003,2024-05-01,-1.3610395304673246
MMR010004,2024-05-01,-1.3610395304673246
MMR010005,2024-05-01,-1.2608460081591326
MMR010006,2024-05-01,-0.6207015991473956
MMR010007,2024-05-01,0.08502885766575377
MMR010008,2024-05-01,0.8740667102093794
MMR010009,2024-05-01,2.420322956429296
MMR010010,2024-05-01,3.9536952642292222
MMR010011,2024-05-01,0.6540060081466369
MMR010012,2024-05-01,0.8005578196940758
MMR010013,2024-05-01,-0.45141934483446955
MMR010014,2024-05-01,-1.2139815419574718
MMR010015,2024-05-01,-0.4855926167829888
MMR010016,2024-05-01,0.5219536174648556
MMR010017,2024-05-01,4.418892812725198
MMR010018,2024-05-01,4.330804339505693
MMR010019,2024-05-01,2.0878144698594223
MMR010020,2024-05-01,-0.7053427263038587
MMR010021,2024-05-01,3.50270340899395
MMR010022,2024-05-01,1.502446234931463
MMR010023,2024-05-01,-1.2978306163991
MMR010024,2024-05-01,-1.1489294737711182
MMR010028,2024-05-01,-1.4582069985940478
MMR010029,2024-05-01,-0.24279630839149427
MMR010030,2024-05-01,-1.7633568157596469
MMR010031,2024-05-01,-1.0072151433587755
MMR011001,2024-05-01,0.28281340892827544
MMR011002,2024-05-01,2.8811616034568055
MMR011003,2024-05-01,-0.6246303268475815
MMR011004,2024-05-01,0.27581006428481036
MMR011005,2024-05-01,0.6540060081466369
MMR011006,2024-05-01,0.6895251607120259
MMR011007,2024-05-01,1.7533639800962941
MMR011008,2024-05-01,-0.01970071887748638
MMR011009,2024-05-01,3.112713582642859
MMR011010,2024-05-01,2.816437177341334
MMR012001,2024-05-01,-0.13844784871236815
MMR012002,2024-05-01,1.714556291627669
MMR012003,2024-05-01,0.22978589475422403
MMR012004,2024-05-01,1.7675838058017206
MMR012005,2024-05-01,1.6222882704988755
MMR012006,2024-05-01,2.449235966627632
MMR012007,2024-05-01,0.34017166203161564
MMR012008,2024-05-01,6.008719257633367
MMR012009,2024-05-01,7.00753623785128
MMR012010,2024-05-01,4.904485429508186
MMR012011,2024-05-01,3.06154495828454
MMR012012,2024-05-01,-0.741748513131503
MMR012013,2024-05-01,3.06154495828454
MMR012014,2024-05-01,1.3968566625140788
MMR012015,2024-05-01,1.6995741587404605
MMR012016,2024-05-01,3.9818594576205077
MMR012017,2024-05-01,0.5642741810430871
MMR013001,2024-05-01,-0.7283889251744831
MMR013002,2024-05-01,-0.8268184012646664
MMR013003,2024-05-01,-1.2625408036357706
MMR013004,2024-05-01,-1.7501687623199325
MMR013005,2024-05-01,-2.0414224402198933
MMR013006,2024-05-01,-1.7739012972587387
MMR013007,2024-05-01,-1.068303756922575
MMR013009,2024-05-01,-1.7633568157596469
MMR013010,2024-05-01,-1.505337112027265
MMR013011,2024-05-01,-1.1489294737711182
MMR013012,2024-05-01,-0.6312704018178854
MMR013013,2024-05-01,-1.5201220729894793
MMR013014,2024-05-01,-1.573149587163531
MMR013015,2024-05-01,-1.7966926820970581
MMR013016,2024-05-01,-1.224617983313816
MMR013017,2024-05-01,-1.6261771013375828
MMR013018,2024-05-01,-1.5935045551646296
MMR013019,2024-05-01,-1.09741351440583
MMR013020,2024-05-01,-0.9368194170749117
MMR013021,2024-05-01,-1.4140670446413763
MMR013022,2024-05-01,-2.241561895143412
MMR013023,2024-05-01,-1.6995741587404605
MMR013024,2024-05-01,-1.224617983313816
MMR013025,2024-05-01,-1.3790503214240515
MMR013026,2024-05-01,-1.5201220729894793
MMR013027,2024-05-01,-2.107983690703064
MMR013028,2024-05-01,-1.7481334204187595
MMR013029,2024-05-01,-0.9691349409865774
MMR013030,2024-05-01,-1.4381524780565107
MMR013031,2024-05-01,-1.3790503214240515
MMR013032,2024-05-01,-0.741748513131503
MMR013033,2024-05-01,-1.6261771013375828
MMR013034,2024-05-01,-1.7966926820970581
MMR013035,2024-05-01,-1.999397224876375
MMR013036,2024-05-01,-1.4972546346889701
MMR013037,2024-05-01,-1.6261771013375828
MMR013038,2024-05-01,-1.6837029262116843
MMR013039,2024-05-01,-1.7481334204187595
MMR013040,2024-05-01,-0.7289265984669986
MMR013041,2024-05-01,-1.5484053696411026
MMR013042,2024-05-01,-1.1175221293213313
MMR013043,2024-05-01,-2.201534004158708
MMR013044,2024-05-01,-1.8903185064943415
MMR013046,2024-05-01,-1.09741351440583
MMR013047,2024-05-01,-1.3111000653140696
MMR014001,2024-05-01,1.0683037569225753
MMR014002,2024-05-01,2.0144302867175505
MMR014003,2024-05-01,0.5261571644411511
MMR014004,2024-05-01,0.8418514631058422
MMR014005,2024-05-01,-1.3824717435555631
MMR014006,2024-05-01,-1.1489294737711182
MMR014007,2024-05-01,-1.277810256499939
MMR014008,2024-05-01,-1.263285885319766
MMR014009,2024-05-01,-0.6207015991473956
MMR014010,2024-05-01,-0.11285483620861732
MMR014011,2024-05-01,0.6312704018178854
MMR014012,2024-05-01,-1.6510148970621614
MMR014013,2024-05-01,-1.9091988538293205
MMR014014,2024-05-01,-1.7966926820970581
MMR014015,2024-05-01,-2.017280197229036
MMR014016,2024-05-01,-1.4567778503489661
MMR014017,2024-05-01,-1.9542980393528475
MMR014018,2024-05-01,-1.8452519437753572
MMR014019,2024-05-01,-2.1442418879637306
MMR014020,2024-05-01,0.2257096724172349
MMR014021,2024-05-01,-1.4972546346889701
MMR015001,2024-05-01,-1.7612272033269665
MMR015002,2024-05-01,-0.618654332030602
MMR015003,2024-05-01,-1.6024556353838628
MMR015004,2024-05-01,-2.017280197229036
MMR015005,2024-05-01,-1.8452519437753572
MMR015006,2024-05-01,-1.4972546346889701
MMR015007,2024-05-01,-1.292652315720139
MMR015008,2024-05-01,-1.8452519437753572
MMR015009,2024-05-01,-0.19700718877486442
MMR015010,2024-05-01,0.6009784939725854
MMR015011,2024-05-01,-0.9169455441950164
MMR015012,2024-05-01,-0.46602491707644833
MMR015013,2024-05-01,1.3209204024952252
MMR015014,2024-05-01,-1.7211993123422629
MMR015015,2024-05-01,-1.20195698794517
MMR015016,2024-05-01,-1.068303756922575
MMR015017,2024-05-01,-0.37582654602939386
MMR015018,2024-05-01,0.7205020377246686
MMR015019,2024-05-01,-0.12698696931946157
MMR015020,2024-05-01,-0.9711852335659774
MMR015021,2024-05-01,-1.6995741587404605
MMR015022,2024-05-01,-1.1489294737711182
MMR015023,2024-05-01,-0.3743136586722425
MMR015024,2024-05-01,-1.999397224876375
MMR016001,2024-05-01,-1.999397224876375
MMR016002,2024-05-01,-1.8452519437753572
MMR016003,2024-05-01,-1.6792046155116345
MMR016005,2024-05-01,-1.6792046155116345
MMR016006,2024-05-01,-1.8452519437753572
MMR016007,2024-05-01,-2.281589786128116
MMR016008,2024-05-01,-1.8452519437753572
MMR016009,2024-05-01,-1.4972546346889701
MMR016010,2024-05-01,-1.6792046155116345
MMR016011,2024-05-01,-1.6792046155116345
MMR017001,2024-05-01,-1.5201220729894793
MMR017002,2024-05-01,-1.7481334204187595
MMR017003,2024-05-01,-1.6995741587404605
MMR017004,2024-05-01,-0.9691349409865774
MMR017005,2024-05-01,-1.864099668305793
MMR017006,2024-05-01,-1.6510148970621614
MMR017007,2024-05-01,-1.8190004827822661
MMR017008,2024-05-01,-1.5033061841175752
MMR017009,2024-05-01,-1.3111000653140696
MMR017010,2024-05-01,-1.6995741587404605
MMR017011,2024-05-01,1.2625408036357706
MMR017012,2024-05-01,1.4082185886706673
MMR017013,2024-05-01,-1.5033061841175752
MMR017014,2024-05-01,-1.573149587163531
MMR017015,2024-05-01,-1.8452519437753572
MMR017016,2024-05-01,-1.3790503214240515
MMR017017,2024-05-01,-2.0596007608072675
MMR017018,2024-05-01,-1.573149587163531
MMR017019,2024-05-01,-1.9091988538293205
MMR017020,2024-05-01,-2.0596007608072675
MMR017021,2024-05-01,-1.864099668305793
MMR017022,2024-05-01,-1.8190004827822661
MMR017023,2024-05-01,-1.3790503214240515
MMR017024,2024-05-01,-1.3790503214240515
MMR017025,2024-05-01,-2.0596007608072675
MMR017026,2024-05-01,-1.156583650907493
MMR018001,2024-05-01,-1.20195698794517
MMR018002,2024-05-01,-1.573149587163531
MMR018003,2024-05-01,-1.678715688603184
MMR018004,2024-05-01,-1.467094558815428
MMR018005,2024-05-01,-1.6510148970621614
MMR018006,2024-05-01,-0.8005578196940758
MMR018007,2024-05-01,-1.2408646205258176
MMR018008,2024-05-01,-1.6837029262116843
MMR001001,2024-06-01,2.2833595742928083
MMR001002,2024-06-01,3.14015694282652
MMR001003,2024-06-01,1.4830569358104237
MMR001004,2024-06-01,-0.36749150025121446
MMR001005,2024-06-01,2.148517642820645
MMR001006,2024-06-01,-1.1585293013937472
MMR001007,2024-06-01,0.09255169431597841
MMR001008,2024-06-01,0.35284192980133144
MMR001009,2024-06-01,0.15718886420190675
MMR001010,2024-06-01,1.1040646414181556
MMR001011,2024-06-01,0.07485184009614607
MMR001012,2024-06-01,4.30903098054676
MMR001013,2024-06-01,0.7747165449951123
MMR001014,2024-06-01,-0.7261187204019675
MMR001015,2024-06-01,-0.6581065152658756
MMR001016,2024-06-01,-1.040815576711263
MMR001017,2024-06-01,-1.0082089857476386
MMR001018,2024-06-01,-1.366046081754667
MMR002001,2024-06-01,-0.00869802367458495
MMR002002,2024-06-01,-0.6811620266434968
MMR002003,2024-06-01,-0.58384435274994
MMR002004,2024-06-01,-1.040815576711263
MMR002005,2024-06-01,-1.002222069903138
MMR002006,2024-06-01,-0.8308554250672222
MMR002007,2024-06-01,-0.707568354455421
MMR003001,2024-06-01,0.7447682771363371
MMR003002,2024-06-01,0.6675387861106269
MMR003003,2024-06-01,0.9748778467949734
MMR003004,2024-06-01,-0.35013886315052084
MMR003005,2024-06-01,0.895848345769739
MMR003006,2024-06-01,1.1040646414181556
MMR003007,2024-06-01,1.3301166893049738
MMR004001,2024-06-01,0.98223564241992245
MMR004002,2024-06-01,0.9805591052595144
MMR004003,2024-06-01,-0.10628709187098599
MMR004004,2024-06-01,2.298837958466754
MMR004005,2024-06-01,2.699692133523044
MMR004006,2024-06-01,0.07485184009614607
MMR004007,2024-06-01,0.030124594008649103
MMR004008,2024-06-01,-0.5426758406970595
MMR004009,2024-06-01,0.8524063201093259
MMR005001,2024-06-01,2.5019808030086184
MMR005002,2024-06-01,4.121276188029435
MMR005003,2024-06-01,3.5741753645909777
MMR005004,2024-06-01,2.009771906581524
MMR005005,2024-06-01,2.5037940512160874
MMR005006,2024-06-01,3.815395695018535
MMR005007,2024-06-01,0.4577334958750334
MMR005008,2024-06-01,0.33010104306032323
MMR005009,2024-06-01,1.1035617537129665
MMR005010,2024-06-01,0.8330608881622613
MMR005011,2024-06-01,0.7574521736275686
MMR005012,2024-06-01,3.394810017128547
MMR005013,2024-06-01,1.8862663704228826
MMR005014,2024-06-01,3.394810017128547
MMR005015,2024-06-01,4.150534533331303
MMR005016,2024-06-01,2.133277442740165
MMR005017,2024-06-01,0.8524063201093259
MMR005018,2024-06-01,4.121276188029435
MMR005019,2024-06-01,1.1771764427995235
MMR005020,2024-06-01,-0.6250128648028204
MMR005021,2024-06-01,-0.7485184009614615
MMR005022,2024-06-01,-0.4751295432242033
MMR005023,2024-06-01,0.6418855800304492
MMR005024,2024-06-01,-0.9131924491729829
MMR005025,2024-06-01,-1.036697985331624
MMR005026,2024-06-01,0.03368332804326584
MMR005027,2024-06-01,1.2821264647765016
MMR005028,2024-06-01,0.3977986235598023
MMR005029,2024-06-01,1.1035617537129665
MMR005030,2024-06-01,2.5861310753218487
MMR005031,2024-06-01,1.392244225788318
MMR005032,2024-06-01,0.6036505184040862
MMR005033,2024-06-01,-0.3522260222549756
MMR005034,2024-06-01,0.8882856677669888
MMR005035,2024-06-01,-0.2936409126517993
MMR005036,2024-06-01,-1.0434739574590723
MMR005037,2024-06-01,-0.8578886701015298
MMR006001,2024-06-01,2.8743106596920107
MMR006002,2024-06-01,2.1986244147026817
MMR006003,2024-06-01,1.5472363802362104
MMR006004,2024-06-01,1.8478770115284278
MMR006005,2024-06-01,1.1964889770619567
MMR006006,2024-06-01,1.4470228364721378
MMR006007,2024-06-01,2.5557199239664
MMR006008,2024-06-01,1.8039293463171215
MMR006009,2024-06-01,-0.0042682182040279515
MMR006010,2024-06-01,1.296702520826029
MMR007001,2024-06-01,-0.5588505430438031
MMR007002,2024-06-01,-0.9079954419835661
MMR007003,2024-06-01,-1.3105557392620877
MMR007004,2024-06-01,1.3301166893049738
MMR007005,2024-06-01,1.791456130072397
MMR007006,2024-06-01,1.7197997101804992
MMR007007,2024-06-01,0.8923222549029808
MMR007008,2024-06-01,3.2563226131727436
MMR007009,2024-06-01,-0.46033881659129866
MMR007010,2024-06-01,-0.2956647683797773
MMR007011,2024-06-01,1.6359971823158737
MMR007012,2024-06-01,0.8330608881622613
MMR007013,2024-06-01,0.08310176725050669
MMR007014,2024-06-01,0.8158850570479931
MMR008001,2024-06-01,-0.6250128648028203
MMR008002,2024-06-01,-0.17127643613426546
MMR008003,2024-06-01,1.8570280545238886
MMR008004,2024-06-01,-0.45703449504523974
MMR008005,2024-06-01,-0.6661813768557007
MMR008006,2024-06-01,-1.0404571315295004
MMR008007,2024-06-01,-0.8609888016773799
MMR008008,2024-06-01,-0.4619570163164187
MMR008009,2024-06-01,-0.056180319988949734
MMR008010,2024-06-01,0.404199936519189
MMR008011,2024-06-01,-0.755076632533198
MMR008012,2024-06-01,-0.23587212061918822
MMR008013,2024-06-01,-1.0433181766807256
MMR008014,2024-06-01,-0.048653696062495054
MMR009001,2024-06-01,-1.0612594281565535
MMR009002,2024-06-01,-0.5816363920131506
MMR009003,2024-06-01,0.5271803951513613
MMR009004,2024-06-01,-1.1933973780349505
MMR009005,2024-06-01,-0.8720239371201025
MMR009006,2024-06-01,-1.1209578010621364
MMR009007,2024-06-01,-1.040815576711263
MMR009008,2024-06-01,-0.8492818233976881
MMR009009,2024-06-01,-0.5015073286441792
MMR009010,2024-06-01,-0.6963415768922381
MMR009011,2024-06-01,-0.00869802367458495
MMR009012,2024-06-01,-0.7073498889085811
MMR009013,2024-06-01,-0.5110088908818663
MMR009014,2024-06-01,0.4865369606249499
MMR009015,2024-06-01,-0.0074851840096146075
MMR009016,2024-06-01,-1.0951950494057456
MMR009017,2024-06-01,-1.002222069903138
MMR009018,2024-06-01,2.3593389217311698
MMR009019,2024-06-01,3.9380302186683394
MMR009020,2024-06-01,3.1624902440621736
MMR009021,2024-06-01,1.8929074021815515
MMR009022,2024-06-01,1.392244225788318
MMR009023,2024-06-01,1.348169680536087
MMR009024,2024-06-01,0.8982220811537535
MMR009025,2024-06-01,-0.1880947619628997
MMR010001,2024-06-01,-0.6397177025628484
MMR010002,2024-06-01,-0.707568354455421
MMR010003,2024-06-01,-0.9059454954358507
MMR010004,2024-06-01,-0.9059454954358507
MMR010005,2024-06-01,-0.8578886701015298
MMR010006,2024-06-01,-0.29573280493588855
MMR010007,2024-06-01,0.7620669374452514
MMR010008,2024-06-01,2.9154791717448916
MMR010009,2024-06-01,4.733037174051234
MMR010010,2024-06-01,5.038917667062135
MMR010011,2024-06-01,5.163208161957706
MMR010012,2024-06-01,3.8254700317271104
MMR010013,2024-06-01,0.9600443630823148
MMR010014,2024-06-01,-1.036697985331624
MMR010015,2024-06-01,-0.0074851840096146075
MMR010016,2024-06-01,0.8882856677669888
MMR010017,2024-06-01,2.9154791717448916
MMR010018,2024-06-01,2.9692878319114397
MMR010019,2024-06-01,1.2470791443436184
MMR010020,2024-06-01,-0.762164324485507
MMR010021,2024-06-01,3.2418697706230977
MMR010022,2024-06-01,0.8473655611445101
MMR010023,2024-06-01,-0.6186469338548551
MMR010024,2024-06-01,-0.9509021891943216
MMR010028,2024-06-01,-1.1933973780349505
MMR010029,2024-06-01,-0.007485184009614827
MMR010030,2024-06-01,-1.515630625296429
MMR010031,2024-06-01,-0.35222602225497585
MMR011001,2024-06-01,-0.2315950890587889
MMR011002,2024-06-01,0.9372789486614518
MMR011003,2024-06-01,-0.598765226367554
MMR011004,2024-06-01,-0.15639386375302225
MMR011005,2024-06-01,-0.2765517828172595
MMR011006,2024-06-01,0.6453144863595578
MMR011007,2024-06-01,0.6954212582415941
MMR011008,2024-06-01,-0.45703449504523974
MMR011009,2024-06-01,2.5994785897589714
MMR011010,2024-06-01,2.050940418634404
MMR012001,2024-06-01,0.27743418326181707
MMR012002,2024-06-01,0.9372789486614518
MMR012003,2024-06-01,0.4427553173182729
MMR012004,2024-06-01,0.7124954798690979
MMR012005,2024-06-01,0.3500954529020446
MMR012006,2024-06-01,0.6869099920961732
MMR012007,2024-06-01,0.62923052711099825
MMR012008,2024-06-01,6.257272937147618
MMR012009,2024-06-01,7.147010070435756
MMR012010,2024-06-01,5.097410310547551
MMR012011,2024-06-01,0.8599483870516978
MMR012012,2024-06-01,-0.598765226367554
MMR012013,2024-06-01,0.8599483870516978
MMR012014,2024-06-01,0.5392760931998873
MMR012015,2024-06-01,2.1744459547930446
MMR012016,2024-06-01,3.1624902440621736
MMR012017,2024-06-01,0.7088889294786741
MMR013001,2024-06-01,-0.8720239371201025
MMR013002,2024-06-01,-0.925751946650413
MMR013003,2024-06-01,-1.0778664973845042
MMR013004,2024-06-01,-1.7319899293045806
MMR013005,2024-06-01,-1.7060362318912037
MMR013006,2024-06-01,-1.4610428094194878
MMR013007,2024-06-01,-1.036697985331624
MMR013009,2024-06-01,-1.551509972954092
MMR013010,2024-06-01,-1.242540545596026
MMR013011,2024-06-01,-1.040815576711263
MMR013012,2024-06-01,-0.9131924491729829
MMR013013,2024-06-01,-1.3105557392620877
MMR013014,2024-06-01,-1.3555124330205586
MMR013015,2024-06-01,-1.4895516179133081
MMR013016,2024-06-01,-1.0434739574590723
MMR013017,2024-06-01,-1.3555124330205586
MMR013018,2024-06-01,-1.5375129326722128
MMR013019,2024-06-01,-1.1551623164085878
MMR013020,2024-06-01,-1.085772270469734
MMR013021,2024-06-01,-1.265599045503617
MMR013022,2024-06-01,-1.8417787168879722
MMR013023,2024-06-01,-1.4483831058604277
MMR013024,2024-06-01,-0.9857944924738975
MMR013025,2024-06-01,-1.1585293013937472
MMR013026,2024-06-01,-1.3105557392620877
MMR013027,2024-06-01,-1.8830620749847244
MMR013028,2024-06-01,-1.4895516179133081
MMR013029,2024-06-01,-0.8493754226015631
MMR013030,2024-06-01,-1.2086360732757835
MMR013031,2024-06-01,-1.2086360732757835
MMR013032,2024-06-01,-0.598765226367554
MMR013033,2024-06-01,-1.3555124330205586
MMR013034,2024-06-01,-1.4895516179133081
MMR013035,2024-06-01,-1.6139830559249377
MMR013036,2024-06-01,-1.2086360732757835
MMR013037,2024-06-01,-1.3555124330205586
MMR013038,2024-06-01,-1.49927787104585
MMR013039,2024-06-01,-1.4483831058604277
MMR013040,2024-06-01,-0.8077818982194935
MMR013041,2024-06-01,-1.3845726861667629
MMR013042,2024-06-01,-1.307871635885769
MMR013043,2024-06-01,-1.80784309563878
MMR013044,2024-06-01,-1.5873893206117549
MMR013046,2024-06-01,-1.2698675012876754
MMR013047,2024-06-01,-1.242540545596026
MMR014001,2024-06-01,0.610042496783591
MMR014002,2024-06-01,0.7183557032831738
MMR014003,2024-06-01,0.37424014864591143
MMR014004,2024-06-01,-0.04634552924407584
MMR014005,2024-06-01,-0.4751295432242033
MMR014006,2024-06-01,-0.5013352516096136
MMR014007,2024-06-01,-0.6581065152658756
MMR014008,2024-06-01,1.225486021026823
MMR014009,2024-06-01,-0.8339230198008328
MMR014010,2024-06-01,-0.33161215259355153
MMR014011,2024-06-01,-0.0898222081153755
MMR014012,2024-06-01,-1.2013720335431455
MMR014013,2024-06-01,-1.575747994298575
MMR014014,2024-06-01,-1.4483831058604277
MMR014015,2024-06-01,-1.3721132346657772
MMR014016,2024-06-01,-0.33683328043265776
MMR014017,2024-06-01,-1.575747994298575
MMR014018,2024-06-01,-1.4895516179133081
MMR014019,2024-06-01,-1.7309067112424066
MMR014020,2024-06-01,-0.4392501955665404
MMR014021,2024-06-01,-1.2086360732757835
MMR015001,2024-06-01,-0.9933881856581692
MMR015002,2024-06-01,-0.411421864092672
MMR015003,2024-06-01,-0.8308554250672222
MMR015004,2024-06-01,-1.40799258232344
MMR015005,2024-06-01,-1.4895516179133081
MMR015006,2024-06-01,-1.2086360732757835
MMR015007,2024-06-01,-1.0434739574590723
MMR015008,2024-06-01,-1.4895516179133081
MMR015009,2024-06-01,-0.5572480388093123
MMR015010,2024-06-01,-0.006811620266434762
MMR015011,2024-06-01,-1.0133197580891475
MMR015012,2024-06-01,4.2359813729085225
MMR015013,2024-06-01,5.522251094186717
MMR015014,2024-06-01,0.22829417931274668
MMR015015,2024-06-01,-0.3664651703342012
MMR015016,2024-06-01,1.1040646414181556
MMR015017,2024-06-01,2.285993229964036
MMR015018,2024-06-01,0.8051997405490128
MMR015019,2024-06-01,0.2808933552601955
MMR015020,2024-06-01,-0.7485184009614615
MMR015021,2024-06-01,-1.1190350094373847
MMR015022,2024-06-01,-1.1307289642282046
MMR015023,2024-06-01,-0.6574615825733847
MMR015024,2024-06-01,-1.6139830559249377
MMR016001,2024-06-01,-1.6139830559249377
MMR016002,2024-06-01,-1.4895516179133081
MMR016003,2024-06-01,-1.3555124330205586
MMR016005,2024-06-01,-1.3555124330205586
MMR016006,2024-06-01,-1.4895516179133081
MMR016007,2024-06-01,-1.8417787168879722
MMR016008,2024-06-01,-1.4895516179133081
MMR016009,2024-06-01,-1.2086360732757835
MMR016010,2024-06-01,-1.3555124330205586
MMR016011,2024-06-01,-1.3555124330205586
MMR017001,2024-06-01,-1.2206423517451461
MMR017002,2024-06-01,-1.4483831058604277
MMR017003,2024-06-01,-1.366046081754667
MMR017004,2024-06-01,-0.7789498222351018
MMR017005,2024-06-01,-1.49927787104585
MMR017006,2024-06-01,-1.366046081754667
MMR017007,2024-06-01,-1.5375129326722128
MMR017008,2024-06-01,-1.1933973780349505
MMR017009,2024-06-01,-0.9543609612258633
MMR017010,2024-06-01,-1.366046081754667
MMR017011,2024-06-01,1.2687386896296768
MMR017012,2024-06-01,1.3510757137354374
MMR017013,2024-06-01,-1.1933973780349505
MMR017014,2024-06-01,-1.265599045503617
MMR017015,2024-06-01,-1.4483831058604277
MMR017016,2024-06-01,-1.108422529511711
MMR017017,2024-06-01,-1.6591480159270808
MMR017018,2024-06-01,-1.265599045503617
MMR017019,2024-06-01,-1.575747994298575
MMR017020,2024-06-01,-1.6591480159270808
MMR017021,2024-06-01,-1.5375129326722128
MMR017022,2024-06-01,-1.49927787104585
MMR017023,2024-06-01,-1.108422529511711
MMR017024,2024-06-01,-1.108422529511711
MMR017025,2024-06-01,-1.6232686682694177
MMR017026,2024-06-01,-0.9281150274887225
MMR018001,2024-06-01,-0.5462919453680843
MMR018002,2024-06-01,-1.3555124330205586
MMR018003,2024-06-01,-0.8339230198008328
MMR018004,2024-06-01,-1.3105557392620877
MMR018005,2024-06-01,-1.4895516179133081
MMR018006,2024-06-01,-0.8237100794122088
MMR018007,2024-06-01,-1.1970019131533218
MMR018008,2024-06-01,-1.4610428094194878
MMR001001,2024-07-01,0.01612688914468184
MMR001002,2024-07-01,0.45216040469616836
MMR001003,2024-07-01,-0.33764590810142064
MMR001004,2024-07-01,-1.2750502866113302
MMR001005,2024-07-01,0.2694925860472728
MMR001006,2024-07-01,-1.0279319329866796
MMR001007,2024-07-01,-0.9672981014562848
MMR001008,2024-07-01,-0.6060873509757145
MMR001009,2024-07-01,-0.8792168818150987
MMR001010,2024-07-01,-0.29777084774900126
MMR001011,2024-07-01,-0.42698107754146736
MMR001012,2024-07-01,1.051834132910235
MMR001013,2024-07-01,-0.29777084774900126
MMR001014,2024-07-01,-1.2057610791897815
MMR001015,2024-07-01,-1.3576747419457766
MMR001016,2024-07-01,-1.2410360043788442
MMR001017,2024-07-01,-1.1065637220190403
MMR001018,2024-07-01,-1.3637552435368463
MMR002001,2024-07-01,-0.20525699114056337
MMR002002,2024-07-01,-0.6060873509757146
MMR002003,2024-07-01,-0.976124554159448
MMR002004,2024-07-01,-0.7824619769210283
MMR002005,2024-07-01,-0.9676637172405816
MMR002006,2024-07-01,-1.0730322265037975
MMR002007,2024-07-01,-0.9099842494381385
MMR003001,2024-07-01,-0.34601926686040113
MMR003002,2024-07-01,0.06413622761647784
MMR003003,2024-07-01,-0.48800624938335074
MMR003004,2024-07-01,-0.9551038895913572
MMR003005,2024-07-01,0.2694925860472728
MMR003006,2024-07-01,0.34828030121332876
MMR003007,2024-07-01,0.7723854699056727
MMR004001,2024-07-01,0.3110607039399172
MMR004002,2024-07-01,0.5743982033501446
MMR004003,2024-07-01,0.5447038476605354
MMR004004,2024-07-01,0.2694925860472728
MMR004005,2024-07-01,0.07291311346637092
MMR004006,2024-07-01,-0.10395550306030218
MMR004007,2024-07-01,0.11236681271226595
MMR004008,2024-07-01,-0.8792168818150985
MMR004009,2024-07-01,-0.289714356572466
MMR005001,2024-07-01,2.494254163514904
MMR005002,2024-07-01,2.392431264834944
MMR005003,2024-07-01,2.641761880029602
MMR005004,2024-07-01,2.480249092789019
MMR005005,2024-07-01,3.223207914095698
MMR005006,2024-07-01,4.672495716957623
MMR005007,2024-07-01,-0.008189805132790513
MMR005008,2024-07-01,-0.8607888009956327
MMR005009,2024-07-01,0.41409702202672277
MMR005010,2024-07-01,0.23237020492924895
MMR005011,2024-07-01,0.24051085356179164
MMR005012,2024-07-01,2.1224236323467323
MMR005013,2024-07-01,0.5420956459020279
MMR005014,2024-07-01,1.85241599985852
MMR005015,2024-07-01,2.8355772247183
MMR005016,2024-07-01,0.7036084331426106
MMR005017,2024-07-01,0.04811510515514459
MMR005018,2024-07-01,2.782442289540139
MMR005019,2024-07-01,0.712383773797181
MMR005020,2024-07-01,-0.7823092094707491
MMR005021,2024-07-01,-0.8146117669188655
MMR005022,2024-07-01,-0.43047663229230376
MMR005023,2024-07-01,-1.027665413349073
MMR005024,2024-07-01,-0.8792168818150985
MMR005025,2024-07-01,-1.105334783951914
MMR005026,2024-07-01,-1.23454501374438
MMR005027,2024-07-01,-0.2879801632978865
MMR005028,2024-07-01,-0.3591628746522753
MMR005029,2024-07-01,-0.20525699114056337
MMR005030,2024-07-01,-0.9438219967113315
MMR005031,2024-07-01,-0.8792168818150985
MMR005032,2024-07-01,-1.3576747419457766
MMR005033,2024-07-01,-1.2376713497287934
MMR005034,2024-07-01,-1.1624404660354601
MMR005035,2024-07-01,-0.955349961602858
MMR005036,2024-07-01,-0.955349961602858
MMR005037,2024-07-01,-1.06724782750286
MMR006001,2024-07-01,1.8341979438266887
MMR006002,2024-07-01,1.2130740544356018
MMR006003,2024-07-01,1.0164945818547
MMR006004,2024-07-01,1.645548894113586
MMR006005,2024-07-01,1.0164945818547
MMR006006,2024-07-01,0.4267561641119943
MMR006007,2024-07-01,1.1576589084774231
MMR006008,2024-07-01,1.123541679968125
MMR006009,2024-07-01,-0.7223846278390705
MMR006010,2024-07-01,0.4267561641119943
MMR007001,2024-07-01,-0.9468787769234512
MMR007002,2024-07-01,-0.9886160384704993
MMR007003,2024-07-01,-1.1352112288116558
MMR007004,2024-07-01,0.592380381580198
MMR007005,2024-07-01,0.6990848810196078
MMR007006,2024-07-01,0.5478514696640778
MMR007007,2024-07-01,0.24051085356179164
MMR007008,2024-07-01,1.4557378623535222
MMR007009,2024-07-01,-0.6530989796782829
MMR007010,2024-07-01,-0.5238887498858169
MMR007011,2024-07-01,0.622381229634444
MMR007012,2024-07-01,0.41237529325472366
MMR007013,2024-07-01,-0.1475133235178986
MMR007014,2024-07-01,0.12216239907651329
MMR008001,2024-07-01,-0.976124554159448
MMR008002,2024-07-01,-0.5414027070000268
MMR008003,2024-07-01,1.5683476829293923
MMR008004,2024-07-01,-0.438193515243974
MMR008005,2024-07-01,-0.782309209470749
MMR008006,2024-07-01,-1.2076705016745477
MMR008007,2024-07-01,-1.0646613784335304
MMR008008,2024-07-01,-0.8455097594425951
MMR008009,2024-07-01,-0.5168253042763348
MMR008010,2024-07-01,-0.2331657328527683
MMR008011,2024-07-01,-0.638545710769869
MMR008012,2024-07-01,-0.46537594388938475
MMR008013,2024-07-01,-1.2509858293660194
MMR008014,2024-07-01,-0.26546829030088487
MMR009001,2024-07-01,-0.9939254265714477
MMR009002,2024-07-01,-0.21764251588443762
MMR009003,2024-07-01,0.5323786854717066
MMR009004,2024-07-01,-0.9376628691863359
MMR009005,2024-07-01,-0.717704094574516
MMR009006,2024-07-01,-1.0498306454595898
MMR009007,2024-07-01,-0.9941115280554049
MMR009008,2024-07-01,-0.6076535405896325
MMR009009,2024-07-01,-0.6854015371263994
MMR009010,2024-07-01,-0.24764336393868328
MMR009011,2024-07-01,-0.2615619014284985
MMR009012,2024-07-01,-0.782309209470749
MMR009013,2024-07-01,-0.6556962734440442
MMR009014,2024-07-01,0.18676751397274644
MMR009015,2024-07-01,-0.29777084774900126
MMR009016,2024-07-01,-1.2069440274927514
MMR009017,2024-07-01,-0.90766202113209
MMR009018,2024-07-01,1.9624820549449382
MMR009019,2024-07-01,3.1167327158476077
MMR009020,2024-07-01,2.157223518307853
MMR009021,2024-07-01,1.089755945481944
MMR009022,2024-07-01,0.9943314501756592
MMR009023,2024-07-01,0.443950129647354
MMR009024,2024-07-01,0.4451879735576783
MMR009025,2024-07-01,-0.14895208085262826
MMR010001,2024-07-01,-0.3217414599368799
MMR010002,2024-07-01,-0.4775094097601543
MMR010003,2024-07-01,-0.7119121265429029
MMR010004,2024-07-01,-0.7119121265429029
MMR010005,2024-07-01,-0.5954570933086955
MMR010006,2024-07-01,-0.45862908743627134
MMR010007,2024-07-01,1.032675779101315
MMR010008,2024-07-01,4.159982080091078
MMR010009,2024-07-01,6.53254829632086
MMR010010,2024-07-01,6.832556776863316
MMR010011,2024-07-01,9.588366028663422
MMR010012,2024-07-01,7.0208994330926116
MMR010013,2024-07-01,1.4838903174974898
MMR010014,2024-07-01,-0.7500066520226325
MMR010015,2024-07-01,0.025254726732163744
MMR010016,2024-07-01,0.019962650011177037
MMR010017,2024-07-01,1.801895386378572
MMR010018,2024-07-01,1.7091099586492302
MMR010019,2024-07-01,0.8082313940422685
MMR010020,2024-07-01,-0.5993913631561091
MMR010021,2024-07-01,2.0924227842924865
MMR010022,2024-07-01,0.45216040469616836
MMR010023,2024-07-01,-0.5149339977242064
MMR010024,2024-07-01,-0.9588366028663421
MMR010028,2024-07-01,-0.9676637172405816
MMR010029,2024-07-01,0.08985984162839672
MMR010030,2024-07-01,-1.1624404660354601
MMR010031,2024-07-01,-0.24764336393868328
MMR011001,2024-07-01,-0.46498765021946353
MMR011002,2024-07-01,0.4168854795071054
MMR011003,2024-07-01,-0.548197999509543
MMR011004,2024-07-01,-0.2416140426630721
MMR011005,2024-07-01,-0.32388794946321253
MMR011006,2024-07-01,0.4660720586281747
MMR011007,2024-07-01,-0.5168253042763348
MMR011008,2024-07-01,-0.7920365658895974
MMR011009,2024-07-01,1.0558104763708802
MMR011010,2024-07-01,0.6390033182463773
MMR012001,2024-07-01,0.27227570812849533
MMR012002,2024-07-01,-0.32388794946321237
MMR012003,2024-07-01,-0.32388794946321253
MMR012004,2024-07-01,-0.7119121265429027
MMR012005,2024-07-01,-0.3178668117164336
MMR012006,2024-07-01,0.1760937913721029
MMR012007,2024-07-01,0.08557829113410609
MMR012008,2024-07-01,4.358345615730032
MMR012009,2024-07-01,4.928157553866939
MMR012010,2024-07-01,3.223207914095698
MMR012011,2024-07-01,0.040320541015107694
MMR012012,2024-07-01,-0.548197999509543
MMR012013,2024-07-01,0.040320541015107694
MMR012014,2024-07-01,-0.1866111458170303
MMR012015,2024-07-01,2.254131190652203
MMR012016,2024-07-01,2.803274667270184
MMR012017,2024-07-01,1.0616034903379765
MMR013001,2024-07-01,-0.9438219967113315
MMR013002,2024-07-01,-1.027665413349073
MMR013003,2024-07-01,-0.9438219967113315
MMR013004,2024-07-01,-1.6168201957237185
MMR013005,2024-07-01,-1.4998446037595443
MMR013006,2024-07-01,-1.3276738938915307
MMR013007,2024-07-01,-0.9438219967113315
MMR013009,2024-07-01,-1.5002699277630707
MMR013010,2024-07-01,-1.2991501286406133
MMR013011,2024-07-01,-1.2057610791897815
MMR013012,2024-07-01,-1.0730322265037975
MMR013013,2024-07-01,-1.1352112288116558
MMR013014,2024-07-01,-1.2057610791897815
MMR013015,2024-07-01,-1.2991501286406133
MMR013016,2024-07-01,-0.955349961602858
MMR013017,2024-07-01,-1.2410360043788442
MMR013018,2024-07-01,-1.3576747419457766
MMR013019,2024-07-01,-1.3576747419457766
MMR013020,2024-07-01,-1.0999363036225933
MMR013021,2024-07-01,-1.1352112288116558
MMR013022,2024-07-01,-1.6596085544505224
MMR013023,2024-07-01,-1.3314526860887297
MMR013024,2024-07-01,-0.955349961602858
MMR013025,2024-07-01,-1.1065637220190403
MMR013026,2024-07-01,-1.2057610791897815
MMR013027,2024-07-01,-1.732488662400086
MMR013028,2024-07-01,-1.3637552435368463
MMR013029,2024-07-01,-0.7776435353928243
MMR013030,2024-07-01,-1.1065637220190403
MMR013031,2024-07-01,-1.1065637220190403
MMR013032,2024-07-01,-0.548197999509543
MMR013033,2024-07-01,-1.2410360043788442
MMR013034,2024-07-01,-1.3314526860887297
MMR013035,2024-07-01,-1.4476772861085137
MMR013036,2024-07-01,-1.06724782750286
MMR013037,2024-07-01,-1.2057610791897815
MMR013038,2024-07-01,-1.3876755900000222
MMR013039,2024-07-01,-1.2991501286406133
MMR013040,2024-07-01,-0.9886160384704993
MMR013041,2024-07-01,-1.3876755900000222
MMR013042,2024-07-01,-1.5368930609160418
MMR013043,2024-07-01,-1.6063539042201964
MMR013044,2024-07-01,-1.5284223829070382
MMR013046,2024-07-01,-1.3276738938915307
MMR013047,2024-07-01,-1.169939898848147
MMR014001,2024-07-01,0.21907007142086282
MMR014002,2024-07-01,0.5623795335259524
MMR014003,2024-07-01,-0.4876501483726495
MMR014004,2024-07-01,-0.1576408197759461
MMR014005,2024-07-01,0.10442001544307969
MMR014006,2024-07-01,-0.5002625754085263
MMR014007,2024-07-01,-0.4576493003184036
MMR014008,2024-07-01,3.0931790942095736
MMR014009,2024-07-01,-0.23340944628453092
MMR014010,2024-07-01,0.18887738087498235
MMR014011,2024-07-01,-0.8469143243669819
MMR014012,2024-07-01,-1.169939898848147
MMR014013,2024-07-01,-1.4176764380542681
MMR014014,2024-07-01,-1.3314526860887297
MMR014015,2024-07-01,-0.2615619014284985
MMR014016,2024-07-01,0.4128854161095619
MMR014017,2024-07-01,-1.0876671094575647
MMR014018,2024-07-01,-1.3637552435368463
MMR014019,2024-07-01,-1.5565748380510058
MMR014020,2024-07-01,-0.9090683697397521
MMR014021,2024-07-01,-1.1065637220190403
MMR015001,2024-07-01,2.54750881374523
MMR015002,2024-07-01,2.6392057664180597
MMR015003,2024-07-01,3.1909053566475825
MMR015004,2024-07-01,1.4557378623535222
MMR015005,2024-07-01,-1.2022424562962637
MMR015006,2024-07-01,-1.06724782750286
MMR015007,2024-07-01,-0.955349961602858
MMR015008,2024-07-01,-1.2022424562962637
MMR015009,2024-07-01,-0.9886160384704993
MMR015010,2024-07-01,-0.9235616776772795
MMR015011,2024-07-01,-0.9372208248837197
MMR015012,2024-07-01,8.662608508172308
MMR015013,2024-07-01,9.097830792075325
MMR015014,2024-07-01,4.358166921576314
MMR015015,2024-07-01,3.521078896144629
MMR015016,2024-07-01,4.483007654572242
MMR015017,2024-07-01,5.54252031053075
MMR015018,2024-07-01,1.4557884840235475
MMR015019,2024-07-01,3.031855159200152
MMR015020,2024-07-01,2.2541311906522035
MMR015021,2024-07-01,1.963408173619155
MMR015022,2024-07-01,-1.0293864532444676
MMR015023,2024-07-01,-0.8313524604057777
MMR015024,2024-07-01,-1.3276738938915307
MMR016001,2024-07-01,-1.4776781341627596
MMR016002,2024-07-01,-1.3637552435368463
MMR016003,2024-07-01,-1.2057610791897815
MMR016005,2024-07-01,-1.2410360043788442
MMR016006,2024-07-01,-1.3637552435368463
MMR016007,2024-07-01,-1.6862358795656853
MMR016008,2024-07-01,-1.3637552435368463
MMR016009,2024-07-01,-1.1065637220190403
MMR016010,2024-07-01,-1.2410360043788442
MMR016011,2024-07-01,-1.2410360043788442
MMR017001,2024-07-01,-0.9588366028663421
MMR017002,2024-07-01,-1.2991501286406133
MMR017003,2024-07-01,-1.0730322265037975
MMR017004,2024-07-01,-0.7223846278390705
MMR017005,2024-07-01,-1.4176764380542681
MMR017006,2024-07-01,-1.105334783951914
MMR017007,2024-07-01,-1.4176764380542681
MMR017008,2024-07-01,-1.3876755900000222
MMR017009,2024-07-01,-1.2022424562962637
MMR017010,2024-07-01,-1.1376373414000305
MMR017011,2024-07-01,1.5757774842417562
MMR017012,2024-07-01,1.3819621395530572
MMR017013,2024-07-01,-1.2376713497287934
MMR017014,2024-07-01,-1.1704861540007188
MMR017015,2024-07-01,-1.3314526860887297
MMR017016,2024-07-01,-0.9886160384704993
MMR017017,2024-07-01,-1.5002699277630707
MMR017018,2024-07-01,-1.1352112288116558
MMR017019,2024-07-01,-1.4476772861085137
MMR017020,2024-07-01,-1.5284223829070382
MMR017021,2024-07-01,-1.4176764380542681
MMR017022,2024-07-01,-1.4176764380542681
MMR017023,2024-07-01,-1.1065637220190403
MMR017024,2024-07-01,-1.06724782750286
MMR017025,2024-07-01,-1.5284223829070382
MMR017026,2024-07-01,-0.955349961602858
MMR018001,2024-07-01,-0.32388794946321253
MMR018002,2024-07-01,-1.2057610791897815
MMR018003,2024-07-01,-0.5712389080121415
MMR018004,2024-07-01,-1.1352112288116558
MMR018005,2024-07-01,-1.2668475711924967
MMR018006,2024-07-01,-0.8075341507653067
MMR018007,2024-07-01,-1.2069440274927514
MMR018008,2024-07-01,-1.2076705016745477
MMR001001,2024-08-01,-0.3151801829161809
MMR001002,2024-08-01,0.2568775660159136
MMR001003,2024-08-01,-0.9983383935477919
MMR001004,2024-08-01,-1.4887456331216122
MMR001005,2024-08-01,-0.5352929857929267
MMR001006,2024-08-01,-1.1722401684071064
MMR001007,2024-08-01,-1.0673455651735142
MMR001008,2024-08-01,-0.9337066584960454
MMR001009,2024-08-01,-1.2702545040136497
MMR001010,2024-08-01,0.29972297285715305
MMR001011,2024-08-01,-0.5724867365155151
MMR001012,2024-08-01,1.1617215766450024
MMR001013,2024-08-01,0.21250200191988627
MMR001014,2024-08-01,-1.5528104552422641
MMR001015,2024-08-01,-1.646386920463496
MMR001016,2024-08-01,-1.5528104552422641
MMR001017,2024-08-01,-1.3845558959451663
MMR001018,2024-08-01,-1.66274887323135
MMR002001,2024-08-01,-0.044457358377297175
MMR002002,2024-08-01,-0.743213182574132
MMR002003,2024-08-01,-1.2702545040136497
MMR002004,2024-08-01,-0.8384599205350887
MMR002005,2024-08-01,-1.2008535582089495
MMR002006,2024-08-01,-1.4010859604195498
MMR002007,2024-08-01,-1.1722401684071064
MMR003001,2024-08-01,-0.6145711510395269
MMR003002,2024-08-01,-0.45747296869126175
MMR003003,2024-08-01,-0.45621996600803016
MMR003004,2024-08-01,-0.3185444203280061
MMR003005,2024-08-01,0.3670488562438277
MMR003006,2024-08-01,0.08167054551398606
MMR003007,2024-08-01,1.148322351860479
MMR004001,2024-08-01,0.11400745907447865
MMR004002,2024-08-01,0.6922173420748537
MMR004003,2024-08-01,0.10165419682125286
MMR004004,2024-08-01,-0.3229772582548669
MMR004005,2024-08-01,-0.5352929857929267
MMR004006,2024-08-01,0.038060060045352576
MMR004007,2024-08-01,0.7837950554703952
MMR004008,2024-08-01,-0.44165528010961486
MMR004009,2024-08-01,-0.5765635648620449
MMR005001,2024-08-01,3.1386364996712888
MMR005002,2024-08-01,3.6595103936588336
MMR005003,2024-08-01,4.74799249065776
MMR005004,2024-08-01,4.4427190923773265
MMR005005,2024-08-01,6.492411909403097
MMR005006,2024-08-01,5.563152941473716
MMR005007,2024-08-01,2.3120129846265853
MMR005008,2024-08-01,-0.8516541772327553
MMR005009,2024-08-01,2.1219750537391757
MMR005010,2024-08-01,1.3508375165216366
MMR005011,2024-08-01,0.5426177798987838
MMR005012,2024-08-01,3.213977031404286
MMR005013,2024-08-01,1.4772060805102551
MMR005014,2024-08-01,2.970958833810898
MMR005015,2024-08-01,4.4427190923773265
MMR005016,2024-08-01,1.259153653167088
MMR005017,2024-08-01,0.8297171237047883
MMR005018,2024-08-01,4.307558920574538
MMR005019,2024-08-01,1.8368739117084147
MMR005020,2024-08-01,-0.5724867365155151
MMR005021,2024-08-01,-0.6160972219841485
MMR005022,2024-08-01,1.361823330189536
MMR005023,2024-08-01,-0.8768292947510972
MMR005024,2024-08-01,0.08167054551398606
MMR005025,2024-08-01,-0.26721333823508114
MMR005026,2024-08-01,-1.313864989482283
MMR005027,2024-08-01,-0.6573165656870352
MMR005028,2024-08-01,-0.6955898135936535
MMR005029,2024-08-01,-0.0064497721998151986
MMR005030,2024-08-01,-1.008591591201849
MMR005031,2024-08-01,-1.095812562139116
MMR005032,2024-08-01,-1.403368722870107
MMR005033,2024-08-01,-1.4438717558023384
MMR005034,2024-08-01,-1.5647608054765763
MMR005035,2024-08-01,-1.073152423999022
MMR005036,2024-08-01,-1.195354045779449
MMR005037,2024-08-01,-1.3845558959451663
MMR006001,2024-08-01,3.832172295816459
MMR006002,2024-08-01,1.269390698280582
MMR006003,2024-08-01,1.8532589490102467
MMR006004,2024-08-01,2.1186536084328216
MMR006005,2024-08-01,3.4987058374302102
MMR006006,2024-08-01,2.4371271997399115
MMR006007,2024-08-01,2.923786228922702
MMR006008,2024-08-01,2.959962586443791
MMR006009,2024-08-01,-0.5999889985593285
MMR006010,2024-08-01,2.6494429272779714
MMR007001,2024-08-01,-0.862598395349548
MMR007002,2024-08-01,-1.2783980321761363
MMR007003,2024-08-01,-1.4575637172813072
MMR007004,2024-08-01,-0.552805031293245
MMR007005,2024-08-01,0.16163082805495682
MMR007006,2024-08-01,1.841448566827652
MMR007007,2024-08-01,-0.07648601684743496
MMR007008,2024-08-01,1.323815744012054
MMR007009,2024-08-01,0.12528103098261956
MMR007010,2024-08-01,-0.39804479464098136
MMR007011,2024-08-01,2.2824072739629617
MMR007012,2024-08-01,2.5659285044885825
MMR007013,2024-08-01,1.8284487423716995
MMR007014,2024-08-01,2.218584333477023
MMR008001,2024-08-01,-0.9649811057332157
MMR008002,2024-08-01,0.43751985917969877
MMR008003,2024-08-01,1.2858081578345721
MMR008004,2024-08-01,-0.11066153071680701
MMR008005,2024-08-01,-0.4852657655782483
MMR008006,2024-08-01,-1.2818596240734124
MMR008007,2024-08-01,-0.9337066584960454
MMR008008,2024-08-01,-0.1783256298078393
MMR008009,2024-08-01,0.42012778812834267
MMR008010,2024-08-01,1.0411012258239212
MMR008011,2024-08-01,-0.4010435042066739
MMR008012,2024-08-01,0.7112289653963818
MMR008013,2024-08-01,-0.6573165656870352
MMR008014,2024-08-01,0.43055442926305326
MMR009001,2024-08-01,-1.4987283410550325
MMR009002,2024-08-01,-0.06676863610646662
MMR009003,2024-08-01,1.229328417724942
MMR009004,2024-08-01,-1.48437478873457
MMR009005,2024-08-01,-1.2702545040136497
MMR009006,2024-08-01,-1.2226925298792384
MMR009007,2024-08-01,-1.0765767654374805
MMR009008,2024-08-01,-0.39079289956431895
MMR009009,2024-08-01,-0.8777601347959488
MMR009010,2024-08-01,0.17624956148692242
MMR009011,2024-08-01,-0.27250287544218904
MMR009012,2024-08-01,-1.2702545040136497
MMR009013,2024-08-01,-1.1086697713467926
MMR009014,2024-08-01,-0.3544343091723481
MMR009015,2024-08-01,-0.7033181929214153
MMR009016,2024-08-01,-1.35493408242786
MMR009017,2024-08-01,-1.48437478873457
MMR009018,2024-08-01,4.0983695349682385
MMR009019,2024-08-01,6.1127716023747825
MMR009020,2024-08-01,3.614119868473292
MMR009021,2024-08-01,2.3120129846265853
MMR009022,2024-08-01,1.6516480223847885
MMR009023,2024-08-01,0.3705970210982132
MMR009024,2024-08-01,0.9538802548866542
MMR009025,2024-08-01,0.7537019513498243
MMR010001,2024-08-01,-0.3399426933164605
MMR010002,2024-08-01,-0.4291351220238968
MMR010003,2024-08-01,-0.6955898135936535
MMR010004,2024-08-01,-0.6479664446131752
MMR010005,2024-08-01,-0.5883719176774417
MMR010006,2024-08-01,-0.15848011690974312
MMR010007,2024-08-01,0.9578150720821552
MMR010008,2024-08-01,5.4021497726872605
MMR010009,2024-08-01,7.9528318844753745
MMR010010,2024-08-01,10.139995662815878
MMR010011,2024-08-01,11.591239383369762
MMR010012,2024-08-01,9.896966655148407
MMR010013,2024-08-01,2.730096432578887
MMR010014,2024-08-01,-0.5724867365155151
MMR010015,2024-08-01,0.474164914731687
MMR010016,2024-08-01,0.7537019513498243
MMR010017,2024-08-01,4.573550548783227
MMR010018,2024-08-01,3.9843467764357925
MMR010019,2024-08-01,2.806111604933851
MMR010020,2024-08-01,0.10757298633263074
MMR010021,2024-08-01,3.9430316241844543
MMR010022,2024-08-01,1.8760721113521777
MMR010023,2024-08-01,-1.1846849437017566
MMR010024,2024-08-01,-1.2194468723789156
MMR010028,2024-08-01,-1.0793444594122548
MMR010029,2024-08-01,1.1719326822298213
MMR010030,2024-08-01,-1.4127304607666484
MMR010031,2024-08-01,-0.22878076783539292
MMR011001,2024-08-01,-1.1718235033984372
MMR011002,2024-08-01,0.16163082805495682
MMR011003,2024-08-01,-0.6859169131095217
MMR011004,2024-08-01,1.0570749707425222
MMR011005,2024-08-01,0.06638409009400024
MMR011006,2024-08-01,1.587864289587672
MMR011007,2024-08-01,-0.4291351220238968
MMR011008,2024-08-01,-0.9068455089845315
MMR011009,2024-08-01,0.42012778812834267
MMR011010,2024-08-01,0.1688915164512528
MMR012001,2024-08-01,0.5936590468036159
MMR012002,2024-08-01,-0.40984959971078333
MMR012003,2024-08-01,-0.8384599205350886
MMR012004,2024-08-01,-0.886083289515567
MMR012005,2024-08-01,-0.9566394266368646
MMR012006,2024-08-01,-0.4621443150968873
MMR012007,2024-08-01,-0.4010435042066739
MMR012008,2024-08-01,4.45412661135148
MMR012009,2024-08-01,5.036928665022323
MMR012010,2024-08-01,3.1780150137869576
MMR012011,2024-08-01,-0.21774107153603353
MMR012012,2024-08-01,-0.6859169131095217
MMR012013,2024-08-01,-0.21774107153603353
MMR012014,2024-08-01,-0.6231029274099499
MMR012015,2024-08-01,3.3088464701928575
MMR012016,2024-08-01,2.3930262753515565
MMR012017,2024-08-01,1.8559219504968016
MMR013001,2024-08-01,-1.1830335330763826
MMR013002,2024-08-01,-1.2818596240734124
MMR013003,2024-08-01,-1.4446964458881832
MMR013004,2024-08-01,-2.1770933604408373
MMR013005,2024-08-01,-1.8222654229661712
MMR013006,2024-08-01,-1.646386920463496
MMR013007,2024-08-01,-1.2266440185450163
MMR013009,2024-08-01,-1.792806322541468
MMR013010,2024-08-01,-1.4446964458881832
MMR013011,2024-08-01,-1.3623169793203507
MMR013012,2024-08-01,-1.4010859604195498
MMR013013,2024-08-01,-1.4575637172813072
MMR013014,2024-08-01,-1.409940348300829
MMR013015,2024-08-01,-1.53191741682545
MMR013016,2024-08-01,-1.195354045779449
MMR013017,2024-08-01,-1.5528104552422641
MMR013018,2024-08-01,-1.6868899533957278
MMR013019,2024-08-01,-1.6058838875312647
MMR013020,2024-08-01,-1.3623169793203507
MMR013021,2024-08-01,-1.4575637172813072
MMR013022,2024-08-01,-2.002008246250137
MMR013023,2024-08-01,-1.66274887323135
MMR013024,2024-08-01,-1.195354045779449
MMR013025,2024-08-01,-1.3845558959451663
MMR013026,2024-08-01,-1.5051870862617858
MMR013027,2024-08-01,-2.025862096770453
MMR013028,2024-08-01,-1.6191383877627168
MMR013029,2024-08-01,-0.9730040127352487
MMR013030,2024-08-01,-1.3845558959451663
MMR013031,2024-08-01,-1.3845558959451663
MMR013032,2024-08-01,-0.6859169131095217
MMR013033,2024-08-01,-1.5528104552422641
MMR013034,2024-08-01,-1.66274887323135
MMR013035,2024-08-01,-1.808399052192422
MMR013036,2024-08-01,-1.3314769640606512
MMR013037,2024-08-01,-1.5051870862617858
MMR013038,2024-08-01,-1.7273929863279591
MMR013039,2024-08-01,-1.6191383877627168
MMR013040,2024-08-01,-1.1191612365225914
MMR013041,2024-08-01,-1.646386920463496
MMR013042,2024-08-01,-1.8567212445146113
MMR013043,2024-08-01,-2.002008246250137
MMR013044,2024-08-01,-1.754798736363986
MMR013046,2024-08-01,-1.403368722870107
MMR013047,2024-08-01,-1.3574754749509164
MMR014001,2024-08-01,-0.00555042542328068
MMR014002,2024-08-01,0.4192677590803115
MMR014003,2024-08-01,-0.9173323276833287
MMR014004,2024-08-01,0.014237429757996394
MMR014005,2024-08-01,-0.5765635648620449
MMR014006,2024-08-01,-1.0765767654374805
MMR014007,2024-08-01,-0.633811097157708
MMR014008,2024-08-01,4.5250762175361965
MMR014009,2024-08-01,-0.6905863233944908
MMR014010,2024-08-01,-0.19648770308722507
MMR014011,2024-08-01,-0.8777601347959488
MMR014012,2024-08-01,-1.5755279022940833
MMR014013,2024-08-01,-1.6058838875312647
MMR014014,2024-08-01,-1.6191383877627168
MMR014015,2024-08-01,0.5256564342849325
MMR014016,2024-08-01,0.9102697694180208
MMR014017,2024-08-01,-1.1603505252767177
MMR014018,2024-08-01,-1.6191383877627168
MMR014019,2024-08-01,-1.8308139087189501
MMR014020,2024-08-01,-0.8806242542819007
MMR014021,2024-08-01,-1.3845558959451663
MMR015001,2024-08-01,4.360887698002258
MMR015002,2024-08-01,3.8286302395517904
MMR015003,2024-08-01,5.4021497726872605
MMR015004,2024-08-01,2.2740053984491033
MMR015005,2024-08-01,-1.4446964458881832
MMR015006,2024-08-01,-1.3314769640606512
MMR015007,2024-08-01,-1.195354045779449
MMR015008,2024-08-01,-1.4446964458881832
MMR015009,2024-08-01,-0.9599244408690465
MMR015010,2024-08-01,-0.9813300274765236
MMR015011,2024-08-01,-0.8806242542819007
MMR015012,2024-08-01,10.099492629883645
MMR015013,2024-08-01,10.508092254313892
MMR015014,2024-08-01,5.9066759782443645
MMR015015,2024-08-01,5.781188367751404
MMR015016,2024-08-01,5.4021497726872605
MMR015017,2024-08-01,5.8061711390671045
MMR015018,2024-08-01,2.5634594651625973
MMR015019,2024-08-01,3.687815495502815
MMR015020,2024-08-01,3.4396779265987587
MMR015021,2024-08-01,2.959962586443791
MMR015022,2024-08-01,-1.0289533964570021
MMR015023,2024-08-01,-0.6945297814464717
MMR015024,2024-08-01,-1.6058838875312647
MMR016001,2024-08-01,-1.8489020851246538
MMR016002,2024-08-01,-1.7063593586999837
MMR016003,2024-08-01,-1.5051870862617858
MMR016005,2024-08-01,-1.5528104552422641
MMR016006,2024-08-01,-1.7063593586999837
MMR016007,2024-08-01,-2.0739053755637236
MMR016008,2024-08-01,-1.7063593586999837
MMR016009,2024-08-01,-1.3845558959451663
MMR016010,2024-08-01,-1.5528104552422641
MMR016011,2024-08-01,-1.5528104552422641
MMR017001,2024-08-01,0.16163082805495704
MMR017002,2024-08-01,-1.6191383877627168
MMR017003,2024-08-01,-0.1363818818291809
MMR017004,2024-08-01,-0.8984010099000647
MMR017005,2024-08-01,-1.6868899533957278
MMR017006,2024-08-01,-0.04916091089191416
MMR017007,2024-08-01,-1.646386920463496
MMR017008,2024-08-01,-1.322362657005644
MMR017009,2024-08-01,-1.1830335330763826
MMR017010,2024-08-01,-0.09277139636054765
MMR017011,2024-08-01,2.6110787026947238
MMR017012,2024-08-01,1.2155431676984545
MMR017013,2024-08-01,-0.06676863610646687
MMR017014,2024-08-01,-1.5051870862617858
MMR017015,2024-08-01,-1.66274887323135
MMR017016,2024-08-01,-1.2783980321761363
MMR017017,2024-08-01,-1.792806322541468
MMR017018,2024-08-01,-1.4575637172813072
MMR017019,2024-08-01,-1.6868899533957278
MMR017020,2024-08-01,-1.716791150186504
MMR017021,2024-08-01,-1.6868899533957278
MMR017022,2024-08-01,-1.646386920463496
MMR017023,2024-08-01,-1.3845558959451663
MMR017024,2024-08-01,-1.3314769640606512
MMR017025,2024-08-01,-1.8688214948964321
MMR017026,2024-08-01,-1.195354045779449
MMR018001,2024-08-01,-0.9337066584960454
MMR018002,2024-08-01,-1.5051870862617858
MMR018003,2024-08-01,-1.3367152884116844
MMR018004,2024-08-01,-1.409940348300829
MMR018005,2024-08-01,-1.5755279022940833
MMR018006,2024-08-01,-1.4268312117414463
MMR018007,2024-08-01,-1.8582139876229644
MMR018008,2024-08-01,-1.6058838875312647
MMR001001,2024-09-01,-0.5488384814974173
MMR001002,2024-09-01,-0.014833996787529266
MMR001003,2024-09-01,-1.0272670966071384
MMR001004,2024-09-01,0.537778320385448
MMR001005,2024-09-01,-0.6815863820852369
MMR001006,2024-09-01,-0.8861862966590345
MMR001007,2024-09-01,1.3747684696586686
MMR001008,2024-09-01,1.6373023954235628
MMR001009,2024-09-01,0.9811073681336032
MMR001010,2024-09-01,0.3647315034183074
MMR001011,2024-09-01,-0.027507683218699223
MMR001012,2024-09-01,0.7194488441951783
MMR001013,2024-09-01,0.25266316437916275
MMR001014,2024-09-01,-1.605780152250062
MMR001015,2024-09-01,-1.5997232772463639
MMR001016,2024-09-01,-1.605780152250062
MMR001017,2024-09-01,-1.4317860688558282
MMR001018,2024-09-01,-1.596464429766725
MMR002001,2024-09-01,-0.6342646893703988
MMR002002,2024-09-01,-0.6267363642731187
MMR002003,2024-09-01,-1.0921569040905739
MMR002004,2024-09-01,-0.9938777847644725
MMR002005,2024-09-01,-1.3395159224103523
MMR002006,2024-09-01,-1.260259412649291
MMR002007,2024-09-01,-1.022586239708233
MMR003001,2024-09-01,-0.5854295639639052
MMR003002,2024-09-01,-0.259594943781765
MMR003003,2024-09-01,0.5433568722475007
MMR003004,2024-09-01,0.30556644592384313
MMR003005,2024-09-01,0.9552129345051442
MMR003006,2024-09-01,0.3647315034183074
MMR003007,2024-09-01,1.9911382194905942
MMR004001,2024-09-01,-0.5655461275245598
MMR004002,2024-09-01,-0.13957602225784385
MMR004003,2024-09-01,-0.749786353609836
MMR004004,2024-09-01,-0.8861862966590345
MMR004005,2024-09-01,-0.9543862681836337
MMR004006,2024-09-01,0.7009365205357415
MMR004007,2024-09-01,1.366640567884167
MMR004008,2024-09-01,0.14059482534001785
MMR004009,2024-09-01,-0.3412539369314371
MMR005001,2024-09-01,3.3609183968075693
MMR005002,2024-09-01,5.0615850065555295
MMR005003,2024-09-01,6.304353472492977
MMR005004,2024-09-01,4.1190208612296555
MMR005005,2024-09-01,6.6965926591299825
MMR005006,2024-09-01,3.8125897033426748
MMR005007,2024-09-01,4.444588352904938
MMR005008,2024-09-01,0.08146154035240724
MMR005009,2024-09-01,4.3469181020919505
MMR005010,2024-09-01,3.1360505807690444
MMR005011,2024-09-01,1.5761121586750035
MMR005012,2024-09-01,4.437087354949102
MMR005013,2024-09-01,2.774200792759918
MMR005014,2024-09-01,4.228921471080292
MMR005015,2024-09-01,5.68797760777768
MMR005016,2024-09-01,2.606098284201202
MMR005017,2024-09-01,1.8563267063607758
MMR005018,2024-09-01,5.52995824526035
MMR005019,2024-09-01,2.8758432259330333
MMR005020,2024-09-01,0.476799842457452
MMR005021,2024-09-01,0.30869733389873494
MMR005022,2024-09-01,3.077204841523116
MMR005023,2024-09-01,-0.5588938579023179
MMR005024,2024-09-01,1.7655857414076164
MMR005025,2024-09-01,0.925073198614031
MMR005026,2024-09-01,-0.8119860564927122
MMR005027,2024-09-01,-1.1642835748270457
MMR005028,2024-09-01,-1.0550680215130315
MMR005029,2024-09-01,0.3912729441659672
MMR005030,2024-09-01,-1.3162935821688633
MMR005031,2024-09-01,-1.428361921208008
MMR005032,2024-09-01,-1.2354329804759479
MMR005033,2024-09-01,0.638059974343335
MMR005034,2024-09-01,0.3424378187594736
MMR005035,2024-09-01,-1.0791159168432092
MMR005036,2024-09-01,-1.236130137547909
MMR005037,2024-09-01,-1.4317860688558282
MMR006001,2024-09-01,5.575909268738537
MMR006002,2024-09-01,1.1598128490789419
MMR006003,2024-09-01,2.523812279570926
MMR006004,2024-09-01,2.2510123934725295
MMR006005,2024-09-01,5.729210941227088
MMR006006,2024-09-01,4.433411482259704
MMR006007,2024-09-01,5.125145890091424
MMR006008,2024-09-01,4.903499234503668
MMR006009,2024-09-01,-0.1434932050366647
MMR006010,2024-09-01,4.365211510735104
MMR007001,2024-09-01,-0.4169573900696399
MMR007002,2024-09-01,-1.2953861258066297
MMR007003,2024-09-01,-1.544589915501503
MMR007004,2024-09-01,0.3778526195073234
MMR007005,2024-09-01,1.9432535791663577
MMR007006,2024-09-01,4.384457994723765
MMR007007,2024-09-01,0.9030195544408548
MMR007008,2024-09-01,2.833029214490648
MMR007009,2024-09-01,0.5328340119770245
MMR007010,2024-09-01,-0.08354185273827139
MMR007011,2024-09-01,4.593211767850709
MMR007012,2024-09-01,3.8125897033426748
MMR007013,2024-09-01,2.8611071303947417
MMR007014,2024-09-01,3.3345424879556425
MMR008001,2024-09-01,-0.8119860564927122
MMR008002,2024-09-01,1.517298617537764
MMR008003,2024-09-01,0.8796241982309034
MMR008004,2024-09-01,0.06861330468535447
MMR008005,2024-09-01,-0.30767853081656094
MMR008006,2024-09-01,-1.3915573933775547
MMR008007,2024-09-01,-0.6267363642731187
MMR008008,2024-09-01,0.5062102499248029
MMR008009,2024-09-01,1.0916128775543426
MMR008010,2024-09-01,2.2138590975641947
MMR008011,2024-09-01,-0.13703059261501077
MMR008012,2024-09-01,1.9569022556303557
MMR008013,2024-09-01,-0.10923484340482564
MMR008014,2024-09-01,1.2612782157314653
MMR009001,2024-09-01,-1.4427930549014003
MMR009002,2024-09-01,-0.3507279740335087
MMR009003,2024-09-01,0.846225858212144
MMR009004,2024-09-01,-1.7558476901479705
MMR009005,2024-09-01,-1.3723277516884358
MMR009006,2024-09-01,-1.1226159434353349
MMR009007,2024-09-01,-0.8103070745187957
MMR009008,2024-09-01,-0.6629767998367225
MMR009009,2024-09-01,-0.2516443612969885
MMR009010,2024-09-01,-0.6629767998367225
MMR009011,2024-09-01,-0.24358368611844983
MMR009012,2024-09-01,-1.0921569040905739
MMR009013,2024-09-01,-0.6342646893703988
MMR009014,2024-09-01,0.5888681814965969
MMR009015,2024-09-01,0.14059482534001785
MMR009016,2024-09-01,-1.0732767893853257
MMR009017,2024-09-01,-1.5476818062791615
MMR009018,2024-09-01,4.8352693561568865
MMR009019,2024-09-01,7.9607173821724775
MMR009020,2024-09-01,5.183670082101529
MMR009021,2024-09-01,3.1260399669296097
MMR009022,2024-09-01,1.0931757071727481
MMR009023,2024-09-01,0.31240920629995417
MMR009024,2024-09-01,1.37334655477061
MMR009025,2024-09-01,0.7819539474179161
MMR010001,2024-09-01,0.33401206949908857
MMR010002,2024-09-01,0.13681327620995368
MMR010003,2024-09-01,-0.4431656540274419
MMR010004,2024-09-01,-0.4431656540274419
MMR010005,2024-09-01,-0.3405865244622408
MMR010006,2024-09-01,0.19593244253999273
MMR010007,2024-09-01,0.5999194442908479
MMR010008,2024-09-01,5.631943438258109
MMR010009,2024-09-01,6.466704722669991
MMR010010,2024-09-01,9.433068567800523
MMR010011,2024-09-01,6.654901808805396
MMR010012,2024-09-01,7.5179763838634095
MMR010013,2024-09-01,3.8097317226205205
MMR010014,2024-09-01,-0.30767853081656094
MMR010015,2024-09-01,0.8690390290944586
MMR010016,2024-09-01,2.1493374587997374
MMR010017,2024-09-01,6.920729337208273
MMR010018,2024-09-01,6.104982616725721
MMR010019,2024-09-01,4.249247851278963
MMR010020,2024-09-01,0.3424378187594736
MMR010021,2024-09-01,5.9462900129979674
MMR010022,2024-09-01,2.555155946651947
MMR010023,2024-09-01,-1.5621320720937775
MMR010024,2024-09-01,-1.1162582582615905
MMR010028,2024-09-01,-1.0272670966071384
MMR010029,2024-09-01,1.9336882499663335
MMR010030,2024-09-01,-1.8551428245327393
MMR010031,2024-09-01,0.11764526467131191
MMR011001,2024-09-01,-1.1774484950101494
MMR011002,2024-09-01,0.16873671345814775
MMR011003,2024-09-01,-0.7093150110146952
MMR011004,2024-09-01,2.728412194144724
MMR011005,2024-09-01,1.086590264686532
MMR011006,2024-09-01,2.728412194144724
MMR011007,2024-09-01,-0.06778663836384395
MMR011008,2024-09-01,-0.6133864105606377
MMR011009,2024-09-01,1.0234129060297434
MMR011010,2024-09-01,1.0931757071727481
MMR012001,2024-09-01,2.252901413490632
MMR012002,2024-09-01,0.5970683706980603
MMR012003,2024-09-01,-0.5655461275245598
MMR012004,2024-09-01,-0.259594943781765
MMR012005,2024-09-01,-0.2924188115249435
MMR012006,2024-09-01,-0.058523482262660735
MMR012007,2024-09-01,-0.45105903402441017
MMR012008,2024-09-01,4.228811567685907
MMR012009,2024-09-01,4.416381807821282
MMR012010,2024-09-01,3.27850831843607
MMR012011,2024-09-01,0.33401206949908857
MMR012012,2024-09-01,-0.7093150110146952
MMR012013,2024-09-01,0.33401206949908857
MMR012014,2024-09-01,0.19848770325998863
MMR012015,2024-09-01,3.894884183151366
MMR012016,2024-09-01,2.2698932670837677
MMR012017,2024-09-01,1.7586564555477886
MMR013001,2024-09-01,-1.0921569040905739
MMR013002,2024-09-01,-0.923184154672734
MMR013003,2024-09-01,-1.428361921208008
MMR013004,2024-09-01,-2.0592359351318015
MMR013005,2024-09-01,-1.8584988536069842
MMR013006,2024-09-01,-1.4956403353119594
MMR013007,2024-09-01,-1.0361227345710016
MMR013009,2024-09-01,-1.6598023229067649
MMR013010,2024-09-01,-1.4843960907275804
MMR013011,2024-09-01,-1.2998289685072673
MMR013012,2024-09-01,-1.2042252431297187
MMR013013,2024-09-01,-1.4222094420043854
MMR013014,2024-09-01,-1.483399678752944
MMR013015,2024-09-01,-1.596464429766725
MMR013016,2024-09-01,-1.236130137547909
MMR013017,2024-09-01,-1.605780152250062
MMR013018,2024-09-01,-1.5997232772463639
MMR013019,2024-09-01,-1.2354329804759479
MMR013020,2024-09-01,-0.9326875480159136
MMR013021,2024-09-01,-1.4222094420043854
MMR013022,2024-09-01,-2.0432569863650216
MMR013023,2024-09-01,-1.764566938325442
MMR013024,2024-09-01,-1.236130137547909
MMR013025,2024-09-01,-1.4317860688558282
MMR013026,2024-09-01,-1.605780152250062
MMR013027,2024-09-01,-1.8676493957751923
MMR013028,2024-09-01,-1.3723277516884358
MMR013029,2024-09-01,-1.0061952677064916
MMR013030,2024-09-01,-1.4317860688558282
MMR013031,2024-09-01,-1.363586097331229
MMR013032,2024-09-01,-0.7093150110146952
MMR013033,2024-09-01,-1.605780152250062
MMR013034,2024-09-01,-1.764566938325442
MMR013035,2024-09-01,-1.9119721030495775
MMR013036,2024-09-01,-1.4317860688558282
MMR013037,2024-09-01,-1.544589915501503
MMR013038,2024-09-01,-1.859930632082375
MMR013039,2024-09-01,-1.6524985992862975
MMR013040,2024-09-01,-1.2271861542820306
MMR013041,2024-09-01,-1.651764748213566
MMR013042,2024-09-01,-1.6708036859689024
MMR013043,2024-09-01,-2.13563605274404
MMR013044,2024-09-01,-1.8063076991262457
MMR013046,2024-09-01,-1.3395159224103523
MMR013047,2024-09-01,-1.2042252431297185
MMR014001,2024-09-01,-0.643883547933995
MMR014002,2024-09-01,-0.5588938579023179
MMR014003,2024-09-01,-0.8191012127383293
MMR014004,2024-09-01,-0.7150182708039248
MMR014005,2024-09-01,-1.5621320720937775
MMR014006,2024-09-01,-1.1162582582615905
MMR014007,2024-09-01,-0.8711426837055317
MMR014008,2024-09-01,4.468558851400052
MMR014009,2024-09-01,-1.7086374483132585
MMR014010,2024-09-01,-1.0737808180288413
MMR014011,2024-09-01,-0.9240543955318568
MMR014012,2024-09-01,-1.596464429766725
MMR014013,2024-09-01,-1.651764748213566
MMR014014,2024-09-01,-1.596464429766725
MMR014015,2024-09-01,0.8796241982309034
MMR014016,2024-09-01,1.5974832328488988
MMR014017,2024-09-01,-1.28747445144315
MMR014018,2024-09-01,-1.596464429766725
MMR014019,2024-09-01,-1.8063076991262457
MMR014020,2024-09-01,-1.0249456926223477
MMR014021,2024-09-01,-1.363586097331229
MMR015001,2024-09-01,2.2061800670698366
MMR015002,2024-09-01,0.6582586074466192
MMR015003,2024-09-01,3.2224741489164974
MMR015004,2024-09-01,-0.24358368611844983
MMR015005,2024-09-01,-1.6524985992862975
MMR015006,2024-09-01,-1.4317860688558282
MMR015007,2024-09-01,-1.236130137547909
MMR015008,2024-09-01,-1.6524985992862975
MMR015009,2024-09-01,-0.5451864390360385
MMR015010,2024-09-01,-0.5655461275245598
MMR015011,2024-09-01,-1.0737808180288413
MMR015012,2024-09-01,6.466704722669991
MMR015013,2024-09-01,6.08610085498862
MMR015014,2024-09-01,2.6680753989649295
MMR015015,2024-09-01,3.656580208126009
MMR015016,2024-09-01,1.9897224194859058
MMR015017,2024-09-01,0.638059974343335
MMR015018,2024-09-01,1.6519056687957243
MMR015019,2024-09-01,-0.19715557102334405
MMR015020,2024-09-01,0.25266316437916275
MMR015021,2024-09-01,0.028526486300873236
MMR015022,2024-09-01,-1.2386387317587084
MMR015023,2024-09-01,-0.6815863820852369
MMR015024,2024-09-01,-1.7558476901479705
MMR016001,2024-09-01,-1.859930632082375
MMR016002,2024-09-01,-1.7085327688058698
MMR016003,2024-09-01,-1.605780152250062
MMR016005,2024-09-01,-1.605780152250062
MMR016006,2024-09-01,-1.6524985992862975
MMR016007,2024-09-01,-2.0432569863650216
MMR016008,2024-09-01,-1.6524985992862975
MMR016009,2024-09-01,-1.4317860688558282
MMR016010,2024-09-01,-1.605780152250062
MMR016011,2024-09-01,-1.605780152250062
MMR017001,2024-09-01,1.331351211680768
MMR017002,2024-09-01,-1.764566938325442
MMR017003,2024-09-01,0.925073198614031
MMR017004,2024-09-01,-1.0061952677064916
MMR017005,2024-09-01,-1.7038062191807684
MMR017006,2024-09-01,1.0931757071727481
MMR017007,2024-09-01,-1.7038062191807684
MMR017008,2024-09-01,-1.0793085675743408
MMR017009,2024-09-01,-0.9240543955318568
MMR017010,2024-09-01,1.0931757071727481
MMR017011,2024-09-01,2.606098284201202
MMR017012,2024-09-01,0.028526486300873236
MMR017013,2024-09-01,1.2625576259497622
MMR017014,2024-09-01,-1.605780152250062
MMR017015,2024-09-01,-1.7085327688058698
MMR017016,2024-09-01,-1.4317860688558282
MMR017017,2024-09-01,-1.6598023229067649
MMR017018,2024-09-01,-1.605780152250062
MMR017019,2024-09-01,-1.4435988643447568
MMR017020,2024-09-01,-1.4644618212807903
MMR017021,2024-09-01,-1.4435988643447568
MMR017022,2024-09-01,-1.651764748213566
MMR017023,2024-09-01,-1.4317860688558282
MMR017024,2024-09-01,-1.4317860688558282
MMR017025,2024-09-01,-1.7086374483132585
MMR017026,2024-09-01,-1.236130137547909
MMR018001,2024-09-01,-1.483399678752944
MMR018002,2024-09-01,-1.605780152250062
MMR018003,2024-09-01,-1.9039779499392329
MMR018004,2024-09-01,-1.605780152250062
MMR018005,2024-09-01,-1.764566938325442
MMR018006,2024-09-01,-1.7199302540384565
MMR018007,2024-09-01,-1.6275511876594377
MMR018008,2024-09-01,-1.9119721030495775
MMR001001,2024-10-01,-1.1847904083344438
MMR001002,2024-10-01,0.31629711636567354
MMR001003,2024-10-01,-0.23447351239557399
MMR001004,2024-10-01,-0.06880255440813701
MMR001005,2024-10-01,0.6283249897736144
MMR001006,2024-10-01,0.19544973585859823
MMR001007,2024-10-01,0.22454291869526202
MMR001008,2024-10-01,0.8503243407412061
MMR001009,2024-10-01,0.5965339852306564
MMR001010,2024-10-01,-0.7816373492114423
MMR001011,2024-10-01,-0.603808789928591
MMR001012,2024-10-01,-0.26627803749854356
MMR001013,2024-10-01,-0.603808789928591
MMR001014,2024-10-01,-1.4799762747156624
MMR001015,2024-10-01,-1.720890442630056
MMR001016,2024-10-01,-1.4799762747156624
MMR001017,2024-10-01,-1.3196136528439582
MMR001018,2024-10-01,-1.4484944465221352
MMR002001,2024-10-01,-1.2311665281974837
MMR002002,2024-10-01,-0.7032094028967063
MMR002003,2024-10-01,-0.8260944890321552
MMR002004,2024-10-01,-1.140140768294869
MMR002005,2024-10-01,-1.2667074917250754
MMR002006,2024-10-01,-0.603808789928591
MMR002007,2024-10-01,-0.3997537382745489
MMR003001,2024-10-01,0.4736339666935582
MMR003002,2024-10-01,1.627091212560162
MMR003003,2024-10-01,1.2139976197708227
MMR003004,2024-10-01,0.8318391305145536
MMR003005,2024-10-01,2.0892789717367934
MMR003006,2024-10-01,1.3523053621827748
MMR003007,2024-10-01,2.1603093196488694
MMR004001,2024-10-01,0.26774918687698873
MMR004002,2024-10-01,0.6409911250513691
MMR004003,2024-10-01,0.24955914259797526
MMR004004,2024-10-01,-0.56208195849268
MMR004005,2024-10-01,-0.778519585450188
MMR004006,2024-10-01,0.06304830738210186
MMR004007,2024-10-01,1.2519434178389077
MMR004008,2024-10-01,-0.47043737046645245
MMR004009,2024-10-01,-0.7662209386817451
MMR005001,2024-10-01,2.6432099657688553
MMR005002,2024-10-01,2.2015986788220494
MMR005003,2024-10-01,3.3084195142941404
MMR005004,2024-10-01,2.0191624594934674
MMR005005,2024-10-01,3.1750480948320017
MMR005006,2024-10-01,2.9448071439392898
MMR005007,2024-10-01,2.023452598412687
MMR005008,2024-10-01,-0.03198237417617966
MMR005009,2024-10-01,2.914598311651186
MMR005010,2024-10-01,3.5641475315369906
MMR005011,2024-10-01,1.4814474240941078
MMR005012,2024-10-01,2.7796497072465702
MMR005013,2024-10-01,2.6860195568041596
MMR005014,2024-10-01,3.1099645806320106
MMR005015,2024-10-01,1.8413339002106162
MMR005016,2024-10-01,2.597105277162734
MMR005017,2024-10-01,2.6821255168933167
MMR005018,2024-10-01,1.8299944462634286
MMR005019,2024-10-01,1.4583902137048084
MMR005020,2024-10-01,-0.8260944890321552
MMR005021,2024-10-01,-0.9150087686735809
MMR005022,2024-10-01,0.6673612956584493
MMR005023,2024-10-01,-1.3905755692446156
MMR005024,2024-10-01,0.7299054046927945
MMR005025,2024-10-01,-0.6482659297493039
MMR005026,2024-10-01,-0.9594659084942938
MMR005027,2024-10-01,-0.48723316524726
MMR005028,2024-10-01,-0.9944969798288147
MMR005029,2024-10-01,0.5511248982795146
MMR005030,2024-10-01,-1.0928373279564323
MMR005031,2024-10-01,-1.226208747418571
MMR005032,2024-10-01,-1.3079968508982556
MMR005033,2024-10-01,0.26099879768258677
MMR005034,2024-10-01,0.16367024034973235
MMR005035,2024-10-01,-0.9524251997425224
MMR005036,2024-10-01,-1.1392862674684632
MMR005037,2024-10-01,-1.3196136528439582
MMR006001,2024-10-01,3.8863623319634066
MMR006002,2024-10-01,1.5481849043430236
MMR006003,2024-10-01,2.7927012593486946
MMR006004,2024-10-01,1.9269507515186626
MMR006005,2024-10-01,3.225576513263711
MMR006006,2024-10-01,1.9810601582580396
MMR006007,2024-10-01,3.326268744664128
MMR006008,2024-10-01,2.8193909762662983
MMR006009,2024-10-01,-0.24290339057299729
MMR006010,2024-10-01,1.9269507515186626
MMR007001,2024-10-01,-1.2894239947975212
MMR007002,2024-10-01,-1.211394839365204
MMR007003,2024-10-01,-1.4314283452269776
MMR007004,2024-10-01,0.3435775160289468
MMR007005,2024-10-01,1.190159847161999
MMR007006,2024-10-01,2.266428005332434
MMR007007,2024-10-01,0.12210539841093457
MMR007008,2024-10-01,2.6433800511003387
MMR007009,2024-10-01,0.1519625870235275
MMR007010,2024-10-01,0.19641972684424044
MMR007011,2024-10-01,2.9860965031124698
MMR007012,2024-10-01,1.4171008545316284
MMR007013,2024-10-01,0.21920125738830418
MMR007014,2024-10-01,1.5745910612863385
MMR008001,2024-10-01,-1.0928373279564323
MMR008002,2024-10-01,0.3498355264573606
MMR008003,2024-10-01,0.04743384297079767
MMR008004,2024-10-01,-0.56208195849268
MMR008005,2024-10-01,-0.8705516288528682
MMR008006,2024-10-01,-1.3492862100714358
MMR008007,2024-10-01,-1.2372366272722386
MMR008008,2024-10-01,-1.0452789597170071
MMR008009,2024-10-01,-0.616191365232057
MMR008010,2024-10-01,0.19641972684424044
MMR008011,2024-10-01,0.04416716146249509
MMR008012,2024-10-01,0.2800798021486422
MMR008013,2024-10-01,-1.0104010975626478
MMR008014,2024-10-01,0.329791146306379
MMR009001,2024-10-01,-1.0947300160721525
MMR009002,2024-10-01,-0.19318415322239407
MMR009003,2024-10-01,0.34357751602894654
MMR009004,2024-10-01,-1.6383117242836958
MMR009005,2024-10-01,-1.0928373279564323
MMR009006,2024-10-01,-1.1536755966115273
MMR009007,2024-10-01,-0.7517573323853911
MMR009008,2024-10-01,-0.7299458224737347
MMR009009,2024-10-01,1.5745910612863392
MMR009010,2024-10-01,-0.5647883857810145
MMR009011,2024-10-01,1.2097978167601444
MMR009012,2024-10-01,-0.9150087686735809
MMR009013,2024-10-01,0.9773250220022751
MMR009014,2024-10-01,2.3748195780591703
MMR009015,2024-10-01,-0.0703231120800367
MMR009016,2024-10-01,-0.9114976640211229
MMR009017,2024-10-01,-1.2667074917250754
MMR009018,2024-10-01,2.1009435299986436
MMR009019,2024-10-01,3.6120166959247944
MMR009020,2024-10-01,2.5526481373420222
MMR009021,2024-10-01,1.9072162010337526
MMR009022,2024-10-01,0.863276824154933
MMR009023,2024-10-01,0.7375935044381451
MMR009024,2024-10-01,0.9966482436170716
MMR009025,2024-10-01,0.20241570614271057
MMR010001,2024-10-01,-0.3295549739893865
MMR010002,2024-10-01,-0.56208195849268
MMR010003,2024-10-01,-0.9459490503401301
MMR010004,2024-10-01,-0.8974011208514453
MMR010005,2024-10-01,-0.724410178710811
MMR010006,2024-10-01,-0.7662209386817451
MMR010007,2024-10-01,0.5649388747344831
MMR010008,2024-10-01,4.686590848736238
MMR010009,2024-10-01,4.967985743425113
MMR010010,2024-10-01,6.165377159447334
MMR010011,2024-10-01,2.93788530875465
MMR010012,2024-10-01,3.376139373972974
MMR010013,2024-10-01,1.790979803654818
MMR010014,2024-10-01,-1.0483801881357195
MMR010015,2024-10-01,-0.29260881118360094
MMR010016,2024-10-01,0.7448522272444057
MMR010017,2024-10-01,3.664076632859843
MMR010018,2024-10-01,2.8371073800652296
MMR010019,2024-10-01,2.023452598412687
MMR010020,2024-10-01,-0.41751174654494105
MMR010021,2024-10-01,3.1925432989783706
MMR010022,2024-10-01,0.9474201997185753
MMR010023,2024-10-01,-0.8049664044747233
MMR010024,2024-10-01,-0.9459490503401301
MMR010028,2024-10-01,-1.1015500550323551
MMR010029,2024-10-01,0.1519625870235275
MMR010030,2024-10-01,-1.6573666519202443
MMR010031,2024-10-01,-0.5234990266078344
MMR011001,2024-10-01,-0.8974011208514453
MMR011002,2024-10-01,0.9474201997185753
MMR011003,2024-10-01,-0.6537441542856678
MMR011004,2024-10-01,1.2776378706461384
MMR011005,2024-10-01,0.21920125738830396
MMR011006,2024-10-01,1.2235284639067614
MMR011007,2024-10-01,-0.3997537382745489
MMR011008,2024-10-01,-0.724410178710811
MMR011009,2024-10-01,0.9529814302098765
MMR011010,2024-10-01,1.1300196630792103
MMR012001,2024-10-01,1.7344316104861268
MMR012002,2024-10-01,0.5104888343204127
MMR012003,2024-10-01,-0.6546614734080215
MMR012004,2024-10-01,-0.12063424903248919
MMR012005,2024-10-01,1.132306885174188
MMR012006,2024-10-01,2.5979350870503524
MMR012007,2024-10-01,-0.5164160417153272
MMR012008,2024-10-01,2.359826005433679
MMR012009,2024-10-01,2.0996389064478436
MMR012010,2024-10-01,1.7079624807484777
MMR012011,2024-10-01,3.096231267652861
MMR012012,2024-10-01,-0.6537441542856678
MMR012013,2024-10-01,3.096231267652861
MMR012014,2024-10-01,1.4659271153968547
MMR012015,2024-10-01,2.8193909762662983
MMR012016,2024-10-01,3.041676675369863
MMR012017,2024-10-01,1.132306885174188
MMR013001,2024-10-01,-0.9150087686735809
MMR013002,2024-10-01,-0.8538138999932748
MMR013003,2024-10-01,-1.1372944677771453
MMR013004,2024-10-01,-1.7998428468528807
MMR013005,2024-10-01,-1.8643058946864777
MMR013006,2024-10-01,-1.4318649284177956
MMR013007,2024-10-01,-1.0039230483150066
MMR013009,2024-10-01,-1.6573666519202443
MMR013010,2024-10-01,-1.537408726163561
MMR013011,2024-10-01,-1.334332486249608
MMR013012,2024-10-01,-1.0483801881357195
MMR013013,2024-10-01,-1.2857845567609234
MMR013014,2024-10-01,-1.4799762747156624
MMR013015,2024-10-01,-1.5818658659842737
MMR013016,2024-10-01,-1.1392862674684632
MMR013017,2024-10-01,-1.4799762747156624
MMR013018,2024-10-01,-1.5144436467641558
MMR013019,2024-10-01,-1.1841287733787154
MMR013020,2024-10-01,-0.8488531913627606
MMR013021,2024-10-01,-1.2857845567609234
MMR013022,2024-10-01,-1.9375988355068896
MMR013023,2024-10-01,-1.6263230058049867
MMR013024,2024-10-01,-1.1392862674684632
MMR013025,2024-10-01,-1.3196136528439582
MMR013026,2024-10-01,-1.4799762747156624
MMR013027,2024-10-01,-1.7777140649585501
MMR013028,2024-10-01,-1.3595801668807095
MMR013029,2024-10-01,-0.9273655063242326
MMR013030,2024-10-01,-1.2655042461045811
MMR013031,2024-10-01,-1.211394839365204
MMR013032,2024-10-01,-0.6537441542856678
MMR013033,2024-10-01,-1.4799762747156624
MMR013034,2024-10-01,-1.5818658659842737
MMR013035,2024-10-01,-1.720890442630056
MMR013036,2024-10-01,-1.2655042461045811
MMR013037,2024-10-01,-1.3828804157382928
MMR013038,2024-10-01,-1.597022365110516
MMR013039,2024-10-01,-1.492951586342848
MMR013040,2024-10-01,-1.049066619147073
MMR013041,2024-10-01,-1.5557330059373358
MMR013042,2024-10-01,-1.5369006395335736
MMR013043,2024-10-01,-1.9375988355068896
MMR013044,2024-10-01,-1.773603049299179
MMR013046,2024-10-01,-1.3905755692446156
MMR013047,2024-10-01,-1.0928373279564323
MMR014001,2024-10-01,-1.181751607597858
MMR014002,2024-10-01,-0.4409203082614743
MMR014003,2024-10-01,-1.3492862100714358
MMR014004,2024-10-01,-1.3079968508982556
MMR014005,2024-10-01,-0.8049664044747233
MMR014006,2024-10-01,-1.0915928388061842
MMR014007,2024-10-01,-1.2254181325518954
MMR014008,2024-10-01,2.4332406651949783
MMR014009,2024-10-01,-0.8437118702677016
MMR014010,2024-10-01,-0.3400208149589846
MMR014011,2024-10-01,-1.492951586342848
MMR014012,2024-10-01,-1.4484944465221352
MMR014013,2024-10-01,-1.679601083456876
MMR014014,2024-10-01,-1.537408726163561
MMR014015,2024-10-01,0.20241570614271057
MMR014016,2024-10-01,0.8188196843342204
MMR014017,2024-10-01,-1.3492862100714358
MMR014018,2024-10-01,-1.5818658659842737
MMR014019,2024-10-01,-1.8123485150921572
MMR014020,2024-10-01,-1.6186211861272661
MMR014021,2024-10-01,-1.2655042461045811
MMR015001,2024-10-01,1.6904017351035003
MMR015002,2024-10-01,0.9959681292072603
MMR015003,2024-10-01,2.4192767178798835
MMR015004,2024-10-01,-0.1850389517870717
MMR015005,2024-10-01,-1.5818658659842737
MMR015006,2024-10-01,-1.3196136528439582
MMR015007,2024-10-01,-1.1392862674684632
MMR015008,2024-10-01,-1.5818658659842737
MMR015009,2024-10-01,-0.3997537382745489
MMR015010,2024-10-01,-0.5090176849419673
MMR015011,2024-10-01,-0.8049664044747233
MMR015012,2024-10-01,3.811883686576071
MMR015013,2024-10-01,3.59601819643421
MMR015014,2024-10-01,1.727048205513706
MMR015015,2024-10-01,2.8407894497772808
MMR015016,2024-10-01,0.7743625445135076
MMR015017,2024-10-01,-1.1428394142055351
MMR015018,2024-10-01,-0.5083864895088572
MMR015019,2024-10-01,0.0010569049137687382
MMR015020,2024-10-01,0.6854482648720818
MMR015021,2024-10-01,0.19641972684424044
MMR015022,2024-10-01,-0.9459490503401301
MMR015023,2024-10-01,-0.5079725517533029
MMR015024,2024-10-01,-1.679601083456876
MMR016001,2024-10-01,-1.720890442630056
MMR016002,2024-10-01,-1.5818658659842737
MMR016003,2024-10-01,-1.4799762747156624
MMR016005,2024-10-01,-1.4799762747156624
MMR016006,2024-10-01,-1.537408726163561
MMR016007,2024-10-01,-1.9375988355068896
MMR016008,2024-10-01,-1.537408726163561
MMR016009,2024-10-01,-1.3196136528439582
MMR016010,2024-10-01,-1.4799762747156624
MMR016011,2024-10-01,-1.4799762747156624
MMR017001,2024-10-01,1.3358036356280536
MMR017002,2024-10-01,-1.5818658659842737
MMR017003,2024-10-01,0.952191103796359
MMR017004,2024-10-01,-0.8513141601296509
MMR017005,2024-10-01,-1.7621798018032362
MMR017006,2024-10-01,0.9077339639756462
MMR017007,2024-10-01,-1.7621798018032362
MMR017008,2024-10-01,-1.6383117242836958
MMR017009,2024-10-01,-1.4484944465221352
MMR017010,2024-10-01,0.9077339639756462
MMR017011,2024-10-01,1.8413339002106162
MMR017012,2024-10-01,-0.603808789928591
MMR017013,2024-10-01,0.7564711077607472
MMR017014,2024-10-01,-1.4799762747156624
MMR017015,2024-10-01,-1.6263230058049867
MMR017016,2024-10-01,-1.3196136528439582
MMR017017,2024-10-01,-1.6961121177132226
MMR017018,2024-10-01,-1.4314283452269776
MMR017019,2024-10-01,-1.5557330059373358
MMR017020,2024-10-01,-1.6961121177132226
MMR017021,2024-10-01,-1.5557330059373358
MMR017022,2024-10-01,-1.7621798018032362
MMR017023,2024-10-01,-1.2655042461045811
MMR017024,2024-10-01,-1.2655042461045811
MMR017025,2024-10-01,-1.6573666519202443
MMR017026,2024-10-01,-1.1392862674684632
MMR018001,2024-10-01,-0.6061135439193367
MMR018002,2024-10-01,-1.4314283452269776
MMR018003,2024-10-01,-1.114930130818549
MMR018004,2024-10-01,-1.4314283452269776
MMR018005,2024-10-01,-1.6263230058049867
MMR018006,2024-10-01,-0.8748511936109168
MMR018007,2024-10-01,-0.8015582527905049
MMR018008,2024-10-01,-1.720890442630056
MMR001001,2024-11-01,-1.1218518847248222
MMR001002,2024-11-01,0.4461576388674687
MMR001003,2024-11-01,-0.16194428898649976
MMR001004,2024-11-01,-1.5425571973643193
MMR001005,2024-11-01,0.7787569926377487
MMR001006,2024-11-01,0.09501368097176636
MMR001007,2024-11-01,-0.657327660203464
MMR001008,2024-11-01,-1.043690190922114
MMR001009,2024-11-01,-0.2641068605751915
MMR001010,2024-11-01,-0.9462613209006167
MMR001011,2024-11-01,-1.0666415197815742
MMR001012,2024-11-01,-0.12349006075796001
MMR001013,2024-11-01,-0.745627656099021
MMR001014,2024-11-01,-1.4818807290955205
MMR001015,2024-11-01,-1.7644473996688075
MMR001016,2024-11-01,-1.4818807290955205
MMR001017,2024-11-01,-1.3213117503363399
MMR001018,2024-11-01,-1.4277821164244462
MMR002001,2024-11-01,0.06612776114010271
MMR002002,2024-11-01,0.139424262146084
MMR002003,2024-11-01,-0.023346462813276736
MMR002004,2024-11-01,-0.34258532984466333
MMR002005,2024-11-01,-0.9818296014286106
MMR002006,2024-11-01,0.09703373606768066
MMR002007,2024-11-01,0.4368853368047575
MMR003001,2024-11-01,1.0802987132407165
MMR003002,2024-11-01,2.242738845378436
MMR003003,2024-11-01,3.0803588980440457
MMR003004,2024-11-01,3.420815233315559
MMR003005,2024-11-01,2.4881152718027044
MMR003006,2024-11-01,1.6619763215201269
MMR003007,2024-11-01,1.99957153472452
MMR004001,2024-11-01,1.6292720919356667
MMR004002,2024-11-01,2.1033703840836373
MMR004003,2024-11-01,1.2671450723991646
MMR004004,2024-11-01,0.33920772085247436
MMR004005,2024-11-01,-0.2468579748612248
MMR004006,2024-11-01,0.5384277986311913
MMR004007,2024-11-01,1.962304020522606
MMR004008,2024-11-01,0.17728720198831907
MMR004009,2024-11-01,-0.5633576574051059
MMR005001,2024-11-01,2.617282687287717
MMR005002,2024-11-01,2.44678170514749
MMR005003,2024-11-01,2.9059050432900198
MMR005004,2024-11-01,0.8995683952740634
MMR005005,2024-11-01,1.9428634522423605
MMR005006,2024-11-01,2.7076543045608887
MMR005007,2024-11-01,1.8846411924929276
MMR005008,2024-11-01,0.13651727252167067
MMR005009,2024-11-01,1.7097841317859253
MMR005010,2024-11-01,2.44678170514749
MMR005011,2024-11-01,1.9798245224743918
MMR005012,2024-11-01,2.893991875570459
MMR005013,2024-11-01,2.6250179125677855
MMR005014,2024-11-01,3.341202045993429
MMR005015,2024-11-01,1.6619763215201269
MMR005016,2024-11-01,3.0664119751312966
MMR005017,2024-11-01,2.9337835567349417
MMR005018,2024-11-01,1.962304020522606
MMR005019,2024-11-01,1.925036506320692
MMR005020,2024-11-01,-1.1870217186625314
MMR005021,2024-11-01,-1.1870217186625314
MMR005022,2024-11-01,-0.003815063142698243
MMR005023,2024-11-01,-0.497351916803727
MMR005024,2024-11-01,0.41804759975023387
MMR005025,2024-11-01,-1.026514786821255
MMR005026,2024-11-01,-0.6653741901783827
MMR005027,2024-11-01,0.3262528440271169
MMR005028,2024-11-01,0.007967100694062087
MMR005029,2024-11-01,1.5698984832203233
MMR005030,2024-11-01,0.13716046902799986
MMR005031,2024-11-01,-0.10359992873391492
MMR005032,2024-11-01,-0.12467677478458553
MMR005033,2024-11-01,-0.5718869452075552
MMR005034,2024-11-01,-0.5283862452637054
MMR005035,2024-11-01,0.20852461711044734
MMR005036,2024-11-01,-1.0283125726132845
MMR005037,2024-11-01,-1.2236341343840567
MMR006001,2024-11-01,2.103370384083637
MMR006002,2024-11-01,1.0717898404945982
MMR006003,2024-11-01,1.6090167282321557
MMR006004,2024-11-01,1.3648226883514478
MMR006005,2024-11-01,1.0717898404945982
MMR006006,2024-11-01,0.38804652882861596
MMR006007,2024-11-01,1.4978149304836448
MMR006008,2024-11-01,0.819314929353425
MMR006009,2024-11-01,-0.24212421713953652
MMR006010,2024-11-01,0.7299181846616071
MMR007001,2024-11-01,-1.153332422306386
MMR007002,2024-11-01,-1.2724729423601984
MMR007003,2024-11-01,-1.4818807290955205
MMR007004,2024-11-01,-0.08740926058267151
MMR007005,2024-11-01,0.9281672308582158
MMR007006,2024-11-01,3.3907024231631335
MMR007007,2024-11-01,0.0956052083287433
MMR007008,2024-11-01,4.507497103097963
MMR007009,2024-11-01,0.21741393494863806
MMR007010,2024-11-01,0.25754066790895724
MMR007011,2024-11-01,4.720100071464251
MMR007012,2024-11-01,3.117596960781944
MMR007013,2024-11-01,-0.1673091145753005
MMR007014,2024-11-01,3.186792174012254
MMR008001,2024-11-01,-0.8660078549799783
MMR008002,2024-11-01,0.011447468211477992
MMR008003,2024-11-01,0.9054416525337142
MMR008004,2024-11-01,-0.5887296306942159
MMR008005,2024-11-01,-0.7055009231387019
MMR008006,2024-11-01,-1.0190971156305249
MMR008007,2024-11-01,-1.2189664061914764
MMR008008,2024-11-01,-0.5866827458382361
MMR008009,2024-11-01,-0.2956967828373664
MMR008010,2024-11-01,0.779188196393106
MMR008011,2024-11-01,0.37718423389095623
MMR008012,2024-11-01,0.20033069370086123
MMR008013,2024-11-01,-0.6181632834197999
MMR008014,2024-11-01,0.8995683952740634
MMR009001,2024-11-01,-0.6242507880065834
MMR009002,2024-11-01,0.17346333883072745
MMR009003,2024-11-01,0.4716034524460407
MMR009004,2024-11-01,-1.540842314457323
MMR009005,2024-11-01,-1.0666415197815742
MMR009006,2024-11-01,-0.9480431909605112
MMR009007,2024-11-01,-0.34258532984466333
MMR009008,2024-11-01,-0.05014174638075728
MMR009009,2024-11-01,2.9861585092106586
MMR009010,2024-11-01,0.5088709666479546
MMR009011,2024-11-01,2.7589264960279394
MMR009012,2024-11-01,-1.026514786821255
MMR009013,2024-11-01,1.8846411924929276
MMR009014,2024-11-01,4.591227827623424
MMR009015,2024-11-01,1.1804555259962972
MMR009016,2024-11-01,-0.8888657655816282
MMR009017,2024-11-01,-1.4663072860534947
MMR009018,2024-11-01,1.8496697803515272
MMR009019,2024-11-01,2.6190408474623377
MMR009020,2024-11-01,2.344130781845552
MMR009021,2024-11-01,2.8288693203107407
MMR009022,2024-11-01,1.822483253361403
MMR009023,2024-11-01,2.021898987743866
MMR009024,2024-11-01,2.504637713686828
MMR009025,2024-11-01,1.4999556589375223
MMR010001,2024-11-01,-1.0845324448734541
MMR010002,2024-11-01,-1.2236341343840567
MMR010003,2024-11-01,-1.3504235676434986
MMR010004,2024-11-01,-1.2189664061914764
MMR010005,2024-11-01,-1.077117710455632
MMR010006,2024-11-01,-0.7382147181121083
MMR010007,2024-11-01,0.6805495094448208
MMR010008,2024-11-01,4.7517347594647
MMR010009,2024-11-01,5.204577756089136
MMR010010,2024-11-01,5.689055440714019
MMR010011,2024-11-01,3.2067580293599307
MMR010012,2024-11-01,2.7165133038783584
MMR010013,2024-11-01,1.6748127196445246
MMR010014,2024-11-01,-1.347528650503808
MMR010015,2024-11-01,-0.023346462813276736
MMR010016,2024-11-01,0.520756118978309
MMR010017,2024-11-01,2.9059050432900198
MMR010018,2024-11-01,2.269326726048333
MMR010019,2024-11-01,1.9545840167757285
MMR010020,2024-11-01,-0.2136435359911011
MMR010021,2024-11-01,3.0803294465800297
MMR010022,2024-11-01,0.665252907954172
MMR010023,2024-11-01,-0.7731861302535088
MMR010024,2024-11-01,-0.912233029470092
MMR010028,2024-11-01,-0.9072945730247824
MMR010029,2024-11-01,0.17728720198831907
MMR010030,2024-11-01,-1.227814488091715
MMR010031,2024-11-01,-0.31101434579415627
MMR011001,2024-11-01,-0.9560520832874325
MMR011002,2024-11-01,1.5854530381183256
MMR011003,2024-11-01,-0.6545854014996983
MMR011004,2024-11-01,0.8764346085900319
MMR011005,2024-11-01,-0.035851953123278615
MMR011006,2024-11-01,0.8764346085900319
MMR011007,2024-11-01,-0.7352460546226407
MMR011008,2024-11-01,-0.8817624785510655
MMR011009,2024-11-01,0.4857241447808991
MMR011010,2024-11-01,1.0199485941550208
MMR012001,2024-11-01,0.032449637348597675
MMR012002,2024-11-01,-0.4302234374793445
MMR012003,2024-11-01,-1.043690190922114
MMR012004,2024-11-01,-0.6931377603833885
MMR012005,2024-11-01,1.6048698953617238
MMR012006,2024-11-01,3.806596441761304
MMR012007,2024-11-01,-0.803433083572606
MMR012008,2024-11-01,1.5601779202560142
MMR012009,2024-11-01,1.782681040395197
MMR012010,2024-11-01,0.8995683952740634
MMR012011,2024-11-01,4.200135547582492
MMR012012,2024-11-01,-0.6545854014996983
MMR012013,2024-11-01,4.200135547582492
MMR012014,2024-11-01,3.222462301530996
MMR012015,2024-11-01,4.872114958345657
MMR012016,2024-11-01,4.912241691305978
MMR012017,2024-11-01,1.8146983682101265
MMR013001,2024-11-01,-0.8258811220196592
MMR013002,2024-11-01,-0.9072945730247824
MMR013003,2024-11-01,-1.0666415197815742
MMR013004,2024-11-01,-1.9137756159094352
MMR013005,2024-11-01,-1.7488644427005242
MMR013006,2024-11-01,-1.4290397718515804
MMR013007,2024-11-01,-0.8660078549799783
MMR013009,2024-11-01,-1.7174142580713216
MMR013010,2024-11-01,-1.387655383464127
MMR013011,2024-11-01,-1.3504235676434986
MMR013012,2024-11-01,-1.1468949857022122
MMR013013,2024-11-01,-1.4380616752781799
MMR013014,2024-11-01,-1.3942426214608392
MMR013015,2024-11-01,-1.4679088493847652
MMR013016,2024-11-01,-1.1407523171336238
MMR013017,2024-11-01,-1.4818807290955205
MMR013018,2024-11-01,-1.7271798854668934
MMR013019,2024-11-01,-1.5035748002554086
MMR013020,2024-11-01,-1.2627854600088173
MMR013021,2024-11-01,-1.4380616752781799
MMR013022,2024-11-01,-1.8811719314880466
MMR013023,2024-11-01,-1.6284157812260418
MMR013024,2024-11-01,-1.1407523171336238
MMR013025,2024-11-01,-1.3213117503363399
MMR013026,2024-11-01,-1.4818807290955205
MMR013027,2024-11-01,-1.9088653242639195
MMR013028,2024-11-01,-1.5481623153054036
MMR013029,2024-11-01,-0.928558853359872
MMR013030,2024-11-01,-1.2724729423601984
MMR013031,2024-11-01,-1.2724729423601984
MMR013032,2024-11-01,-0.6545854014996983
MMR013033,2024-11-01,-1.4818807290955205
MMR013034,2024-11-01,-1.5882890482657226
MMR013035,2024-11-01,-1.7271798854668934
MMR013036,2024-11-01,-1.2724729423601984
MMR013037,2024-11-01,-1.4380616752781799
MMR013038,2024-11-01,-1.6526448570630652
MMR013039,2024-11-01,-1.5481623153054036
MMR013040,2024-11-01,-1.1259565184317735
MMR013041,2024-11-01,-1.6526448570630652
MMR013042,2024-11-01,-1.5779112519871066
MMR013043,2024-11-01,-1.9473256758818078
MMR013044,2024-11-01,-1.6824428459299212
MMR013046,2024-11-01,-1.4290397718515804
MMR013047,2024-11-01,-1.1468949857022122
MMR014001,2024-11-01,-1.1468949857022122
MMR014002,2024-11-01,0.5088709666479546
MMR014003,2024-11-01,-1.3545047434477522
MMR014004,2024-11-01,-0.497351916803727
MMR014005,2024-11-01,-0.8781003666777102
MMR014006,2024-11-01,-1.1751473523741358
MMR014007,2024-11-01,-1.0563646298324392
MMR014008,2024-11-01,1.6441594343224428
MMR014009,2024-11-01,-0.0737578874254992
MMR014010,2024-11-01,0.48578470683690844
MMR014011,2024-11-01,-0.9462613209006165
MMR014012,2024-11-01,-1.387655383464127
MMR014013,2024-11-01,-1.1681671724381815
MMR014014,2024-11-01,-1.5080355823450844
MMR014015,2024-11-01,-0.9130717788191107
MMR014016,2024-11-01,-0.5048672583371061
MMR014017,2024-11-01,-1.5781098286592368
MMR014018,2024-11-01,-1.026514786821255
MMR014019,2024-11-01,-1.367700136657317
MMR014020,2024-11-01,-0.8781003666777102
MMR014021,2024-11-01,-1.1747953264079152
MMR015001,2024-11-01,-0.12809770505337412
MMR015002,2024-11-01,0.139424262146084
MMR015003,2024-11-01,0.21741393494863806
MMR015004,2024-11-01,-1.017986015243312
MMR015005,2024-11-01,-1.5882890482657226
MMR015006,2024-11-01,-1.3213117503363399
MMR015007,2024-11-01,-1.1407523171336238
MMR015008,2024-11-01,-1.5882890482657226
MMR015009,2024-11-01,-0.5398908227180743
MMR015010,2024-11-01,-0.649318706566048
MMR015011,2024-11-01,-0.9480431909605112
MMR015012,2024-11-01,2.782189332964717
MMR015013,2024-11-01,3.8742038307691797
MMR015014,2024-11-01,0.0042097837341484035
MMR015015,2024-11-01,0.665252907954172
MMR015016,2024-11-01,-0.22398012761487232
MMR015017,2024-11-01,-0.8700270588228683
MMR015018,2024-11-01,-1.1204038709597925
MMR015019,2024-11-01,-0.6811243585829276
MMR015020,2024-11-01,-0.10359992873391492
MMR015021,2024-11-01,-0.5851207242577445
MMR015022,2024-11-01,-0.8684139756527512
MMR015023,2024-11-01,-0.5398908227180743
MMR015024,2024-11-01,-1.7271798854668934
MMR016001,2024-11-01,-1.7644473996688075
MMR016002,2024-11-01,-1.6284157812260418
MMR016003,2024-11-01,-1.4818807290955205
MMR016005,2024-11-01,-1.4818807290955205
MMR016006,2024-11-01,-1.6284157812260418
MMR016007,2024-11-01,-1.9142488036849274
MMR016008,2024-11-01,-1.5080355823450844
MMR016009,2024-11-01,-1.3213117503363399
MMR016010,2024-11-01,-1.4818807290955205
MMR016011,2024-11-01,-1.4818807290955205
MMR017001,2024-11-01,2.6371103297345018
MMR017002,2024-11-01,-1.5080355823450844
MMR017003,2024-11-01,2.1836238500042753
MMR017004,2024-11-01,-0.7912719261158049
MMR017005,2024-11-01,-1.6899123712649793
MMR017006,2024-11-01,2.1033703840836373
MMR017007,2024-11-01,-1.6899123712649793
MMR017008,2024-11-01,-1.6526448570630652
MMR017009,2024-11-01,-1.347528650503808
MMR017010,2024-11-01,2.1434971170439563
MMR017011,2024-11-01,2.584891179607467
MMR017012,2024-11-01,-0.9462613209006167
MMR017013,2024-11-01,1.8132339637149495
MMR017014,2024-11-01,-1.3942426214608392
MMR017015,2024-11-01,-1.5481623153054036
MMR017016,2024-11-01,-1.1259565184317735
MMR017017,2024-11-01,-1.6824428459299212
MMR017018,2024-11-01,-1.2627854600088173
MMR017019,2024-11-01,-1.6526448570630652
MMR017020,2024-11-01,-1.752385670212722
MMR017021,2024-11-01,-1.6899123712649793
MMR017022,2024-11-01,-1.6899123712649793
MMR017023,2024-11-01,-1.2724729423601984
MMR017024,2024-11-01,-1.1259565184317735
MMR017025,2024-11-01,-1.6824428459299212
MMR017026,2024-11-01,-1.1407523171336238
MMR018001,2024-11-01,-0.5178615451140259
MMR018002,2024-11-01,-1.2189664061914764
MMR018003,2024-11-01,-1.017986015243312
MMR018004,2024-11-01,-1.1751473523741358
MMR018005,2024-11-01,-1.4277821164244462
MMR018006,2024-11-01,-0.19425144944713538
MMR018007,2024-11-01,-0.822712021187867
MMR018008,2024-11-01,-1.615377342861151
MMR001001,2024-12-01,-0.5368008728976348
MMR001002,2024-12-01,-0.3162547093895937
MMR001003,2024-12-01,-0.9617907316577046
MMR001004,2024-12-01,-1.9140699727130748
MMR001005,2024-12-01,-0.4098107406568491
MMR001006,2024-12-01,-0.9850176876090426
MMR001007,2024-12-01,-0.8625590924012607
MMR001008,2024-12-01,-1.4057695598691275
MMR001009,2024-12-01,-0.6625934530072362
MMR001010,2024-12-01,0.44013772598895634
MMR001011,2024-12-01,-0.3475274018654668
MMR001012,2024-12-01,1.4613747834980673
MMR001013,2024-12-01,0.33511570894169973
MMR001014,2024-12-01,-1.749826881073191
MMR001015,2024-12-01,-1.8396390638714053
MMR001016,2024-12-01,-1.6351411073385032
MMR001017,2024-12-01,-1.4324008685718599
MMR001018,2024-12-01,-1.6603026149561722
MMR002001,2024-12-01,1.243687836204235
MMR002002,2024-12-01,1.2893461228960357
MMR002003,2024-12-01,0.33511570894169973
MMR002004,2024-12-01,0.25717415928384546
MMR002005,2024-12-01,-0.7179439727094543
MMR002006,2024-12-01,0.7552037771307256
MMR002007,2024-12-01,1.507545749183796
MMR003001,2024-12-01,1.5182754717622617
MMR003002,2024-12-01,2.4935467471102575
MMR003003,2024-12-01,4.980963956028812
MMR003004,2024-12-01,5.472249051464867
MMR003005,2024-12-01,1.4436338661891077
MMR003006,2024-12-01,0.8602257941779816
MMR003007,2024-12-01,0.8914446363489966
MMR004001,2024-12-01,2.2068323127735376
MMR004002,2024-12-01,2.6456000839813414
MMR004003,2024-12-01,1.3158101001997315
MMR004004,2024-12-01,0.9962506852262906
MMR004005,2024-12-01,0.03757244030596808
MMR004006,2024-12-01,1.122780836796123
MMR004007,2024-12-01,2.1106784310902476
MMR004008,2024-12-01,0.9127368027016102
MMR004009,2024-12-01,-0.3580733712175888
MMR005001,2024-12-01,2.513698668913892
MMR005002,2024-12-01,3.9151444473072985
MMR005003,2024-12-01,4.588507399355584
MMR005004,2024-12-01,0.387626717465328
MMR005005,2024-12-01,2.0154679816978027
MMR005006,2024-12-01,2.9397574115142984
MMR005007,2024-12-01,1.5640400776885997
MMR005008,2024-12-01,-0.21327875368680826
MMR005009,2024-12-01,0.8318063828671945
MMR005010,2024-12-01,1.232830098876547
MMR005011,2024-12-01,1.404031896630723
MMR005012,2024-12-01,3.5249896329900987
MMR005013,2024-12-01,1.910445964650546
MMR005014,2024-12-01,3.0860654668832486
MMR005015,2024-12-01,4.430974373784699
MMR005016,2024-12-01,3.0131771436467383
MMR005017,2024-12-01,1.5640400776885997
MMR005018,2024-12-01,5.23191694562785
MMR005019,2024-12-01,2.7446800043556983
MMR005020,2024-12-01,-1.4502585808616593
MMR005021,2024-12-01,-1.345236563814403
MMR005022,2024-12-01,-0.17501494751223753
MMR005023,2024-12-01,-0.5716359173405045
MMR005024,2024-12-01,-0.24250538481821052
MMR005025,2024-12-01,-1.2927255552907746
MMR005026,2024-12-01,-0.8201264785781207
MMR005027,2024-12-01,0.9050712391878729
MMR005028,2024-12-01,1.0599745754266598
MMR005029,2024-12-01,2.2047445606573293
MMR005030,2024-12-01,0.44013772598895634
MMR005031,2024-12-01,0.7552037771307256
MMR005032,2024-12-01,-0.18148110302330403
MMR005033,2024-12-01,-0.9617907316577046
MMR005034,2024-12-01,-0.9530132482599805
MMR005035,2024-12-01,0.19797276012152498
MMR005036,2024-12-01,-1.1998754447905946
MMR005037,2024-12-01,-1.4324008685718599
MMR006001,2024-12-01,1.857934956126918
MMR006002,2024-12-01,1.0601625682209788
MMR006003,2024-12-01,0.9323388022316025
MMR006004,2024-12-01,1.507545749183796
MMR006005,2024-12-01,0.8684269192369143
MMR006006,2024-12-01,0.8045150362422261
MMR006007,2024-12-01,1.518717670365411
MMR006008,2024-12-01,0.9127368027016102
MMR006009,2024-12-01,-0.28799667553249175
MMR006010,2024-12-01,0.8684269192369143
MMR007001,2024-12-01,-0.8663716413743227
MMR007002,2024-12-01,-1.560224634561236
MMR007003,2024-12-01,-1.749826881073191
MMR007004,2024-12-01,0.5988285256110966
MMR007005,2024-12-01,2.2641751996408814
MMR007006,2024-12-01,6.851476488823991
MMR007007,2024-12-01,1.2320032360286914
MMR007008,2024-12-01,7.742261877744206
MMR007009,2024-12-01,-0.03246135072369758
MMR007010,2024-12-01,0.1775826833708151
MMR007011,2024-12-01,7.865461942268952
MMR007012,2024-12-01,5.963457222472601
MMR007013,2024-12-01,0.7732601410899405
MMR007014,2024-12-01,5.061106476068239
MMR008001,2024-12-01,-0.45254941891272343
MMR008002,2024-12-01,1.1110529694858027
MMR008003,2024-12-01,1.7928631073202888
MMR008004,2024-12-01,0.1653962062953444
MMR008005,2024-12-01,-0.1899943762945822
MMR008006,2024-12-01,-0.6691746209198045
MMR008007,2024-12-01,-1.0617122386650641
MMR008008,2024-12-01,0.8226785470687014
MMR008009,2024-12-01,1.3158101001997315
MMR008010,2024-12-01,2.7506221010285974
MMR008011,2024-12-01,0.8601113835009501
MMR008012,2024-12-01,1.64660546826042
MMR008013,2024-12-01,0.5755004707111856
MMR008014,2024-12-01,2.5405780669340845
MMR009001,2024-12-01,-0.38642017734399564
MMR009002,2024-12-01,0.8426752845593468
MMR009003,2024-12-01,1.9156010239316474
MMR009004,2024-12-01,-1.449484249554205
MMR009005,2024-12-01,-0.9776595041490054
MMR009006,2024-12-01,-0.8614840364073049
MMR009007,2024-12-01,0.31451704615118914
MMR009008,2024-12-01,1.037752691717947
MMR009009,2024-12-01,3.118199160693995
MMR009010,2024-12-01,1.8180623203523472
MMR009011,2024-12-01,3.6234473443738016
MMR009012,2024-12-01,-0.6625934530072363
MMR009013,2024-12-01,1.7470985013939508
MMR009014,2024-12-01,4.798551433450098
MMR009015,2024-12-01,2.330534032839571
MMR009016,2024-12-01,-0.559561601001183
MMR009017,2024-12-01,-1.3519455459749048
MMR009018,2024-12-01,4.4014456451215445
MMR009019,2024-12-01,5.7743838229116795
MMR009020,2024-12-01,4.746040424926469
MMR009021,2024-12-01,4.4014456451215445
MMR009022,2024-12-01,3.6433092459302765
MMR009023,2024-12-01,2.4704133129995953
MMR009024,2024-12-01,3.328243194788507
MMR009025,2024-12-01,3.1658012851104234
MMR010001,2024-12-01,-0.9791625703307865
MMR010002,2024-12-01,-1.112841453598419
MMR010003,2024-12-01,-1.233740899267096
MMR010004,2024-12-01,-1.1190551255324082
MMR010005,2024-12-01,-0.9850176876090426
MMR010006,2024-12-01,-0.26654415936491316
MMR010007,2024-12-01,0.9799082554951486
MMR010008,2024-12-01,4.378463365261072
MMR010009,2024-12-01,5.1831475938382
MMR010010,2024-12-01,5.865918518893301
MMR010011,2024-12-01,3.5830615975897913
MMR010012,2024-12-01,2.297271889342408
MMR010013,2024-12-01,2.3420383784363428
MMR010014,2024-12-01,-1.345236563814403
MMR010015,2024-12-01,0.8602257941779816
MMR010016,2024-12-01,1.1063940184252214
MMR010017,2024-12-01,4.851062441973726
MMR010018,2024-12-01,4.904856310311261
MMR010019,2024-12-01,2.8912136495523963
MMR010020,2024-12-01,0.2826311117511407
MMR010021,2024-12-01,3.9639137990969484
MMR010022,2024-12-01,1.576060557232755
MMR010023,2024-12-01,-1.2733654897443452
MMR010024,2024-12-01,-0.8896835780630326
MMR010028,2024-12-01,-0.6204052691301544
MMR010029,2024-12-01,1.437846887937892
MMR010030,2024-12-01,-1.090307066038994
MMR010031,2024-12-01,0.5012898220317965
MMR011001,2024-12-01,-1.1190551255324082
MMR011002,2024-12-01,0.7732601410899405
MMR011003,2024-12-01,-0.7729442113748061
MMR011004,2024-12-01,0.7406031532475379
MMR011005,2024-12-01,-0.20156893565490583
MMR011006,2024-12-01,0.8684269192369143
MMR011007,2024-12-01,-0.6015463896409136
MMR011008,2024-12-01,-0.6654582726356018
MMR011009,2024-12-01,0.5488675042634734
MMR011010,2024-12-01,2.5405780669340845
MMR012001,2024-12-01,0.07131864743810278
MMR012002,2024-12-01,-0.6029691437263132
MMR012003,2024-12-01,-1.0043693517977204
MMR012004,2024-12-01,-1.0043693517977204
MMR012005,2024-12-01,1.0606294124988835
MMR012006,2024-12-01,2.9936691699457647
MMR012007,2024-12-01,-0.6848787377177085
MMR012008,2024-12-01,1.6992813981678605
MMR012009,2024-12-01,2.0372467139532615
MMR012010,2024-12-01,0.9652478112252383
MMR012011,2024-12-01,3.140811086252303
MMR012012,2024-12-01,-0.6462949612488448
MMR012013,2024-12-01,3.140811086252303
MMR012014,2024-12-01,3.335655656703443
MMR012015,2024-12-01,6.846480765871597
MMR012016,2024-12-01,5.376172527210008
MMR012017,2024-12-01,2.8912136495523963
MMR013001,2024-12-01,-0.7151044615308644
MMR013002,2024-12-01,-0.7179439727094543
MMR013003,2024-12-01,-1.082681521196262
MMR013004,2024-12-01,-2.0529518909273796
MMR013005,2024-12-01,-1.8148369225157908
MMR013006,2024-12-01,-1.449484249554205
MMR013007,2024-12-01,-0.6625934530072362
MMR013009,2024-12-01,-1.7310115490077234
MMR013010,2024-12-01,-1.5027695893852875
MMR013011,2024-12-01,-1.4631124467364716
MMR013012,2024-12-01,-1.13519252971989
MMR013013,2024-12-01,-1.4057695598691275
MMR013014,2024-12-01,-1.3484266730017838
MMR013015,2024-12-01,-1.607791606432544
MMR013016,2024-12-01,-1.3470173610971337
MMR013017,2024-12-01,-1.749826881073191
MMR013018,2024-12-01,-1.7421003602921052
MMR013019,2024-12-01,-1.595792304923155
MMR013020,2024-12-01,-1.3484266730017838
MMR013021,2024-12-01,-1.4631124467364716
MMR013022,2024-12-01,-2.2044051257444623
MMR013023,2024-12-01,-1.8703466490506848
MMR013024,2024-12-01,-1.3470173610971337
MMR013025,2024-12-01,-1.560224634561236
MMR013026,2024-12-01,-1.749826881073191
MMR013027,2024-12-01,-2.102262023161901
MMR013028,2024-12-01,-1.7653246320034286
MMR013029,2024-12-01,-1.006627321473681
MMR013030,2024-12-01,-1.496312751566548
MMR013031,2024-12-01,-1.560224634561236
MMR013032,2024-12-01,-0.7729442113748061
MMR013033,2024-12-01,-1.749826881073191
MMR013034,2024-12-01,-1.9228576575743133
MMR013035,2024-12-01,-2.0834858228196556
MMR013036,2024-12-01,-1.560224634561236
MMR013037,2024-12-01,-1.6351411073385032
MMR013038,2024-12-01,-1.8884084156610554
MMR013039,2024-12-01,-1.7653246320034286
MMR013040,2024-12-01,-1.3684889855771716
MMR013041,2024-12-01,-1.8884084156610554
MMR013042,2024-12-01,-1.6209206263820561
MMR013043,2024-12-01,-2.2476904816587595
MMR013044,2024-12-01,-1.8683053667867369
MMR013046,2024-12-01,-1.5470229531335051
MMR013047,2024-12-01,-1.1877035382435184
MMR014001,2024-12-01,-0.13748336777095418
MMR014002,2024-12-01,1.037752691717947
MMR014003,2024-12-01,-0.27901980660260406
MMR014004,2024-12-01,0.06236565592494622
MMR014005,2024-12-01,-0.7699548245546292
MMR014006,2024-12-01,-0.029540275052874255
MMR014007,2024-12-01,-0.03517304765435412
MMR014008,2024-12-01,1.8468512161208837
MMR014009,2024-12-01,0.0995726880457894
MMR014010,2024-12-01,0.9691002006462079
MMR014011,2024-12-01,-0.9251484956253772
MMR014012,2024-12-01,-1.5027695893852875
MMR014013,2024-12-01,-1.254406842395605
MMR014014,2024-12-01,-1.7653246320034286
MMR014015,2024-12-01,-1.6394823371550478
MMR014016,2024-12-01,-0.1899943762945822
MMR014017,2024-12-01,-1.9371777674507054
MMR014018,2024-12-01,-0.9776595041490054
MMR014019,2024-12-01,-1.5021885193760343
MMR014020,2024-12-01,-0.4038379771439266
MMR014021,2024-12-01,-1.3684889855771716
MMR015001,2024-12-01,-1.6416954988586034
MMR015002,2024-12-01,-1.0617122386650641
MMR015003,2024-12-01,-1.2927255552907746
MMR015004,2024-12-01,-1.8683053667867369
MMR015005,2024-12-01,-1.8703466490506848
MMR015006,2024-12-01,-1.560224634561236
MMR015007,2024-12-01,-1.3470173610971337
MMR015008,2024-12-01,-1.8703466490506848
MMR015009,2024-12-01,-0.8571939216196662
MMR015010,2024-12-01,-0.5456262568589693
MMR015011,2024-12-01,-1.5479531253023722
MMR015012,2024-12-01,2.842218707934998
MMR015013,2024-12-01,4.764537176457327
MMR015014,2024-12-01,-0.299849465515402
MMR015015,2024-12-01,-0.8323406911956888
MMR015016,2024-12-01,-1.082681521196262
MMR015017,2024-12-01,-0.42532786197155426
MMR015018,2024-12-01,0.13300409362756618
MMR015019,2024-12-01,-1.4019241401489397
MMR015020,2024-12-01,-1.2927255552907746
MMR015021,2024-12-01,-1.5027695893852875
MMR015022,2024-12-01,-1.4057695598691275
MMR015023,2024-12-01,-0.7932820386249781
MMR015024,2024-12-01,-2.034716471030005
MMR016001,2024-12-01,-2.034716471030005
MMR016002,2024-12-01,-1.9228576575743133
MMR016003,2024-12-01,-1.749826881073191
MMR016005,2024-12-01,-1.749826881073191
MMR016006,2024-12-01,-1.8703466490506848
MMR016007,2024-12-01,-2.2044051257444623
MMR016008,2024-12-01,-1.7128136234798002
MMR016009,2024-12-01,-1.496312751566548
MMR016010,2024-12-01,-1.6924839942058472
MMR016011,2024-12-01,-1.749826881073191
MMR017001,2024-12-01,4.041804692528543
MMR017002,2024-12-01,-1.7128136234798002
MMR017003,2024-12-01,3.485776220359393
MMR017004,2024-12-01,-0.8269696599883836
MMR017005,2024-12-01,-1.5470229531335051
MMR017006,2024-12-01,3.6433092459302774
MMR017007,2024-12-01,-1.6445616567128052
MMR017008,2024-12-01,-1.449484249554205
MMR017009,2024-12-01,-1.1877035382435184
MMR017010,2024-12-01,3.7483312629775334
MMR017011,2024-12-01,3.85335328002479
MMR017012,2024-12-01,-0.872637487101749
MMR017013,2024-12-01,3.2811428740418487
MMR017014,2024-12-01,-1.5204553336038156
MMR017015,2024-12-01,-1.6603026149561722
MMR017016,2024-12-01,-1.176753336593107
MMR017017,2024-12-01,-1.7767761549340613
MMR017018,2024-12-01,-1.3484266730017838
MMR017019,2024-12-01,-1.6445616567128052
MMR017020,2024-12-01,-1.6394823371550478
MMR017021,2024-12-01,-1.7908697120817554
MMR017022,2024-12-01,-1.595792304923155
MMR017023,2024-12-01,-1.3045771025824835
MMR017024,2024-12-01,-1.112841453598419
MMR017025,2024-12-01,-1.6852469430813857
MMR017026,2024-12-01,-1.1998754447905946
MMR018001,2024-12-01,-0.8323406911956888
MMR018002,2024-12-01,-0.7176549174610009
MMR018003,2024-12-01,-1.59371773122871
MMR018004,2024-12-01,-0.660312030593657
MMR018005,2024-12-01,-1.0301705126726337
MMR018006,2024-12-01,0.0031480258846758075
MMR018007,2024-12-01,-0.559561601001183
MMR018008,2024-12-01,-1.3519455459749048
MMR001001,2025-01-01,-0.2605300884547787
MMR001002,2025-01-01,-0.8870794329577375
MMR001003,2025-01-01,-1.3902741129807201
MMR001004,2025-01-01,-1.7988581774435002
MMR001005,2025-01-01,-0.9824818421150341
MMR001006,2025-01-01,-1.5296869187360658
MMR001007,2025-01-01,-1.0107367742390512
MMR001008,2025-01-01,-1.1939308091380871
MMR001009,2025-01-01,-1.3794309190002807
MMR001010,2025-01-01,0.9809286535113108
MMR001011,2025-01-01,0.3065402042222846
MMR001012,2025-01-01,2.058693778373618
MMR001013,2025-01-01,0.8123315411890543
MMR001014,2025-01-01,-1.746263286262716
MMR001015,2025-01-01,-1.8078308431592298
MMR001016,2025-01-01,-1.684893011026646
MMR001017,2025-01-01,-1.4612862841584369
MMR001018,2025-01-01,-1.9414212934078026
MMR002001,2025-01-01,1.5806798341397095
MMR002002,2025-01-01,1.6904721269571985
MMR002003,2025-01-01,0.5313363539852931
MMR002004,2025-01-01,-0.7029686072495278
MMR002005,2025-01-01,-0.9727173828022104
MMR002006,2025-01-01,0.08174405445927582
MMR002007,2025-01-01,0.8643352914809478
MMR003001,2025-01-01,2.707192504667446
MMR003002,2025-01-01,3.101988457386807
MMR003003,2025-01-01,3.621806774356601
MMR003004,2025-01-01,3.6691512458342146
MMR003005,2025-01-01,2.1639473484558978
MMR003006,2025-01-01,1.9925113274448498
MMR003007,2025-01-01,2.158958093536613
MMR004001,2025-01-01,1.2608802003047093
MMR004002,2025-01-01,1.3181228781558239
MMR004003,2025-01-01,-0.09327359260585764
MMR004004,2025-01-01,1.1379378297914635
MMR004005,2025-01-01,1.8219441755677532
MMR004006,2025-01-01,-0.36784824506674146
MMR004007,2025-01-01,-0.2941876962621319
MMR004008,2025-01-01,-0.6488434322705026
MMR004009,2025-01-01,-1.2600912480606696
MMR005001,2025-01-01,2.0467419678340786
MMR005002,2025-01-01,3.829185014250652
MMR005003,2025-01-01,3.622283413226663
MMR005004,2025-01-01,0.7561325037483017
MMR005005,2025-01-01,2.2173074772078585
MMR005006,2025-01-01,2.837487780076691
MMR005007,2025-01-01,0.25825191656367086
MMR005008,2025-01-01,-1.0107367742390512
MMR005009,2025-01-01,0.9929340929948034
MMR005010,2025-01-01,1.6892067720857895
MMR005011,2025-01-01,0.3403260717636607
MMR005012,2025-01-01,3.6204066491613967
MMR005013,2025-01-01,2.048710364885602
MMR005014,2025-01-01,2.6287094149874366
MMR005015,2025-01-01,4.1280747501934325
MMR005016,2025-01-01,1.9925113274448498
MMR005017,2025-01-01,0.35620954008782185
MMR005018,2025-01-01,5.1862443873308095
MMR005019,2025-01-01,1.6370121808134759
MMR005020,2025-01-01,-1.3232318815595285
MMR005021,2025-01-01,-0.9860376569150154
MMR005022,2025-01-01,-0.03562095400878215
MMR005023,2025-01-01,-0.868328200257583
MMR005024,2025-01-01,-0.9298386194742634
MMR005025,2025-01-01,-0.9298386194742634
MMR005026,2025-01-01,-1.4356299564410329
MMR005027,2025-01-01,1.2385199589619484
MMR005028,2025-01-01,0.5858071727079399
MMR005029,2025-01-01,0.9929340929948034
MMR005030,2025-01-01,1.2057248032743193
MMR005031,2025-01-01,1.4305209530373277
MMR005032,2025-01-01,-0.3463822875344458
MMR005033,2025-01-01,-1.599052478069975
MMR005034,2025-01-01,-0.37847263634331063
MMR005035,2025-01-01,-1.0450693251427905
MMR005036,2025-01-01,-1.438759824340417
MMR005037,2025-01-01,-1.5980875533136947
MMR006001,2025-01-01,3.2288901511413974
MMR006002,2025-01-01,1.6851429064124952
MMR006003,2025-01-01,2.095546713878269
MMR006004,2025-01-01,2.2323479830335273
MMR006005,2025-01-01,1.8219441755677532
MMR006006,2025-01-01,1.2063384643690924
MMR006007,2025-01-01,3.040618182150736
MMR006008,2025-01-01,1.9925113274448498
MMR006009,2025-01-01,-0.6904443349792407
MMR006010,2025-01-01,1.0695371952138346
MMR007001,2025-01-01,-1.4950418922097304
MMR007002,2025-01-01,-1.5980875533136947
MMR007003,2025-01-01,-1.746263286262716
MMR007004,2025-01-01,0.9584824942733973
MMR007005,2025-01-01,1.5677315764850586
MMR007006,2025-01-01,5.735684706131646
MMR007007,2025-01-01,0.7085477231800799
MMR007008,2025-01-01,6.527539822109335
MMR007009,2025-01-01,-0.030654020422228433
MMR007010,2025-01-01,-0.08685305786298071
MMR007011,2025-01-01,4.92527143096924
MMR007012,2025-01-01,4.142352561884534
MMR007013,2025-01-01,0.4630666222358003
MMR007014,2025-01-01,2.77929785161538
MMR008001,2025-01-01,0.19414212934078007
MMR008002,2025-01-01,1.5912376171776492
MMR008003,2025-01-01,0.6500824106602748
MMR008004,2025-01-01,0.8643352914809478
MMR008005,2025-01-01,0.4189382791037889
MMR008006,2025-01-01,0.5409257640948877
MMR008007,2025-01-01,-1.0711902586659472
MMR008008,2025-01-01,0.9298920080232108
MMR008009,2025-01-01,2.437549886766414
MMR008010,2025-01-01,2.9478949639376366
MMR008011,2025-01-01,1.710764169240595
MMR008012,2025-01-01,1.5030582026237236
MMR008013,2025-01-01,1.5912376171776492
MMR008014,2025-01-01,3.060293038819141
MMR009001,2025-01-01,-0.17687893549183417
MMR009002,2025-01-01,1.9501797284473585
MMR009003,2025-01-01,2.9940715538936327
MMR009004,2025-01-01,-1.5468578867976615
MMR009005,2025-01-01,-1.0422366943557677
MMR009006,2025-01-01,-1.3090700598227452
MMR009007,2025-01-01,2.120064053609688
MMR009008,2025-01-01,2.9940715538936327
MMR009009,2025-01-01,3.1726911137006457
MMR009010,2025-01-01,2.7852931888043777
MMR009011,2025-01-01,3.784726363433107
MMR009012,2025-01-01,-0.6488434322705026
MMR009013,2025-01-01,1.6296586459017848
MMR009014,2025-01-01,1.4867199904780803
MMR009015,2025-01-01,1.0371276909520628
MMR009016,2025-01-01,0.28637541936773114
MMR009017,2025-01-01,-1.1814957478914652
MMR009018,2025-01-01,5.205111904533297
MMR009019,2025-01-01,6.086730516250656
MMR009020,2025-01-01,3.734681488108167
MMR009021,2025-01-01,2.609234881143295
MMR009022,2025-01-01,3.7908805255489195
MMR009023,2025-01-01,0.6569789032553831
MMR009024,2025-01-01,0.4189382791037889
MMR009025,2025-01-01,2.0704679517604645
MMR010001,2025-01-01,-0.8875931254637399
MMR010002,2025-01-01,-1.050882476692663
MMR010003,2025-01-01,-1.0098199834298773
MMR010004,2025-01-01,-0.8257091577216676
MMR010005,2025-01-01,-0.6404786692268893
MMR010006,2025-01-01,-0.37847263634331063
MMR010007,2025-01-01,0.33739321800774397
MMR010008,2025-01-01,1.8239142151225933
MMR010009,2025-01-01,2.68090400625975
MMR010010,2025-01-01,3.4116282840721426
MMR010011,2025-01-01,1.4449910260129188
MMR010012,2025-01-01,0.7496297742272962
MMR010013,2025-01-01,1.2378281518051808
MMR010014,2025-01-01,-1.3232318815595285
MMR010015,2025-01-01,0.3627392416630366
MMR010016,2025-01-01,1.041912904756879
MMR010017,2025-01-01,4.746264162041706
MMR010018,2025-01-01,4.4704297281021645
MMR010019,2025-01-01,2.9520865634778235
MMR010020,2025-01-01,0.9439552812327279
MMR010021,2025-01-01,2.5765148237151227
MMR010022,2025-01-01,2.5496559802621768
MMR010023,2025-01-01,-1.4070276833468962
MMR010024,2025-01-01,-1.0098199834298773
MMR010028,2025-01-01,-0.5029660613513871
MMR010029,2025-01-01,2.2173074772078585
MMR010030,2025-01-01,-1.2600912480606696
MMR010031,2025-01-01,0.17556362518869156
MMR011001,2025-01-01,-0.641598332013458
MMR011002,2025-01-01,1.7518424021932684
MMR011003,2025-01-01,-0.8255877837214941
MMR011004,2025-01-01,0.8643352914809478
MMR011005,2025-01-01,-0.02789557965275902
MMR011006,2025-01-01,0.9327359260585767
MMR011007,2025-01-01,0.8643352914809478
MMR011008,2025-01-01,-0.5036774000716314
MMR011009,2025-01-01,2.02714607930064
MMR011010,2025-01-01,3.7908805255489195
MMR012001,2025-01-01,1.8091389536797828
MMR012002,2025-01-01,0.4630666222358003
MMR012003,2025-01-01,-0.7029686072495278
MMR012004,2025-01-01,-0.641598332013458
MMR012005,2025-01-01,-0.13357857753293315
MMR012006,2025-01-01,0.8446450710058169
MMR012007,2025-01-01,-0.4151645264265881
MMR012008,2025-01-01,1.3431397335243505
MMR012009,2025-01-01,1.1595974703639182
MMR012010,2025-01-01,0.7561325037483022
MMR012011,2025-01-01,1.868240368919646
MMR012012,2025-01-01,-0.6900435207224428
MMR012013,2025-01-01,1.868240368919646
MMR012014,2025-01-01,2.1203141045011997
MMR012015,2025-01-01,3.1726911137006457
MMR012016,2025-01-01,2.442103626970867
MMR012017,2025-01-01,2.6582136929053704
MMR013001,2025-01-01,-1.0422366943557677
MMR013002,2025-01-01,-1.077106565346838
MMR013003,2025-01-01,-1.3232318815595285
MMR013004,2025-01-01,-2.150734927653901
MMR013005,2025-01-01,-1.9372454839581814
MMR013006,2025-01-01,-1.599052478069975
MMR013007,2025-01-01,-1.0984357317965199
MMR013009,2025-01-01,-1.9947734244918023
MMR013010,2025-01-01,-1.829023218526298
MMR013011,2025-01-01,-1.6235227357905764
MMR013012,2025-01-01,-1.2108338066780242
MMR013013,2025-01-01,-1.5007821853184364
MMR013014,2025-01-01,-1.5621524605545065
MMR013015,2025-01-01,-1.8852222559670502
MMR013016,2025-01-01,-1.3600217245008919
MMR013017,2025-01-01,-1.807633561498786
MMR013018,2025-01-01,-1.7556362518869162
MMR013019,2025-01-01,-1.599052478069975
MMR013020,2025-01-01,-1.255301084374157
MMR013021,2025-01-01,-1.5621524605545065
MMR013022,2025-01-01,-2.4004998388177468
MMR013023,2025-01-01,-1.9414212934078026
MMR013024,2025-01-01,-1.438759824340417
MMR013025,2025-01-01,-1.5980875533136947
MMR013026,2025-01-01,-1.807633561498786
MMR013027,2025-01-01,-2.1563875013641685
MMR013028,2025-01-01,-1.829023218526298
MMR013029,2025-01-01,-1.074995610157552
MMR013030,2025-01-01,-1.5980875533136947
MMR013031,2025-01-01,-1.5980875533136947
MMR013032,2025-01-01,-0.8255877837214941
MMR013033,2025-01-01,-1.869003836734856
MMR013034,2025-01-01,-2.053819368289307
MMR013035,2025-01-01,-2.22538757333774
MMR013036,2025-01-01,-1.6664881878913236
MMR013037,2025-01-01,-1.684893011026646
MMR013038,2025-01-01,-1.8600254344315437
MMR013039,2025-01-01,-1.829023218526298
MMR013040,2025-01-01,-1.3244850150031788
MMR013041,2025-01-01,-1.9644146169761711
MMR013042,2025-01-01,-1.940011003544527
MMR013043,2025-01-01,-2.4004998388177468
MMR013044,2025-01-01,-2.141709859778029
MMR013046,2025-01-01,-1.7034416606146028
MMR013047,2025-01-01,-1.3794309190002807
MMR014001,2025-01-01,1.4867199904780797
MMR014002,2025-01-01,1.741401363358103
MMR014003,2025-01-01,1.2194554506349657
MMR014004,2025-01-01,-0.13760392244519065
MMR014005,2025-01-01,0.01335785775329335
MMR014006,2025-01-01,0.7699179984161496
MMR014007,2025-01-01,0.5931203553672012
MMR014008,2025-01-01,1.0543538062741995
MMR014009,2025-01-01,0.25825191656367086
MMR014010,2025-01-01,0.9929340929948034
MMR014011,2025-01-01,-0.9298386194742634
MMR014012,2025-01-01,-1.491828993881785
MMR014013,2025-01-01,-1.9644146169761711
MMR014014,2025-01-01,-1.9414212934078026
MMR014015,2025-01-01,-1.7498793656814247
MMR014016,2025-01-01,0.6999334663075497
MMR014017,2025-01-01,-2.173192982065426
MMR014018,2025-01-01,-1.8852222559670502
MMR014019,2025-01-01,-2.288646295064255
MMR014020,2025-01-01,-0.7213243186778392
MMR014021,2025-01-01,-1.6664881878913236
MMR015001,2025-01-01,-2.1225472259020073
MMR015002,2025-01-01,-1.5007821853184364
MMR015003,2025-01-01,-1.6604261062040415
MMR015004,2025-01-01,-2.288646295064255
MMR015005,2025-01-01,-2.053819368289307
MMR015006,2025-01-01,-1.6664881878913236
MMR015007,2025-01-01,-1.438759824340417
MMR015008,2025-01-01,-2.053819368289307
MMR015009,2025-01-01,-0.9140812075374051
MMR015010,2025-01-01,-0.5802280567773881
MMR015011,2025-01-01,-1.7009005539193491
MMR015012,2025-01-01,2.158958093536613
MMR015013,2025-01-01,3.2975287259549044
MMR015014,2025-01-01,0.3327008548536879
MMR015015,2025-01-01,-1.0711902586659472
MMR015016,2025-01-01,-1.0984357317965199
MMR015017,2025-01-01,-0.6073552438960145
MMR015018,2025-01-01,0.56432803228347
MMR015019,2025-01-01,-1.5832213067636556
MMR015020,2025-01-01,-1.6604261062040415
MMR015021,2025-01-01,-1.8852222559670502
MMR015022,2025-01-01,-1.684893011026646
MMR015023,2025-01-01,-0.9140812075374051
MMR015024,2025-01-01,-2.22538757333774
MMR016001,2025-01-01,-2.173192982065426
MMR016002,2025-01-01,-2.053819368289307
MMR016003,2025-01-01,-1.869003836734856
MMR016005,2025-01-01,-1.869003836734856
MMR016006,2025-01-01,-1.9976203308485545
MMR016007,2025-01-01,-2.49315070978966
MMR016008,2025-01-01,-1.9976203308485545
MMR016009,2025-01-01,-1.5980875533136947
MMR016010,2025-01-01,-1.807633561498786
MMR016011,2025-01-01,-1.869003836734856
MMR017001,2025-01-01,3.7770614849835757
MMR017002,2025-01-01,0.3627392416630366
MMR017003,2025-01-01,3.397487263463654
MMR017004,2025-01-01,2.0975524100635163
MMR017005,2025-01-01,-1.4946632955253476
MMR017006,2025-01-01,1.8801132525633453
MMR017007,2025-01-01,-1.1814957478914654
MMR017008,2025-01-01,-1.5468578867976615
MMR017009,2025-01-01,-1.3232318815595285
MMR017010,2025-01-01,1.4867199904780803
MMR017011,2025-01-01,1.3181228781558239
MMR017012,2025-01-01,-0.4240472825074938
MMR017013,2025-01-01,1.062871676818025
MMR017014,2025-01-01,-1.684893011026646
MMR017015,2025-01-01,-1.829023218526298
MMR017016,2025-01-01,-1.3928856495808077
MMR017017,2025-01-01,-1.9947734244918023
MMR017018,2025-01-01,-1.5621524605545065
MMR017019,2025-01-01,-1.8078308431592298
MMR017020,2025-01-01,-1.8478369892055757
MMR017021,2025-01-01,-1.9644146169761711
MMR017022,2025-01-01,-1.7556362518869162
MMR017023,2025-01-01,-1.3244850150031788
MMR017024,2025-01-01,-1.25608438042555
MMR017025,2025-01-01,-1.8968158009676512
MMR017026,2025-01-01,-1.202545524821841
MMR018001,2025-01-01,-0.9484497081938074
MMR018002,2025-01-01,-0.8257091577216676
MMR018003,2025-01-01,-1.7498793656814247
MMR018004,2025-01-01,-0.8870794329577375
MMR018005,2025-01-01,-1.154634769237272
MMR018006,2025-01-01,0.008422806451991963
MMR018007,2025-01-01,-0.454831548407573
MMR018008,2025-01-01,-1.2858849304360929
MMR001001,2025-02-01,0.09207180243411685
MMR001002,2025-02-01,-0.6231708283160128
MMR001003,2025-02-01,-1.1286649382572236
MMR001004,2025-02-01,-1.2345393708755454
MMR001005,2025-02-01,-0.6852744566726195
MMR001006,2025-02-01,-1.3334105373713192
MMR001007,2025-02-01,-0.3758373726848974
MMR001008,2025-02-01,-0.6231708283160128
MMR001009,2025-02-01,-0.7719322113620004
MMR001010,2025-02-01,0.7772133895469169
MMR001011,2025-02-01,0.5351593894048988
MMR001012,2025-02-01,1.7557717939186384
MMR001013,2025-02-01,1.0192673896889355
MMR001014,2025-02-01,-1.4690170939994442
MMR001015,2025-02-01,-1.623239265378629
MMR001016,2025-02-01,-1.5218824856046587
MMR001017,2025-02-01,-1.3923319992530192
MMR001018,2025-02-01,-1.6433266118732663
MMR002001,2025-02-01,1.7188429268901029
MMR002002,2025-02-01,1.3328486610769226
MMR002003,2025-02-01,0.6803917894901099
MMR002004,2025-02-01,-0.8346323947368706
MMR002005,2025-02-01,-0.9488197283948944
MMR002006,2025-02-01,-0.43305661116317473
MMR002007,2025-02-01,0.021783085907780064
MMR003001,2025-02-01,2.731431143266897
MMR003002,2025-02-01,2.7073488428124994
MMR003003,2025-02-01,2.2978319677472396
MMR003004,2025-02-01,1.7171756453151932
MMR003005,2025-02-01,2.319720099294079
MMR003006,2025-02-01,2.4715913905410454
MMR003007,2025-02-01,2.3333553515926133
MMR004001,2025-02-01,1.8615025771290672
MMR004002,2025-02-01,1.6001969900297794
MMR004003,2025-02-01,-0.6852744566726195
MMR004004,2025-02-01,2.378641561175779
MMR004005,2025-02-01,3.2035420275195787
MMR004006,2025-02-01,-1.1592186115892298
MMR004007,2025-02-01,-1.2185875431883881
MMR004008,2025-02-01,-1.2076294116176334
MMR004009,2025-02-01,-1.4454952492873774
MMR005001,2025-02-01,2.2579264552034766
MMR005002,2025-02-01,5.390723919252211
MMR005003,2025-02-01,3.4398073911091194
MMR005004,2025-02-01,0.7772133895469169
MMR005005,2025-02-01,2.1811265903706234
MMR005006,2025-02-01,2.738007073782854
MMR005007,2025-02-01,0.49529883210147724
MMR005008,2025-02-01,-0.49555391031618706
MMR005009,2025-02-01,1.5922693998430038
MMR005010,2025-02-01,1.7488584195400436
MMR005011,2025-02-01,1.1742524862612793
MMR005012,2025-02-01,4.62638177733731
MMR005013,2025-02-01,2.955699390825082
MMR005014,2025-02-01,3.322504005835424
MMR005015,2025-02-01,4.359612591648789
MMR005016,2025-02-01,2.858877790768274
MMR005017,2025-02-01,0.3265341293720116
MMR005018,2025-02-01,5.480646524183375
MMR005019,2025-02-01,1.8837423269367908
MMR005020,2025-02-01,-0.8687538114188077
MMR005021,2025-02-01,-0.6266998112767892
MMR005022,2025-02-01,0.49529883210147724
MMR005023,2025-02-01,-0.5891293086702359
MMR005024,2025-02-01,-0.045770210935945195
MMR005025,2025-02-01,-0.675110611305193
MMR005026,2025-02-01,-1.256040211646037
MMR005027,2025-02-01,1.4593380685807482
MMR005028,2025-02-01,1.3328486610769226
MMR005029,2025-02-01,1.5500782241606375
MMR005030,2025-02-01,2.277948190427431
MMR005031,2025-02-01,2.0358941902854126
MMR005032,2025-02-01,-0.18447758647999526
MMR005033,2025-02-01,-1.0837036357916414
MMR005034,2025-02-01,0.07338707527781319
MMR005035,2025-02-01,-0.8459793041948562
MMR005036,2025-02-01,-1.252937278515997
MMR005037,2025-02-01,-1.3923319992530192
MMR006001,2025-02-01,3.004110190853486
MMR006002,2025-02-01,0.9645264760149795
MMR006003,2025-02-01,1.9661913280038792
MMR006004,2025-02-01,1.3769767091868794
MMR006005,2025-02-01,2.084034251767279
MMR006006,2025-02-01,1.2591337854234794
MMR006007,2025-02-01,3.024541192443786
MMR006008,2025-02-01,1.987483390257009
MMR006009,2025-02-01,-0.5229876360609023
MMR006010,2025-02-01,1.2591337854234794
MMR007001,2025-02-01,-0.8953982786717837
MMR007002,2025-02-01,-1.3923319992530192
MMR007003,2025-02-01,-1.5218824856046587
MMR007004,2025-02-01,-0.004632376617666116
MMR007005,2025-02-01,0.5398677869987056
MMR007006,2025-02-01,2.916050038024672
MMR007007,2025-02-01,0.2755408289726331
MMR007008,2025-02-01,4.292504643514454
MMR007009,2025-02-01,0.24469458923447682
MMR007010,2025-02-01,0.05105138912086206
MMR007011,2025-02-01,2.243432746661449
MMR007012,2025-02-01,2.513200561454943
MMR007013,2025-02-01,0.01121387094656101
MMR007014,2025-02-01,0.7772133895469169
MMR008001,2025-02-01,0.5835701894333024
MMR008002,2025-02-01,0.5098476059789211
MMR008003,2025-02-01,-0.17975997881638525
MMR008004,2025-02-01,0.7288406284881797
MMR008005,2025-02-01,0.3415161892912841
MMR008006,2025-02-01,0.4899419505037392
MMR008007,2025-02-01,-0.7817670031316561
MMR008008,2025-02-01,1.1555011205481638
MMR008009,2025-02-01,2.025112789885579
MMR008010,2025-02-01,2.955699390825082
MMR008011,2025-02-01,1.3244632255178945
MMR008012,2025-02-01,1.1934807390522368
MMR008013,2025-02-01,1.1934807390522368
MMR008014,2025-02-01,2.568412990597852
MMR009001,2025-02-01,0.023217752752734806
MMR009002,2025-02-01,2.198471444195867
MMR009003,2025-02-01,2.243432746661449
MMR009004,2025-02-01,-1.4433940555162998
MMR009005,2025-02-01,-1.0139862115040186
MMR009006,2025-02-01,-1.0235834924637133
MMR009007,2025-02-01,2.5487526679968555
MMR009008,2025-02-01,3.2325814009042597
MMR009009,2025-02-01,2.5200021905694494
MMR009010,2025-02-01,2.288394049127031
MMR009011,2025-02-01,2.9845781973610954
MMR009012,2025-02-01,-0.8687538114188077
MMR009013,2025-02-01,1.1703576430193396
MMR009014,2025-02-01,-0.09418101096434896
MMR009015,2025-02-01,0.4867485893764951
MMR009016,2025-02-01,0.3823673656466043
MMR009017,2025-02-01,-1.308510148119553
MMR009018,2025-02-01,3.7018281839613243
MMR009019,2025-02-01,5.178519332844148
MMR009020,2025-02-01,2.4231805905126422
MMR009021,2025-02-01,1.507887048478271
MMR009022,2025-02-01,2.5200021905694494
MMR009023,2025-02-01,1.3001941541531583
MMR009024,2025-02-01,-0.5782890112483857
MMR009025,2025-02-01,0.8328282375604085
MMR010001,2025-02-01,-0.9138056332483796
MMR010002,2025-02-01,-1.1566461517262192
MMR010003,2025-02-01,-1.204690135973372
MMR010004,2025-02-01,-1.098959352762943
MMR010005,2025-02-01,-0.8620388423177194
MMR010006,2025-02-01,-0.5172893842753165
MMR010007,2025-02-01,-0.17195976137853108
MMR010008,2025-02-01,1.6001969900297794
MMR010009,2025-02-01,2.693045771317272
MMR010010,2025-02-01,2.7829683762484363
MMR010011,2025-02-01,1.1742524862612789
MMR010012,2025-02-01,1.1804776165218691
MMR010013,2025-02-01,0.368725305054378
MMR010014,2025-02-01,-1.2076294116176334
MMR010015,2025-02-01,-0.48146741119157827
MMR010016,2025-02-01,0.7906370618780421
MMR010017,2025-02-01,3.3429857910523113
MMR010018,2025-02-01,2.731431143266897
MMR010019,2025-02-01,2.6892399675845304
MMR010020,2025-02-01,1.3813135214311718
MMR010021,2025-02-01,2.3333553515926138
MMR010022,2025-02-01,2.231560318365569
MMR010023,2025-02-01,-1.403304073605011
MMR010024,2025-02-01,-0.8346323947368706
MMR010028,2025-02-01,-0.27440019141115984
MMR010029,2025-02-01,1.6001969900297794
MMR010030,2025-02-01,-1.3611128979226446
MMR010031,2025-02-01,-0.3643227963423244
MMR011001,2025-02-01,-0.14738230386908252
MMR011002,2025-02-01,1.9143679687342816
MMR011003,2025-02-01,-0.7189592685396784
MMR011004,2025-02-01,0.9056050141332795
MMR011005,2025-02-01,-0.04165152065865374
MMR011006,2025-02-01,0.7877620903698797
MMR011007,2025-02-01,1.6126625567136792
MMR011008,2025-02-01,-0.2728242235007198
MMR011009,2025-02-01,2.142955713648979
MMR011010,2025-02-01,3.1009317909102934
MMR012001,2025-02-01,3.7005641465230643
MMR012002,2025-02-01,1.7557717939186384
MMR012003,2025-02-01,-0.04165152065865374
MMR012004,2025-02-01,-0.6760362199212272
MMR012005,2025-02-01,-0.3907158572282173
MMR012006,2025-02-01,-0.43902132987371545
MMR012007,2025-02-01,0.3070682897150425
MMR012008,2025-02-01,0.6109977047247798
MMR012009,2025-02-01,0.5783736059291364
MMR012010,2025-02-01,0.24469458923447682
MMR012011,2025-02-01,3.020121451855981
MMR012012,2025-02-01,-0.7189592685396784
MMR012013,2025-02-01,3.020121451855981
MMR012014,2025-02-01,2.7886247162233073
MMR012015,2025-02-01,0.5835701894333024
MMR012016,2025-02-01,0.8256241895753209
MMR012017,2025-02-01,1.929798805301935
MMR013001,2025-02-01,-1.2076294116176334
MMR013002,2025-02-01,-1.3984327530507175
MMR013003,2025-02-01,-1.3528618117028444
MMR013004,2025-02-01,-2.1248709871980975
MMR013005,2025-02-01,-1.7725303117166107
MMR013006,2025-02-01,-1.623239265378629
MMR013007,2025-02-01,-1.3044510116744406
MMR013009,2025-02-01,-1.8674070061110415
MMR013010,2025-02-01,-1.6433266118732663
MMR013011,2025-02-01,-1.4161517023942298
MMR013012,2025-02-01,-1.3528618117028444
MMR013013,2025-02-01,-1.4690170939994442
MMR013014,2025-02-01,-1.5218824856046587
MMR013015,2025-02-01,-1.6433266118732663
MMR013016,2025-02-01,-1.1851109494624736
MMR013017,2025-02-01,-1.574747877209873
MMR013018,2025-02-01,-1.7131618703097935
MMR013019,2025-02-01,-1.5782779629130466
MMR013020,2025-02-01,-1.3104209191838008
MMR013021,2025-02-01,-1.5218824856046587
MMR013022,2025-02-01,-2.0917744120667168
MMR013023,2025-02-01,-1.6917374119016702
MMR013024,2025-02-01,-1.1851109494624736
MMR013025,2025-02-01,-1.3334105373713192
MMR013026,2025-02-01,-1.5218824856046587
MMR013027,2025-02-01,-2.0347868337939765
MMR013028,2025-02-01,-1.6433266118732663
MMR013029,2025-02-01,-1.0198760810707808
MMR013030,2025-02-01,-1.4512534611347192
MMR013031,2025-02-01,-1.3923319992530192
MMR013032,2025-02-01,-0.7189592685396784
MMR013033,2025-02-01,-1.6276132688150877
MMR013034,2025-02-01,-1.7885590119584773
MMR013035,2025-02-01,-1.937968382637705
MMR013036,2025-02-01,-1.4512534611347192
MMR013037,2025-02-01,-1.574747877209873
MMR013038,2025-02-01,-1.6682005678442113
MMR013039,2025-02-01,-1.6433266118732663
MMR013040,2025-02-01,-0.9798817660811194
MMR013041,2025-02-01,-1.6682005678442113
MMR013042,2025-02-01,-1.8794475328132436
MMR013043,2025-02-01,-2.13167992461048
MMR013044,2025-02-01,-1.9517893574757743
MMR013046,2025-02-01,-1.5333166604474644
MMR013047,2025-02-01,-1.4012726117312482
MMR014001,2025-02-01,0.6803917894901099
MMR014002,2025-02-01,1.7038971170744615
MMR014003,2025-02-01,-0.13951628401441282
MMR014004,2025-02-01,-0.049593679083248264
MMR014005,2025-02-01,-0.5594805599576829
MMR014006,2025-02-01,-0.6760362199212272
MMR014007,2025-02-01,-0.6790519136014007
MMR014008,2025-02-01,0.15500598208769048
MMR014009,2025-02-01,0.28434295368964524
MMR014010,2025-02-01,0.9594017646075077
MMR014011,2025-02-01,-0.8687538114188077
MMR014012,2025-02-01,-1.4980942117880554
MMR014013,2025-02-01,-1.803084475240958
MMR014014,2025-02-01,-1.6917374119016702
MMR014015,2025-02-01,-1.4454952492873774
MMR014016,2025-02-01,-0.3362350111063672
MMR014017,2025-02-01,-1.8480457777065404
MMR014018,2025-02-01,-1.6433266118732663
MMR014019,2025-02-01,-2.036171708840507
MMR014020,2025-02-01,-0.8126276140518813
MMR014021,2025-02-01,-1.4512534611347192
MMR015001,2025-02-01,-1.4133806988227415
MMR015002,2025-02-01,-0.993228569552514
MMR015003,2025-02-01,-1.1592186115892298
MMR015004,2025-02-01,-1.9517893574757743
MMR015005,2025-02-01,-1.7885590119584773
MMR015006,2025-02-01,-1.4512534611347192
MMR015007,2025-02-01,-1.252937278515997
MMR015008,2025-02-01,-1.7885590119584773
MMR015009,2025-02-01,-0.8031173804360194
MMR015010,2025-02-01,-0.5174400451055838
MMR015011,2025-02-01,-1.3189217222402783
MMR015012,2025-02-01,1.3442066973498028
MMR015013,2025-02-01,1.8189658172220806
MMR015014,2025-02-01,-0.5354594228599505
MMR015015,2025-02-01,-0.5174400451055838
MMR015016,2025-02-01,-0.529878211219982
MMR015017,2025-02-01,-0.724013216066983
MMR015018,2025-02-01,0.3823673656466043
MMR015019,2025-02-01,-1.389133319224734
MMR015020,2025-02-01,-1.4980942117880554
MMR015021,2025-02-01,-1.6917374119016702
MMR015022,2025-02-01,-1.4690170939994442
MMR015023,2025-02-01,-0.9798817660811194
MMR015024,2025-02-01,-1.937968382637705
MMR016001,2025-02-01,-1.937968382637705
MMR016002,2025-02-01,-1.7885590119584773
MMR016003,2025-02-01,-1.6276132688150877
MMR016005,2025-02-01,-1.6276132688150877
MMR016006,2025-02-01,-1.7885590119584773
MMR016007,2025-02-01,-2.2114909496980064
MMR016008,2025-02-01,-1.7885590119584773
MMR016009,2025-02-01,-1.4512534611347192
MMR016010,2025-02-01,-1.6276132688150877
MMR016011,2025-02-01,-1.6276132688150877
MMR017001,2025-02-01,2.4958872763916413
MMR017002,2025-02-01,1.3097321898593575
MMR017003,2025-02-01,2.7136453906830633
MMR017004,2025-02-01,2.623972515668328
MMR017005,2025-02-01,-0.8588971234637298
MMR017006,2025-02-01,0.8256241895753209
MMR017007,2025-02-01,-0.09455498154883069
MMR017008,2025-02-01,-1.2185875431883881
MMR017009,2025-02-01,-0.8687538114188077
MMR017010,2025-02-01,0.0026405890924583023
MMR017011,2025-02-01,-0.7719322113620003
MMR017012,2025-02-01,-0.384645811134771
MMR017013,2025-02-01,-0.4992067037390714
MMR017014,2025-02-01,-1.5218824856046587
MMR017015,2025-02-01,-1.6917374119016702
MMR017016,2025-02-01,-1.2744890754896192
MMR017017,2025-02-01,-1.825215830428675
MMR017018,2025-02-01,-1.5218824856046587
MMR017019,2025-02-01,-1.803084475240958
MMR017020,2025-02-01,-1.8674070061110415
MMR017021,2025-02-01,-1.803084475240958
MMR017022,2025-02-01,-1.6682005678442113
MMR017023,2025-02-01,-1.3334105373713192
MMR017024,2025-02-01,-1.2744890754896192
MMR017025,2025-02-01,-1.8674070061110415
MMR017026,2025-02-01,-1.11728462040895
MMR018001,2025-02-01,-1.3632863107890154
MMR018002,2025-02-01,-1.4161517023942298
MMR018003,2025-02-01,-1.6986423033815758
MMR018004,2025-02-01,-1.4690170939994442
MMR018005,2025-02-01,-1.5949158118448625
MMR018006,2025-02-01,-0.3758373726848974
MMR018007,2025-02-01,-1.0941365984726357
MMR018008,2025-02-01,-1.623239265378629
MMR001001,2025-03-01,0.1877253495946392
MMR001002,2025-03-01,-0.6402779623260779
MMR001003,2025-03-01,-1.160622626166101
MMR001004,2025-03-01,-0.945207164252943
MMR001005,2025-03-01,-0.7873029709050668
MMR001006,2025-03-01,-1.360132423033447
MMR001007,2025-03-01,-0.5854639006069251
MMR001008,2025-03-01,-0.1263251114859559
MMR001009,2025-03-01,-0.6303799842024354
MMR001010,2025-03-01,0.9384389810072447
MMR001011,2025-03-01,0.9384389810072447
MMR001012,2025-03-01,1.8723804195589628
MMR001013,2025-03-01,1.1999088085421914
MMR001014,2025-03-01,-1.6110777916907528
MMR001015,2025-03-01,-1.6948681413807785
MMR001016,2025-03-01,-1.6110777916907528
MMR001017,2025-03-01,-1.4874278568397539
MMR001018,2025-03-01,-1.676259294342222
MMR002001,2025-03-01,1.51586701268853
MMR002002,2025-03-01,1.5868510579811175
MMR002003,2025-03-01,1.1999088085421914
MMR002004,2025-03-01,-0.5831720900105088
MMR002005,2025-03-01,-0.4806737886201481
MMR002006,2025-03-01,-0.0028523981185632477
MMR002007,2025-03-01,0.1674127826422336
MMR003001,2025-03-01,2.92870589204382
MMR003002,2025-03-01,3.5855565890260364
MMR003003,2025-03-01,3.078583937863454
MMR003004,2025-03-01,2.108690508363874
MMR003005,2025-03-01,2.776969175671521
MMR003006,2025-03-01,2.611845877230904
MMR003007,2025-03-01,1.0734949829134586
MMR004001,2025-03-01,2.1579097811368086
MMR004002,2025-03-01,2.350376049695957
MMR004003,2025-03-01,-0.5327121032924533
MMR004004,2025-03-01,2.713321458768368
MMR004005,2025-03-01,2.0768442897368344
MMR004006,2025-03-01,-1.5193773978212541
MMR004007,2025-03-01,-0.8692159815035496
MMR004008,2025-03-01,-1.2579075702863074
MMR004009,2025-03-01,-1.5832634323488806
MMR005001,2025-03-01,2.087135699218528
MMR005002,2025-03-01,5.250323556410027
MMR005003,2025-03-01,5.854071738664243
MMR005004,2025-03-01,0.8861450155002555
MMR005005,2025-03-01,2.0366122566540215
MMR005006,2025-03-01,2.676231528557491
MMR005007,2025-03-01,0.558782610544624
MMR005008,2025-03-01,-0.5854639006069251
MMR005009,2025-03-01,1.834895146736499
MMR005010,2025-03-01,1.6077404981281365
MMR005011,2025-03-01,1.1871099517721335
MMR005012,2025-03-01,3.793290333097271
MMR005013,2025-03-01,2.141200187668
MMR005014,2025-03-01,2.530528206226215
MMR005015,2025-03-01,5.435720014608327
MMR005016,2025-03-01,2.4549639807099357
MMR005017,2025-03-01,1.0145370877560078
MMR005018,2025-03-01,5.638865749293428
MMR005019,2025-03-01,3.064773721440893
MMR005020,2025-03-01,-1.1533196392723286
MMR005021,2025-03-01,-1.1010256737653394
MMR005022,2025-03-01,-0.03369820983017517
MMR005023,2025-03-01,-1.5491648190495027
MMR005024,2025-03-01,-0.36891015666748844
MMR005025,2025-03-01,-1.4147894668072754
MMR005026,2025-03-01,-1.6239653288352327
MMR005027,2025-03-01,1.4595335127424283
MMR005028,2025-03-01,1.41553344103441
MMR005029,2025-03-01,2.8831304443226817
MMR005030,2025-03-01,0.8861450155002555
MMR005031,2025-03-01,0.9907329465142343
MMR005032,2025-03-01,-1.5977325931599278
MMR005033,2025-03-01,-0.9663515297244
MMR005034,2025-03-01,-0.8540562688106662
MMR005035,2025-03-01,-1.1376346466125942
MMR005036,2025-03-01,-1.2841683832957151
MMR005037,2025-03-01,-1.4874278568397539
MMR006001,2025-03-01,3.866901049398647
MMR006002,2025-03-01,1.2494239699958407
MMR006003,2025-03-01,1.6949579883179144
MMR006004,2025-03-01,1.4403671207053008
MMR006005,2025-03-01,3.2861509108967484
MMR006006,2025-03-01,2.713321458768368
MMR006007,2025-03-01,3.6426624613416054
MMR006008,2025-03-01,2.92560967027284
MMR006009,2025-03-01,-0.419095032409856
MMR006010,2025-03-01,2.395082874252601
MMR007001,2025-03-01,-0.4276656970897744
MMR007002,2025-03-01,-1.1055415554208337
MMR007003,2025-03-01,-1.4968660470596145
MMR007004,2025-03-01,0.4421139194779311
MMR007005,2025-03-01,0.8444747178787191
MMR007006,2025-03-01,3.011293765666028
MMR007007,2025-03-01,0.5018394839853043
MMR007008,2025-03-01,4.478271114562525
MMR007009,2025-03-01,1.4090846705701487
MMR007010,2025-03-01,0.5723812224583193
MMR007011,2025-03-01,3.6475870107659945
MMR007012,2025-03-01,4.0846969777598225
MMR007013,2025-03-01,1.7010628026122556
MMR007014,2025-03-01,2.507257946216925
MMR008001,2025-03-01,0.7815570844862766
MMR008002,2025-03-01,1.0082467451738581
MMR008003,2025-03-01,-0.3983017915992823
MMR008004,2025-03-01,0.7402422347706139
MMR008005,2025-03-01,0.15402949840240476
MMR008006,2025-03-01,0.05357172659452952
MMR008007,2025-03-01,-0.7544897069572162
MMR008008,2025-03-01,1.1723510242897022
MMR008009,2025-03-01,1.3130716868989942
MMR008010,2025-03-01,2.821021739258861
MMR008011,2025-03-01,0.6940370619264186
MMR008012,2025-03-01,1.7467160011951552
MMR008013,2025-03-01,0.5569599776052877
MMR008014,2025-03-01,2.193494153174989
MMR009001,2025-03-01,-0.8872090167162504
MMR009002,2025-03-01,1.5591727240177113
MMR009003,2025-03-01,2.2876893356740893
MMR009004,2025-03-01,-1.4520292708286522
MMR009005,2025-03-01,-0.891849811737382
MMR009006,2025-03-01,-0.9907826119740815
MMR009007,2025-03-01,1.1871099517721335
MMR009008,2025-03-01,2.2876893356740893
MMR009009,2025-03-01,0.9907329465142343
MMR009010,2025-03-01,1.3163338534655848
MMR009011,2025-03-01,2.1994987285056062
MMR009012,2025-03-01,-1.205613604779318
MMR009013,2025-03-01,0.10302813333324001
MMR009014,2025-03-01,-0.9441437772443714
MMR009015,2025-03-01,0.2063234639093942
MMR009016,2025-03-01,0.27666500256257603
MMR009017,2025-03-01,-1.4034614967182268
MMR009018,2025-03-01,4.751723800889356
MMR009019,2025-03-01,7.212797977830829
MMR009020,2025-03-01,3.6054312218637006
MMR009021,2025-03-01,2.2450741762267445
MMR009022,2025-03-01,2.8733157047658504
MMR009023,2025-03-01,2.647519486278704
MMR009024,2025-03-01,0.4154993259373514
MMR009025,2025-03-01,1.0601125354771463
MMR010001,2025-03-01,-0.7713003049047917
MMR010002,2025-03-01,-0.978246121614527
MMR010003,2025-03-01,-1.3255484301129072
MMR010004,2025-03-01,-1.3255484301129072
MMR010005,2025-03-01,-1.169189272323987
MMR010006,2025-03-01,-0.8084808210895278
MMR010007,2025-03-01,-0.12819582495016102
MMR010008,2025-03-01,2.9779036357798288
MMR010009,2025-03-01,4.327535848311948
MMR010010,2025-03-01,4.4732391706432235
MMR010011,2025-03-01,2.3863332703990854
MMR010012,2025-03-01,2.1302421443770028
MMR010013,2025-03-01,0.5132071628234856
MMR010014,2025-03-01,-1.4147894668072754
MMR010015,2025-03-01,-0.4212041221744779
MMR010016,2025-03-01,0.558782610544624
MMR010017,2025-03-01,5.435720014608327
MMR010018,2025-03-01,4.797299248610494
MMR010019,2025-03-01,3.384460369255204
MMR010020,2025-03-01,1.4702915649673918
MMR010021,2025-03-01,3.5504514625451447
MMR010022,2025-03-01,2.614756759661361
MMR010023,2025-03-01,-1.4921125369066037
MMR010024,2025-03-01,-0.9258073239039235
MMR010028,2025-03-01,-0.3835382403992974
MMR010029,2025-03-01,1.8797303601330528
MMR010030,2025-03-01,-1.4921125369066037
MMR010031,2025-03-01,-0.286402692178447
MMR011001,2025-03-01,-0.5260662176949398
MMR011002,2025-03-01,1.0157923348254263
MMR011003,2025-03-01,-0.7368802711573889
MMR011004,2025-03-01,-0.023530368067226477
MMR011005,2025-03-01,-1.0400190685350617
MMR011006,2025-03-01,0.42200365025484704
MMR011007,2025-03-01,0.8038899516737672
MMR011008,2025-03-01,-0.27812123567983993
MMR011009,2025-03-01,2.395082874252601
MMR011010,2025-03-01,2.9779036357798288
MMR012001,2025-03-01,4.0537820922748935
MMR012002,2025-03-01,1.9294862918745324
MMR012003,2025-03-01,-0.012113366854817578
MMR012004,2025-03-01,-0.8115955792727853
MMR012005,2025-03-01,-0.6717544779261126
MMR012006,2025-03-01,-0.7713003049047917
MMR012007,2025-03-01,0.47423645690173705
MMR012008,2025-03-01,0.8038899516737672
MMR012009,2025-03-01,0.8405707986095394
MMR012010,2025-03-01,0.3109113949233728
MMR012011,2025-03-01,4.210846742321322
MMR012012,2025-03-01,-0.7368802711573889
MMR012013,2025-03-01,4.210846742321322
MMR012014,2025-03-01,2.895445955006061
MMR012015,2025-03-01,0.3109113949233728
MMR012016,2025-03-01,0.2586174294163834
MMR012017,2025-03-01,2.8375549966015434
MMR013001,2025-03-01,-1.3102015357932966
MMR013002,2025-03-01,-1.4520292708286522
MMR013003,2025-03-01,-1.4147894668072754
MMR013004,2025-03-01,-2.190450816537094
MMR013005,2025-03-01,-1.6631250295688014
MMR013006,2025-03-01,-1.6463003672703531
MMR013007,2025-03-01,-1.362495501300286
MMR013009,2025-03-01,-1.765565223233434
MMR013010,2025-03-01,-1.676259294342222
MMR013011,2025-03-01,-1.3255484301129072
MMR013012,2025-03-01,-1.4670834323142645
MMR013013,2025-03-01,-1.3826543024284763
MMR013014,2025-03-01,-1.4968660470596145
MMR013015,2025-03-01,-1.676259294342222
MMR013016,2025-03-01,-1.2841683832957151
MMR013017,2025-03-01,-1.668183664006322
MMR013018,2025-03-01,-1.6463003672703531
MMR013019,2025-03-01,-1.5491648190495027
MMR013020,2025-03-01,-1.3255484301129072
MMR013021,2025-03-01,-1.4968660470596145
MMR013022,2025-03-01,-2.223508816628977
MMR013023,2025-03-01,-1.7808472253562007
MMR013024,2025-03-01,-1.2109015149541547
MMR013025,2025-03-01,-1.4237801399366006
MMR013026,2025-03-01,-1.6110777916907528
MMR013027,2025-03-01,-1.9866563486902902
MMR013028,2025-03-01,-1.5193773978212541
MMR013029,2025-03-01,-1.045297829865721
MMR013030,2025-03-01,-1.4874278568397539
MMR013031,2025-03-01,-1.4874278568397539
MMR013032,2025-03-01,-0.7368802711573889
MMR013033,2025-03-01,-1.668183664006322
MMR013034,2025-03-01,-1.83314119086319
MMR013035,2025-03-01,-1.9862747860433296
MMR013036,2025-03-01,-1.4874278568397539
MMR013037,2025-03-01,-1.668183664006322
MMR013038,2025-03-01,-1.7434359154912034
MMR013039,2025-03-01,-1.7285532598492115
MMR013040,2025-03-01,-0.978246121614527
MMR013041,2025-03-01,-1.7434359154912034
MMR013042,2025-03-01,-1.9334023395544697
MMR013043,2025-03-01,-2.180402371470502
MMR013044,2025-03-01,-1.993442461839126
MMR013046,2025-03-01,-1.6463003672703531
MMR013047,2025-03-01,-1.4670834323142645
MMR014001,2025-03-01,-0.6303799842024354
MMR014002,2025-03-01,0.9277916605821833
MMR014003,2025-03-01,-1.6948681413807785
MMR014004,2025-03-01,-0.5292415627305731
MMR014005,2025-03-01,-1.1275089551374966
MMR014006,2025-03-01,-1.668183664006322
MMR014007,2025-03-01,-1.5005970449390775
MMR014008,2025-03-01,0.1465095142287553
MMR014009,2025-03-01,0.37648081966007035
MMR014010,2025-03-01,1.4247161172462535
MMR014011,2025-03-01,-1.6239653288352327
MMR014012,2025-03-01,-1.676259294342222
MMR014013,2025-03-01,-1.9862747860433296
MMR014014,2025-03-01,-1.83314119086319
MMR014015,2025-03-01,-1.6744143277911574
MMR014016,2025-03-01,-1.3102015357932966
MMR014017,2025-03-01,-1.9377070119329043
MMR014018,2025-03-01,-1.676259294342222
MMR014019,2025-03-01,-2.1301688050025414
MMR014020,2025-03-01,-1.537687984627742
MMR014021,2025-03-01,-1.4874278568397539
MMR015001,2025-03-01,-1.361379913459476
MMR015002,2025-03-01,-0.6402779623260778
MMR015003,2025-03-01,-1.3102015357932966
MMR015004,2025-03-01,-1.993442461839126
MMR015005,2025-03-01,-1.83314119086319
MMR015006,2025-03-01,-1.4874278568397539
MMR015007,2025-03-01,-1.2841683832957151
MMR015008,2025-03-01,-1.83314119086319
MMR015009,2025-03-01,-0.7236552540019134
MMR015010,2025-03-01,-0.41185447306380146
MMR015011,2025-03-01,-1.1275089551374966
MMR015012,2025-03-01,1.3163338534655848
MMR015013,2025-03-01,2.4750937056448037
MMR015014,2025-03-01,-1.5769121392518513
MMR015015,2025-03-01,-0.697383834641647
MMR015016,2025-03-01,-0.7872618807234032
MMR015017,2025-03-01,-0.8206482073931244
MMR015018,2025-03-01,0.7077294541473265
MMR015019,2025-03-01,-1.3302392322269152
MMR015020,2025-03-01,-1.2579075702863074
MMR015021,2025-03-01,-1.676259294342222
MMR015022,2025-03-01,-1.2684425577973382
MMR015023,2025-03-01,-0.9145984047113735
MMR015024,2025-03-01,-1.9862747860433296
MMR016001,2025-03-01,-1.9862747860433296
MMR016002,2025-03-01,-1.83314119086319
MMR016003,2025-03-01,-1.668183664006322
MMR016005,2025-03-01,-1.668183664006322
MMR016006,2025-03-01,-1.83314119086319
MMR016007,2025-03-01,-2.266615261787452
MMR016008,2025-03-01,-1.83314119086319
MMR016009,2025-03-01,-1.4874278568397539
MMR016010,2025-03-01,-1.668183664006322
MMR016011,2025-03-01,-1.668183664006322
MMR017001,2025-03-01,1.1871099517721335
MMR017002,2025-03-01,0.2586174294163834
MMR017003,2025-03-01,1.6182605325981059
MMR017004,2025-03-01,0.20710776504600897
MMR017005,2025-03-01,1.3163338534655848
MMR017006,2025-03-01,3.396255359835743
MMR017007,2025-03-01,0.5392494676987815
MMR017008,2025-03-01,0.8306561123613326
MMR017009,2025-03-01,-0.9441437772443714
MMR017010,2025-03-01,2.2457881186819786
MMR017011,2025-03-01,-0.8918498117373821
MMR017012,2025-03-01,-0.2120282601465207
MMR017013,2025-03-01,1.1706305311343093
MMR017014,2025-03-01,-1.5539719193751835
MMR017015,2025-03-01,-1.7285532598492115
MMR017016,2025-03-01,-1.2964847061302938
MMR017017,2025-03-01,-1.7199897755122957
MMR017018,2025-03-01,-1.6110777916907528
MMR017019,2025-03-01,-1.6463003672703531
MMR017020,2025-03-01,-1.4921125369066037
MMR017021,2025-03-01,-1.5977325931599278
MMR017022,2025-03-01,-1.4520292708286522
MMR017023,2025-03-01,-1.4237801399366006
MMR017024,2025-03-01,-1.360132423033447
MMR017025,2025-03-01,-1.765565223233434
MMR017026,2025-03-01,-1.2109015149541547
MMR018001,2025-03-01,-1.4397601747440456
MMR018002,2025-03-01,-1.4968660470596145
MMR018003,2025-03-01,-1.6288388800700189
MMR018004,2025-03-01,-1.4968660470596145
MMR018005,2025-03-01,-1.676259294342222
MMR018006,2025-03-01,-0.49925101028997493
MMR018007,2025-03-01,-1.0596347973501505
MMR018008,2025-03-01,-1.7920036896016287
MMR001001,2025-04-01,0.8683331861819403
MMR001002,2025-04-01,-0.2991621832804876
MMR001003,2025-04-01,-0.7010548902562571
MMR001004,2025-04-01,-0.3046288801394104
MMR001005,2025-04-01,-0.48288262731931375
MMR001006,2025-04-01,-1.1705884652401612
MMR001007,2025-04-01,0.9109537700665307
MMR001008,2025-04-01,1.6400498261983876
MMR001009,2025-04-01,1.0596145800655654
MMR001010,2025-04-01,0.21206967703528273
MMR001011,2025-04-01,1.543925953225727
MMR001012,2025-04-01,1.1111738236132398
MMR001013,2025-04-01,-0.0704452906414783
MMR001014,2025-04-01,-1.1365491873736384
MMR001015,2025-04-01,-1.0758898121366278
MMR001016,2025-04-01,-1.3128411882353543
MMR001017,2025-04-01,-1.1705884652401612
MMR001018,2025-04-01,-1.4426608479286027
MMR002001,2025-04-01,0.961638123379202
MMR002002,2025-04-01,1.4637578253366719
MMR002003,2025-04-01,1.2614109855489661
MMR002004,2025-04-01,-0.4313811839267747
MMR002005,2025-04-01,-0.3637034605639235
MMR002006,2025-04-01,0.29278823922864294
MMR002007,2025-04-01,0.401310592864633
MMR003001,2025-04-01,4.654916883641822
MMR003002,2025-04-01,6.135495848172145
MMR003003,2025-04-01,2.5411134050793462
MMR003004,2025-04-01,2.2553960741214936
MMR003005,2025-04-01,5.9029572962314125
MMR003006,2025-04-01,4.893746284250178
MMR003007,2025-04-01,3.7969641723081913
MMR004001,2025-04-01,0.758589821889808
MMR004002,2025-04-01,0.857818174582165
MMR004003,2025-04-01,-0.43376078175353894
MMR004004,2025-04-01,1.236381967482805
MMR004005,2025-04-01,0.6469198206935071
MMR004006,2025-04-01,-0.7565530692850405
MMR004007,2025-04-01,-0.588604413692146
MMR004008,2025-04-01,-0.7161937881883603
MMR004009,2025-04-01,-1.0081105487608617
MMR005001,2025-04-01,1.0440280259859442
MMR005002,2025-04-01,1.4355041644618556
MMR005003,2025-04-01,3.0775786348995724
MMR005004,2025-04-01,0.6560217690987642
MMR005005,2025-04-01,1.3824888288390067
MMR005006,2025-04-01,1.9602730550943746
MMR005007,2025-04-01,0.5043750387752587
MMR005008,2025-04-01,-0.519594481067165
MMR005009,2025-04-01,1.1726826239656374
MMR005010,2025-04-01,1.2480867035216705
MMR005011,2025-04-01,0.1415678188738022
MMR005012,2025-04-01,1.0981527347695221
MMR005013,2025-04-01,1.0999738611622458
MMR005014,2025-04-01,0.7608013050771884
MMR005015,2025-04-01,2.31075229406265
MMR005016,2025-04-01,1.0596145800655654
MMR005017,2025-04-01,1.1375085405345648
MMR005018,2025-04-01,2.222657500410634
MMR005019,2025-04-01,2.222657500410634
MMR005020,2025-04-01,0.41386608251868356
MMR005021,2025-04-01,0.6560217690987642
MMR005022,2025-04-01,0.5747232056374038
MMR005023,2025-04-01,0.19854892225663243
MMR005024,2025-04-01,-0.2318824150281987
MMR005025,2025-04-01,-0.3933195394149193
MMR005026,2025-04-01,-0.877630912575081
MMR005027,2025-04-01,0.48837744946586487
MMR005028,2025-04-01,0.40600582016637615
MMR005029,2025-04-01,1.7706420422938711
MMR005030,2025-04-01,0.010273271551882122
MMR005031,2025-04-01,-0.03008600954479809
MMR005032,2025-04-01,-1.3382742574528874
MMR005033,2025-04-01,-0.2512529839998122
MMR005034,2025-04-01,0.4340268719131135
MMR005035,2025-04-01,-0.7278971897037428
MMR005036,2025-04-01,-1.0106256179078803
MMR005037,2025-04-01,-0.974101082977062
MMR006001,2025-04-01,3.481171445866374
MMR006002,2025-04-01,1.9240878054036525
MMR006003,2025-04-01,1.5802348864432287
MMR006004,2025-04-01,1.2855038130485796
MMR006005,2025-04-01,2.2188188787983014
MMR006006,2025-04-01,2.071453342100977
MMR006007,2025-04-01,3.1826048337384027
MMR006008,2025-04-01,2.2300337318692893
MMR006009,2025-04-01,-0.13222450426683371
MMR006010,2025-04-01,2.022331496535202
MMR007001,2025-04-01,-0.6198267826226889
MMR007002,2025-04-01,-0.6302481640166382
MMR007003,2025-04-01,-1.0924761871582094
MMR007004,2025-04-01,1.5479546410259668
MMR007005,2025-04-01,1.4196848251212426
MMR007006,2025-04-01,2.2856833983039664
MMR007007,2025-04-01,0.40600582016637615
MMR007008,2025-04-01,3.7052166310028625
MMR007009,2025-04-01,1.0596145800655654
MMR007010,2025-04-01,0.25242895813196276
MMR007011,2025-04-01,3.0847778207354866
MMR007012,2025-04-01,2.1476905160345603
MMR007013,2025-04-01,1.3315388246903848
MMR007014,2025-04-01,2.472189418449371
MMR008001,2025-04-01,-0.23188241502819892
MMR008002,2025-04-01,0.42505149334651887
MMR008003,2025-04-01,-0.48049929729477325
MMR008004,2025-04-01,-0.18815155392466484
MMR008005,2025-04-01,-0.47403810160827964
MMR008006,2025-04-01,-0.4761539371280348
MMR008007,2025-04-01,-0.47545418414220364
MMR008008,2025-04-01,0.8366702081222676
MMR008009,2025-04-01,1.7276004231405533
MMR008010,2025-04-01,1.745722358709128
MMR008011,2025-04-01,-0.1624403332954681
MMR008012,2025-04-01,-0.11321913366792144
MMR008013,2025-04-01,0.5833663836448837
MMR008014,2025-04-01,0.13135111484192252
MMR009001,2025-04-01,-1.1849657606642325
MMR009002,2025-04-01,0.6858343207011145
MMR009003,2025-04-01,2.335107976974745
MMR009004,2025-04-01,-1.0384063199485907
MMR009005,2025-04-01,-0.877630912575081
MMR009006,2025-04-01,-1.0432846321919342
MMR009007,2025-04-01,-0.0787971822033427
MMR009008,2025-04-01,1.135636226957559
MMR009009,2025-04-01,-0.1511638528348385
MMR009010,2025-04-01,0.6108673363250402
MMR009011,2025-04-01,1.1023344571034923
MMR009012,2025-04-01,-1.1601458802518418
MMR009013,2025-04-01,-0.48049929729477325
MMR009014,2025-04-01,-0.7565530692850405
MMR009015,2025-04-01,-0.3126009772215591
MMR009016,2025-04-01,-0.4530573531074582
MMR009017,2025-04-01,-1.0384063199485907
MMR009018,2025-04-01,3.916261131589298
MMR009019,2025-04-01,4.408698299624314
MMR009020,2025-04-01,2.8354229483194913
MMR009021,2025-04-01,1.3837271245520728
MMR009022,2025-04-01,2.552907980642731
MMR009023,2025-04-01,1.6428621776233052
MMR009024,2025-04-01,0.41386608251868334
MMR009025,2025-04-01,1.2430307908277825
MMR010001,2025-04-01,-0.7278971897037428
MMR010002,2025-04-01,-0.8758573918455123
MMR010003,2025-04-01,-1.1365491873736384
MMR010004,2025-04-01,-1.0924761871582094
MMR010005,2025-04-01,-0.974101082977062
MMR010006,2025-04-01,-0.902588298467644
MMR010007,2025-04-01,-0.3493138055711893
MMR010008,2025-04-01,2.39147085625601
MMR010009,2025-04-01,3.534579726991932
MMR010010,2025-04-01,4.096832109812488
MMR010011,2025-04-01,2.6537288311532543
MMR010012,2025-04-01,2.2084277652808124
MMR010013,2025-04-01,0.6450713724995489
MMR010014,2025-04-01,-1.2408644424452022
MMR010015,2025-04-01,-0.2722416961248789
MMR010016,2025-04-01,-0.16393254641512015
MMR010017,2025-04-01,3.5618900080597338
MMR010018,2025-04-01,4.092131548744661
MMR010019,2025-04-01,1.5947716251385082
MMR010020,2025-04-01,0.8561158730859844
MMR010021,2025-04-01,1.6978886097781152
MMR010022,2025-04-01,2.6096558309378257
MMR010023,2025-04-01,-1.3598513830715875
MMR010024,2025-04-01,-1.0484031869427803
MMR010028,2025-04-01,-0.7010548902562571
MMR010029,2025-04-01,1.2614109855489661
MMR010030,2025-04-01,-1.148806882485152
MMR010031,2025-04-01,-0.3637034605639235
MMR011001,2025-04-01,-0.5636001845730616
MMR011002,2025-04-01,4.416648839770414
MMR011003,2025-04-01,-0.5799162236429805
MMR011004,2025-04-01,-0.2863952450562145
MMR011005,2025-04-01,-0.8280381858656355
MMR011006,2025-04-01,0.30306690173308337
MMR011007,2025-04-01,0.008335828338434438
MMR011008,2025-04-01,-0.43376078175353894
MMR011009,2025-04-01,2.3170625699298513
MMR011010,2025-04-01,2.4318301373526907
MMR012001,2025-04-01,1.3866835668996418
MMR012002,2025-04-01,0.31785981973551813
MMR012003,2025-04-01,-0.7839651856502065
MMR012004,2025-04-01,-0.6517461850039196
MMR012005,2025-04-01,-0.9729364653297892
MMR012006,2025-04-01,-0.6148058184220879
MMR012007,2025-04-01,-0.6148058184220879
MMR012008,2025-04-01,-0.13902970835889003
MMR012009,2025-04-01,-0.21898601893629568
MMR012010,2025-04-01,-0.3933195394149193
MMR012011,2025-04-01,3.060663748231698
MMR012012,2025-04-01,-0.5799162236429805
MMR012013,2025-04-01,3.060663748231698
MMR012014,2025-04-01,1.6282446596140914
MMR012015,2025-04-01,-0.1511638528348385
MMR012016,2025-04-01,-0.11080457173815851
MMR012017,2025-04-01,1.5244234582763632
MMR013001,2025-04-01,-1.1197865991551619
MMR013002,2025-04-01,-1.1133733043246647
MMR013003,2025-04-01,-1.1601458802518418
MMR013004,2025-04-01,-1.6434626342105279
MMR013005,2025-04-01,-1.2182343246440859
MMR013006,2025-04-01,-1.3007907652648503
MMR013007,2025-04-01,-1.1601458802518418
MMR013009,2025-04-01,-1.4301995499337326
MMR013010,2025-04-01,-1.2812237235418822
MMR013011,2025-04-01,-1.0924761871582094
MMR013012,2025-04-01,-1.0794273180584817
MMR013013,2025-04-01,-1.1365491873736384
MMR013014,2025-04-01,-1.2246951878044963
MMR013015,2025-04-01,-1.3619422857352426
MMR013016,2025-04-01,-1.0106256179078803
MMR013017,2025-04-01,-1.3128411882353543
MMR013018,2025-04-01,-1.3007907652648503
MMR013019,2025-04-01,-1.1883402887007393
MMR013020,2025-04-01,-0.9602571865119224
MMR013021,2025-04-01,-1.1365491873736384
MMR013022,2025-04-01,-1.7172627843418866
MMR013023,2025-04-01,-1.3619422857352426
MMR013024,2025-04-01,-1.0106256179078803
MMR013025,2025-04-01,-1.1705884652401612
MMR013026,2025-04-01,-1.2687681880199253
MMR013027,2025-04-01,-1.5697161244128777
MMR013028,2025-04-01,-1.200505161348522
MMR013029,2025-04-01,-0.8226372638879589
MMR013030,2025-04-01,-1.1214666196743863
MMR013031,2025-04-01,-1.1214666196743863
MMR013032,2025-04-01,-0.5799162236429805
MMR013033,2025-04-01,-1.3128411882353543
MMR013034,2025-04-01,-1.4023015668319225
MMR013035,2025-04-01,-1.5256917183930725
MMR013036,2025-04-01,-1.1214666196743863
MMR013037,2025-04-01,-1.2687681880199253
MMR013038,2025-04-01,-1.3757577496409243
MMR013039,2025-04-01,-1.3215830046385624
MMR013040,2025-04-01,-0.9249792374112872
MMR013041,2025-04-01,-1.4132412418289615
MMR013042,2025-04-01,-1.5305194486876381
MMR013043,2025-04-01,-1.6839942203620333
MMR013044,2025-04-01,-1.5005477167958776
MMR013046,2025-04-01,-1.3382742574528874
MMR013047,2025-04-01,-1.200505161348522
MMR014001,2025-04-01,-0.7161937881883603
MMR014002,2025-04-01,0.6483508285130771
MMR014003,2025-04-01,-1.3007907652648503
MMR014004,2025-04-01,-0.588604413692146
MMR014005,2025-04-01,-1.0081105487608617
MMR014006,2025-04-01,-1.1365491873736384
MMR014007,2025-04-01,-1.0384063199485907
MMR014008,2025-04-01,0.468443947355583
MMR014009,2025-04-01,0.2581564547577507
MMR014010,2025-04-01,1.0671603736724198
MMR014011,2025-04-01,-1.3619422857352426
MMR014012,2025-04-01,-1.3215830046385624
MMR014013,2025-04-01,-1.5256917183930725
MMR014014,2025-04-01,-1.4426608479286027
MMR014015,2025-04-01,-1.4301995499337326
MMR014016,2025-04-01,-1.0794273180584817
MMR014017,2025-04-01,-1.5631752105811096
MMR014018,2025-04-01,-1.4023015668319225
MMR014019,2025-04-01,-1.641244050520168
MMR014020,2025-04-01,-1.3598513830715875
MMR014021,2025-04-01,-1.1705884652401612
MMR015001,2025-04-01,-1.2182343246440859
MMR015002,2025-04-01,-0.5636001845730616
MMR015003,2025-04-01,-0.9987087558651214
MMR015004,2025-04-01,-1.465373633364805
MMR015005,2025-04-01,-1.4426608479286027
MMR015006,2025-04-01,-1.1705884652401612
MMR015007,2025-04-01,-1.0106256179078803
MMR015008,2025-04-01,-1.4426608479286027
MMR015009,2025-04-01,-0.679370009582413
MMR015010,2025-04-01,-0.8280381858656355
MMR015011,2025-04-01,-1.1136327990540795
MMR015012,2025-04-01,1.2855701957097079
MMR015013,2025-04-01,2.8072619169181734
MMR015014,2025-04-01,-1.151697196684379
MMR015015,2025-04-01,-0.7398921854347775
MMR015016,2025-04-01,-0.9583494747684411
MMR015017,2025-04-01,-0.3637034605639235
MMR015018,2025-04-01,0.3453881824090231
MMR015019,2025-04-01,-1.2847493218758208
MMR015020,2025-04-01,-0.7969123503817207
MMR015021,2025-04-01,-1.1601458802518418
MMR015022,2025-04-01,-1.0484031869427803
MMR015023,2025-04-01,-0.7284918551481878
MMR015024,2025-04-01,-1.5631752105811096
MMR016001,2025-04-01,-1.5631752105811096
MMR016002,2025-04-01,-1.4426608479286027
MMR016003,2025-04-01,-1.3128411882353543
MMR016005,2025-04-01,-1.3128411882353543
MMR016006,2025-04-01,-1.4426608479286027
MMR016007,2025-04-01,-1.7837999123015933
MMR016008,2025-04-01,-1.4426608479286027
MMR016009,2025-04-01,-1.1705884652401612
MMR016010,2025-04-01,-1.3128411882353543
MMR016011,2025-04-01,-1.3128411882353543
MMR017001,2025-04-01,-0.3873081837113457
MMR017002,2025-04-01,-0.7565530692850405
MMR017003,2025-04-01,-0.2722416961248789
MMR017004,2025-04-01,-0.6155134360016213
MMR017005,2025-04-01,1.2106032113336336
MMR017006,2025-04-01,2.2300337318692893
MMR017007,2025-04-01,-0.43867044493999763
MMR017008,2025-04-01,1.2480867035216705
MMR017009,2025-04-01,-0.7565530692850405
MMR017010,2025-04-01,1.8264409209024883
MMR017011,2025-04-01,-1.0390680369618013
MMR017012,2025-04-01,-0.5951159448983201
MMR017013,2025-04-01,1.1731197191455967
MMR017014,2025-04-01,-1.2687681880199253
MMR017015,2025-04-01,-1.4023015668319225
MMR017016,2025-04-01,-1.0723447741086116
MMR017017,2025-04-01,-1.4301995499337326
MMR017018,2025-04-01,-1.2687681880199253
MMR017019,2025-04-01,-1.2633072730768131
MMR017020,2025-04-01,-1.1839809659162246
MMR017021,2025-04-01,-1.2258237808887762
MMR017022,2025-04-01,-1.1508567965127021
MMR017023,2025-04-01,-1.1705884652401612
MMR017024,2025-04-01,-1.1214666196743863
MMR017025,2025-04-01,-1.465373633364805
MMR017026,2025-04-01,-1.0106256179078803
MMR018001,2025-04-01,-1.0924761871582094
MMR018002,2025-04-01,-1.0924761871582094
MMR018003,2025-04-01,-1.324677299640515
MMR018004,2025-04-01,-1.0484031869427803
MMR018005,2025-04-01,-1.200505161348522
MMR018006,2025-04-01,-0.1536402772887775
MMR018007,2025-04-01,-0.8190115568858451
MMR018008,2025-04-01,-1.3007907652648503
MMR001001,2025-05-01,0.8680674063538493
MMR001002,2025-05-01,-0.3404931477358671
MMR001003,2025-05-01,-0.7775224531284817
MMR001004,2025-05-01,0.3905405482350138
MMR001005,2025-05-01,-0.4476742782565392
MMR001006,2025-05-01,-1.2788774580651925
MMR001007,2025-05-01,1.7666262434029947
MMR001008,2025-05-01,2.841460516061264
MMR001009,2025-05-01,2.2482870519573224
MMR001010,2025-05-01,-0.07367361841833663
MMR001011,2025-05-01,1.3832428806409005
MMR001012,2025-05-01,0.9024575021848871
MMR001013,2025-05-01,-0.30131682139634236
MMR001014,2025-05-01,-1.2354176156788101
MMR001015,2025-05-01,-1.2426520682992772
MMR001016,2025-05-01,-1.4342897196661308
MMR001017,2025-05-01,-1.2788774580651925
MMR001018,2025-05-01,-1.5761187580731748
MMR002001,2025-05-01,1.2634852465682034
MMR002002,2025-05-01,1.3002017101595282
MMR002003,2025-05-01,1.838529286596912
MMR002004,2025-05-01,-0.7879553817073386
MMR002005,2025-05-01,-0.9466604950087709
MMR002006,2025-05-01,0.654784631111282
MMR002007,2025-05-01,0.2727018109109602
MMR003001,2025-05-01,5.985322478461365
MMR003002,2025-05-01,8.658469557690392
MMR003003,2025-05-01,4.093468842863873
MMR003004,2025-05-01,3.1615523300596307
MMR003005,2025-05-01,8.861801335600378
MMR003006,2025-05-01,7.119851595686647
MMR003007,2025-05-01,6.072568243023237
MMR004001,2025-05-01,0.4052772422165854
MMR004002,2025-05-01,-0.21025954020513987
MMR004003,2025-05-01,-0.8355690955005773
MMR004004,2025-05-01,0.7714237187961521
MMR004005,2025-05-01,0.7160101734755753
MMR004006,2025-05-01,-0.2557881808007411
MMR004007,2025-05-01,-0.56609990077812
MMR004008,2025-05-01,-0.30131682139634236
MMR004009,2025-05-01,-0.7998385858556992
MMR005001,2025-05-01,1.616507366018422
MMR005002,2025-05-01,1.8864017064860754
MMR005003,2025-05-01,2.066172489574918
MMR005004,2025-05-01,0.882427834089288
MMR005005,2025-05-01,1.793000646001311
MMR005006,2025-05-01,2.985798978707956
MMR005007,2025-05-01,0.6682956795228467
MMR005008,2025-05-01,-0.6352757947501693
MMR005009,2025-05-01,0.7476542884622277
MMR005010,2025-05-01,1.2098495389649178
MMR005011,2025-05-01,-0.3404931477358671
MMR005012,2025-05-01,1.505841112255424
MMR005013,2025-05-01,1.246656958854097
MMR005014,2025-05-01,1.632694643665641
MMR005015,2025-05-01,1.701943364810109
MMR005016,2025-05-01,1.246656958854097
MMR005017,2025-05-01,0.5889370705834659
MMR005018,2025-05-01,2.266962300716726
MMR005019,2025-05-01,1.378987580845207
MMR005020,2025-05-01,0.5181987093244788
MMR005021,2025-05-01,0.7458419123024845
MMR005022,2025-05-01,1.0254094197500607
MMR005023,2025-05-01,0.40644384003354367
MMR005024,2025-05-01,0.01738366277286586
MMR005025,2025-05-01,-0.11920225901393763
MMR005026,2025-05-01,-0.7110745867567527
MMR005027,2025-05-01,-0.060613185481066506
MMR005028,2025-05-01,-0.09190301775171623
MMR005029,2025-05-01,0.4302198527047042
MMR005030,2025-05-01,-0.2557881808007411
MMR005031,2025-05-01,-0.43790274318314587
MMR005032,2025-05-01,-1.3695055997094943
MMR005033,2025-05-01,0.575581881913833
MMR005034,2025-05-01,1.4618817689166554
MMR005035,2025-05-01,-0.7851754555174636
MMR005036,2025-05-01,-1.104116740993538
MMR005037,2025-05-01,-1.0572232767828849
MMR006001,2025-05-01,3.70520355101656
MMR006002,2025-05-01,2.3230029877723046
MMR006003,2025-05-01,2.0459352611694204
MMR006004,2025-05-01,1.4363862626430746
MMR006005,2025-05-01,1.768867534566536
MMR006006,2025-05-01,1.4917998079636516
MMR006007,2025-05-01,3.139768672042245
MMR006008,2025-05-01,2.020643848979317
MMR006009,2025-05-01,0.11375831979350824
MMR006010,2025-05-01,1.8796946252076896
MMR007001,2025-05-01,-0.8464198401106106
MMR007002,2025-05-01,-0.7801555501800005
MMR007003,2025-05-01,-1.1359815636851498
MMR007004,2025-05-01,2.52066936353716
MMR007005,2025-05-01,2.443716308086622
MMR007006,2025-05-01,3.33238548910464
MMR007007,2025-05-01,0.3058411902229252
MMR007008,2025-05-01,4.874301953310033
MMR007009,2025-05-01,1.201128318258496
MMR007010,2025-05-01,0.654784631111282
MMR007011,2025-05-01,4.254334292810126
MMR007012,2025-05-01,1.7172636646057862
MMR007013,2025-05-01,0.8030214501912266
MMR007014,2025-05-01,3.1133312232737445
MMR008001,2025-05-01,-0.8021318679479551
MMR008002,2025-05-01,0.4037271104363912
MMR008003,2025-05-01,-1.156952326082913
MMR008004,2025-05-01,0.16187472026980643
MMR008005,2025-05-01,-0.21025954020513987
MMR008006,2025-05-01,-0.3969618588978305
MMR008007,2025-05-01,-0.3404931477358671
MMR008008,2025-05-01,1.0466598278605639
MMR008009,2025-05-01,2.156762351810574
MMR008010,2025-05-01,1.6108860836189065
MMR008011,2025-05-01,0.10786014381554518
MMR008012,2025-05-01,-0.5606719656998673
MMR008013,2025-05-01,1.2609707336686211
MMR008014,2025-05-01,-0.16473089960953888
MMR009001,2025-05-01,-1.1606918655961738
MMR009002,2025-05-01,1.1252805180247734
MMR009003,2025-05-01,3.112652510118173
MMR009004,2025-05-01,-1.2849365787693494
MMR009005,2025-05-01,-1.2118896333083655
MMR009006,2025-05-01,-0.8395178903253897
MMR009007,2025-05-01,-0.6388013037168481
MMR009008,2025-05-01,1.1675650284948456
MMR009009,2025-05-01,-0.6655459461611516
MMR009010,2025-05-01,1.0829960075547012
MMR009011,2025-05-01,0.9857301152803702
MMR009012,2025-05-01,-1.1663609927127643
MMR009013,2025-05-01,-0.8791971947950801
MMR009014,2025-05-01,-0.8021318679479551
MMR009015,2025-05-01,-0.9387177897347586
MMR009016,2025-05-01,-1.2732810236346033
MMR009017,2025-05-01,-1.2003675578292048
MMR009018,2025-05-01,3.128412556643654
MMR009019,2025-05-01,4.080715863916224
MMR009020,2025-05-01,2.3848729737441263
MMR009021,2025-05-01,1.1841266376288224
MMR009022,2025-05-01,2.6125161767221323
MMR009023,2025-05-01,0.5281455049802695
MMR009024,2025-05-01,-0.028144977822735385
MMR009025,2025-05-01,1.422202464446965
MMR010001,2025-05-01,-0.8489637126126784
MMR010002,2025-05-01,-1.0572232767828849
MMR010003,2025-05-01,-1.3845716936693007
MMR010004,2025-05-01,-1.2851356416756403
MMR010005,2025-05-01,-1.1126368221034617
MMR010006,2025-05-01,-0.6411213679769375
MMR010007,2025-05-01,0.01822220363146773
MMR010008,2025-05-01,3.978375394590167
MMR010009,2025-05-01,5.734292159262658
MMR010010,2025-05-01,6.32627530584367
MMR010011,2025-05-01,5.327361815902773
MMR010012,2025-05-01,4.2811174395945875
MMR010013,2025-05-01,2.0173920314923217
MMR010014,2025-05-01,-1.4850614768819725
MMR010015,2025-05-01,-0.6200173055655503
MMR010016,2025-05-01,0.1921440258865616
MMR010017,2025-05-01,2.566987536126531
MMR010018,2025-05-01,3.8823193415677717
MMR010019,2025-05-01,1.2634852465682034
MMR010020,2025-05-01,1.0254094197500607
MMR010021,2025-05-01,1.7172636646057862
MMR010022,2025-05-01,2.891178542058094
MMR010023,2025-05-01,-1.0775937171435324
MMR010024,2025-05-01,-1.1359815636851498
MMR010028,2025-05-01,-0.8620914740686263
MMR010029,2025-05-01,1.155599677662895
MMR010030,2025-05-01,-1.4347074573707461
MMR010031,2025-05-01,-0.56609990077812
MMR011001,2025-05-01,-0.8376734077041688
MMR011002,2025-05-01,5.774824049874243
MMR011003,2025-05-01,-0.6335632103047787
MMR011004,2025-05-01,-0.4476742782565392
MMR011005,2025-05-01,-0.9371094596978291
MMR011006,2025-05-01,0.2172882655903833
MMR011007,2025-05-01,0.38352890155211394
MMR011008,2025-05-01,-0.39226073293596236
MMR011009,2025-05-01,3.5421009848249962
MMR011010,2025-05-01,3.614146269825358
MMR012001,2025-05-01,0.3474113002822492
MMR012002,2025-05-01,-0.39021117373269726
MMR012003,2025-05-01,-0.8376734077041688
MMR012004,2025-05-01,-0.9371094596978291
MMR012005,2025-05-01,-1.0775937171435324
MMR012006,2025-05-01,-0.6575989413270338
MMR012007,2025-05-01,-0.7213871984222486
MMR012008,2025-05-01,-0.6139149142182698
MMR012009,2025-05-01,-0.466234170041389
MMR012010,2025-05-01,-0.7566032273523539
MMR012011,2025-05-01,3.4248495127667202
MMR012012,2025-05-01,-0.6335632103047787
MMR012013,2025-05-01,3.4248495127667202
MMR012014,2025-05-01,1.403844670873993
MMR012015,2025-05-01,-0.9387177897347586
MMR012016,2025-05-01,-0.7566032273523539
MMR012017,2025-05-01,0.35086124376532335
MMR013001,2025-05-01,-1.2118896333083655
MMR013002,2025-05-01,-1.2426520682992772
MMR013003,2025-05-01,-1.2574182739039668
MMR013004,2025-05-01,-1.7799716941264778
MMR013005,2025-05-01,-1.385870181673033
MMR013006,2025-05-01,-1.496359131119711
MMR013007,2025-05-01,-1.348475555095169
MMR013009,2025-05-01,-1.6727832841888888
MMR013010,2025-05-01,-1.39400419569077
MMR013011,2025-05-01,-1.2354176156788101
MMR013012,2025-05-01,-1.1663609927127643
MMR013013,2025-05-01,-1.3348536676724703
MMR013014,2025-05-01,-1.3845716936693007
MMR013015,2025-05-01,-1.5305901174775736
MMR013016,2025-05-01,-1.104116740993538
MMR013017,2025-05-01,-1.3845716936693007
MMR013018,2025-05-01,-1.496359131119711
MMR013019,2025-05-01,-1.4117901101795665
MMR013020,2025-05-01,-1.1359815636851498
MMR013021,2025-05-01,-1.18569958968198
MMR013022,2025-05-01,-1.836226813826751
MMR013023,2025-05-01,-1.39400419569077
MMR013024,2025-05-01,-1.040328483898323
MMR013025,2025-05-01,-1.2234639127446156
MMR013026,2025-05-01,-1.2851356416756403
MMR013027,2025-05-01,-1.9179743691508977
MMR013028,2025-05-01,-1.4850614768819725
MMR013029,2025-05-01,-0.8208536021614555
MMR013030,2025-05-01,-1.2234639127446156
MMR013031,2025-05-01,-1.2234639127446156
MMR013032,2025-05-01,-0.6335632103047787
MMR013033,2025-05-01,-1.3845716936693007
MMR013034,2025-05-01,-1.4850614768819725
MMR013035,2025-05-01,-1.6232126625299281
MMR013036,2025-05-01,-1.2234639127446156
MMR013037,2025-05-01,-1.2851356416756403
MMR013038,2025-05-01,-1.4117901101795665
MMR013039,2025-05-01,-1.348475555095169
MMR013040,2025-05-01,-0.8909826408211543
MMR013041,2025-05-01,-1.3695055997094943
MMR013042,2025-05-01,-1.6559427550096193
MMR013043,2025-05-01,-1.7611673751344648
MMR013044,2025-05-01,-1.514066066310127
MMR013046,2025-05-01,-1.3695055997094943
MMR013047,2025-05-01,-1.348475555095169
MMR014001,2025-05-01,-0.2557881808007411
MMR014002,2025-05-01,1.9286862169561476
MMR014003,2025-05-01,-1.2849365787693494
MMR014004,2025-05-01,-0.3969618588978307
MMR014005,2025-05-01,-0.1649697143406523
MMR014006,2025-05-01,-1.0862635376883196
MMR014007,2025-05-01,-1.2849365787693494
MMR014008,2025-05-01,1.6582205304635527
MMR014009,2025-05-01,1.3031645510378937
MMR014010,2025-05-01,2.2951471627801547
MMR014011,2025-05-01,-1.4395328362863713
MMR014012,2025-05-01,-1.5305901174775736
MMR014013,2025-05-01,-1.6654971730000003
MMR014014,2025-05-01,-1.5761187580731748
MMR014015,2025-05-01,-1.5537453707798174
MMR014016,2025-05-01,-1.075303711521562
MMR014017,2025-05-01,-1.707781683470073
MMR014018,2025-05-01,-1.5305901174775736
MMR014019,2025-05-01,-1.79182119759796
MMR014020,2025-05-01,-1.514066066310127
MMR014021,2025-05-01,-1.2788774580651925
MMR015001,2025-05-01,-1.3108107429807465
MMR015002,2025-05-01,-0.7879553817073386
MMR015003,2025-05-01,-0.9842464303303596
MMR015004,2025-05-01,-1.5537453707798174
MMR015005,2025-05-01,-1.5761187580731748
MMR015006,2025-05-01,-1.2788774580651925
MMR015007,2025-05-01,-1.104116740993538
MMR015008,2025-05-01,-1.5761187580731748
MMR015009,2025-05-01,-0.6139149142182698
MMR015010,2025-05-01,-0.7879553817073386
MMR015011,2025-05-01,-1.1966316305526035
MMR015012,2025-05-01,3.4086440834086793
MMR015013,2025-05-01,5.106771265209738
MMR015014,2025-05-01,-1.0481027075577443
MMR015015,2025-05-01,-0.6885193297136784
MMR015016,2025-05-01,-0.9842464303303596
MMR015017,2025-05-01,0.36415932956347147
MMR015018,2025-05-01,0.2654374695572672
MMR015019,2025-05-01,-1.4893525575347832
MMR015020,2025-05-01,-1.0297750709259608
MMR015021,2025-05-01,-1.2574182739039668
MMR015022,2025-05-01,-1.3348536676724703
MMR015023,2025-05-01,-0.7247420048594236
MMR015024,2025-05-01,-1.707781683470073
MMR016001,2025-05-01,-1.707781683470073
MMR016002,2025-05-01,-1.5761187580731748
MMR016003,2025-05-01,-1.4342897196661308
MMR016005,2025-05-01,-1.4342897196661308
MMR016006,2025-05-01,-1.5761187580731748
MMR016007,2025-05-01,-1.9488159718651805
MMR016008,2025-05-01,-1.5761187580731748
MMR016009,2025-05-01,-1.2788774580651925
MMR016010,2025-05-01,-1.4342897196661308
MMR016011,2025-05-01,-1.4342897196661308
MMR017001,2025-05-01,-1.18569958968198
MMR017002,2025-05-01,-1.5305901174775736
MMR017003,2025-05-01,-1.1208323521171633
MMR017004,2025-05-01,-0.6650849485022949
MMR017005,2025-05-01,0.2373057981532544
MMR017006,2025-05-01,0.5637273499200798
MMR017007,2025-05-01,-1.2426520682992772
MMR017008,2025-05-01,0.8292889447342671
MMR017009,2025-05-01,-0.6655459461611516
MMR017010,2025-05-01,1.1100710370672935
MMR017011,2025-05-01,-0.9387177897347584
MMR017012,2025-05-01,-1.3029469144995678
MMR017013,2025-05-01,0.7870044342641949
MMR017014,2025-05-01,-1.3845716936693007
MMR017015,2025-05-01,-1.5305901174775736
MMR017016,2025-05-01,-1.2234639127446156
MMR017017,2025-05-01,-1.79182119759796
MMR017018,2025-05-01,-1.3845716936693007
MMR017019,2025-05-01,-1.6232126625299281
MMR017020,2025-05-01,-1.6727832841888888
MMR017021,2025-05-01,-1.5386436415897835
MMR017022,2025-05-01,-1.4117901101795665
MMR017023,2025-05-01,-1.2234639127446156
MMR017024,2025-05-01,-1.2234639127446156
MMR017025,2025-05-01,-1.79182119759796
MMR017026,2025-05-01,-1.104116740993538
MMR018001,2025-05-01,-0.6388013037168481
MMR018002,2025-05-01,-1.2851356416756403
MMR018003,2025-05-01,-1.0775937171435324
MMR018004,2025-05-01,-1.2354176156788101
MMR018005,2025-05-01,-1.39400419569077
MMR018006,2025-05-01,1.0535615758262742
MMR018007,2025-05-01,-0.7853946721347419
MMR018008,2025-05-01,-1.4540746206496389
MMR001001,2025-06-01,-0.9391720713070323
MMR001002,2025-06-01,-0.8319004891890877
MMR001003,2025-06-01,-1.1118173701701182
MMR001004,2025-06-01,0.8220071718906788
MMR001005,2025-06-01,-0.6622857395083663
MMR001006,2025-06-01,-1.059657183213386
MMR001007,2025-06-01,0.8970874462880556
MMR001008,2025-06-01,1.9014868324322005
MMR001009,2025-06-01,1.5598805634288078
MMR001010,2025-06-01,-0.8706310121463113
MMR001011,2025-06-01,-0.6529732591097335
MMR001012,2025-06-01,-0.3961430900900417
MMR001013,2025-06-01,-0.6892495512824965
MMR001014,2025-06-01,-1.148814961261121
MMR001015,2025-06-01,-1.3813488538477225
MMR001016,2025-06-01,-1.148814961261121
MMR001017,2025-06-01,-1.015504800579495
MMR001018,2025-06-01,-1.305946518219467
MMR002001,2025-06-01,1.264626418293352
MMR002002,2025-06-01,1.3072721972971377
MMR002003,2025-06-01,1.8500909008109112
MMR002004,2025-06-01,-0.7922861801800835
MMR002005,2025-06-01,-0.7075201446537116
MMR002006,2025-06-01,0.2902103373821037
MMR002007,2025-06-01,-0.04415238263389109
MMR003001,2025-06-01,3.2564130271053817
MMR003002,2025-06-01,5.30831740720656
MMR003003,2025-06-01,3.199611891760733
MMR003004,2025-06-01,2.8584439090224714
MMR003005,2025-06-01,5.563200211870277
MMR003006,2025-06-01,4.4257076450770825
MMR003007,2025-06-01,3.4365264168894556
MMR004001,2025-06-01,-0.3961430900900417
MMR004002,2025-06-01,-0.8343547199735484
MMR004003,2025-06-01,-0.971352417945604
MMR004004,2025-06-01,-0.22076191316945545
MMR004005,2025-06-01,-0.04415238263389109
MMR004006,2025-06-01,-0.47159179824591874
MMR004007,2025-06-01,-0.60644583827461
MMR004008,2025-06-01,-0.4353155060731558
MMR004009,2025-06-01,-1.0117011346346816
MMR005001,2025-06-01,1.2858253396795465
MMR005002,2025-06-01,1.8193375148238295
MMR005003,2025-06-01,1.2696702260467039
MMR005004,2025-06-01,0.7618021356280225
MMR005005,2025-06-01,1.7412620242926227
MMR005006,2025-06-01,2.4931662240178403
MMR005007,2025-06-01,0.4110035859453394
MMR005008,2025-06-01,-0.5980582975253707
MMR005009,2025-06-01,0.3477722650306718
MMR005010,2025-06-01,0.2695314836776043
MMR005011,2025-06-01,0.03961430900900421
MMR005012,2025-06-01,0.6401372737343103
MMR005013,2025-06-01,0
MMR005014,2025-06-01,1.1455088056298184
MMR005015,2025-06-01,0.5078680904186814
MMR005016,2025-06-01,1.5598805634288078
MMR005017,2025-06-01,0.8220071718906788
MMR005018,2025-06-01,2.4257833530984394
MMR005019,2025-06-01,1.9541032566626317
MMR005020,2025-06-01,-0.8343547199735484
MMR005021,2025-06-01,-0.7980784278007854
MMR005022,2025-06-01,0.1264626418293352
MMR005023,2025-06-01,-1.0107430637910164
MMR005024,2025-06-01,-0.036276292172763035
MMR005025,2025-06-01,-0.6529732591097335
MMR005026,2025-06-01,-0.8706310121463113
MMR005027,2025-06-01,-0.7399537531509951
MMR005028,2025-06-01,-0.9507434162161001
MMR005029,2025-06-01,-0.7587758509760112
MMR005030,2025-06-01,-0.9431835964918375
MMR005031,2025-06-01,-1.0157361808373633
MMR005032,2025-06-01,-1.1455088056298188
MMR005033,2025-06-01,1.0781259347104175
MMR005034,2025-06-01,1.1697794369213506
MMR005035,2025-06-01,-0.8640280966485842
MMR005036,2025-06-01,-0.8640280966485842
MMR005037,2025-06-01,-1.015504800579495
MMR006001,2025-06-01,3.04720854251209
MMR006002,2025-06-01,1.457028626918406
MMR006003,2025-06-01,1.501181009552297
MMR006004,2025-06-01,1.1921143311150595
MMR006005,2025-06-01,1.8544000706234258
MMR006006,2025-06-01,1.4128762442845149
MMR006007,2025-06-01,2.3768585405402503
MMR006008,2025-06-01,1.7412620242926227
MMR006009,2025-06-01,-0.18616992900212764
MMR006010,2025-06-01,1.5894857748200792
MMR007001,2025-06-01,-0.7684135128875719
MMR007002,2025-06-01,-0.8830476526778218
MMR007003,2025-06-01,-0.9903577252251043
MMR007004,2025-06-01,1.0781259347104175
MMR007005,2025-06-01,1.307272197297138
MMR007006,2025-06-01,2.7767740830504013
MMR007007,2025-06-01,0.11884292702701263
MMR007008,2025-06-01,3.5725696316787197
MMR007009,2025-06-01,0.7618021356280225
MMR007010,2025-06-01,0.21765775303657764
MMR007011,2025-06-01,3.638675029647659
MMR007012,2025-06-01,2.1899433048805355
MMR007013,2025-06-01,0.673443253153071
MMR007014,2025-06-01,2.938379665993801
MMR008001,2025-06-01,-0.6529732591097335
MMR008002,2025-06-01,0.3415171168389209
MMR008003,2025-06-01,-1.0117011346346816
MMR008004,2025-06-01,0.22076191316945545
MMR008005,2025-06-01,-0.036276292172763035
MMR008006,2025-06-01,-0.370605790056706
MMR008007,2025-06-01,-0.5546003261260584
MMR008008,2025-06-01,0.7114939934144184
MMR008009,2025-06-01,1.2804190963828417
MMR008010,2025-06-01,1.414775394737756
MMR008011,2025-06-01,0.2541259107789952
MMR008012,2025-06-01,0.08537927920973042
MMR008013,2025-06-01,0.8253330323607255
MMR008014,2025-06-01,0.39903921390039265
MMR009001,2025-06-01,-0.4186408082677596
MMR009002,2025-06-01,1.2465831120089201
MMR009003,2025-06-01,3.3017606750506543
MMR009004,2025-06-01,-1.3139659829283215
MMR009005,2025-06-01,-1.0157361808373633
MMR009006,2025-06-01,-0.1264626418293352
MMR009007,2025-06-01,-0.2773001630630293
MMR009008,2025-06-01,1.6508803375253271
MMR009009,2025-06-01,-0.14510516869105194
MMR009010,2025-06-01,1.516114595686525
MMR009011,2025-06-01,0.9800854741773478
MMR009012,2025-06-01,-1.0882887651828892
MMR009013,2025-06-01,-0.5690818882320084
MMR009014,2025-06-01,-0.8706310121463113
MMR009015,2025-06-01,-1.0157361808373633
MMR009016,2025-06-01,-1.2559224248032783
MMR009017,2025-06-01,-1.21289167654922
MMR009018,2025-06-01,2.9086407620747097
MMR009019,2025-06-01,3.857110575794724
MMR009020,2025-06-01,3.8090106781401123
MMR009021,2025-06-01,3.382875668934717
MMR009022,2025-06-01,2.974655958166564
MMR009023,2025-06-01,0.7774757867829819
MMR009024,2025-06-01,0.1813814608638148
MMR009025,2025-06-01,1.0749324555493494
MMR010001,2025-06-01,-0.4066014572463926
MMR010002,2025-06-01,-0.6181333568744752
MMR010003,2025-06-01,-1.0299720342341085
MMR010004,2025-06-01,-1.0299720342341085
MMR010005,2025-06-01,-0.8830476526778218
MMR010006,2025-06-01,-0.1896939627440028
MMR010007,2025-06-01,0.24500947791621192
MMR010008,2025-06-01,5.2963386572233935
MMR010009,2025-06-01,6.839361398319212
MMR010010,2025-06-01,6.6709042210207095
MMR010011,2025-06-01,6.575975295494693
MMR010012,2025-06-01,5.322718847975797
MMR010013,2025-06-01,3.5725696316787197
MMR010014,2025-06-01,-1.1245650573556523
MMR010015,2025-06-01,-0.8343547199735484
MMR010016,2025-06-01,0.474234906860007
MMR010017,2025-06-01,2.140301238193015
MMR010018,2025-06-01,3.2247973666480476
MMR010019,2025-06-01,1.5491673624093563
MMR010020,2025-06-01,1.3910890601226873
MMR010021,2025-06-01,1.85302895028353
MMR010022,2025-06-01,2.891844557657305
MMR010023,2025-06-01,-0.7903915114333451
MMR010024,2025-06-01,-0.7526718711710793
MMR010028,2025-06-01,-0.6738287091940112
MMR010029,2025-06-01,0.8706310121463113
MMR010030,2025-06-01,-1.2330107578360183
MMR010031,2025-06-01,-0.7075201446537116
MMR011001,2025-06-01,-0.713057562162075
MMR011002,2025-06-01,2.7730016306302923
MMR011003,2025-06-01,-0.5249602317917847
MMR011004,2025-06-01,-0.4415238263389109
MMR011005,2025-06-01,-0.7922861801800835
MMR011006,2025-06-01,0.04415238263389109
MMR011007,2025-06-01,0.3090666784372376
MMR011008,2025-06-01,-0.2649142958033465
MMR011009,2025-06-01,2.0751619837928814
MMR011010,2025-06-01,2.176577530365778
MMR012001,2025-06-01,-0.43439650100496446
MMR012002,2025-06-01,-0.8715147981980919
MMR012003,2025-06-01,-0.7526718711710793
MMR012004,2025-06-01,-0.9507434162161001
MMR012005,2025-06-01,-0.9168541532626803
MMR012006,2025-06-01,-0.4066014572463926
MMR012007,2025-06-01,-0.5082518215579906
MMR012008,2025-06-01,-0.6622857395083663
MMR012009,2025-06-01,-0.5082518215579906
MMR012010,2025-06-01,-0.8706310121463113
MMR012011,2025-06-01,2.3379583791667566
MMR012012,2025-06-01,-0.4374668598264873
MMR012013,2025-06-01,2.3379583791667566
MMR012014,2025-06-01,1.1099306297264928
MMR012015,2025-06-01,-0.9431835964918375
MMR012016,2025-06-01,-0.7618021356280225
MMR012017,2025-06-01,0.4426192464026732
MMR013001,2025-06-01,-1.0520124730101263
MMR013002,2025-06-01,-1.0107430637910164
MMR013003,2025-06-01,-0.9794598886646003
MMR013004,2025-06-01,-1.5166617483033902
MMR013005,2025-06-01,-1.2260195099270097
MMR013006,2025-06-01,-1.1792002410895193
MMR013007,2025-06-01,-1.0157361808373633
MMR013009,2025-06-01,-1.3594733996653534
MMR013010,2025-06-01,-1.2333939338739413
MMR013011,2025-06-01,-1.1092006522521167
MMR013012,2025-06-01,-1.0882887651828892
MMR013013,2025-06-01,-1.0695863432431127
MMR013014,2025-06-01,-1.1092006522521167
MMR013015,2025-06-01,-1.269670226046704
MMR013016,2025-06-01,-0.9148532788043832
MMR013017,2025-06-01,-1.1092006522521167
MMR013018,2025-06-01,-1.21289167654922
MMR013019,2025-06-01,-1.2465831120089204
MMR013020,2025-06-01,-0.9507434162161001
MMR013021,2025-06-01,-0.9507434162161001
MMR013022,2025-06-01,-1.5549515735659636
MMR013023,2025-06-01,-1.1971176417011782
MMR013024,2025-06-01,-0.8640280966485842
MMR013025,2025-06-01,-1.015504800579495
MMR013026,2025-06-01,-1.0695863432431127
MMR013027,2025-06-01,-1.6506660647214508
MMR013028,2025-06-01,-1.269670226046704
MMR013029,2025-06-01,-0.6826230730078013
MMR013030,2025-06-01,-1.059657183213386
MMR013031,2025-06-01,-1.059657183213386
MMR013032,2025-06-01,-0.5249602317917847
MMR013033,2025-06-01,-1.1092006522521167
MMR013034,2025-06-01,-1.2333939338739413
MMR013035,2025-06-01,-1.347657418388022
MMR013036,2025-06-01,-1.015504800579495
MMR013037,2025-06-01,-1.0695863432431127
MMR013038,2025-06-01,-1.2465831120089204
MMR013039,2025-06-01,-1.1608413495284151
MMR013040,2025-06-01,-0.8388952700439307
MMR013041,2025-06-01,-1.21289167654922
MMR013042,2025-06-01,-1.5245034181453183
MMR013043,2025-06-01,-1.465242828937158
MMR013044,2025-06-01,-1.3278577392080197
MMR013046,2025-06-01,-1.2465831120089204
MMR013047,2025-06-01,-1.1245650573556523
MMR014001,2025-06-01,-0.21765775303657783
MMR014002,2025-06-01,1.7519546439044282
MMR014003,2025-06-01,-1.0781259347104175
MMR014004,2025-06-01,-0.4042972255164067
MMR014005,2025-06-01,-0.1896939627440028
MMR014006,2025-06-01,-0.9507434162161001
MMR014007,2025-06-01,-1.1455088056298188
MMR014008,2025-06-01,2.9128904596705185
MMR014009,2025-06-01,1.2330107578360183
MMR014010,2025-06-01,2.086633590184031
MMR014011,2025-06-01,-1.0882887651828892
MMR014012,2025-06-01,-1.2333939338739413
MMR014013,2025-06-01,-1.347657418388022
MMR014014,2025-06-01,-1.269670226046704
MMR014015,2025-06-01,-1.3594733996653534
MMR014016,2025-06-01,-0.9794598886646003
MMR014017,2025-06-01,-1.4150402893074232
MMR014018,2025-06-01,-1.269670226046704
MMR014019,2025-06-01,-1.4543203810373548
MMR014020,2025-06-01,-1.2013950973786844
MMR014021,2025-06-01,-1.059657183213386
MMR015001,2025-06-01,-1.1064078504219355
MMR015002,2025-06-01,-0.673443253153071
MMR015003,2025-06-01,-0.9794598886646003
MMR015004,2025-06-01,-1.3278577392080197
MMR015005,2025-06-01,-1.305946518219467
MMR015006,2025-06-01,-1.059657183213386
MMR015007,2025-06-01,-0.9148532788043832
MMR015008,2025-06-01,-1.305946518219467
MMR015009,2025-06-01,-0.485676208972802
MMR015010,2025-06-01,-0.5942146351350626
MMR015011,2025-06-01,-0.9168541532626803
MMR015012,2025-06-01,4.91894957711628
MMR015013,2025-06-01,5.681553826491021
MMR015014,2025-06-01,-0.7774757867829819
MMR015015,2025-06-01,-0.6338289441440667
MMR015016,2025-06-01,-0.6166969669369706
MMR015017,2025-06-01,0.1010743063791015
MMR015018,2025-06-01,-0.568155382649102
MMR015019,2025-06-01,-1.1099306297264928
MMR015020,2025-06-01,-0.8706310121463113
MMR015021,2025-06-01,-1.0520124730101263
MMR015022,2025-06-01,-1.0695863432431127
MMR015023,2025-06-01,-0.6181333568744752
MMR015024,2025-06-01,-1.4150402893074232
MMR016001,2025-06-01,-1.4150402893074232
MMR016002,2025-06-01,-1.305946518219467
MMR016003,2025-06-01,-1.1884292702701251
MMR016005,2025-06-01,-1.1884292702701251
MMR016006,2025-06-01,-1.305946518219467
MMR016007,2025-06-01,-1.6147574033185006
MMR016008,2025-06-01,-1.305946518219467
MMR016009,2025-06-01,-1.059657183213386
MMR016010,2025-06-01,-1.1884292702701251
MMR016011,2025-06-01,-1.1884292702701251
MMR017001,2025-06-01,-1.0299720342341085
MMR017002,2025-06-01,-1.1971176417011782
MMR017003,2025-06-01,-0.43531550607315567
MMR017004,2025-06-01,-0.5585097870063829
MMR017005,2025-06-01,0.23584004821790366
MMR017006,2025-06-01,0.39903921390039265
MMR017007,2025-06-01,-0.4716800964358078
MMR017008,2025-06-01,0.1010743063791015
MMR017009,2025-06-01,-0.8343547199735484
MMR017010,2025-06-01,0.7980784278007853
MMR017011,2025-06-01,-0.6892495512824964
MMR017012,2025-06-01,-1.0520124730101263
MMR017013,2025-06-01,0.06738287091940108
MMR017014,2025-06-01,-1.148814961261121
MMR017015,2025-06-01,-1.1608413495284151
MMR017016,2025-06-01,-0.971352417945604
MMR017017,2025-06-01,-1.3594733996653534
MMR017018,2025-06-01,-1.1092006522521167
MMR017019,2025-06-01,-1.280274547468621
MMR017020,2025-06-01,-1.3278577392080197
MMR017021,2025-06-01,-1.2465831120089204
MMR017022,2025-06-01,-1.1792002410895193
MMR017023,2025-06-01,-1.015504800579495
MMR017024,2025-06-01,-0.971352417945604
MMR017025,2025-06-01,-1.4543203810373548
MMR017026,2025-06-01,-0.9148532788043832
MMR018001,2025-06-01,-0.5942146351350625
MMR018002,2025-06-01,-1.1092006522521167
MMR018003,2025-06-01,-0.948469813720014
MMR018004,2025-06-01,-1.1092006522521167
MMR018005,2025-06-01,-1.2333939338739413
MMR018006,2025-06-01,0.9867961909168613
MMR018007,2025-06-01,-0.8671845314117874
MMR018008,2025-06-01,-1.280274547468621
MMR001001,2025-07-01,-0.6154500498911848
MMR001002,2025-07-01,-0.912238011368326
MMR001003,2025-07-01,-1.2421414588061837
MMR001004,2025-07-01,1.8271347366273218
MMR001005,2025-07-01,-0.8815193799584051
MMR001006,2025-07-01,-1.2221533324013485
MMR001007,2025-07-01,2.444020237029807
MMR001008,2025-07-01,3.570230998807003
MMR001009,2025-07-01,2.8784227479090583
MMR001010,2025-07-01,-0.759890035983063
MMR001011,2025-07-01,0.07972060645358035
MMR001012,2025-07-01,-0.6575522721538188
MMR001013,2025-07-01,-1.1330503215104601
MMR001014,2025-07-01,-1.1669237505828336
MMR001015,2025-07-01,-1.3287841731173315
MMR001016,2025-07-01,-1.3197351941115378
MMR001017,2025-07-01,-1.1653810069941912
MMR001018,2025-07-01,-1.5062106070378571
MMR002001,2025-07-01,1.0140893441151642
MMR002002,2025-07-01,1.5836822329338454
MMR002003,2025-07-01,1.4324266414903946
MMR002004,2025-07-01,-0.5556779764680159
MMR002005,2025-07-01,0.057499255861034416
MMR002006,2025-07-01,-0.3400847147647413
MMR002007,2025-07-01,-0.029934498851046546
MMR003001,2025-07-01,3.3719209824004213
MMR003002,2025-07-01,5.6077169125230615
MMR003003,2025-07-01,2.2517703614053226
MMR003004,2025-07-01,2.6183307847808073
MMR003005,2025-07-01,5.817615018086149
MMR003006,2025-07-01,4.790869211236967
MMR003007,2025-07-01,4.432956328574002
MMR004001,2025-07-01,-0.2500550894106071
MMR004002,2025-07-01,-0.4800198218375153
MMR004003,2025-07-01,-0.42734077670114723
MMR004004,2025-07-01,-0.029934498851046546
MMR004005,2025-07-01,-0.5408854275154616
MMR004006,2025-07-01,-1.039760250128611
MMR004007,2025-07-01,-1.068856030183888
MMR004008,2025-07-01,-0.9464701787467615
MMR004009,2025-07-01,-1.4656991030469173
MMR005001,2025-07-01,2.559370162404497
MMR005002,2025-07-01,2.006960327861861
MMR005003,2025-07-01,1.4324266414903946
MMR005004,2025-07-01,1.3391365701085451
MMR005005,2025-07-01,3.1582929620546047
MMR005006,2025-07-01,3.133315613906784
MMR005007,2025-07-01,1.379959770745635
MMR005008,2025-07-01,-0.3243779719627661
MMR005009,2025-07-01,0.6888711871103009
MMR005010,2025-07-01,0.880605041816939
MMR005011,2025-07-01,0.5140021282329148
MMR005012,2025-07-01,0.8372836846613653
MMR005013,2025-07-01,0.0797206064535801
MMR005014,2025-07-01,1.66038947061727
MMR005015,2025-07-01,0.6394610347446756
MMR005016,2025-07-01,2.2720372839270375
MMR005017,2025-07-01,1.0953938833663799
MMR005018,2025-07-01,2.916708828128914
MMR005019,2025-07-01,2.960030185284488
MMR005020,2025-07-01,-0.060214500619193534
MMR005021,2025-07-01,-0.29343967907381685
MMR005022,2025-07-01,1.1360461529919879
MMR005023,2025-07-01,-0.8089278872504444
MMR005024,2025-07-01,0.3129457849082034
MMR005025,2025-07-01,-0.8998251430558369
MMR005026,2025-07-01,-0.9464701787467615
MMR005027,2025-07-01,-0.7984216863453208
MMR005028,2025-07-01,-1.014112307054129
MMR005029,2025-07-01,-0.8965673282884068
MMR005030,2025-07-01,-1.039760250128611
MMR005031,2025-07-01,-0.9931152144376862
MMR005032,2025-07-01,-1.1121773873394618
MMR005033,2025-07-01,2.006960327861861
MMR005034,2025-07-01,2.2336574328834007
MMR005035,2025-07-01,-1.0551440607975606
MMR005036,2025-07-01,-0.9244392784915565
MMR005037,2025-07-01,-0.9382917053655623
MMR006001,2025-07-01,3.7180333903457004
MMR006002,2025-07-01,1.843552239585142
MMR006003,2025-07-01,2.354503168249557
MMR006004,2025-07-01,2.070641541213771
MMR006005,2025-07-01,2.1841861920280854
MMR006006,2025-07-01,0.9919673584777837
MMR006007,2025-07-01,2.7552366333205796
MMR006008,2025-07-01,1.9921670697814895
MMR006009,2025-07-01,-0.38011010818981594
MMR006010,2025-07-01,1.1622843346992555
MMR007001,2025-07-01,-0.3958840861462217
MMR007002,2025-07-01,-1.1653810069941912
MMR007003,2025-07-01,-1.3197351941115378
MMR007004,2025-07-01,-0.20242888707240936
MMR007005,2025-07-01,1.0743107545048307
MMR007006,2025-07-01,3.003379429601514
MMR007007,2025-07-01,0.7177507196045209
MMR007008,2025-07-01,3.453225521651637
MMR007009,2025-07-01,0.03307557076265564
MMR007010,2025-07-01,-0.24679464338289214
MMR007011,2025-07-01,3.3066010425290795
MMR007012,2025-07-01,2.916708828128914
MMR007013,2025-07-01,0.5140021282329148
MMR007014,2025-07-01,2.5519074980725853
MMR008001,2025-07-01,-0.7132450002921386
MMR008002,2025-07-01,-0.24950677698291274
MMR008003,2025-07-01,-1.181133215667662
MMR008004,2025-07-01,-0.42734077670114723
MMR008005,2025-07-01,-0.6199549289102892
MMR008006,2025-07-01,-1.2421414588061837
MMR008007,2025-07-01,-0.6066151243109174
MMR008008,2025-07-01,1.5070209329767932
MMR008009,2025-07-01,2.1841861920280854
MMR008010,2025-07-01,2.971712819290907
MMR008011,2025-07-01,-0.20556297580853383
MMR008012,2025-07-01,0.40919111425197696
MMR008013,2025-07-01,0.8483230417419039
MMR008014,2025-07-01,0.9193312488902234
MMR009001,2025-07-01,-0.28592799683786935
MMR009002,2025-07-01,0.9672477561280871
MMR009003,2025-07-01,3.9131000427071143
MMR009004,2025-07-01,-1.3287841731173315
MMR009005,2025-07-01,-0.8998251430558369
MMR009006,2025-07-01,-0.2867832839042884
MMR009007,2025-07-01,0.20837924117550602
MMR009008,2025-07-01,1.6603894706172704
MMR009009,2025-07-01,0.49952592767190174
MMR009010,2025-07-01,1.3138186133726786
MMR009011,2025-07-01,0.9734370744895562
MMR009012,2025-07-01,-1.0864052858195354
MMR009013,2025-07-01,-0.0022173965250331627
MMR009014,2025-07-01,-0.8065350716739876
MMR009015,2025-07-01,-1.1330503215104601
MMR009016,2025-07-01,-1.0164775242109094
MMR009017,2025-07-01,-1.1554987444950358
MMR009018,2025-07-01,4.591489071168658
MMR009019,2025-07-01,4.0223572964101475
MMR009020,2025-07-01,5.397254675218987
MMR009021,2025-07-01,4.55083680154305
MMR009022,2025-07-01,3.6713883546547765
MMR009023,2025-07-01,1.4443208837824888
MMR009024,2025-07-01,0.17301067783542953
MMR009025,2025-07-01,0.9327848048639483
MMR010001,2025-07-01,0.3172561534154826
MMR010002,2025-07-01,0.02683782655611069
MMR010003,2025-07-01,-0.4538036807822129
MMR010004,2025-07-01,-0.5047408286251144
MMR010005,2025-07-01,-0.31379612588683276
MMR010006,2025-07-01,0.1197394123517905
MMR010007,2025-07-01,0.5180654493951331
MMR010008,2025-07-01,8.05602170960169
MMR010009,2025-07-01,9.978090044487466
MMR010010,2025-07-01,10.064732758798613
MMR010011,2025-07-01,10.75236884465611
MMR010012,2025-07-01,8.13461655551454
MMR010013,2025-07-01,5.363882194055208
MMR010014,2025-07-01,-0.666599964601214
MMR010015,2025-07-01,-0.29343967907381685
MMR010016,2025-07-01,0.5669143782334773
MMR010017,2025-07-01,2.4119723909998116
MMR010018,2025-07-01,4.103661835661364
MMR010019,2025-07-01,2.152352893632185
MMR010020,2025-07-01,2.111700624006577
MMR010021,2025-07-01,2.006960327861862
MMR010022,2025-07-01,3.8758538858644114
MMR010023,2025-07-01,-1.22178548529327
MMR010024,2025-07-01,-0.7084894199967203
MMR010028,2025-07-01,-0.1591075299168353
MMR010029,2025-07-01,1.2458464987266957
MMR010030,2025-07-01,-0.9778718675396225
MMR010031,2025-07-01,-0.07246481560568747
MMR011001,2025-07-01,-0.5556779764680159
MMR011002,2025-07-01,3.4174195552782978
MMR011003,2025-07-01,-0.6054617538824506
MMR011004,2025-07-01,0.08361015196326793
MMR011005,2025-07-01,-0.7594265678396217
MMR011006,2025-07-01,0.7081057314419975
MMR011007,2025-07-01,0.48101642981336856
MMR011008,2025-07-01,0.02683782655611069
MMR011009,2025-07-01,0.42424410440621135
MMR011010,2025-07-01,1.0126213202720729
MMR012001,2025-07-01,-0.22052189482767948
MMR012002,2025-07-01,-0.8103637156825232
MMR012003,2025-07-01,-1.0650494548970304
MMR012004,2025-07-01,-0.9122380113683262
MMR012005,2025-07-01,-0.8965673282884068
MMR012006,2025-07-01,-0.20556297580853383
MMR012007,2025-07-01,-0.6630297138795482
MMR012008,2025-07-01,-0.20025147507251825
MMR012009,2025-07-01,-0.27091536696153595
MMR012010,2025-07-01,-0.666599964601214
MMR012011,2025-07-01,2.931351799535565
MMR012012,2025-07-01,-0.4929604144786169
MMR012013,2025-07-01,2.931351799535565
MMR012014,2025-07-01,1.7631812240125841
MMR012015,2025-07-01,-1.1796953572013846
MMR012016,2025-07-01,-0.759890035983063
MMR012017,2025-07-01,0.40430529973104573
MMR013001,2025-07-01,-0.9931152144376862
MMR013002,2025-07-01,-0.9822133158727401
MMR013003,2025-07-01,-1.0864052858195354
MMR013004,2025-07-01,-1.7679862283165277
MMR013005,2025-07-01,-1.5547771759594653
MMR013006,2025-07-01,-1.3287841731173315
MMR013007,2025-07-01,-1.039760250128611
MMR013009,2025-07-01,-1.506351372672525
MMR013010,2025-07-01,-1.272985428583234
MMR013011,2025-07-01,-1.2687980462686363
MMR013012,2025-07-01,-1.1796953572013846
MMR013013,2025-07-01,-1.0650494548970304
MMR013014,2025-07-01,-1.2178608984257349
MMR013015,2025-07-01,-1.3662754999650832
MMR013016,2025-07-01,-0.9897916696445587
MMR013017,2025-07-01,-1.2687980462686363
MMR013018,2025-07-01,-1.3287841731173315
MMR013019,2025-07-01,-1.3287841731173315
MMR013020,2025-07-01,-1.0650494548970304
MMR013021,2025-07-01,-0.9631751592112276
MMR013022,2025-07-01,-1.7085770764590524
MMR013023,2025-07-01,-1.3662754999650832
MMR013024,2025-07-01,-0.9897916696445587
MMR013025,2025-07-01,-1.1653810069941912
MMR013026,2025-07-01,-1.2687980462686363
MMR013027,2025-07-01,-1.85965717777931
MMR013028,2025-07-01,-1.4595655713469324
MMR013029,2025-07-01,-0.8588747482762252
MMR013030,2025-07-01,-1.2221533324013485
MMR013031,2025-07-01,-1.2221533324013485
MMR013032,2025-07-01,-0.6054617538824506
MMR013033,2025-07-01,-1.3197351941115378
MMR013034,2025-07-01,-1.4595655713469324
MMR013035,2025-07-01,-1.588712316050775
MMR013036,2025-07-01,-1.1653810069941912
MMR013037,2025-07-01,-1.3197351941115378
MMR013038,2025-07-01,-1.5453909588952013
MMR013039,2025-07-01,-1.3662754999650832
MMR013040,2025-07-01,-0.9950640307727195
MMR013041,2025-07-01,-1.4154268874284794
MMR013042,2025-07-01,-1.6522087305033972
MMR013043,2025-07-01,-1.7085770764590524
MMR013044,2025-07-01,-1.506351372672525
MMR013046,2025-07-01,-1.4154268874284794
MMR013047,2025-07-01,-1.1796953572013846
MMR014001,2025-07-01,-0.9931152144376862
MMR014002,2025-07-01,0.7506409703502174
MMR014003,2025-07-01,-1.3721055302729055
MMR014004,2025-07-01,-0.5923211014725747
MMR014005,2025-07-01,-1.3843945637957014
MMR014006,2025-07-01,-1.014112307054129
MMR014007,2025-07-01,-0.8522492444060183
MMR014008,2025-07-01,5.348675720782184
MMR014009,2025-07-01,-0.16482647502746473
MMR014010,2025-07-01,0.9327848048639483
MMR014011,2025-07-01,-1.1796953572013846
MMR014012,2025-07-01,-1.4595655713469324
MMR014013,2025-07-01,-1.4587482445840534
MMR014014,2025-07-01,-1.4595655713469324
MMR014015,2025-07-01,-1.4250468334213093
MMR014016,2025-07-01,-1.0864052858195354
MMR014017,2025-07-01,-1.6320336732063492
MMR014018,2025-07-01,-1.3662754999650832
MMR014019,2025-07-01,-1.5876559119237408
MMR014020,2025-07-01,-0.9778718675396225
MMR014021,2025-07-01,-1.2221533324013485
MMR015001,2025-07-01,-1.1318274495855998
MMR015002,2025-07-01,-0.6575522721538188
MMR015003,2025-07-01,-0.9464701787467615
MMR015004,2025-07-01,-1.547003642298133
MMR015005,2025-07-01,-1.5062106070378571
MMR015006,2025-07-01,-1.2221533324013485
MMR015007,2025-07-01,-1.0551440607975606
MMR015008,2025-07-01,-1.5062106070378571
MMR015009,2025-07-01,-0.6544300783297762
MMR015010,2025-07-01,-0.8103637156825232
MMR015011,2025-07-01,-1.1404809460420542
MMR015012,2025-07-01,7.855343543864343
MMR015013,2025-07-01,8.86516608288758
MMR015014,2025-07-01,-0.01677817096359146
MMR015015,2025-07-01,-0.5556779764680159
MMR015016,2025-07-01,0.49952592767190174
MMR015017,2025-07-01,1.5304253991505479
MMR015018,2025-07-01,0.1754717046608927
MMR015019,2025-07-01,-1.2375536138352474
MMR015020,2025-07-01,-0.8531801073649123
MMR015021,2025-07-01,-1.2263403928923093
MMR015022,2025-07-01,-1.0650494548970304
MMR015023,2025-07-01,-0.7112024037369334
MMR015024,2025-07-01,-1.6320336732063492
MMR016001,2025-07-01,-1.6320336732063492
MMR016002,2025-07-01,-1.5062106070378571
MMR016003,2025-07-01,-1.3706723419544393
MMR016005,2025-07-01,-1.3706723419544393
MMR016006,2025-07-01,-1.5062106070378571
MMR016007,2025-07-01,-1.86237697695864
MMR016008,2025-07-01,-1.5062106070378571
MMR016009,2025-07-01,-1.2221533324013485
MMR016010,2025-07-01,-1.3706723419544393
MMR016011,2025-07-01,-1.3706723419544393
MMR017001,2025-07-01,-1.115986602739932
MMR017002,2025-07-01,-1.3196304642741585
MMR017003,2025-07-01,-0.3400847147647413
MMR017004,2025-07-01,-0.6194924282330206
MMR017005,2025-07-01,0.360748755950052
MMR017006,2025-07-01,0.49952592767190174
MMR017007,2025-07-01,-0.419035672850279
MMR017008,2025-07-01,-0.02914345845011342
MMR017009,2025-07-01,-0.8065350716739876
MMR017010,2025-07-01,0.6861060704356003
MMR017011,2025-07-01,-1.0864052858195354
MMR017012,2025-07-01,-1.272985428583234
MMR017013,2025-07-01,-0.02914345845011342
MMR017014,2025-07-01,-1.3197351941115378
MMR017015,2025-07-01,-1.272985428583234
MMR017016,2025-07-01,-1.1653810069941912
MMR017017,2025-07-01,-1.506351372672525
MMR017018,2025-07-01,-1.2687980462686363
MMR017019,2025-07-01,-1.3721055302729055
MMR017020,2025-07-01,-1.4656991030469173
MMR017021,2025-07-01,-1.3721055302729055
MMR017022,2025-07-01,-1.3721055302729055
MMR017023,2025-07-01,-1.1653810069941912
MMR017024,2025-07-01,-1.108608681587034
MMR017025,2025-07-01,-1.6283081815493488
MMR017026,2025-07-01,-1.0551440607975606
MMR018001,2025-07-01,-1.2687980462686363
MMR018002,2025-07-01,-1.2687980462686363
MMR018003,2025-07-01,-1.5876559119237408
MMR018004,2025-07-01,-1.2687980462686363
MMR018005,2025-07-01,-1.412920535656008
MMR018006,2025-07-01,-0.3243779719627661
MMR018007,2025-07-01,-1.2856273500851874
MMR018008,2025-07-01,-1.4154268874284794
MMR001001,2025-08-01,0.7763329083606709
MMR001002,2025-08-01,-0.6748174466924076
MMR001003,2025-08-01,-1.0481447025049184
MMR001004,2025-08-01,1.7428328988926451
MMR001005,2025-08-01,-0.7454217012284934
MMR001006,2025-08-01,-1.298206333600185
MMR001007,2025-08-01,2.9167786843667325
MMR001008,2025-08-01,3.888090722924853
MMR001009,2025-08-01,3.00995186522142
MMR001010,2025-08-01,0.7390691136826256
MMR001011,2025-08-01,1.7382575243596956
MMR001012,2025-08-01,0.4659095957119074
MMR001013,2025-08-01,-0.44178991711754734
MMR001014,2025-08-01,-1.2699793818598764
MMR001015,2025-08-01,-1.3012333014024473
MMR001016,2025-08-01,-1.5179635215129885
MMR001017,2025-08-01,-1.3534847968373542
MMR001018,2025-08-01,-1.6226489479177204
MMR002001,2025-08-01,1.1095116527706104
MMR002002,2025-08-01,1.7058302939774672
MMR002003,2025-08-01,1.6474222142981436
MMR002004,2025-08-01,-0.7740111025536525
MMR002005,2025-08-01,1.2296526875728429
MMR002006,2025-08-01,-0.3509546070559956
MMR002007,2025-08-01,-0.13735860561963245
MMR003001,2025-08-01,2.0594935219536628
MMR003002,2025-08-01,4.731236797745433
MMR003003,2025-08-01,1.3069346730418034
MMR003004,2025-08-01,1.3519726259851605
MMR003005,2025-08-01,5.114095401911439
MMR003006,2025-08-01,4.00914027589849
MMR003007,2025-08-01,3.971445842296074
MMR004001,2025-08-01,0.4659095957119074
MMR004002,2025-08-01,0.19405725331331514
MMR004003,2025-08-01,-0.08208014238246329
MMR004004,2025-08-01,0.41542602675205925
MMR004005,2025-08-01,0.19431217380338256
MMR004006,2025-08-01,-1.2138900526407377
MMR004007,2025-08-01,-1.1325075688040946
MMR004008,2025-08-01,-1.0776370875484098
MMR004009,2025-08-01,-1.186277864421766
MMR005001,2025-08-01,2.317766959222573
MMR005002,2025-08-01,2.3685513826117237
MMR005003,2025-08-01,1.9653457995135748
MMR005004,2025-08-01,1.193245663990385
MMR005005,2025-08-01,2.4649400048521097
MMR005006,2025-08-01,2.3685513826117237
MMR005007,2025-08-01,1.1095116527706104
MMR005008,2025-08-01,-0.49010050239067643
MMR005009,2025-08-01,0.5553555624138299
MMR005010,2025-08-01,1.6936484522183128
MMR005011,2025-08-01,0.26752228398941785
MMR005012,2025-08-01,2.2841885163125473
MMR005013,2025-08-01,1.3294986290827127
MMR005014,2025-08-01,3.0012728798555464
MMR005015,2025-08-01,2.1015987646059027
MMR005016,2025-08-01,1.9199281444827991
MMR005017,2025-08-01,0.11994720570493088
MMR005018,2025-08-01,2.4950956820604886
MMR005019,2025-08-01,2.3263699494621357
MMR005020,2025-08-01,0.4665631834979705
MMR005021,2025-08-01,-0.532625227179099
MMR005022,2025-08-01,0.8324336075922201
MMR005023,2025-08-01,-0.8794189699065657
MMR005024,2025-08-01,-0.21470164196366792
MMR005025,2025-08-01,-1.3501430177330653
MMR005026,2025-08-01,-1.1684723976099618
MMR005027,2025-08-01,-0.2569780698050619
MMR005028,2025-08-01,-0.17884916738618367
MMR005029,2025-08-01,-0.35504372888659524
MMR005030,2025-08-01,-0.16928398693289196
MMR005031,2025-08-01,-0.07844867687134023
MMR005032,2025-08-01,-1.0059632693553302
MMR005033,2025-08-01,1.904555617966254
MMR005034,2025-08-01,2.4157367228973072
MMR005035,2025-08-01,-0.9776305839760991
MMR005036,2025-08-01,-1.1048961037836387
MMR005037,2025-08-01,-1.0218140174143393
MMR006001,2025-08-01,4.00914027589849
MMR006002,2025-08-01,2.6265645562388262
MMR006003,2025-08-01,1.7421091444441195
MMR006004,2025-08-01,2.902956872424672
MMR006005,2025-08-01,1.7973876076812885
MMR006006,2025-08-01,0.4707044899892284
MMR006007,2025-08-01,2.4497827129368033
MMR006008,2025-08-01,1.6474222142981436
MMR006009,2025-08-01,-0.5626962951113084
MMR006010,2025-08-01,0.5812614164635668
MMR007001,2025-08-01,-0.8983435045286202
MMR007002,2025-08-01,-1.1876494071258468
MMR007003,2025-08-01,-1.4187698656517436
MMR007004,2025-08-01,-0.5841489378594485
MMR007005,2025-08-01,0.6642969074343972
MMR007006,2025-08-01,2.2722229008153962
MMR007007,2025-08-01,0.4163127677812852
MMR007008,2025-08-01,2.217823833484171
MMR007009,2025-08-01,-0.21470164196366792
MMR007010,2025-08-01,-0.12386633190211621
MMR007011,2025-08-01,2.0732813505646064
MMR007012,2025-08-01,2.157644216863783
MMR007013,2025-08-01,0.21792545605879562
MMR007014,2025-08-01,1.6474222142981436
MMR008001,2025-08-01,-0.4872075721483233
MMR008002,2025-08-01,-0.29260948284525945
MMR008003,2025-08-01,-1.2654430201870204
MMR008004,2025-08-01,-0.35847245856830917
MMR008005,2025-08-01,-0.7597135023329786
MMR008006,2025-08-01,-1.216870435103271
MMR008007,2025-08-01,-0.972398414276142
MMR008008,2025-08-01,0.24186171275770577
MMR008009,2025-08-01,0.6918183429379051
MMR008010,2025-08-01,1.3294986290827127
MMR008011,2025-08-01,-0.5958340245534806
MMR008012,2025-08-01,0.06370464755671736
MMR008013,2025-08-01,-0.47076654804624785
MMR008014,2025-08-01,0.5119808385287464
MMR009001,2025-08-01,-0.9393592962487962
MMR009002,2025-08-01,-0.035790306914802054
MMR009003,2025-08-01,1.5671041527695482
MMR009004,2025-08-01,-1.5543219002999764
MMR009005,2025-08-01,-1.1230547425791857
MMR009006,2025-08-01,-1.1466952865391389
MMR009007,2025-08-01,-0.12925233945556122
MMR009008,2025-08-01,0.1751168588331386
MMR009009,2025-08-01,-0.12386633190211621
MMR009010,2025-08-01,0.25947972513231493
MMR009011,2025-08-01,0.11994720570493088
MMR009012,2025-08-01,-1.3047253627022894
MMR009013,2025-08-01,-0.7112869298302399
MMR009014,2025-08-01,-1.032219432517634
MMR009015,2025-08-01,-0.9413841224560822
MMR009016,2025-08-01,-0.7521681321412461
MMR009017,2025-08-01,-1.427777600851212
MMR009018,2025-08-01,4.038622416085022
MMR009019,2025-08-01,2.6928147680756975
MMR009020,2025-08-01,3.464128415529179
MMR009021,2025-08-01,2.37615414501468
MMR009022,2025-08-01,2.6466106249752133
MMR009023,2025-08-01,1.531564069970863
MMR009024,2025-08-01,0.7844867687134018
MMR009025,2025-08-01,1.1886768085358648
MMR010001,2025-08-01,0.1041263343879868
MMR010002,2025-08-01,-0.19263706885680162
MMR010003,2025-08-01,-0.6252206187617851
MMR010004,2025-08-01,-0.6748174466924076
MMR010005,2025-08-01,-0.4690293850426475
MMR010006,2025-08-01,-0.39462630676922245
MMR010007,2025-08-01,-0.18177783206523151
MMR010008,2025-08-01,4.00914027589849
MMR010009,2025-08-01,5.827428900877955
MMR010010,2025-08-01,6.417968964972188
MMR010011,2025-08-01,8.99656399977896
MMR010012,2025-08-01,4.713813859799212
MMR010013,2025-08-01,2.138658677718917
MMR010014,2025-08-01,-0.8959664674253064
MMR010015,2025-08-01,0.19405725331331514
MMR010016,2025-08-01,-0.038383105825577836
MMR010017,2025-08-01,2.010763454544351
MMR010018,2025-08-01,3.0094753911367147
MMR010019,2025-08-01,1.8219980546578995
MMR010020,2025-08-01,1.1886768085358648
MMR010021,2025-08-01,1.8623741848166655
MMR010022,2025-08-01,1.6066366381162227
MMR010023,2025-08-01,-1.5821036432480378
MMR010024,2025-08-01,-0.972398414276142
MMR010028,2025-08-01,-0.12015317321397836
MMR010029,2025-08-01,1.1478280089596087
MMR010030,2025-08-01,-0.8696172413607486
MMR010031,2025-08-01,0.5969311903290204
MMR011001,2025-08-01,-1.0219952422067644
MMR011002,2025-08-01,2.400185885006181
MMR011003,2025-08-01,-0.67052411282651
MMR011004,2025-08-01,-0.08208014238246329
MMR011005,2025-08-01,-1.1211888980680094
MMR011006,2025-08-01,2.0737799238671344
MMR011007,2025-08-01,-0.19263706885680162
MMR011008,2025-08-01,-0.4690293850426475
MMR011009,2025-08-01,-0.30319399533114
MMR011010,2025-08-01,-0.07844867687134023
MMR012001,2025-08-01,0.2919428476728127
MMR012002,2025-08-01,-0.4764301349699181
MMR012003,2025-08-01,-0.8732047584148972
MMR012004,2025-08-01,-0.8732047584148973
MMR012005,2025-08-01,-1.0675301307738845
MMR012006,2025-08-01,-0.3413029849384015
MMR012007,2025-08-01,-0.3413029849384015
MMR012008,2025-08-01,0.41542602675205925
MMR012009,2025-08-01,0.4222901339068355
MMR012010,2025-08-01,-0.21470164196366792
MMR012011,2025-08-01,3.1584988097689357
MMR012012,2025-08-01,-0.5609830448895059
MMR012013,2025-08-01,3.1584988097689357
MMR012014,2025-08-01,1.4176983430842296
MMR012015,2025-08-01,-1.0776370875484098
MMR012016,2025-08-01,-0.7597135023329786
MMR012017,2025-08-01,-0.5529566182997312
MMR013001,2025-08-01,-1.0776370875484098
MMR013002,2025-08-01,-1.1325075688040946
MMR013003,2025-08-01,-1.440978327794617
MMR013004,2025-08-01,-1.8155144340675773
MMR013005,2025-08-01,-1.837876883965036
MMR013006,2025-08-01,-1.6808661997487409
MMR013007,2025-08-01,-1.395560672763841
MMR013009,2025-08-01,-1.5425210653654107
MMR013010,2025-08-01,-1.2593077076715133
MMR013011,2025-08-01,-1.1707857259986316
MMR013012,2025-08-01,-1.032219432517634
MMR013013,2025-08-01,-1.1211888980680094
MMR013014,2025-08-01,-1.3691730377211213
MMR013015,2025-08-01,-1.440978327794617
MMR013016,2025-08-01,-1.0412633438798689
MMR013017,2025-08-01,-1.4187698656517436
MMR013018,2025-08-01,-1.3012333014024473
MMR013019,2025-08-01,-1.0481447025049184
MMR013020,2025-08-01,-0.8236079304842748
MMR013021,2025-08-01,-1.0219952422067644
MMR013022,2025-08-01,-1.837876883965036
MMR013023,2025-08-01,-1.440978327794617
MMR013024,2025-08-01,-1.0412633438798689
MMR013025,2025-08-01,-1.242927870363016
MMR013026,2025-08-01,-1.3691730377211213
MMR013027,2025-08-01,-2.0029173087747485
MMR013028,2025-08-01,-1.6226489479177204
MMR013029,2025-08-01,-0.9511686327404543
MMR013030,2025-08-01,-1.3534847968373542
MMR013031,2025-08-01,-1.3534847968373542
MMR013032,2025-08-01,-0.67052411282651
MMR013033,2025-08-01,-1.5179635215129885
MMR013034,2025-08-01,-1.6680666029484965
MMR013035,2025-08-01,-1.765229066047917
MMR013036,2025-08-01,-1.3534847968373542
MMR013037,2025-08-01,-1.468366693582366
MMR013038,2025-08-01,-1.5965033334495646
MMR013039,2025-08-01,-1.4863959828253928
MMR013040,2025-08-01,-0.9112570909400008
MMR013041,2025-08-01,-1.5121404671503882
MMR013042,2025-08-01,-1.5110282290422383
MMR013043,2025-08-01,-1.9127533496080558
MMR013044,2025-08-01,-1.6612687990132922
MMR013046,2025-08-01,-1.3855961677016235
MMR013047,2025-08-01,-1.2593077076715133
MMR014001,2025-08-01,-0.8959664674253064
MMR014002,2025-08-01,-0.16233460636356667
MMR014003,2025-08-01,-1.1325075688040946
MMR014004,2025-08-01,-0.5419675047098602
MMR014005,2025-08-01,-1.859181688426428
MMR014006,2025-08-01,-0.8732047584148973
MMR014007,2025-08-01,-0.7528746704578011
MMR014008,2025-08-01,3.9423067329147123
MMR014009,2025-08-01,-1.4633559096001563
MMR014010,2025-08-01,0.6345207181790842
MMR014011,2025-08-01,-0.8959664674253064
MMR014012,2025-08-01,-1.6680666029484965
MMR014013,2025-08-01,-1.723047632898329
MMR014014,2025-08-01,-1.6680666029484965
MMR014015,2025-08-01,-1.5821036432480378
MMR014016,2025-08-01,-1.2593077076715133
MMR014017,2025-08-01,-1.765229066047917
MMR014018,2025-08-01,-1.5772312928869447
MMR014019,2025-08-01,-1.859181688426428
MMR014020,2025-08-01,-0.8300346634781214
MMR014021,2025-08-01,-1.3534847968373542
MMR015001,2025-08-01,-1.463494555749936
MMR015002,2025-08-01,-0.9228015863455196
MMR015003,2025-08-01,-1.032219432517634
MMR015004,2025-08-01,-1.7404339547785466
MMR015005,2025-08-01,-1.6226489479177204
MMR015006,2025-08-01,-1.3534847968373542
MMR015007,2025-08-01,-1.1685288636874085
MMR015008,2025-08-01,-1.6226489479177204
MMR015009,2025-08-01,-0.8559786277028317
MMR015010,2025-08-01,-1.0219952422067644
MMR015011,2025-08-01,-1.5029384874827834
MMR015012,2025-08-01,6.249243232373836
MMR015013,2025-08-01,6.885231363446791
MMR015014,2025-08-01,1.1571817417557633
MMR015015,2025-08-01,-0.7740111025536524
MMR015016,2025-08-01,2.1015987646059027
MMR015017,2025-08-01,3.5496315108001926
MMR015018,2025-08-01,1.1571817417557633
MMR015019,2025-08-01,-1.4684461131717832
MMR015020,2025-08-01,-1.1230547425791857
MMR015021,2025-08-01,-1.440978327794617
MMR015022,2025-08-01,-1.220382553929254
MMR015023,2025-08-01,-0.9665355541771701
MMR015024,2025-08-01,-1.765229066047917
MMR016001,2025-08-01,-1.723047632898329
MMR016002,2025-08-01,-1.6680666029484965
MMR016003,2025-08-01,-1.5179635215129885
MMR016005,2025-08-01,-1.4187698656517436
MMR016006,2025-08-01,-1.6226489479177204
MMR016007,2025-08-01,-2.062506280894096
MMR016008,2025-08-01,-1.6680666029484965
MMR016009,2025-08-01,-1.1876494071258468
MMR016010,2025-08-01,-1.3691730377211213
MMR016011,2025-08-01,-1.3691730377211213
MMR017001,2025-08-01,-1.1211888980680094
MMR017002,2025-08-01,-1.395560672763841
MMR017003,2025-08-01,-1.032219432517634
MMR017004,2025-08-01,-0.5626962951113084
MMR017005,2025-08-01,-0.6685118041586247
MMR017006,2025-08-01,-0.44178991711754734
MMR017007,2025-08-01,-1.3855961677016235
MMR017008,2025-08-01,-0.6263303710090365
MMR017009,2025-08-01,-1.1684723976099618
MMR017010,2025-08-01,-0.30553695202521963
MMR017011,2025-08-01,-1.440978327794617
MMR017012,2025-08-01,-1.2593077076715133
MMR017013,2025-08-01,-0.5841489378594485
MMR017014,2025-08-01,-1.468366693582366
MMR017015,2025-08-01,-1.5772312928869447
MMR017016,2025-08-01,-1.3534847968373542
MMR017017,2025-08-01,-1.859181688426428
MMR017018,2025-08-01,-1.4187698656517436
MMR017019,2025-08-01,-1.723047632898329
MMR017020,2025-08-01,-1.859181688426428
MMR017021,2025-08-01,-1.723047632898329
MMR017022,2025-08-01,-1.723047632898329
MMR017023,2025-08-01,-1.242927870363016
MMR017024,2025-08-01,-1.242927870363016
MMR017025,2025-08-01,-1.8195991105438007
MMR017026,2025-08-01,-1.1685288636874085
MMR018001,2025-08-01,-1.468366693582366
MMR018002,2025-08-01,-1.468366693582366
MMR018003,2025-08-01,-1.8195991105438007
MMR018004,2025-08-01,-1.468366693582366
MMR018005,2025-08-01,-1.6226489479177204
MMR018006,2025-08-01,-1.538371021392956
MMR018007,2025-08-01,-1.463494555749936
MMR018008,2025-08-01,-1.6386847665991529
MMR001001,2025-09-01,1.0512895466869248
MMR001002,2025-09-01,-0.10431091474392637
MMR001003,2025-09-01,-0.09910735756444983
MMR001004,2025-09-01,1.9232937502470966
MMR001005,2025-09-01,0.30161269548286057
MMR001006,2025-09-01,-0.6301313693072538
MMR001007,2025-09-01,3.058006935638074
MMR001008,2025-09-01,3.829700727027014
MMR001009,2025-09-01,3.028573386987051
MMR001010,2025-09-01,0.8670611562095937
MMR001011,2025-09-01,1.407439213903958
MMR001012,2025-09-01,1.4201185964423133
MMR001013,2025-09-01,0.05649406966804717
MMR001014,2025-09-01,-1.2845144072752086
MMR001015,2025-09-01,-1.186500104243452
MMR001016,2025-09-01,-1.2353392617530718
MMR001017,2025-09-01,-1.0685991645026016
MMR001018,2025-09-01,-1.0242620457206817
MMR002001,2025-09-01,0.8244046671229827
MMR002002,2025-09-01,1.6168191785308605
MMR002003,2025-09-01,1.5875652331354133
MMR002004,2025-09-01,-0.9402883886202514
MMR002005,2025-09-01,1.197399378860514
MMR002006,2025-09-01,0.3266830985152294
MMR002007,2025-09-01,0.1919957466840236
MMR003001,2025-09-01,2.0017858276131046
MMR003002,2025-09-01,5.895056838956759
MMR003003,2025-09-01,0.9421711944715849
MMR003004,2025-09-01,0.8831383662146888
MMR003005,2025-09-01,6.275736405019476
MMR003006,2025-09-01,5.009959598533054
MMR003007,2025-09-01,5.128742386084599
MMR004001,2025-09-01,0.14156481286675743
MMR004002,2025-09-01,-0.07860044475554395
MMR004003,2025-09-01,-0.6849398437066723
MMR004004,2025-09-01,0.13718727228460512
MMR004005,2025-09-01,0.46603811868111605
MMR004006,2025-09-01,-0.6189785024499084
MMR004007,2025-09-01,-0.8100949227007205
MMR004008,2025-09-01,-0.7540730168734995
MMR004009,2025-09-01,-0.7061908415141763
MMR005001,2025-09-01,1.5360899990095465
MMR005002,2025-09-01,1.6574501563016302
MMR005003,2025-09-01,1.2723446994803669
MMR005004,2025-09-01,1.4975022235196858
MMR005005,2025-09-01,2.5782583389084146
MMR005006,2025-09-01,2.326614923488709
MMR005007,2025-09-01,1.530833363417056
MMR005008,2025-09-01,-0.3941461157388291
MMR005009,2025-09-01,1.2953571313190315
MMR005010,2025-09-01,2.2429693275903237
MMR005011,2025-09-01,0.7808417046545354
MMR005012,2025-09-01,2.284792125539516
MMR005013,2025-09-01,2.3531008148690957
MMR005014,2025-09-01,2.828488498879017
MMR005015,2025-09-01,1.542533728327549
MMR005016,2025-09-01,2.89347887256346
MMR005017,2025-09-01,1.4523412860510478
MMR005018,2025-09-01,2.493906115285478
MMR005019,2025-09-01,3.4558304681169028
MMR005020,2025-09-01,-0.07860044475554395
MMR005021,2025-09-01,-0.07860044475554395
MMR005022,2025-09-01,0.6674205123909663
MMR005023,2025-09-01,-0.39186694320879656
MMR005024,2025-09-01,-0.07860044475554395
MMR005025,2025-09-01,-0.48388398802631727
MMR005026,2025-09-01,-0.5289154928341809
MMR005027,2025-09-01,-0.397177618962168
MMR005028,2025-09-01,0.23991510391103105
MMR005029,2025-09-01,0.8244046671229827
MMR005030,2025-09-01,0.10152557447591096
MMR005031,2025-09-01,0.1915885840916383
MMR005032,2025-09-01,-0.47551253910718144
MMR005033,2025-09-01,2.075678135793554
MMR005034,2025-09-01,2.9044447173221983
MMR005035,2025-09-01,-0.8752545177391471
MMR005036,2025-09-01,-1.064529741103445
MMR005037,2025-09-01,-1.1234076389020202
MMR006001,2025-09-01,4.874865084109463
MMR006002,2025-09-01,3.809355057045644
MMR006003,2025-09-01,2.4391431970601816
MMR006004,2025-09-01,3.59012115944797
MMR006005,2025-09-01,1.8910584530659966
MMR006006,2025-09-01,1.0689313370747193
MMR006007,2025-09-01,3.2395989807613734
MMR006008,2025-09-01,1.9928487764061866
MMR006009,2025-09-01,-0.40431122138383735
MMR006010,2025-09-01,1.123739811474138
MMR007001,2025-09-01,-1.2803893053335662
MMR007002,2025-09-01,-1.0685991645026016
MMR007003,2025-09-01,-1.186164116230935
MMR007004,2025-09-01,-0.3082213473104118
MMR007005,2025-09-01,0.33826539495530444
MMR007006,2025-09-01,2.1335000836870157
MMR007007,2025-09-01,0.04321452182248382
MMR007008,2025-09-01,1.6878175181490722
MMR007009,2025-09-01,-0.4388524832184536
MMR007010,2025-09-01,-0.4388524832184536
MMR007011,2025-09-01,1.699272954250823
MMR007012,2025-09-01,1.281044974758899
MMR007013,2025-09-01,0.043214521822484045
MMR007014,2025-09-01,1.1822816898646398
MMR008001,2025-09-01,0.05649406966804717
MMR008002,2025-09-01,0.09742092540581501
MMR008003,2025-09-01,-0.5099606480991559
MMR008004,2025-09-01,0.30161269548286057
MMR008005,2025-09-01,-0.12363194956340773
MMR008006,2025-09-01,-0.09910735756444983
MMR008007,2025-09-01,-1.0878138251866616
MMR008008,2025-09-01,-0.25586374914274423
MMR008009,2025-09-01,0.575655067479953
MMR008010,2025-09-01,0.7769981465938666
MMR008011,2025-09-01,0.008029857960909532
MMR008012,2025-09-01,0.1327493928606708
MMR008013,2025-09-01,-0.14987834677817652
MMR008014,2025-09-01,0.731966641786003
MMR009001,2025-09-01,-0.13430663875347082
MMR009002,2025-09-01,0.6955258034702053
MMR009003,2025-09-01,0.9882853891145523
MMR009004,2025-09-01,-1.3537912960402214
MMR009005,2025-09-01,-1.0242620457206817
MMR009006,2025-09-01,-0.9809131122952048
MMR009007,2025-09-01,1.1250677233094928
MMR009008,2025-09-01,1.3646905706572836
MMR009009,2025-09-01,0.8220296514017301
MMR009010,2025-09-01,0.77917139936859
MMR009011,2025-09-01,1.020634860538003
MMR009012,2025-09-01,-0.8891675312970907
MMR009013,2025-09-01,0.03948389346290113
MMR009014,2025-09-01,-0.7090415120656357
MMR009015,2025-09-01,-0.03356893994768016
MMR009016,2025-09-01,-0.24566641460433883
MMR009017,2025-09-01,-1.1028545083450672
MMR009018,2025-09-01,3.7678575683482878
MMR009019,2025-09-01,2.62972244654117
MMR009020,2025-09-01,3.6139829494892797
MMR009021,2025-09-01,2.747460562590182
MMR009022,2025-09-01,2.9385103773713244
MMR009023,2025-09-01,2.5754479069509792
MMR009024,2025-09-01,1.407439213903958
MMR009025,2025-09-01,1.8448016728810885
MMR010001,2025-09-01,-0.6228875532534167
MMR010002,2025-09-01,-0.8493652669049276
MMR010003,2025-09-01,-1.1369889707087983
MMR010004,2025-09-01,-1.2353392617530718
MMR010005,2025-09-01,-1.0685991645026016
MMR010006,2025-09-01,-0.9024210349291967
MMR010007,2025-09-01,-0.29963623139426926
MMR010008,2025-09-01,0.9120926610174577
MMR010009,2025-09-01,2.7866657009298246
MMR010010,2025-09-01,3.6649444578628647
MMR010011,2025-09-01,7.616186932231545
MMR010012,2025-09-01,2.2042486541147537
MMR010013,2025-09-01,-0.23523837731812738
MMR010014,2025-09-01,-1.3394825793757275
MMR010015,2025-09-01,0.3717146033230932
MMR010016,2025-09-01,-0.43146857073314776
MMR010017,2025-09-01,1.8127227571747315
MMR010018,2025-09-01,2.394246214443146
MMR010019,2025-09-01,1.8448016728810885
MMR010020,2025-09-01,0.9028967444889907
MMR010021,2025-09-01,1.4483361665556684
MMR010022,2025-09-01,1.1250677233094928
MMR010023,2025-09-01,-1.3341274604422415
MMR010024,2025-09-01,-0.8419380975759778
MMR010028,2025-09-01,-0.01546176166606508
MMR010029,2025-09-01,1.3624077090960944
MMR010030,2025-09-01,-0.5099606480991559
MMR010031,2025-09-01,0.7373486014193978
MMR011001,2025-09-01,-0.8911132430981146
MMR011002,2025-09-01,2.6494972344957315
MMR011003,2025-09-01,-0.6108474359618108
MMR011004,2025-09-01,0.35642116988227907
MMR011005,2025-09-01,-0.5468872244431572
MMR011006,2025-09-01,2.4939516714596
MMR011007,2025-09-01,-0.6301313693072538
MMR011008,2025-09-01,-0.7945567925055093
MMR011009,2025-09-01,-0.3560889973101613
MMR011010,2025-09-01,0.10152557447591096
MMR012001,2025-09-01,0.21195992437443673
MMR012002,2025-09-01,-0.20266120578819977
MMR012003,2025-09-01,-0.5468872244431572
MMR012004,2025-09-01,-0.792762952053841
MMR012005,2025-09-01,-0.9416670736122007
MMR012006,2025-09-01,-0.559795812131984
MMR012007,2025-09-01,-0.3074288476462535
MMR012008,2025-09-01,1.0689313370747193
MMR012009,2025-09-01,1.3960481626324275
MMR012010,2025-09-01,0.5968721273624117
MMR012011,2025-09-01,2.8471582084253777
MMR012012,2025-09-01,-0.5022377086625665
MMR012013,2025-09-01,2.8471582084253777
MMR012014,2025-09-01,1.5458880910549078
MMR012015,2025-09-01,-0.25872646398699883
MMR012016,2025-09-01,-0.07860044475554395
MMR012017,2025-09-01,-0.7454368801971804
MMR013001,2025-09-01,-0.8891675312970907
MMR013002,2025-09-01,-0.97738611449749
MMR013003,2025-09-01,-1.2494195697600001
MMR013004,2025-09-01,-1.5091150400966469
MMR013005,2025-09-01,-1.6562235753819978
MMR013006,2025-09-01,-1.4792596898877988
MMR013007,2025-09-01,-1.1593565601442728
MMR013009,2025-09-01,-1.1771433057102252
MMR013010,2025-09-01,-1.0242620457206817
MMR013011,2025-09-01,-0.8911132430981146
MMR013012,2025-09-01,-0.7540730168734995
MMR013013,2025-09-01,-0.989463534142388
MMR013014,2025-09-01,-1.1369889707087983
MMR013015,2025-09-01,-1.2043880649521364
MMR013016,2025-09-01,-1.0014379999820124
MMR013017,2025-09-01,-1.2845144072752086
MMR013018,2025-09-01,-1.0192089124466823
MMR013019,2025-09-01,-0.6846265288531432
MMR013020,2025-09-01,-0.4977120789210205
MMR013021,2025-09-01,-0.989463534142388
MMR013022,2025-09-01,-1.6562235753819978
MMR013023,2025-09-01,-1.3394825793757275
MMR013024,2025-09-01,-1.0014379999820124
MMR013025,2025-09-01,-1.1782161133014386
MMR013026,2025-09-01,-1.186164116230935
MMR013027,2025-09-01,-1.739659382246693
MMR013028,2025-09-01,-1.4745770937993186
MMR013029,2025-09-01,-0.7894806874827587
MMR013030,2025-09-01,-1.2330245877008572
MMR013031,2025-09-01,-1.2330245877008572
MMR013032,2025-09-01,-0.6108474359618108
MMR013033,2025-09-01,-1.3336895527973454
MMR013034,2025-09-01,-1.4745770937993186
MMR013035,2025-09-01,-1.5210824878369908
MMR013036,2025-09-01,-1.2330245877008572
MMR013037,2025-09-01,-1.2353392617530718
MMR013038,2025-09-01,-1.2701457001418368
MMR013039,2025-09-01,-1.2494195697600001
MMR013040,2025-09-01,-0.7945567925055093
MMR013041,2025-09-01,-1.395614093989414
MMR013042,2025-09-01,-1.1782687896180666
MMR013043,2025-09-01,-1.6562235753819978
MMR013044,2025-09-01,-1.4911116151742578
MMR013046,2025-09-01,-1.186500104243452
MMR013047,2025-09-01,-1.0242620457206817
MMR014001,2025-09-01,-0.6189785024499084
MMR014002,2025-09-01,-0.35004414525960403
MMR014003,2025-09-01,-0.8937405185991053
MMR014004,2025-09-01,-0.5591581350055661
MMR014005,2025-09-01,-1.4518655764912536
MMR014006,2025-09-01,-0.6452375154874308
MMR014007,2025-09-01,-0.43368974115798903
MMR014008,2025-09-01,3.451448921022712
MMR014009,2025-09-01,-1.4518655764912536
MMR014010,2025-09-01,0.8244046671229827
MMR014011,2025-09-01,-0.8891675312970907
MMR014012,2025-09-01,-1.5196085986071823
MMR014013,2025-09-01,-1.6465508816845682
MMR014014,2025-09-01,-1.5196085986071823
MMR014015,2025-09-01,-1.5696036925402659
MMR014016,2025-09-01,-1.294451074567864
MMR014017,2025-09-01,-1.6047280837353757
MMR014018,2025-09-01,-1.5196085986071823
MMR014019,2025-09-01,-1.7658338859552862
MMR014020,2025-09-01,-0.9809131122952048
MMR014021,2025-09-01,-1.2330245877008572
MMR015001,2025-09-01,-1.4335040236802623
MMR015002,2025-09-01,-0.989463534142388
MMR015003,2025-09-01,-1.0692935505285455
MMR015004,2025-09-01,-1.5696036925402659
MMR015005,2025-09-01,-1.4745770937993186
MMR015006,2025-09-01,-1.2330245877008572
MMR015007,2025-09-01,-1.064529741103445
MMR015008,2025-09-01,-1.4745770937993186
MMR015009,2025-09-01,-1.0137906901031832
MMR015010,2025-09-01,-1.1369889707087983
MMR015011,2025-09-01,-1.5303576538572619
MMR015012,2025-09-01,5.128742386084599
MMR015013,2025-09-01,6.3245603605968626
MMR015014,2025-09-01,2.8724073092199602
MMR015015,2025-09-01,-0.8419380975759778
MMR015016,2025-09-01,4.10932950237578
MMR015017,2025-09-01,5.212387981982983
MMR015018,2025-09-01,1.0906508956060754
MMR015019,2025-09-01,-1.4217031751529896
MMR015020,2025-09-01,-1.1593565601442728
MMR015021,2025-09-01,-1.294451074567864
MMR015022,2025-09-01,-1.2845144072752086
MMR015023,2025-09-01,-1.1234076389020202
MMR015024,2025-09-01,-1.6047280837353757
MMR016001,2025-09-01,-1.5629052857861834
MMR016002,2025-09-01,-1.5196085986071823
MMR016003,2025-09-01,-1.3828646983194821
MMR016005,2025-09-01,-1.2845144072752086
MMR016006,2025-09-01,-1.4745770937993186
MMR016007,2025-09-01,-1.8789431270837336
MMR016008,2025-09-01,-1.5196085986071823
MMR016009,2025-09-01,-1.0685991645026016
MMR016010,2025-09-01,-1.2353392617530718
MMR016011,2025-09-01,-1.2353392617530718
MMR017001,2025-09-01,-1.0386386796645248
MMR017002,2025-09-01,-1.2494195697600001
MMR017003,2025-09-01,-0.7540730168734995
MMR017004,2025-09-01,-0.4813451146036216
MMR017005,2025-09-01,-0.97738611449749
MMR017006,2025-09-01,-0.7540730168734995
MMR017007,2025-09-01,-1.1446773062942595
MMR017008,2025-09-01,-1.2283229021926445
MMR017009,2025-09-01,-1.2494195697600001
MMR017010,2025-09-01,-0.664010007257772
MMR017011,2025-09-01,-1.2494195697600001
MMR017012,2025-09-01,-0.5739469976420447
MMR017013,2025-09-01,-1.2283229021926445
MMR017014,2025-09-01,-1.3828646983194821
MMR017015,2025-09-01,-1.5196085986071823
MMR017016,2025-09-01,-1.1782161133014386
MMR017017,2025-09-01,-1.7265878472722822
MMR017018,2025-09-01,-1.2845144072752086
MMR017019,2025-09-01,-1.6465508816845682
MMR017020,2025-09-01,-1.7265878472722822
MMR017021,2025-09-01,-1.6465508816845682
MMR017022,2025-09-01,-1.5629052857861834
MMR017023,2025-09-01,-1.1782161133014386
MMR017024,2025-09-01,-1.1234076389020202
MMR017025,2025-09-01,-1.6873418085892782
MMR017026,2025-09-01,-1.064529741103445
MMR018001,2025-09-01,-1.2353392617530718
MMR018002,2025-09-01,-1.3828646983194821
MMR018003,2025-09-01,-1.60884973122327
MMR018004,2025-09-01,-1.3828646983194821
MMR018005,2025-09-01,-1.4745770937993186
MMR018006,2025-09-01,-1.54486379953113
MMR018007,2025-09-01,-1.359264173113017
MMR018008,2025-09-01,-1.5629052857861834
