id,ST,ST_PCODE,DT,DT_PCODE,TS,TS_PCODE,TS_MMR,PCode_V,event_count,battles,explosions_remote,civilian_violence,fatalities,neighbor_count,centered_x,lag_centered_x,quadrant,ii,z_ii,p_ii_normal,p_ii_sim,p_ii_folded,gi_star,gi_raw,gi_z_sim,p_gi_normal,p_sim,p_gi_folded,p_ii_bh,p_gi_bh,moran_class,moran_class_bh,gi_class,gi_class_bh,event_count_gp1,centered_x_gp1,lag_centered_x_gp1,quadrant_gp1,ii_gp1,z_ii_gp1,p_ii_normal_gp1,p_ii_sim_gp1,p_ii_folded_gp1,gi_star_gp1,gi_raw_gp1,gi_z_sim_gp1,p_gi_normal_gp1,p_sim_gp1,p_gi_folded_gp1,p_ii_bh_gp1,p_gi_bh_gp1,moran_class_gp1,moran_class_bh_gp1,gi_class_gp1,gi_class_bh_gp1,moran_agreement,gi_agreement
mmr_polbnda_adm3_250k_mimu_1.73,Kachin,MMR001,Myitkyina,MMR001D001,Myitkyina,MMR001001,မြစ်ကြီးနား,9.4,211,67,94,50,114,9,47.66969696969696,36.22525252525251,HH,0.042474545889410735,0.5398375121349963,0.589309094828939,0.548,0.274,0.594264793517664,0.0037236312362010433,0.5264033614295272,0.5986079806586297,0.536,0.268,0.7281376518218624,0.7242644628099174,Not significant,Not significant,Not significant,Not significant,141,51.33939393939394,1.3393939393939434,HH,0.005711570426918604,0.029708209954319185,0.9762997642163785,0.876,0.438,0.18525457190911992,0.0032445586048398005,0.025833074485163615,0.9793904810216852,0.878,0.439,0.9122675159235669,0.9231704180064308,Not significant,Not significant,Not significant,Not significant,TRUE,TRUE
mmr_polbnda_adm3_250k_mimu_1.76,Kachin,MMR001,Myitkyina,MMR001D001,Waingmaw,MMR001002,ဝိုင်းမော်,9.4,424,240,158,26,254,4,260.66969696969693,3.4196969696969575,HH,0.02192568155454212,0.08187191808729097,0.9347485655711565,0.786,0.393,0.6122253358826426,0.004048312584649067,0.07463311629606545,0.9405066245979913,0.81,0.405,0.8727364864864866,0.8858528428093646,Not significant,Not significant,Not significant,Not significant,148,58.33939393939394,-12.410606060606057,HL,-0.06013833123358913,-0.1795908316398389,0.8574738029451285,1,0.5,0.03566460823638621,0.0030890901716912264,-0.1991146802813514,0.8421730379497202,0.996,0.499,1,0.996,Not significant,Not significant,Not significant,Not significant,TRUE,TRUE
mmr_polbnda_adm3_250k_mimu_1.72,Kachin,MMR001,Myitkyina,MMR001D001,Injangyang,MMR001003,အင်ဂျန်းယန်,9.4,16,13,2,1,10,6,-147.33030303030304,-37.33030303030306,LL,0.13527842212120852,0.3863273240645545,0.6992542666463492,0.836,0.418,-0.7024643039704069,0.002046155110219379,-0.42325734036951707,0.6721075151844742,0.79,0.395,0.8992499999999999,0.8749459459459461,Not significant,Not significant,Not significant,Not significant,0,-89.66060606060606,-35.16060606060606,LL,0.2618511537394167,0.7248256464740395,0.4685589999890782,0.51,0.255,-1.0451290075015762,0.0015788253925336523,-0.758139520336482,0.4483674628988945,0.476,0.238,0.7445089285714286,0.7206111111111111,Not significant,Not significant,Not significant,Not significant,TRUE,TRUE
mmr_polbnda_adm3_250k_mimu_1.74,Kachin,MMR001,Myitkyina,MMR001D001,Tanai,MMR001004,တနိုင်း,9.4,97,61,31,5,98,7,-66.33030303030304,18.383982683982662,LH,-0.02999345634217421,-0.24843501096737772,0.8037978476509687,0.702,0.351,0.11052275662721475,0.0031749197573238837,0.3250393470572459,0.7451512924702652,0.686,0.343,0.8151971830985915,0.8098267148014441,Not significant,Not significant,Not significant,Not significant,16,-73.66060606060606,1.6251082251082387,LH,-0.009942922296922804,-0.04776702990326799,0.9619019128740414,0.818,0.409,-0.20286431860736656,0.0027671691226172773,0.1091485208914005,0.9130846906410124,0.832,0.417,0.89598,0.9022178217821782,Not significant,Not significant,Not significant,Not significant,TRUE,TRUE
mmr_polbnda_adm3_250k_mimu_1.71,Kachin,MMR001,Myitkyina,MMR001D001,Chipwi,MMR001005,ချီ​ဖွေ,9.4,37,28,2,7,18,3,-126.33030303030304,-7.6636363636363924,LL,0.023813178036600085,0.008639527349027815,0.9931067402694804,0.834,0.417,-0.371978745763777,0.0023377057088257666,-0.08444102047802328,0.9327057941030399,0.912,0.457,0.8992499999999999,0.9497579617834396,Not significant,Not significant,Not significant,Not significant,13,-76.66060606060606,-38.32727272727272,LL,0.2440487764662665,0.5826400125503882,0.560135663618883,0.662,0.331,-0.8773018473827445,0.0014110450182506422,-0.6221859772001274,0.5338195856394496,0.638,0.319,0.8262366412213741,0.8117743190661478,Not significant,Not significant,Not significant,Not significant,TRUE,TRUE
mmr_polbnda_adm3_250k_mimu_1.75,Kachin,MMR001,Myitkyina,MMR001D001,Tsawlaw,MMR001006,ဆော့လော်,9.4,27,21,5,1,14,3,-136.33030303030304,-142.66363636363639,LL,0.4783883789760335,1.1908479764808806,0.2337132706673866,0.088,0.044,-1.405798236638629,4.128091430267723e-4,-1.2455652740177223,0.2129240377517725,0.064,0.032,0.25465486725663716,0.20318446601941748,Not significant,Not significant,Not significant,Not significant,6,-83.66060606060606,-83.66060606060606,LL,0.5813510779458019,1.2749881695519882,0.20231342939209745,0.032,0.016,-1.5319281112262617,2.027849128024875e-4,-1.3387063875541043,0.18066627602085866,0.022,0.011,0.13768421052631577,0.10277142857142857,LL,Not significant,Coldspot,Not significant,FALSE,FALSE
mmr_polbnda_adm3_250k_mimu_1.70,Kachin,MMR001,Mohnyin,MMR001D002,Mohnyin,MMR001007,မိုးညှင်း,9.4,223,81,92,50,370,8,59.66969696969696,117.66969696969694,HH,0.1727004220516969,1.722069382542823,0.08505695064140464,0.134,0.067,1.6753577296756612,0.005093889600095652,1.7424266633624517,0.08143381368131322,0.126,0.063,0.3245777777777778,0.3074776119402985,Not significant,Not significant,Not significant,Not significant,118,28.339393939393943,56.33939393939396,HH,0.13261699972280097,1.5204733095220249,0.1283920618841822,0.176,0.088,1.4733549209334846,0.004829285145629609,1.548680603079077,0.12145851895957419,0.14,0.07,0.4081702127659574,0.3442105263157895,Not significant,Not significant,Not significant,Not significant,TRUE,TRUE
mmr_polbnda_adm3_250k_mimu_1.69,Kachin,MMR001,Mohnyin,MMR001D002,Mogaung,MMR001008,မိုးကောင်း,9.4,77,29,23,25,41,4,-86.33030303030304,182.91969696969696,LH,-0.3884173940348436,-1.9371002199101504,0.052733093758209844,0.096,0.048,1.4401344083089074,0.005424961502068685,1.8650606896811037,0.062172897856172527,0.098,0.049,0.2683076923076923,0.27157627118644073,Not significant,Not significant,Not significant,Not significant,49,-40.66060606060606,80.83939393939394,LH,-0.27301931069247914,-1.592133551516244,0.11135469974411578,0.166,0.083,1.1592861680740265,0.004941192375287278,1.505420532782183,0.13221599344910043,0.174,0.087,0.3905179856115108,0.40641428571428573,Not significant,Not significant,Not significant,Not significant,TRUE,TRUE
mmr_polbnda_adm3_250k_mimu_1.68,Kachin,MMR001,Mohnyin,MMR001D002,Hpakant,MMR001009,ဖားကန့်,9.4,854,395,290,169,1262,5,690.6696969696969,-36.530303030303045,HL,-0.6205811905428825,-0.34436123499426186,0.7305746380690745,0.872,0.436,1.0364933982953402,0.0046011985380062705,-0.38383365362124366,0.701101743109549,0.81,0.405,0.9198193548387098,0.8858528428093646,Not significant,Not significant,Not significant,Not significant,407,317.339393939394,-21.060606060606055,HL,-0.5551256848387697,-0.3679555466249302,0.7129063809743835,0.866,0.433,0.7949840235254773,0.004224685683385156,-0.4133092162934242,0.6793800783227529,0.778,0.388,0.9122675159235669,0.8928327645051195,Not significant,Not significant,Not significant,Not significant,TRUE,TRUE
mmr_polbnda_adm3_250k_mimu_1.64,Kachin,MMR001,Bhamo,MMR001D003,Bhamo,MMR001010,ဗန်းမော်,9.4,289,158,115,16,315,5,125.66969696969696,35.66969696969696,HH,0.11025668208259891,0.3730113579933732,0.7091399906017348,0.636,0.318,0.6202786626425822,0.003970389061021541,0.4129569858748575,0.6796381286733169,0.62,0.31,0.7789213483146068,0.7738167938931297,Not significant,Not significant,Not significant,Not significant,214,124.33939393939394,2.539393939393939,HH,0.026226195494855355,0.04078012115647445,0.9674711871930952,0.81,0.405,0.5137879081899773,0.00380221711504664,0.0705408729641271,0.9437631696355947,0.8,0.401,0.8948310810810812,0.8928327645051195,Not significant,Not significant,Not significant,Not significant,TRUE,TRUE
mmr_polbnda_adm3_250k_mimu_1.67,Kachin,MMR001,Bhamo,MMR001D003,Shwegu,MMR001011,ရွှေကူ,9.4,219,112,86,21,457,5,55.66969696969696,47.469696969696955,HH,0.06499953476868142,0.4865140702101251,0.626602731915056,0.572,0.286,0.5978357112103253,0.0039363748245174615,0.5671138919936327,0.5706368051686217,0.53,0.265,0.749267716535433,0.7242644628099174,Not significant,Not significant,Not significant,Not significant,105,15.339393939393943,32.73939393939395,HH,0.04171337270590382,0.639602219538021,0.5224312391348531,0.458,0.229,0.6712577327778573,0.004038799513316209,0.7210097933002786,0.4709034893443246,0.43,0.215,0.6933611111111111,0.6926600985221675,Not significant,Not significant,Not significant,Not significant,TRUE,TRUE
mmr_polbnda_adm3_250k_mimu_1.66,Kachin,MMR001,Bhamo,MMR001D003,Momauk,MMR001012,မိုးမောက်,9.4,403,236,148,19,573,4,239.66969696969696,100.91969696969693,HH,0.5949274340793165,1.0867463890511428,0.277148906560137,0.304,0.152,1.4356712866246688,0.005417540214104159,0.9282430267541771,0.35328152002773094,0.338,0.169,0.5287659574468084,0.5610456852791879,Not significant,Not significant,Not significant,Not significant,155,65.33939393939394,47.58939393939394,HH,0.258274628240145,0.9496658936658098,0.34228204503857274,0.358,0.18,1.0485643355352814,0.00475868595376504,0.8078614477796219,0.41917034675169507,0.372,0.186,0.6293870967741935,0.630279792746114,Not significant,Not significant,Not significant,Not significant,TRUE,TRUE
mmr_polbnda_adm3_250k_mimu_1.65,Kachin,MMR001,Bhamo,MMR001D003,Mansi,MMR001013,မံစီ,9.4,133,80,49,4,87,5,-30.330303030303043,30.869696969696957,LH,-0.02302947551491163,-0.32278535218940063,0.7468578069791596,0.676,0.338,0.2530303664783831,0.0034137924636820716,0.3718339587806264,0.7100164781581185,0.658,0.329,0.8003826714801444,0.7939704797047972,Not significant,Not significant,Not significant,Not significant,46,-43.66060606060606,13.539393939393943,LH,-0.0491004478928829,-0.2589111468531325,0.7957037974315069,0.684,0.342,0.09011909441782526,0.00316569780541661,0.3021589915705689,0.7625308639508988,0.658,0.329,0.8433157894736842,0.8275615384615385,Not significant,Not significant,Not significant,Not significant,TRUE,TRUE
mmr_polbnda_adm3_250k_mimu_1.80,Kachin,MMR001,Puta-O,MMR001D004,Puta-O,MMR001014,ပူတာအို,9.4,62,39,10,13,88,4,-101.33030303030304,-126.58030303030304,LL,0.315486226839333,1.2366576269023333,0.2162142160320502,0.106,0.053,-1.3560113268665912,7.755245922929926e-4,-1.212810333106358,0.22520234385860197,0.12,0.06,0.2864628099173554,0.3018461538461538,Not significant,Not significant,Not significant,Not significant,22,-67.66060606060606,-81.66060606060606,LL,0.4589284185673713,1.4791537205344896,0.13909923525019768,0.014,0.007,-1.6169612626197056,3.6501284304447744e-4,-1.433340634621406,0.15176051479584263,0.012,0.006,0.08175,0.07546153846153845,LL,Not significant,Coldspot,Not significant,FALSE,FALSE
mmr_polbnda_adm3_250k_mimu_1.81,Kachin,MMR001,Puta-O,MMR001D004,Sumprabum,MMR001015,ဆွမ်ပရာဘွမ်,9.4,48,42,2,4,100,6,-115.33030303030304,-97.33030303030303,LL,0.27610002135930534,1.2011002245207423,0.22971232596014812,0.184,0.092,-1.3229888668372007,0.0011768042343748757,-1.1935398137943922,0.23265802921095363,0.192,0.096,0.40112000000000003,0.4103529411764706,Not significant,Not significant,Not significant,Not significant,14,-75.66060606060606,-58.82727272727273,LL,0.3696962111497163,1.3181659078657686,0.18744811532912883,0.09,0.045,-1.490124766597463,9.608142297070241e-4,-1.3173552951660155,0.18771955843082722,0.122,0.061,0.2581578947368421,0.31412598425196847,Not significant,Not significant,Not significant,Not significant,TRUE,TRUE
mmr_polbnda_adm3_250k_mimu_1.78,Kachin,MMR001,Puta-O,MMR001D004,Machanbaw,MMR001016,မချမ်းဘော,9.4,1,1,0,0,0,4,-162.33030303030304,-133.33030303030304,LL,0.5323575247751786,1.333699242444674,0.1823024431672652,0.086,0.043,-1.5523886809730907,4.489879218538377e-4,-1.3364181479668142,0.18141263782231332,0.064,0.032,0.2510892857142857,0.20318446601941748,Not significant,Not significant,Not significant,Not significant,1,-88.66060606060606,-79.16060606060606,LL,0.5829566697090487,1.4569771448779198,0.14512268921197372,0.026,0.013,-1.6620701573577132,2.906583750168988e-4,-1.452513822798796,0.14635878853235748,0.022,0.011,0.12145714285714286,0.10277142857142857,LL,Not significant,Coldspot,Not significant,FALSE,FALSE
mmr_polbnda_adm3_250k_mimu_1.79,Kachin,MMR001,Puta-O,MMR001D004,Nawngmun,MMR001017,နောင်မွန်း,9.4,1,0,0,1,0,3,-162.33030303030304,-139.33030303030304,LL,0.5563141578589953,1.192077206580962,0.23323097350779617,0.08,0.04,-1.4456563374916354,3.3859626338150983e-4,-1.1920753270873117,0.23323171040132706,0.092,0.046,0.24,0.2593448275862069,Not significant,Not significant,Not significant,Not significant,1,-88.66060606060606,-80.32727272727271,LL,0.5915482678347609,1.2566407509503803,0.20888375151000121,0.058,0.03,-1.509039081021943,2.450317696363391e-4,-1.2781339383135075,0.20120220424330157,0.06,0.029,0.20393548387096774,0.2022680412371134,Not significant,Not significant,Not significant,Not significant,TRUE,TRUE
mmr_polbnda_adm3_250k_mimu_1.77,Kachin,MMR001,Puta-O,MMR001D004,Khaunglanhpu,MMR001018,ခေါင်လန်ဖူး,9.4,9,5,2,2,0,5,-154.33030303030304,-144.73030303030305,LL,0.5493961502976331,1.636239527229349,0.10178946681050291,0.008,0.004,-1.7913184821689887,3.1540473849236533e-4,-1.6218060957719105,0.10484487282735512,0.006,0.003,0.05565957446808511,0.04265217391304348,LL,Not significant,Coldspot,Coldspot,5,-84.66060606060606,-85.26060606060607,LL,0.5995511741505765,1.7643209418350538,0.07767796010471696,0.004,0.002,-1.9157465283087363,1.5208868460186558e-4,-1.7653916912118321,0.07749795884058082,0.002,0.001,0.036333333333333336,0.022551724137931037,LL,LL,Coldspot,Coldspot,TRUE,TRUE
mmr_polbnda_adm3_250k_mimu_1.87,Kayah,MMR002,Loikaw,MMR002D001,Loikaw,MMR002001,လွိုင်ကော်,9.4,453,208,184,61,785,7,289.66969696969693,73.8125541125541,HH,0.5259061262706144,0.8652982361688297,0.3868751186841554,0.394,0.197,1.4291906158513286,0.004900369209076235,1.0463612459339968,0.29539427822146774,0.298,0.149,0.6081588785046729,0.5354175824175824,Not significant,Not significant,Not significant,Not significant,277,187.33939393939394,16.339393939393943,HH,0.25425032914833273,0.32176997008534697,0.7476269657723267,0.646,0.323,0.982698683782284,0.004304954711369474,0.455043532973858,0.6490779204631448,0.594,0.297,0.8156061776061776,0.7863886639676113,Not significant,Not significant,Not significant,Not significant,TRUE,TRUE
mmr_polbnda_adm3_250k_mimu_1.85,Kayah,MMR002,Loikaw,MMR002D001,Demoso,MMR002002,ဒီးမော့ဆို,9.4,597,322,227,48,1346,4,433.66969696969693,168.66969696969693,HH,1.7991653264740877,1.7747929531682742,0.0759320803228868,0.126,0.063,2.473347078210148,0.0071429896658565094,1.7723165519740975,0.07634202516501912,0.112,0.056,0.31693846153846156,0.2906666666666667,Not significant,Not significant,Not significant,Not significant,286,196.33939393939394,70.58939393939394,HH,1.1511803518445587,1.3666696861836827,0.1717288636370837,0.192,0.096,1.9630446561330697,0.006266053805596865,1.3673021001733308,0.17153063369661944,0.21,0.105,0.42421621621621625,0.46087248322147645,Not significant,Not significant,Not significant,Not significant,TRUE,TRUE
mmr_polbnda_adm3_250k_mimu_1.86,Kayah,MMR002,Loikaw,MMR002D001,Hpruso,MMR002003,ဖရူဆို,9.4,214,140,66,8,421,5,50.66969696969696,145.86969696969697,HH,0.18179767272872316,1.5427234636152212,0.12289788637706787,0.16,0.08,1.5914463791656848,0.0054422778406525785,1.645480709923937,0.09987071748692126,0.118,0.059,0.3684507042253521,0.301453125,Not significant,Not significant,Not significant,Not significant,80,-9.660606060606057,46.13939393939395,LH,-0.03702309553448476,-0.9005622514531216,0.3678211127646763,0.364,0.182,0.8287275573657371,0.004275381911585778,0.9685043282494095,0.33279255843380073,0.318,0.159,0.6299052631578947,0.5976206896551725,Not significant,Not significant,Not significant,Not significant,TRUE,TRUE
mmr_polbnda_adm3_250k_mimu_1.88,Kayah,MMR002,Loikaw,MMR002D001,Shadaw,MMR002004,ရှားတော,9.4,55,48,5,2,188,4,-108.33030303030304,-17.08030303030305,LL,0.045511427849902156,0.1822874102032311,0.8553571783615914,0.986,0.493,-0.3942086039131676,0.0023748121486483983,-0.16621207801841367,0.8679900547744124,0.982,0.491,0.9910306748466258,0.9900553846153847,Not significant,Not significant,Not significant,Not significant,17,-72.66060606060606,-12.410606060606057,LL,0.07490114826090795,0.2388343906777995,0.8112340018836137,0.972,0.486,-0.501541320007157,0.002203596052453698,-0.23379164813215642,0.8151467337432861,0.982,0.491,0.9830185185185185,0.9880430769230769,Not significant,Not significant,Not significant,Not significant,TRUE,TRUE
mmr_polbnda_adm3_250k_mimu_1.82,Kayah,MMR002,Bawlake,MMR002D002,Bawlake,MMR002005,ဘောလခဲ,9.4,102,73,19,10,331,6,-61.33030303030304,75.3363636363636,LH,-0.11364614165421213,-0.9519223634342548,0.34113635692138705,0.336,0.168,0.7391201987872051,0.004065805620565449,0.9069685191928892,0.3644234450034059,0.358,0.179,0.554909090909091,0.5710536585365854,Not significant,Not significant,Not significant,Not significant,30,-59.66060606060606,27.83939393939394,LH,-0.1379570523839714,-0.6520421278207154,0.5143739959350486,0.458,0.229,0.3732949746165639,0.003548735974043531,0.6092213854193806,0.5423777071773396,0.504,0.253,0.6933611111111111,0.7390493273542601,Not significant,Not significant,Not significant,Not significant,TRUE,TRUE
mmr_polbnda_adm3_250k_mimu_1.83,Kayah,MMR002,Bawlake,MMR002D002,Hpasawng,MMR002006,ဖားဆောင်း,9.4,86,51,35,0,193,5,-77.33030303030304,44.26969696969695,LH,-0.08420370339885837,-0.4609498620099385,0.6448345770251406,0.578,0.289,0.2938357327188496,0.0034756365300531236,0.47212828684335995,0.6368352230411736,0.57,0.285,0.749267716535433,0.759483870967742,Not significant,Not significant,Not significant,Not significant,37,-52.66060606060606,-31.06060606060606,LL,0.13586019943871047,0.6638102933247734,0.5068117368025915,0.584,0.292,-0.779714222353319,0.0018588617006894687,-0.6502862283230557,0.5155073511384137,0.58,0.29,0.787469387755102,0.7863886639676113,Not significant,Not significant,Not significant,Not significant,TRUE,TRUE
mmr_polbnda_adm3_250k_mimu_1.84,Kayah,MMR002,Bawlake,MMR002D002,Mese,MMR002007,မယ်စဲ့,9.4,27,16,9,2,38,3,-136.33030303030304,63.66969696969694,LH,-0.2135010988055276,-0.5614781363069905,0.5744716309068497,0.468,0.234,0.136212040112054,0.0032839199243028627,0.558587445610078,0.5764433100052848,0.536,0.268,0.6771504424778761,0.7242644628099174,Not significant,Not significant,Not significant,Not significant,8,-81.66060606060606,-32.993939393939385,LL,0.2237913212720144,0.5011074720909064,0.6162954884274134,0.746,0.373,-0.8269459809332432,0.0015039881032851156,-0.5315358013109973,0.5950475389792175,0.74,0.37,0.8650425531914894,0.8673118279569892,Not significant,Not significant,Not significant,Not significant,TRUE,TRUE
mmr_polbnda_adm3_250k_mimu_1.90,Kayin,MMR003,Hpa-An,MMR003D001,Hpa-An,MMR003001,ဘားအံ,9.4,174,53,88,33,172,7,10.669696969696957,173.81255411255407,HH,0.045615050309237265,2.2974622202742494,0.02159241587139066,0.042,0.021,2.175372294256371,0.005876732406909219,2.4271564281442775,0.01521769283311993,0.034,0.017,0.1674878048780488,0.14073417721518988,HH,Not significant,Hotspot,Not significant,80,-9.660606060606057,54.196536796536805,LH,-0.04348829466837069,-1.3157187400200958,0.18826846193563782,0.192,0.095,1.204177486426504,0.0045922333378396645,1.430795352333745,0.15248887550376386,0.196,0.098,0.42421621621621625,0.436,Not significant,Not significant,Not significant,Not significant,FALSE,FALSE
mmr_polbnda_adm3_250k_mimu_1.89,Kayin,MMR003,Hpa-An,MMR003D001,Hlaingbwe,MMR003002,လှိုင်းဘွဲ့,9.4,61,38,20,3,69,4,-102.33030303030304,400.16969696969693,LH,-1.007217795292844,-3.980750039168308,6.869815976766673e-5,0.004,0.002,3.3436558066366815,0.00859014081893913,4.147788215708807,3.3570271934731954e-5,0.002,0.001,0.03353846153846154,0.02616,LH,LH,Hotspot,Hotspot,17,-72.66060606060606,141.83939393939394,LH,-0.8560366369547845,-2.6081940403265036,0.009102134132539344,0.032,0.016,2.028657593933807,0.006374205759091524,2.7594864699942683,0.005789228433526009,0.024,0.012,0.13768421052631577,0.10750684931506849,LH,Not significant,Hotspot,Not significant,TRUE,TRUE
mmr_polbnda_adm3_250k_mimu_1.92,Kayin,MMR003,Hpapun,MMR003D004,Hpapun,MMR003003,ဖာပွန်,9.4,493,280,194,19,918,8,329.66969696969693,81.04469696969694,HH,0.6571712615227935,1.165621245340646,0.24376761420369622,0.256,0.128,1.6368640454051442,0.005046475815877845,1.1210165800648721,0.26228080498863343,0.278,0.139,0.48388439306358383,0.5135932203389831,Not significant,Not significant,Not significant,Not significant,103,13.339393939393943,19.589393939393947,HH,0.021704689008605435,0.5102722659510947,0.6098607299368286,0.606,0.303,0.5230108006486596,0.00366890481125982,0.49784010098287496,0.6185967488919053,0.566,0.283,0.7947011952191234,0.7863886639676113,Not significant,Not significant,Not significant,Not significant,TRUE,TRUE
mmr_polbnda_adm3_250k_mimu_1.91,Kayin,MMR003,Hpa-An,MMR003D001,Thandaunggyi,MMR003004,သံတောင်ကြီး,9.4,202,115,70,17,446,10,38.66969696969696,114.06969696969695,HH,0.1084965648891316,1.8147104298152894,0.06956842138911487,0.124,0.062,1.7909876019803457,0.00501948931418866,1.825831388568084,0.06787566367769167,0.09,0.045,0.31678125,0.2559130434782609,Not significant,Not significant,Not significant,Not significant,72,-17.660606060606057,29.439393939393952,LH,-0.043184802479301496,-0.8684994085271317,0.385120995956177,0.348,0.174,0.7722643265898691,0.003880565831356693,0.8375946385425295,0.40225840501395915,0.402,0.201,0.6287071823204419,0.660572864321608,Not significant,Not significant,Not significant,Not significant,TRUE,TRUE
mmr_polbnda_adm3_250k_mimu_1.95,Kayin,MMR003,Myawaddy,MMR003D002,Myawaddy,MMR003005,မြဝတီ,9.4,641,380,225,36,1420,3,477.66969696969693,291.33636363636356,HH,3.4229244815866653,2.702411687503109,0.006883846872099261,0.022,0.011,3.3672093405088814,0.00929980148054695,2.5760291162499294,0.009994223006206629,0.044,0.022,0.10277142857142857,0.16927058823529412,HH,Not significant,Hotspot,Not significant,269,179.33939393939394,135.33939393939394,HH,2.0160272330305147,2.3002157177183604,0.02143600178684655,0.066,0.034,2.679653446368394,0.007976206570231174,2.167294623759237,0.0302123961846882,0.078,0.039,0.22249484536082476,0.24,Not significant,Not significant,Not significant,Not significant,FALSE,FALSE
mmr_polbnda_adm3_250k_mimu_1.93,Kayin,MMR003,Kawkareik,MMR003D003,Kawkareik,MMR003006,ကော့ကရိတ်,9.4,946,441,469,36,1524,5,782.6696969696969,112.26969696969695,HH,2.1613047172297346,1.3625454736550144,0.1730258033654351,0.218,0.109,2.7421577071468404,0.007186280512316246,1.392132053427771,0.16388241347699278,0.198,0.099,0.4427701863354037,0.41771612903225813,Not significant,Not significant,Not significant,Not significant,474,384.339393939394,38.539393939393946,HH,1.2303148074961476,0.8931111816929582,0.3717976355310924,0.366,0.183,2.1634717848249068,0.006280699382632598,0.9157063581686576,0.35982092929566106,0.356,0.178,0.6299052631578947,0.6192127659574468,Not significant,Not significant,Not significant,Not significant,TRUE,TRUE
mmr_polbnda_adm3_250k_mimu_1.94,Kayin,MMR003,Kawkareik,MMR003D003,Kyainseikgyi,MMR003007,ကြာအင်းဆိပ်ကြီး,9.4,357,164,160,33,548,6,193.66969696969696,239.00303030303024,HH,1.1385182903719342,3.0286457703705656,0.0024565253318607635,0.012,0.006,3.0793302117939843,0.007344424624893649,2.920551530110768,0.0034941240751172917,0.014,0.007,0.06228571428571429,0.0763,HH,Not significant,Hotspot,Not significant,184,94.33939393939394,106.17272727272727,HH,0.8319601497962266,2.492665072468404,0.012678838026024876,0.036,0.018,2.5426493002090136,0.006561540392823345,2.3597772712652088,0.01828591012816583,0.048,0.024,0.14715,0.1804137931034483,HH,Not significant,Hotspot,Not significant,TRUE,TRUE
mmr_polbnda_adm3_250k_mimu_1.55,Chin,MMR004,Falam,MMR004D001,Falam,MMR004001,ဖလမ်း,9.4,193,108,61,24,519,4,29.669696969696957,179.66969696969696,HH,0.1311181695117815,1.7336426481782294,0.08298150836823091,0.126,0.063,1.6699851750471957,0.005807157832241785,1.6803306458591107,0.0928930016339857,0.12,0.06,0.31693846153846156,0.3018461538461538,Not significant,Not significant,Not significant,Not significant,104,14.339393939393943,112.83939393939394,HH,0.13439651591125598,2.000030536561449,0.045496966600114826,0.092,0.046,1.9097341441699693,0.006178180343382453,1.9700037223181115,0.048837943956146546,0.082,0.041,0.2616,0.24376363636363638,Not significant,Not significant,Not significant,Not significant,TRUE,TRUE
mmr_polbnda_adm3_250k_mimu_1.58,Chin,MMR004,Hakha,MMR004D003,Hakha,MMR004002,ဟားခါး,9.4,214,153,43,18,521,5,50.66969696969696,206.46969696969694,HH,0.2573235646461464,2.3065803157477776,0.021078227945557384,0.056,0.028,2.2096476777087517,0.006379215446174016,2.1921422538823556,0.028369236560102352,0.064,0.032,0.19876470588235295,0.20318446601941748,Not significant,Not significant,Not significant,Not significant,98,8.339393939393943,116.73939393939395,HH,0.0808627288519142,2.3705717545366816,0.01776059612368945,0.052,0.026,2.2197110078920064,0.006365193096300301,2.275477431371729,0.022877305031347137,0.056,0.028,0.18893333333333331,0.19904347826086957,Not significant,Not significant,Not significant,Not significant,TRUE,TRUE
mmr_polbnda_adm3_250k_mimu_1.59,Chin,MMR004,Hakha,MMR004D003,Thantlang,MMR004003,ထန်တလန်,9.4,116,82,28,6,270,3,-47.33030303030304,42.003030303030286,LH,-0.04889842155108696,-0.38148695526991433,0.7028419489069395,0.596,0.298,0.19599919139156366,0.0033952392437707566,0.3939385073559223,0.6936264396079093,0.576,0.289,0.7604651162790698,0.759483870967742,Not significant,Not significant,Not significant,Not significant,80,-9.660606060606057,6.006060606060609,LH,-0.004819373134726706,-0.1065309419453053,0.9151611069627527,0.7,0.35,0.03825936079000674,0.0031009192916047045,0.13533491545951304,0.8923470804644091,0.75,0.377,0.8446494464944649,0.8727758007117437,Not significant,Not significant,Not significant,Not significant,TRUE,TRUE
mmr_polbnda_adm3_250k_mimu_1.56,Chin,MMR004,Falam,MMR004D001,Tedim,MMR004004,တီးတိန်,9.4,156,84,41,31,299,3,-7.3303030303030425,207.66969696969693,LH,-0.037442944075114205,-1.702974553050393,0.08857283066070983,0.124,0.062,1.5337367012705891,0.005886009016864877,1.8455490619385295,0.06495770849125529,0.114,0.057,0.31678125,0.2935275590551181,Not significant,Not significant,Not significant,Not significant,90,0.33939393939394336,135.00606060606063,HH,0.003805868837830125,1.9983552027459714,0.045678164653384944,0.1,0.05,1.855648359012918,0.006455319724212518,2.196925981666303,0.02802573292933776,0.08,0.04,0.2771186440677966,0.24,Not significant,Not significant,Not significant,Not significant,TRUE,TRUE
mmr_polbnda_adm3_250k_mimu_1.57,Chin,MMR004,Falam,MMR004D001,Tonzang,MMR004005,တွန်းဇန်,9.4,34,30,3,1,62,3,-129.33030303030304,270.3363636363636,LH,-0.8599628581211434,-2.3087179301658867,0.0209592387182933,0.064,0.032,1.69815136728924,0.006192137145401584,2.2852717434262844,0.02229689871756873,0.062,0.031,0.19931428571428572,0.20318446601941748,Not significant,Not significant,Not significant,Not significant,28,-61.66060606060606,174.6727272727273,LH,-0.8946009593251183,-2.724997007742004,0.006430206982405384,0.036,0.018,2.1165833033421526,0.006936933892118426,2.659446049984508,0.007826926412353398,0.038,0.019,0.14715,0.1534074074074074,LH,Not significant,Hotspot,Not significant,FALSE,FALSE
mmr_polbnda_adm3_250k_mimu_1.63,Chin,MMR004,Mindat,MMR004D002,Mindat,MMR004006,မင်းတပ်,9.4,352,169,149,34,635,5,188.66969696969696,29.26969696969696,HH,0.1358298777066338,0.3305965182587581,0.7409492765023971,0.65,0.325,0.6835269803153045,0.00406624736389667,0.31991083364266737,0.7490359250602806,0.634,0.317,0.7901486988847584,0.7793909774436091,Not significant,Not significant,Not significant,Not significant,177,87.33939393939394,-2.4606060606060565,HL,-0.017850432066316962,-0.04218373580944569,0.9663522279629851,0.888,0.444,0.28133245284596475,0.0034529764318868006,-0.038668380480853776,0.9691547832669666,0.864,0.432,0.9218285714285716,0.9113806451612904,Not significant,Not significant,Not significant,Not significant,TRUE,TRUE
mmr_polbnda_adm3_250k_mimu_1.60,Chin,MMR004,Matupi,MMR004D004,Matupi,MMR004007,မတူပီ,9.4,209,145,42,22,480,6,45.66969696969696,86.33636363636361,HH,0.09698326803118555,1.0669500686973143,0.28599438377280784,0.292,0.146,1.0664090688358492,0.004524335198373678,1.0215613695459205,0.30698854917656887,0.332,0.166,0.5189347826086956,0.5596082474226804,Not significant,Not significant,Not significant,Not significant,85,-4.660606060606057,34.67272727272727,LH,-0.01342229774254378,-0.8013263498366008,0.42294274026163076,0.384,0.192,0.7070417939384791,0.004012244346163502,0.7422903540110432,0.45791143485888913,0.442,0.222,0.6472577319587629,0.6978086124401914,Not significant,Not significant,Not significant,Not significant,TRUE,TRUE
mmr_polbnda_adm3_250k_mimu_1.62,Chin,MMR004,Mindat,MMR004D002,Kanpetlet,MMR004008,ကန်ပက်လက်,9.4,136,90,26,20,271,5,-27.330303030303043,37.669696969696965,LH,-0.02532278718786145,-0.412968086793879,0.6796299953670257,0.598,0.299,0.32852029402324634,0.003528203986468518,0.4251683124701866,0.6707139820753503,0.606,0.303,0.7604651162790698,0.7738167938931297,Not significant,Not significant,Not significant,Not significant,78,-11.660606060606057,8.339393939393943,LH,-0.008077037187783347,-0.15715434808447035,0.8751232060939913,0.718,0.359,0.11261478364466529,0.0031994952908836914,0.1850493595029656,0.8531903207757562,0.736,0.368,0.8462150537634409,0.865726618705036,Not significant,Not significant,Not significant,Not significant,TRUE,TRUE
mmr_polbnda_adm3_250k_mimu_1.61,Chin,MMR004,Matupi,MMR004D004,Paletwa,MMR004009,ပလက်ဝ,9.4,184,114,49,21,210,7,20.669696969696957,32.52683982683981,HH,0.016536778613381733,0.32223330815881657,0.7472759528356366,0.664,0.332,0.44018972143324314,0.0036062821202619715,0.4044420494361686,0.6858876841191933,0.642,0.321,0.798264705882353,0.7833358208955223,Not significant,Not significant,Not significant,Not significant,82,-7.660606060606057,13.62510822510823,LH,-0.008669609965834237,-0.25030735614229305,0.8023496681281257,0.698,0.349,0.28569186369606087,0.0034008719751250508,0.31177134141305113,0.7552143054507772,0.716,0.358,0.8446494464944649,0.851389090909091,Not significant,Not significant,Not significant,Not significant,TRUE,TRUE
mmr_polbnda_adm3_250k_mimu_1.209,Sagaing,MMR005,Sagaing,MMR005D001,Sagaing,MMR005001,စစ်ကိုင်း,9.4,667,224,294,149,1100,8,503.66969696969693,169.54469696969696,HH,2.1004142911560564,2.3374345517457575,0.019416600313598615,0.032,0.016,3.1130131552571383,0.006864691367186774,2.3666549397030563,0.017949659268799052,0.05,0.025,0.13768421052631577,0.18579545454545454,HH,Not significant,Not significant,Not significant,406,316.339393939394,80.96439393939396,HH,2.1273738514085268,2.077290822966964,0.03777472556656845,0.074,0.037,2.9649953686297317,0.006650594084688988,2.08905967058238,0.0367023521120034,0.078,0.039,0.23045714285714286,0.24,Not significant,Not significant,Not significant,Not significant,FALSE,TRUE
mmr_polbnda_adm3_250k_mimu_1.208,Sagaing,MMR005,Sagaing,MMR005D001,Myinmu,MMR005002,မြင်းမူ,9.4,504,163,291,50,1240,6,340.66969696969693,375.83636363636356,HH,3.149250690616901,4.626564068183318,3.717818962238696e-6,0.002,0.001,4.910634409522814,0.009910069892629865,4.857041909508991,1.1915238218491728e-6,0.002,0.001,0.023357142857142858,0.02616,HH,HH,Hotspot,Hotspot,196,106.33939393939394,201.83939393939391,HH,1.7827751979568556,4.51524455107389,6.324374032340412e-6,0.002,0.001,4.57989550981987,0.009390872747639003,4.780142978563905,1.7517057234032296e-6,0.002,0.001,0.02616,0.022551724137931037,HH,HH,Hotspot,Hotspot,TRUE,TRUE
mmr_polbnda_adm3_250k_mimu_1.207,Sagaing,MMR005,Sagaing,MMR005D001,Myaung,MMR005003,မြောင်,9.4,432,149,219,64,860,5,268.66969696969693,372.46969696969694,HH,2.461413411872173,4.109850036992043,3.9591614814735825e-5,0.004,0.002,4.347848868709196,0.009619844524017141,4.284272449222304,1.8333813895580288e-5,0.004,0.002,0.03353846153846154,0.036333333333333336,HH,HH,Hotspot,Hotspot,212,122.33939393939394,184.93939393939394,HH,1.8792831683191753,3.7203672263945182,1.9893330569034236e-4,0.008,0.004,3.925634107594037,0.008928169077553965,3.9344567692187957,8.3385074900344e-5,0.006,0.003,0.0568695652173913,0.05163157894736842,HH,Not significant,Hotspot,Not significant,TRUE,TRUE
mmr_polbnda_adm3_250k_mimu_1.211,Sagaing,MMR005,Shwebo,MMR005D002,Shwebo,MMR005004,ရွှေဘို,9.4,806,261,404,141,1551,5,642.6696969696969,245.469696969697,HH,3.8802583368685597,2.7739038914664147,0.005538803865822138,0.028,0.014,3.81533883927111,0.008812779457874915,2.8188301814066787,0.004819901060141232,0.026,0.013,0.12372972972972975,0.11336,HH,Not significant,Hotspot,Not significant,479,389.339393939394,160.53939393939396,HH,5.191662318568749,3.3102000123076785,9.322932644126733e-4,0.008,0.004,4.4692799305760005,0.009744941643008426,3.3973029972912743,6.805356874841713e-4,0.016,0.008,0.0568695652173913,0.08304761904761905,HH,Not significant,Hotspot,Not significant,TRUE,TRUE
mmr_polbnda_adm3_250k_mimu_1.210,Sagaing,MMR005,Shwebo,MMR005D002,Khin-U,MMR005005,ခင်ဦး,9.4,582,168,250,164,1097,5,418.66969696969693,309.869696969697,HH,3.1909909104189875,3.3517844410503552,8.029250977895268e-4,0.016,0.008,4.015285133849395,0.009115815383093069,3.470636405553151,5.192265474525708e-4,0.01,0.005,0.07694117647058824,0.059454545454545454,HH,Not significant,Hotspot,Not significant,353,263.339393939394,194.13939393939395,HH,4.246449566596777,3.9180180393718396,8.928002624274776e-5,0.004,0.002,4.626749755163881,0.009981524041277995,3.9743357365192837,7.057595043177517e-5,0.006,0.003,0.036333333333333336,0.05163157894736842,HH,HH,Hotspot,Not significant,TRUE,TRUE
mmr_polbnda_adm3_250k_mimu_1.214,Sagaing,MMR005,Shwebo,MMR005D002,Wetlet,MMR005006,ဝက်လက်,9.4,499,168,214,117,965,6,335.66969696969693,366.66969696969693,HH,3.027346193390782,4.402493765875154,1.070136658771533e-5,0.002,0.001,4.797123818754498,0.009751042293390017,4.555641233953824,5.222601023370346e-6,0.002,0.001,0.023357142857142858,0.02616,HH,HH,Hotspot,Hotspot,273,183.33939393939394,219.83939393939397,HH,3.3477866928183673,4.8519236435425945,1.2226969992390983e-6,0.002,0.001,5.223053442888146,0.010284092006411866,5.035731266754151,4.760280091350478e-7,0.002,0.001,0.02616,0.022551724137931037,HH,HH,Hotspot,Hotspot,TRUE,TRUE
mmr_polbnda_adm3_250k_mimu_1.189,Sagaing,MMR005,Kanbalu,MMR005D010,Kanbalu,MMR005007,ကန့်ဘလူ,9.4,560,175,230,155,1385,7,396.66969696969693,172.2411255411255,HH,1.6805088766156195,2.2778190779591356,0.022737359176589915,0.058,0.029,2.8400234329782026,0.006746414590252138,2.284487474614712,0.022342897879394846,0.062,0.031,0.19876470588235295,0.20318446601941748,Not significant,Not significant,Not significant,Not significant,337,247.33939393939394,102.19653679653679,HH,2.0995486401566574,2.4817899622852897,0.01307243041592075,0.052,0.026,3.135602927132721,0.007097471948087062,2.4538168688257054,0.014134894525236336,0.052,0.026,0.18893333333333331,0.18893333333333331,Not significant,Not significant,Not significant,Not significant,TRUE,TRUE
mmr_polbnda_adm3_250k_mimu_1.190,Sagaing,MMR005,Kanbalu,MMR005D010,Kyunhla,MMR005008,ကျွန်းလှ,9.4,101,19,56,26,147,8,-62.33030303030304,52.79469696969693,LH,-0.08094023693188451,-0.7382488275119489,0.4603632564948149,0.42,0.21,0.6025554854408218,0.003772488048634174,0.7364882608075229,0.46143360912151027,0.412,0.206,0.63,0.621,Not significant,Not significant,Not significant,Not significant,62,-27.660606060606057,34.08939393939396,LH,-0.07832085880612126,-0.867889311842376,0.3854549306225614,0.358,0.179,0.7536768492614812,0.003950550523485497,0.8739118364405325,0.3821662682211531,0.354,0.177,0.6293870967741935,0.6192127659574468,Not significant,Not significant,Not significant,Not significant,TRUE,TRUE
mmr_polbnda_adm3_250k_mimu_1.215,Sagaing,MMR005,Shwebo,MMR005D002,Ye-U,MMR005009,ရေဦး,9.4,379,102,203,74,620,7,215.66969696969696,315.5268398268397,HH,1.6737876822496083,4.252436080717327,2.1145758273929532e-5,0.002,0.001,4.296938729056458,0.008652757936139817,4.327930102510545,1.5051721765412706e-5,0.004,0.002,0.023357142857142858,0.036333333333333336,HH,HH,Hotspot,Hotspot,249,159.33939393939394,178.62510822510822,HH,2.364079816296581,4.421539403616265,9.80001879407865e-6,0.004,0.002,4.591500350396934,0.008985906448560227,4.504237253137303,6.661175562740885e-6,0.004,0.002,0.036333333333333336,0.039636363636363636,HH,HH,Hotspot,Hotspot,TRUE,TRUE
mmr_polbnda_adm3_250k_mimu_1.212,Sagaing,MMR005,Shwebo,MMR005D002,Tabayin,MMR005010,ဒီပဲယင်း,9.4,312,102,142,68,657,6,148.66969696969696,311.33636363636356,HH,1.1384847992551843,3.879456652140878,1.0469005490984829e-4,0.004,0.002,3.8152572086085654,0.00837545355996533,3.8586231669351148,1.1402759822654881e-4,0.004,0.002,0.03353846153846154,0.036333333333333336,HH,HH,Hotspot,Hotspot,183,93.33939393939394,174.5060606060606,HH,1.3529195128069547,4.024588760952999,5.7074964459879584e-5,0.004,0.002,3.9645498116950906,0.008536279186542808,4.043315989984205,5.2700518953241776e-5,0.002,0.001,0.036333333333333336,0.022551724137931037,HH,HH,Hotspot,Hotspot,TRUE,TRUE
mmr_polbnda_adm3_250k_mimu_1.213,Sagaing,MMR005,Shwebo,MMR005D002,Taze,MMR005011,တန့်ဆည်,9.4,373,126,163,84,1155,4,209.66969696969696,162.91969696969693,HH,0.8402029319865013,1.6914527119600846,0.09075037208066343,0.13,0.065,1.9221515502066784,0.006226460602237519,1.700361632648585,0.0890629239896493,0.136,0.068,0.3220454545454545,0.327,Not significant,Not significant,Not significant,Not significant,222,132.33939393939394,104.58939393939394,HH,1.149670154230594,1.996167135007083,0.045915733456206205,0.104,0.052,2.258302876236391,0.006752737596322835,1.982358637443644,0.04743911550292015,0.104,0.052,0.2834,0.2764878048780488,Not significant,Not significant,Not significant,Not significant,TRUE,TRUE
mmr_polbnda_adm3_250k_mimu_1.203,Sagaing,MMR005,Monywa,MMR005D003,Monywa,MMR005012,မုံရွာ,9.4,1039,415,411,213,1771,6,875.6696969696969,274.16969696969693,HH,5.905201271369862,3.631675971567683,2.8158654696038335e-4,0.002,0.001,4.768746171062419,0.009711285393580054,3.533624509823837,4.099029687734107e-4,0.006,0.003,0.023357142857142858,0.04265217391304348,HH,HH,Hotspot,Hotspot,615,525.339393939394,117.33939393939393,HH,5.120121639919378,2.8987789354839233,0.0037461892179204087,0.02,0.01,4.273960925441449,0.008965990073195696,2.882651930638648,0.003943429160472144,0.026,0.013,0.09761194029850746,0.11186842105263156,HH,Not significant,Hotspot,Not significant,TRUE,TRUE
mmr_polbnda_adm3_250k_mimu_1.201,Sagaing,MMR005,Monywa,MMR005D003,Budalin,MMR005013,ဘုတလင်,9.4,376,120,155,101,669,5,212.66969696969696,365.66969696969693,HH,1.9127997911843777,4.232196856654367,2.314197151214481e-5,0.002,0.001,4.1642247206270975,0.009341546225347408,3.8328006701302466,1.2669260734967107e-4,0.008,0.004,0.023357142857142858,0.053387755102040815,HH,HH,Hotspot,Not significant,215,125.33939393939394,191.73939393939395,HH,1.9961602813792871,4.094592470990545,4.2291160116350915e-5,0.004,0.002,4.064357524492882,0.009136586904600964,3.6746361933004814,2.381885647103205e-4,0.008,0.004,0.036333333333333336,0.060837209302325584,HH,HH,Hotspot,Not significant,TRUE,TRUE
mmr_polbnda_adm3_250k_mimu_1.200,Sagaing,MMR005,Monywa,MMR005D003,Ayadaw,MMR005014,အရာတော်,9.4,334,131,140,63,677,6,170.66969696969696,402.83636363636356,HH,1.6910638899068533,4.954946528471666,7.235018292671649e-7,0.002,0.001,4.89549966408704,0.00988886621273122,4.6038129069486935,4.148251571255868e-6,0.004,0.002,0.023357142857142858,0.036333333333333336,HH,HH,Hotspot,Hotspot,194,104.33939393939394,225.0060606060606,HH,1.9500196835190828,5.115550938459629,3.128265076992864e-7,0.002,0.001,5.056180033227188,0.01005233782035188,4.782906647068476,1.7277837993997165e-6,0.004,0.002,0.02616,0.039636363636363636,HH,HH,Hotspot,Hotspot,TRUE,TRUE
mmr_polbnda_adm3_250k_mimu_1.202,Sagaing,MMR005,Monywa,MMR005D003,Chaung-U,MMR005015,ချောင်းဦး,9.4,510,175,259,76,1366,5,346.66969696969693,462.66969696969693,HH,3.9451349928021617,4.818058371259874,1.4496196634667458e-6,0.004,0.002,5.427150805769537,0.011255620079531469,5.084514297405392,3.685680060508996e-7,0.002,0.001,0.03353846153846154,0.02616,HH,HH,Hotspot,Hotspot,192,102.33939393939394,243.13939393939395,HH,2.0667818537607983,4.581806856314175,4.609755585580509e-6,0.006,0.003,4.941689404339639,0.010454688837817132,4.953152200631614,7.302081488275059e-7,0.002,0.001,0.04905,0.022551724137931037,HH,HH,Hotspot,Hotspot,TRUE,TRUE
mmr_polbnda_adm3_250k_mimu_1.220,Sagaing,MMR005,Yinmarbin,MMR005D009,Yinmarbin,MMR005016,ယင်းမာပင်,9.4,506,207,206,93,1132,5,342.66969696969693,396.8696969696969,HH,3.3450188669398715,4.442653323189523,8.885627213081037e-6,0.008,0.004,4.747741457865768,0.01022591637445345,4.636645735638952,3.5410855407396854e-6,0.002,0.001,0.05565957446808511,0.02616,HH,Not significant,Hotspot,Hotspot,240,150.33939393939394,207.33939393939394,HH,2.5891134997833887,4.21192805778012,2.5320019219540843e-5,0.008,0.004,4.450533522886967,0.009716777071785858,4.401487156113853,1.0751143336566989e-5,0.002,0.001,0.0568695652173913,0.022551724137931037,HH,Not significant,Hotspot,Hotspot,TRUE,TRUE
mmr_polbnda_adm3_250k_mimu_1.217,Sagaing,MMR005,Yinmarbin,MMR005D009,Kani,MMR005017,ကနီ,9.4,454,215,171,68,1230,7,290.66969696969693,239.5268398268398,HH,1.7124932728858184,3.0800948213677257,0.0020693470226512585,0.012,0.006,3.486950541334119,0.007592905248705913,3.1589544767813686,0.0015833622078733143,0.008,0.004,0.06228571428571429,0.053387755102040815,HH,Not significant,Hotspot,Not significant,175,85.33939393939394,126.33939393939394,HH,0.8955396371438734,2.990083819807656,0.0027890090255245567,0.01,0.005,3.158402215640214,0.007127044747870758,3.0557519311969346,0.0022449691202343323,0.016,0.008,0.06169811320754717,0.08304761904761905,HH,Not significant,Hotspot,Not significant,TRUE,TRUE
mmr_polbnda_adm3_250k_mimu_1.219,Sagaing,MMR005,Yinmarbin,MMR005D009,Salingyi,MMR005018,ဆားလင်းကြီး,9.4,395,159,159,77,623,6,231.66969696969696,551.0030303030302,HH,3.139772269788493,6.861033477754323,6.8364138321644546e-12,0.002,0.001,6.692750684585376,0.012406803200695482,6.787098923428103,1.1441076484182815e-11,0.002,0.001,0.023357142857142858,0.02616,HH,HH,Hotspot,Hotspot,205,115.33939393939394,288.0060606060606,HH,2.7591528577298594,6.607576372279695,3.9066266254195934e-11,0.002,0.001,6.4085499573545315,0.01193051236987968,6.512487266119236,7.391648224957586e-11,0.002,0.001,0.02616,0.022551724137931037,HH,HH,Hotspot,Hotspot,TRUE,TRUE
mmr_polbnda_adm3_250k_mimu_1.218,Sagaing,MMR005,Yinmarbin,MMR005D009,Pale,MMR005019,ပုလဲ,9.4,537,289,188,60,1392,6,373.66969696969693,385.0030303030302,HH,3.5385632206881397,4.642086089386777,3.4490908775656253e-6,0.002,0.001,5.077116609316344,0.010143310371514976,4.72119876924884,2.3445867155599482e-6,0.002,0.001,0.023357142857142858,0.02616,HH,HH,Hotspot,Hotspot,275,185.33939393939394,180.83939393939391,HH,2.783923202893975,4.081039452639147,4.483474325401432e-5,0.004,0.002,4.41649862952685,0.009163946773788602,4.047875515951192,5.168462049381388e-5,0.002,0.001,0.036333333333333336,0.022551724137931037,HH,HH,Hotspot,Hotspot,TRUE,TRUE
mmr_polbnda_adm3_250k_mimu_1.193,Sagaing,MMR005,Katha,MMR005D004,Katha,MMR005020,ကသာ,9.4,302,148,106,48,892,5,138.66969696969696,45.66969696969696,HH,0.15577028985908117,0.5592165072702069,0.5760139686909551,0.52,0.26,0.7488155663000512,0.004165197870090354,0.4443827643371908,0.6567658724960473,0.604,0.302,0.7137012448132781,0.7738167938931297,Not significant,Not significant,Not significant,Not significant,125,35.33939393939394,17.13939393939394,HH,0.050309618884272475,0.4002232898262168,0.6889920621737774,0.614,0.307,0.453799403585071,0.0037120904871344234,0.28148767770807526,0.7783363779349204,0.676,0.338,0.7967380952380952,0.830169741697417,Not significant,Not significant,Not significant,Not significant,TRUE,TRUE
mmr_polbnda_adm3_250k_mimu_1.192,Sagaing,MMR005,Katha,MMR005D004,Indaw,MMR005021,အင်းတော်,9.4,242,125,76,41,592,5,78.66969696969696,44.46969696969697,HH,0.08604914885663921,0.5219812811195202,0.6016833638400902,0.506,0.253,0.6141578577065121,0.003961112451065883,0.4568020058332328,0.647813363924587,0.61,0.305,0.7009113924050633,0.7738167938931297,Not significant,Not significant,Not significant,Not significant,130,40.33939393939394,8.339393939393943,HH,0.027942182703682945,0.20332111994163732,0.8388840489527629,0.718,0.36,0.3075774236106115,0.0034924068315983956,0.1305130758031177,0.8961605096311465,0.796,0.398,0.8462150537634409,0.8928327645051195,Not significant,Not significant,Not significant,Not significant,TRUE,TRUE
mmr_polbnda_adm3_250k_mimu_1.194,Sagaing,MMR005,Katha,MMR005D004,Tigyaing,MMR005022,ထီးချိုင့်,9.4,332,115,176,41,825,7,168.66969696969696,90.09826839826837,HH,0.3737906559075248,1.1316538842982393,0.2577799765536178,0.292,0.146,1.4167837945951876,0.004884135141653834,1.1789216061850272,0.23842939335106939,0.26,0.13,0.5189347826086956,0.49144508670520237,Not significant,Not significant,Not significant,Not significant,167,77.33939393939394,41.62510822510822,HH,0.26739458578107633,0.9766346966483205,0.3287500354172303,0.344,0.172,1.2009204452111482,0.00458800865215628,1.003517907512794,0.3156110411480449,0.3,0.15,0.6285666666666666,0.5909638554216867,Not significant,Not significant,Not significant,Not significant,TRUE,TRUE
mmr_polbnda_adm3_250k_mimu_1.191,Sagaing,MMR005,Katha,MMR005D004,Banmauk,MMR005023,ဗန်းမောက်,9.4,123,72,34,17,253,6,-40.33030303030304,-8.163636363636373,LL,0.008098229275577204,0.173497090056938,0.8622607149961676,0.964,0.482,-0.16896452735932244,0.0027935848266466643,-0.11518238968324261,0.9083005567645168,1,0.499,0.9789689440993788,1,Not significant,Not significant,Not significant,Not significant,57,-32.66060606060606,2.006060606060611,LH,-0.005442077950884811,0.022907571777139403,0.9817240005768133,0.924,0.462,-0.07170078447932335,0.0029307248112169022,0.022367268209492624,0.9821549900013302,0.884,0.443,0.9501509433962265,0.9256293929712459,Not significant,Not significant,Not significant,Not significant,TRUE,TRUE
mmr_polbnda_adm3_250k_mimu_1.195,Sagaing,MMR005,Kawlin,MMR005D011,Kawlin,MMR005024,ကောလင်း,9.4,233,91,96,46,643,5,69.66969696969696,60.869696969696946,HH,0.1043085703056968,0.5924760406150446,0.5535318601370467,0.502,0.251,0.7630974444842147,0.004186843293320222,0.7535787395184229,0.45110221448656884,0.414,0.207,0.7009113924050633,0.621,Not significant,Not significant,Not significant,Not significant,129,39.33939393939394,37.939393939393945,HH,0.12396940682555749,0.7101008132548259,0.47764162204439337,0.432,0.217,0.8587218096681903,0.004320445225541886,0.8586790404533577,0.39051761716263816,0.366,0.183,0.6824347826086956,0.62334375,Not significant,Not significant,Not significant,Not significant,TRUE,TRUE
mmr_polbnda_adm3_250k_mimu_1.197,Sagaing,MMR005,Kawlin,MMR005D011,Wuntho,MMR005025,ဝန်းသို,9.4,59,30,18,11,188,5,-104.33030303030304,36.469696969696955,LH,-0.09358743728732204,-0.4527290750879005,0.6507438405361877,0.576,0.288,0.15917802412531057,0.0032715511110286526,0.342702234863481,0.7318224812550616,0.67,0.335,0.749267716535433,0.7995985401459854,Not significant,Not significant,Not significant,Not significant,23,-66.66060606060606,16.739393939393942,LH,-0.09268414695285719,-0.386179494277595,0.699363739249928,0.61,0.305,0.06387412365317881,0.0031262674057050154,0.28234127955572424,0.7776818360377584,0.684,0.342,0.7947011952191234,0.830169741697417,Not significant,Not significant,Not significant,Not significant,TRUE,TRUE
mmr_polbnda_adm3_250k_mimu_1.196,Sagaing,MMR005,Kawlin,MMR005D011,Pinlebu,MMR005026,ပင်လည်ဘူး,9.4,69,44,15,10,259,5,-94.33030303030304,-36.530303030303045,LL,0.08475775325840706,0.4351974246628371,0.6634191317478573,0.788,0.394,-0.5651172266429703,0.0021738189329424786,-0.4687057903271685,0.6392799475285276,0.768,0.383,0.8727364864864866,0.8630103092783505,Not significant,Not significant,Not significant,Not significant,49,-40.66060606060606,-20.260606060606055,LL,0.0684262515009152,0.45600458403031335,0.6483866818575417,0.786,0.394,-0.5322616408580797,0.0022306340408273623,-0.4691023901577385,0.6389964507079535,0.764,0.382,0.8832371134020619,0.8859148936170212,Not significant,Not significant,Not significant,Not significant,TRUE,TRUE
mmr_polbnda_adm3_250k_mimu_1.186,Sagaing,MMR005,Kale,MMR005D005,Kale,MMR005027,ကလေး,9.4,886,322,389,175,1877,9,722.6696969696969,23.003030303030286,HH,0.4088837277324266,0.41972992120178515,0.6746827642919737,0.634,0.317,1.4784336575674606,0.004755190263270191,0.4017628780331583,0.6878585444577079,0.618,0.309,0.7789213483146068,0.7738167938931297,Not significant,Not significant,Not significant,Not significant,542,452.339393939394,8.00606060606061,HH,0.3008013316001188,0.31626306000455906,0.7518028470725988,0.684,0.342,1.5324236935407807,0.004802622684872246,0.28407108983487234,0.7763559016643119,0.7,0.35,0.8433157894736842,0.8384615384615384,Not significant,Not significant,Not significant,Not significant,TRUE,TRUE
mmr_polbnda_adm3_250k_mimu_1.187,Sagaing,MMR005,Kale,MMR005D005,Kalewa,MMR005028,ကလေးဝ,9.4,30,15,15,0,81,4,-133.33030303030304,169.91969696969693,LH,-0.5572467222737211,-1.5615191776195794,0.11840130255974678,0.166,0.083,1.2192098849390949,0.005057607747824635,1.6439333347703255,0.10018997356964753,0.158,0.079,0.3769583333333334,0.36642553191489363,Not significant,Not significant,Not significant,Not significant,11,-78.66060606060606,102.83939393939397,LH,-0.6719133438602142,-1.7843672064973624,0.07436401615560961,0.114,0.057,1.3643265987013338,0.005279167229958092,1.8184031379063337,0.069002539122271625,0.126,0.063,0.29822400000000004,0.321890625,Not significant,Not significant,Not significant,Not significant,TRUE,TRUE
mmr_polbnda_adm3_250k_mimu_1.188,Sagaing,MMR005,Kale,MMR005D005,Mingin,MMR005029,မင်းကင်း,9.4,265,145,69,51,830,7,101.66969696969696,217.81255411255407,HH,0.5446899577021266,2.937974224390644,0.003303644889845621,0.012,0.006,2.8825611058564,0.006802074249986085,2.930389602975467,0.0033853725999626874,0.018,0.009,0.06228571428571429,0.0878507462686567,HH,Not significant,Hotspot,Not significant,129,39.33939393939394,122.05367965367967,HH,0.3988182386812526,3.0133314065553374,0.0025839656942514676,0.018,0.009,2.9108670832731436,0.006805968635933486,3.0461013340211474,0.002318296883887548,0.018,0.009,0.09493548387096774,0.09055384615384615,HH,Not significant,Hotspot,Not significant,TRUE,TRUE
mmr_polbnda_adm3_250k_mimu_1.216,Sagaing,MMR005,Tamu,MMR005D006,Tamu,MMR005030,တမူး,9.4,259,155,50,54,607,5,95.66969696969696,104.46969696969695,HH,0.24583270783022435,1.1118115892025076,0.26621916791091926,0.274,0.137,1.260922912617906,0.004941340903047057,1.2074218135321073,0.22726973902134692,0.242,0.121,0.5090795454545455,0.47671084337349395,Not significant,Not significant,Not significant,Not significant,161,71.33939393939394,77.73939393939396,HH,0.4606457146141312,1.5096834998225495,0.13112420353078155,0.168,0.084,1.7248058449015276,0.005621648416024513,1.6534400753312308,0.09824133244298291,0.136,0.068,0.3924,0.3369090909090909,Not significant,Not significant,Not significant,Not significant,TRUE,TRUE
mmr_polbnda_adm3_250k_mimu_1.198,Sagaing,MMR005,Mawlaik,MMR005D007,Mawlaik,MMR005031,မော်လိုက်,9.4,81,44,21,16,136,5,-82.33030303030304,115.46969696969697,LH,-0.23383131476148633,-1.2300329081552261,0.21868478195637495,0.242,0.121,1.0099699102390371,0.004560999894865087,1.3679766048039101,0.17131939927801212,0.204,0.102,0.4710357142857143,0.4276153846153846,Not significant,Not significant,Not significant,Not significant,37,-52.66060606060606,80.73939393939395,LH,-0.3531569906190246,-1.58694982595561,0.11252400875395427,0.146,0.073,1.3161341572806013,0.005007660763372537,1.784424218893939,0.07435475856940255,0.104,0.052,0.3616818181818181,0.2764878048780488,Not significant,Not significant,Not significant,Not significant,TRUE,TRUE
mmr_polbnda_adm3_250k_mimu_1.199,Sagaing,MMR005,Mawlaik,MMR005D007,Paungbyin,MMR005032,ဖောင်းပြင်,9.4,118,56,54,8,293,6,-45.33030303030304,-21.16363636363638,LL,0.023596839832521234,0.2643958898014215,0.7914748783418186,0.902,0.451,-0.32598751125549263,0.002573596647698208,-0.24702665379046662,0.80488759642755,0.934,0.467,0.9423450479233226,0.9634637223974765,Not significant,Not significant,Not significant,Not significant,76,-13.660606060606057,-2.9939393939393906,LL,0.003397108683650309,0.08071952403020483,0.9356650095510587,0.956,0.478,-0.10994260752662592,0.002877614476911489,-0.05097929403087179,0.9593420200599727,0.922,0.461,0.9708447204968943,0.9451222570532914,Not significant,Not significant,Not significant,Not significant,TRUE,TRUE
mmr_polbnda_adm3_250k_mimu_1.184,Sagaing,MMR005,Hkamti,MMR005D008,Hkamti,MMR005033,ခန္တီး,9.4,17,10,3,4,46,6,-146.33030303030304,33.50303030303029,LH,-0.12058500165940825,-0.412060039600034,0.6802954171139468,0.582,0.291,0.10346089048463561,0.0031752510648222995,0.3666433947658045,0.7138850346666902,0.616,0.308,0.749267716535433,0.7738167938931297,Not significant,Not significant,Not significant,Not significant,6,-83.66060606060606,7.00606060606062,LH,-0.0486845730299441,-0.16788384710378096,0.86667465790551,0.75,0.375,-0.14470790120599228,0.0028293323548156586,0.11749932379925788,0.9064643798628227,0.8,0.4,0.86660777385159,0.8928327645051195,Not significant,Not significant,Not significant,Not significant,TRUE,TRUE
mmr_polbnda_adm3_250k_mimu_1.185,Sagaing,MMR005,Hkamti,MMR005D008,Homalin,MMR005034,ဟုမ္မလင်း,9.4,220,127,70,23,377,7,56.66969696969696,65.09826839826837,HH,0.09073926529019054,0.8242201537400019,0.40981447764534384,0.418,0.209,0.9081041230934127,0.004218538377335387,0.8855272229227407,0.37587234379698825,0.352,0.176,0.629889400921659,0.567014778325123,Not significant,Not significant,Not significant,Not significant,154,64.33939393939394,28.625108225108242,HH,0.15297503887242128,0.6379332660588672,0.5235171218676571,0.496,0.248,0.8621881588141049,0.004148641341084223,0.7158720150919824,0.47407037980617656,0.44,0.221,0.7305945945945946,0.6978086124401914,Not significant,Not significant,Not significant,Not significant,TRUE,TRUE
mmr_polbnda_adm3_250k_mimu_1.205,Sagaing,MMR005,Naga Self-Administered Zone,MMR005S001,Layshi,MMR005035,လေရှီး,9.4,5,1,1,3,4,2,-158.33030303030304,-44.83030303030304,LL,0.17458649615509464,0.2564328786935128,0.7976166028479792,0.944,0.471,-0.7122569107532067,0.0014966264061794592,-0.3197474814538756,0.7491597627604523,0.978,0.489,0.9676739811912224,0.9900553846153847,Not significant,Not significant,Not significant,Not significant,3,-86.66060606060606,-9.660606060606057,LL,0.06953805898431598,0.06101994822362614,0.9513433222720573,0.868,0.432,-0.5593621111527322,0.0018363300437114144,-0.10880902855173874,0.9133539625919909,0.886,0.444,0.9122675159235669,0.9256293929712459,Not significant,Not significant,Not significant,Not significant,TRUE,TRUE
mmr_polbnda_adm3_250k_mimu_1.204,Sagaing,MMR005,Naga Self-Administered Zone,MMR005S001,Lahe,MMR005036,လဟယ်,9.4,2,1,0,1,4,2,-161.33030303030304,-153.33030303030304,LL,0.6084415655323688,1.0694736843843557,0.2848562805377248,0.06,0.032,-1.3441208808484302,1.3605694601631445e-4,-1.0535508788964265,0.29208858856060915,0.042,0.02,0.19876470588235295,0.1635,Not significant,Not significant,Coldspot,Not significant,0,-89.66060606060606,-86.66060606060606,LL,0.645386477173131,1.1081422582501061,0.26780038322197586,0.032,0.017,-1.3879934080825387,6.75949709341625e-5,-1.0907175269303035,0.2753971959464611,0.022,0.01,0.13768421052631577,0.10277142857142857,LL,Not significant,Coldspot,Not significant,FALSE,TRUE
mmr_polbnda_adm3_250k_mimu_1.206,Sagaing,MMR005,Naga Self-Administered Zone,MMR005S001,Nanyun,MMR005037,နန်းယွန်း,9.4,3,2,1,0,11,3,-160.33030303030304,-124.66363636363637,LL,0.4916208980881515,1.1290866513872286,0.25886128181089335,0.202,0.102,-1.3310642975392422,5.519582923616393e-4,-1.0643788875341589,0.2871570940022301,0.194,0.097,0.428922077922078,0.411935064935065,Not significant,Not significant,Not significant,Not significant,0,-89.66060606060606,-82.32727272727271,LL,0.6131148965605854,1.3604743101462258,0.17367987705282834,0.02,0.011,-1.5410837233079893,1.8588617006894687e-4,-1.2900102162524891,0.19704711099409297,0.032,0.015,0.09761194029850746,0.13245569620253164,LL,Not significant,Coldspot,Not significant,FALSE,FALSE
mmr_polbnda_adm3_250k_mimu_1.276,Tanintharyi,MMR006,Dawei,MMR006D001,Dawei,MMR006001,ထားဝယ်,9.4,445,242,102,101,1045,5,281.66969696969693,293.26969696969695,HH,2.0318060471680113,3.0981945311617465,0.0019470357733025433,0.008,0.004,3.5664261052042634,0.008435530653011496,3.184820197222968,0.0014484397256906553,0.018,0.009,0.05565957446808511,0.0878507462686567,HH,Not significant,Hotspot,Not significant,242,152.33939393939394,170.33939393939397,HH,2.1553797110606943,3.3065481507384753,9.445311556480647e-4,0.01,0.005,3.76441500146835,0.008685953765039882,3.4611572118237857,5.378586134502046e-4,0.014,0.007,0.06169811320754717,0.0803157894736842,HH,Not significant,Hotspot,Not significant,TRUE,TRUE
mmr_polbnda_adm3_250k_mimu_1.277,Tanintharyi,MMR006,Dawei,MMR006D001,Launglon,MMR006002,လောင်းလုံး,9.4,428,193,87,148,680,3,264.66969696969693,203.66969696969693,HH,1.3258841194228723,1.7190295266022033,0.08560899565793322,0.144,0.072,2.1814308401319424,0.007091968311100392,1.7605908240966512,0.07830768281250715,0.126,0.063,0.34370802919708027,0.3074776119402985,Not significant,Not significant,Not significant,Not significant,276,186.33939393939394,104.67272727272727,HH,1.6200733868174342,1.606088493633489,0.10825446767369278,0.164,0.082,2.2905399328949754,0.007258010004055698,1.6697988640181223,0.09495916523325598,0.154,0.077,0.38860869565217393,0.3730222222222222,Not significant,Not significant,Not significant,Not significant,TRUE,TRUE
mmr_polbnda_adm3_250k_mimu_1.278,Tanintharyi,MMR006,Dawei,MMR006D001,Thayetchaung,MMR006003,သရက်ချောင်း,9.4,315,140,95,80,598,3,151.66969696969696,310.66969696969693,HH,1.1589712010837956,2.430190295535092,0.015090897171384714,0.052,0.026,2.699586151221025,0.008056735746488804,2.677495559284352,0.007417483580079035,0.05,0.025,0.19322727272727272,0.18579545454545454,Not significant,Not significant,Not significant,Not significant,181,91.33939393939394,198.33939393939394,HH,1.5047473138267584,2.821670842169151,0.00477741837953605,0.024,0.012,3.142011856495634,0.008829593078274977,3.1208963109132632,0.0018030150734478691,0.018,0.009,0.11541176470588235,0.09055384615384615,HH,Not significant,Hotspot,Not significant,FALSE,FALSE
mmr_polbnda_adm3_250k_mimu_1.279,Tanintharyi,MMR006,Dawei,MMR006D001,Yebyu,MMR006004,ရေဖြူ,9.4,341,149,88,104,694,3,177.66969696969696,297.66969696969693,HH,1.3008371119764481,2.6081476481418537,0.009103367887191243,0.046,0.023,2.667201444277957,0.007996437781777027,2.579524962721825,0.009893630767004167,0.022,0.011,0.17696470588235294,0.10426086956521738,HH,Not significant,Hotspot,Not significant,160,70.33939393939394,167.33939393939394,HH,0.9776722377785457,2.742722037373703,0.0060932239864110276,0.034,0.017,2.6201419678371654,0.007866364742463161,2.697596305817424,0.006984207956319974,0.032,0.016,0.14253846153846156,0.13245569620253164,HH,Not significant,Hotspot,Not significant,TRUE,TRUE
mmr_polbnda_adm3_250k_mimu_1.283,Tanintharyi,MMR006,Myeik,MMR006D002,Myeik,MMR006005,မြိတ်,9.4,110,35,34,41,164,3,-53.33030303030304,259.33636363636356,LH,-0.34018283799404364,-2.279325287415294,0.022647735912732045,0.058,0.029,1.8052700133316948,0.006391584259448227,2.234603782645533,0.025443372293782685,0.06,0.03,0.19876470588235295,0.20318446601941748,Not significant,Not significant,Not significant,Not significant,65,-24.660606060606057,148.6727272727273,LH,-0.3045310102055981,-2.3749092748572647,0.017553264074406834,0.058,0.029,1.9288932556667384,0.006590509666080844,2.394530081211432,0.016641678306631207,0.062,0.031,0.20393548387096774,0.20687755102040814,Not significant,Not significant,Not significant,Not significant,TRUE,TRUE
mmr_polbnda_adm3_250k_mimu_1.282,Tanintharyi,MMR006,Myeik,MMR006D002,Kyunsu,MMR006006,ကျွန်းစု,9.4,69,43,13,13,133,3,-94.33030303030304,115.66969696969694,LH,-0.26837728740163036,-0.9480104875943289,0.34312411516649954,0.348,0.174,0.6294560381680077,0.0042023043099129855,0.909456033565917,0.36310945567200764,0.326,0.164,0.5689799999999999,0.5557305699481866,Not significant,Not significant,Not significant,Not significant,32,-57.66060606060606,53.67272727272727,LH,-0.25705694141220997,-0.7991772566031778,0.4241876376470332,0.39,0.195,0.47315093467206376,0.0039036095714478844,0.7673305384337981,0.4428850159428114,0.364,0.182,0.654,0.6231832460732984,Not significant,Not significant,Not significant,Not significant,TRUE,TRUE
mmr_polbnda_adm3_250k_mimu_1.284,Tanintharyi,MMR006,Myeik,MMR006D002,Palaw,MMR006007,ပုလော,9.4,549,237,208,104,749,4,385.66969696969693,216.66969696969693,HH,2.055363425394302,2.1886785221360294,0.028620214121470002,0.062,0.031,2.794691839475329,0.007677322399302399,2.0129016996663784,0.04412497173928566,0.094,0.047,0.19876470588235295,0.2627179487179487,Not significant,Not significant,Not significant,Not significant,346,256.339393939394,116.58939393939394,HH,2.482394881993372,2.1648803241002375,0.030396851381707536,0.078,0.039,2.9636419575943256,0.00791537109639043,2.0203354336884014,0.04334860573929183,0.08,0.04,0.23616666666666666,0.24,Not significant,Not significant,Not significant,Not significant,TRUE,TRUE
mmr_polbnda_adm3_250k_mimu_1.285,Tanintharyi,MMR006,Myeik,MMR006D002,Tanintharyi,MMR006008,တနင်္သာရီ,9.4,650,304,288,58,770,5,486.66969696969693,86.66969696969694,HH,1.0374723115924671,1.0013654241949028,0.3166501736255022,0.324,0.162,1.8770839428489499,0.005875186305249942,1.0188597417060608,0.30826955858291055,0.31,0.155,0.5461237113402062,0.5420855614973262,Not significant,Not significant,Not significant,Not significant,337,247.33939393939394,52.93939393939395,HH,1.0875988173401465,1.1289203563839545,0.2589314326333733,0.262,0.131,1.9197684848674739,0.005914559956739218,1.1678255340940513,0.24287714620881587,0.266,0.133,0.5422405063291139,0.536925925925926,Not significant,Not significant,Not significant,Not significant,TRUE,TRUE
mmr_polbnda_adm3_250k_mimu_1.281,Tanintharyi,MMR006,Kawthoung,MMR006D003,Kawthoung,MMR006009,ကော့သောင်း,9.4,78,37,8,33,123,1,-85.33030303030304,-86.33030303030304,LL,0.18119302887717184,0.408122126685623,0.6831840161658241,0.988,0.484,-0.6029122897129576,0.0014378745431269596,-0.4293755806550467,0.6676499217620984,0.962,0.476,0.9910306748466258,0.982018691588785,Not significant,Not significant,Not significant,Not significant,32,-57.66060606060606,-61.66060606060606,LL,0.29531360907044085,0.5338320383769201,0.5934577454760059,0.822,0.419,-0.7701262388103062,0.0010139245640124375,-0.5645948359720848,0.5723493785209524,0.806,0.401,0.89598,0.8964693877551021,Not significant,Not significant,Not significant,Not significant,TRUE,TRUE
mmr_polbnda_adm3_250k_mimu_1.280,Tanintharyi,MMR006,Kawthoung,MMR006D003,Bokpyin,MMR006010,ဘုတ်ပြင်း,9.4,77,40,22,15,121,3,-86.33030303030304,102.33636363636361,LH,-0.2173042287798206,-0.8341967493253252,0.40417012263735913,0.382,0.191,0.5497398364619948,0.00405387855062246,0.7820092150085113,0.4342091580291583,0.426,0.213,0.6005480769230769,0.633190909090909,Not significant,Not significant,Not significant,Not significant,28,-61.66060606060606,44.006060606060615,LH,-0.2253807142590363,-0.6711834530524805,0.5021036685039126,0.45,0.225,0.32208333532355965,0.003624780316344464,0.6232670232479174,0.5331090643688225,0.47,0.235,0.6933611111111111,0.7181775700934578,Not significant,Not significant,Not significant,Not significant,TRUE,TRUE
mmr_polbnda_adm3_250k_mimu_1.27,Bago (East),MMR007,Bago,MMR007D001,Bago,MMR007001,ပဲခူး,9.4,74,11,37,26,64,9,-89.33030303030304,-92.66363636363637,LL,0.2036024866543451,1.385571720301248,0.16587771846417965,0.12,0.06,-1.4682658120085714,0.0013172786137034085,-1.3855667943281529,0.16587922351911863,0.122,0.061,0.31392,0.3022272727272727,Not significant,Not significant,Not significant,Not significant,58,-31.660606060606057,-45.54949494949495,LL,0.11978412346475875,1.2449565204215867,0.213147733058166,0.162,0.081,-1.290494682806691,0.001537785588752197,-1.2482555525994388,0.21193748573324384,0.182,0.091,0.3866715328467153,0.419112676056338,Not significant,Not significant,Not significant,Not significant,TRUE,TRUE
mmr_polbnda_adm3_250k_mimu_1.33,Bago (East),MMR007,Bago,MMR007D001,Thanatpin,MMR007002,သနပ်ပင်,9.4,4,1,0,3,3,3,-159.33030303030304,-113.33030303030304,LL,0.44413946359724427,0.9740820916420474,0.3300157806232956,0.278,0.139,-1.2438747019232907,7.14298966585651e-4,-0.9820897451399172,0.326055637086646,0.268,0.134,0.5107078651685394,0.4979318181818182,Not significant,Not significant,Not significant,Not significant,3,-86.66060606060606,-51.32727272727272,LL,0.3694591101243238,0.8169622331138714,0.413950011182731,0.432,0.218,-1.1016143433850687,9.970258212788968e-4,-0.831200533264713,0.40586035362466055,0.396,0.197,0.6824347826086956,0.654,Not significant,Not significant,Not significant,Not significant,TRUE,TRUE
mmr_polbnda_adm3_250k_mimu_1.29,Bago (East),MMR007,Bago,MMR007D001,Kawa,MMR007003,ကဝ,9.4,19,10,7,2,9,4,-144.33030303030304,-122.08030303030304,LL,0.43338916916243353,1.1563758280400787,0.24752746429461847,0.132,0.066,-1.411800347919574,6.827584927364145e-4,-1.205122954735447,0.2281558394711022,0.152,0.076,0.32211940298507463,0.3550285714285714,Not significant,Not significant,Not significant,Not significant,13,-76.66060606060606,-67.66060606060606,LL,0.4308286749635356,1.1840417963648326,0.23639651812709123,0.138,0.069,-1.4242232578300373,6.827092064350412e-4,-1.249625089727154,0.21143653346331331,0.134,0.067,0.3444732824427481,0.3369090909090909,Not significant,Not significant,Not significant,Not significant,TRUE,TRUE
mmr_polbnda_adm3_250k_mimu_1.34,Bago (East),MMR007,Bago,MMR007D001,Waw,MMR007004,ဝေါ,9.4,57,14,28,15,46,6,-106.33030303030304,29.33636363636361,LH,-0.07672524137782234,-0.30036815226784086,0.7638963535570338,0.698,0.349,0.13183853817671484,0.003215007964632262,0.34439498084747916,0.7305492629774331,0.634,0.318,0.8151642857142857,0.7793909774436091,Not significant,Not significant,Not significant,Not significant,44,-45.66060606060606,18.50606060606061,LH,-0.07018626325836808,-0.35500479521580725,0.7225859988559495,0.632,0.316,0.22728074116322608,0.0033459510612410437,0.3895672450270542,0.6968565769115975,0.594,0.297,0.8072812500000001,0.7863886639676113,Not significant,Not significant,Not significant,Not significant,TRUE,TRUE
mmr_polbnda_adm3_250k_mimu_1.31,Bago (East),MMR007,Bago,MMR007D001,Nyaunglebin,MMR007005,ညောင်လေးပင်,9.4,308,76,210,22,307,4,144.66969696969696,-1.8303030303030425,HL,-0.006512916377583446,-0.04182199789014728,0.9666405985724498,0.916,0.458,0.306501500512296,0.003539954359079018,0.002887090259679118,0.9976964384563004,0.86,0.43,0.9478860759493671,0.918156351791531,Not significant,Not significant,Not significant,Not significant,146,56.33939393939394,7.089393939393943,HH,0.03317552083527512,0.10507365481851387,0.916317363971683,0.794,0.397,0.34732606278989214,0.003602811950790861,0.17025416562039122,0.8648102554607487,0.748,0.374,0.886136518771331,0.8727758007117437,Not significant,Not significant,Not significant,Not significant,TRUE,TRUE
mmr_polbnda_adm3_250k_mimu_1.30,Bago (East),MMR007,Bago,MMR007D001,Kyauktaga,MMR007006,ကျောက်တံခါး,9.4,320,50,250,20,339,10,156.66969696969696,67.26969696969695,HH,0.2592265060486251,1.0711251520865581,0.28411316024755634,0.27,0.135,1.2594771918507959,0.004429159589737709,0.9911865062357164,0.32159451828518315,0.314,0.157,0.5074137931034484,0.5432698412698413,Not significant,Not significant,Not significant,Not significant,206,116.33939393939394,33.03939393939395,HH,0.3192679609037846,0.9813625851977261,0.32641396981773807,0.3,0.15,1.2466738743624934,0.004402890606757039,0.8914130250503245,0.3727076326251622,0.342,0.171,0.5874251497005988,0.6182622950819672,Not significant,Not significant,Not significant,Not significant,TRUE,TRUE
mmr_polbnda_adm3_250k_mimu_1.28,Bago (East),MMR007,Bago,MMR007D001,Daik-U,MMR007007,ဒိုက်ဦး,9.4,36,5,9,22,25,4,-127.33030303030304,26.419696969696957,LH,-0.08274362362954574,-0.23411046920423753,0.8148992185078878,0.744,0.372,-0.0483166733846744,0.002949961965899182,0.23791874932400728,0.8119441131512143,0.708,0.354,0.8506573426573426,0.8198028169014083,Not significant,Not significant,Not significant,Not significant,24,-65.66060606060606,23.839393939393943,LH,-0.13001592993054062,-0.4186440127153176,0.6754763186014434,0.588,0.294,0.12178158909985501,0.0032310396106529676,0.3884569380576244,0.6976779153119191,0.594,0.298,0.787469387755102,0.7863886639676113,Not significant,Not significant,Not significant,Not significant,TRUE,TRUE
mmr_polbnda_adm3_250k_mimu_1.32,Bago (East),MMR007,Bago,MMR007D001,Shwegyin,MMR007008,ရွှေကျင်,9.4,233,42,175,16,195,7,69.66969696969696,243.9554112554112,HH,0.4180510407183144,3.1972094486209723,0.0013876412859285588,0.016,0.008,3.1501939643817245,0.007152266275812167,3.273393338210056,0.001062644881946849,0.01,0.005,0.07694117647058824,0.059454545454545454,HH,Not significant,Hotspot,Not significant,113,23.339393939393943,103.33939393939396,HH,0.20033275053536206,2.4779331846886863,0.013214588885951607,0.044,0.022,2.4320820246157853,0.006184939840475869,2.548878565739024,0.01080699234727361,0.036,0.018,0.17128571428571426,0.14715,HH,Not significant,Hotspot,Not significant,TRUE,TRUE
mmr_polbnda_adm3_250k_mimu_1.39,Bago (East),MMR007,Taungoo,MMR007D002,Taungoo,MMR007009,တောင်ငူ,9.4,197,95,75,27,449,5,33.66969696969696,-19.930303030303044,HL,-0.016505475538183764,-0.18637498999020177,0.8521507039001706,1,0.5,-0.13462061280604837,0.002826273833157078,-0.2268643541195145,0.8205292206758227,0.922,0.46,1,0.9571238095238096,Not significant,Not significant,Not significant,Not significant,109,19.339393939393943,-19.460606060606057,HL,-0.03126048347911845,-0.35076903683250416,0.725761628076347,0.86,0.43,-0.2923076224384535,0.0025911405524762293,-0.4031078844315917,0.686868860640681,0.79,0.395,0.9122675159235669,0.8928327645051195,Not significant,Not significant,Not significant,Not significant,TRUE,TRUE
mmr_polbnda_adm3_250k_mimu_1.40,Bago (East),MMR007,Taungoo,MMR007D002,Yedashe,MMR007010,ရေတာရှည်,9.4,262,120,102,40,738,5,98.66969696969696,-49.530303030303045,HL,-0.12020698682837319,-0.5583522679324906,0.5766038600435079,0.658,0.329,-0.3039628827039847,0.0025696209577172114,-0.5229763016199509,0.6009907449442679,0.708,0.354,0.7963837638376384,0.8198028169014083,Not significant,Not significant,Not significant,Not significant,140,50.33939393939394,-36.06060606060606,HL,-0.15077782468780387,-0.7470174336681614,0.4550530374393574,0.474,0.237,-0.4872702624043997,0.002298229011761525,-0.7136163017552322,0.47546447443945117,0.554,0.277,0.7077534246575342,0.7842337662337663,Not significant,Not significant,Not significant,Not significant,TRUE,TRUE
mmr_polbnda_adm3_250k_mimu_1.36,Bago (East),MMR007,Taungoo,MMR007D002,Kyaukkyi,MMR007011,ကျောက်ကြီး,9.4,777,141,601,35,705,6,613.6696969696969,113.16969696969694,HH,1.70820411177546,1.4749861037868786,0.1402162794494993,0.146,0.073,2.445562746670887,0.006456520529137831,1.4326686563053066,0.15195255093565607,0.188,0.094,0.3459565217391304,0.4071258278145696,Not significant,Not significant,Not significant,Not significant,367,277.339393939394,38.50606060606061,HH,0.8870275760924966,0.9405150641770192,0.3469534262834013,0.338,0.169,1.7673832511591476,0.005484849070086328,0.9129043060803389,0.3612928726109756,0.354,0.178,0.6279886363636364,0.6192127659574468,Not significant,Not significant,Not significant,Not significant,TRUE,TRUE
mmr_polbnda_adm3_250k_mimu_1.38,Bago (East),MMR007,Taungoo,MMR007D002,Phyu,MMR007012,ဖြူး,9.4,300,69,210,21,476,6,136.66969696969696,87.8363636363636,HH,0.29527148691229493,1.0407323146571283,0.2979998012171456,0.322,0.161,1.2555933867830429,0.0047893811971067585,1.0982716793707303,0.27208587461356026,0.284,0.142,0.5461237113402062,0.5188156424581005,Not significant,Not significant,Not significant,Not significant,210,120.33939393939394,41.339393939393936,HH,0.41320768920379614,0.9178455714840928,0.35869972016498913,0.358,0.179,1.2806691396480212,0.004808899360744703,0.959639561845341,0.33723665076207837,0.338,0.169,0.6293870967741935,0.617463687150838,Not significant,Not significant,Not significant,Not significant,TRUE,TRUE
mmr_polbnda_adm3_250k_mimu_1.37,Bago (East),MMR007,Taungoo,MMR007D002,Oktwin,MMR007013,အုတ်တွင်း,9.4,47,17,21,9,147,4,-116.33030303030304,12.419696969696957,LH,-0.035536838656524024,-0.03694366582245663,0.9705299232025513,0.854,0.427,-0.14873691128004352,0.0027829829866973413,0.1291303884629446,0.8972544767869897,0.776,0.388,0.9096351791530944,0.8682798634812287,Not significant,Not significant,Not significant,Not significant,29,-60.66060606060606,17.589393939393943,LH,-0.08862455957679859,-0.2357356569791289,0.8136377992483967,0.698,0.349,0.03976541684893205,0.003095849668784642,0.3188842668859219,0.7498142752031789,0.662,0.331,0.8446494464944649,0.8287328244274809,Not significant,Not significant,Not significant,Not significant,TRUE,TRUE
mmr_polbnda_adm3_250k_mimu_1.35,Bago (East),MMR007,Taungoo,MMR007D002,Htantabin,MMR007014,ထန်းတပင်,9.4,111,48,45,18,265,5,-52.33030303030304,141.26969696969695,LH,-0.18183488021204292,-1.5258852523760174,0.12703844409959872,0.16,0.08,1.3343725718507462,0.005052660222514951,1.4594591093376885,0.1444387872821928,0.162,0.081,0.3684507042253521,0.37044755244755245,Not significant,Not significant,Not significant,Not significant,65,-24.660606060606057,67.73939393939395,LH,-0.1387527251668489,-1.3686824930994088,0.17109854507001585,0.204,0.102,1.1774107403817562,0.0047992429363255375,1.2698841386604778,0.20412590388479873,0.234,0.117,0.43599999999999994,0.5034078947368421,Not significant,Not significant,Not significant,Not significant,TRUE,TRUE
mmr_polbnda_adm3_250k_mimu_1.44,Bago (West),MMR008,Pyay,MMR008D001,Pyay,MMR008001,ပြည်,9.4,83,9,27,47,118,5,-80.33030303030304,-105.53030303030306,LL,0.20851222474175332,1.1945978624739861,0.23224418479577968,0.176,0.088,-1.2404460379226907,0.0011502996345015678,-1.1593421337007068,0.2463167538208619,0.212,0.106,0.39419178082191775,0.433275,Not significant,Not significant,Not significant,Not significant,63,-26.660606060606057,-62.46060606060606,LL,0.1383160827985398,1.3039029887978504,0.19226666109875917,0.086,0.043,-1.2708701038059913,0.0011209499346581946,-1.2631281267124896,0.2065431373052239,0.114,0.057,0.25335135135135134,0.2958571428571429,Not significant,Not significant,Not significant,Not significant,TRUE,TRUE
mmr_polbnda_adm3_250k_mimu_1.42,Bago (West),MMR008,Pyay,MMR008D001,Paukkhaung,MMR008002,ပေါက်ခေါင်း,9.4,95,38,28,29,146,9,-68.33030303030304,-14.663636363636371,LL,0.024645064581207524,0.28813615918948676,0.7732425147379383,0.846,0.423,-0.3185282423898606,0.002658676413291527,-0.2242443356413924,0.8225671869070632,0.93,0.465,0.9040588235294117,0.962373417721519,Not significant,Not significant,Not significant,Not significant,45,-44.66060606060606,-5.660606060606057,LL,0.020998294074673438,0.2166256141218321,0.8285001225107755,0.914,0.457,-0.2793872726449672,0.0027071785859132083,-0.1536700601030976,0.8778698929095029,0.978,0.489,0.942832807570978,0.9870555555555556,Not significant,Not significant,Not significant,Not significant,TRUE,TRUE
mmr_polbnda_adm3_250k_mimu_1.41,Bago (West),MMR008,Pyay,MMR008D001,Padaung,MMR008003,ပန်းတောင်း,9.4,77,48,11,18,40,7,-86.33030303030304,-79.1874458874459,LL,0.1681490942824619,1.0367363306296564,0.2998587554087645,0.274,0.137,-1.1354765780966456,0.0015445555576170244,-1.0672554648142976,0.2858564926830854,0.31,0.155,0.5090795454545455,0.5420855614973262,Not significant,Not significant,Not significant,Not significant,26,-63.66060606060606,-35.51774891774891,LL,0.1878073872676554,0.8553501116959272,0.39235735317672166,0.4,0.2,-1.0171246224464123,0.0017109977017709882,-0.8915068131251417,0.37265733811308127,0.43,0.215,0.66381,0.6926600985221675,Not significant,Not significant,Not significant,Not significant,TRUE,TRUE
mmr_polbnda_adm3_250k_mimu_1.43,Bago (West),MMR008,Pyay,MMR008D001,Paungde,MMR008004,ပေါင်းတည်,9.4,189,87,41,61,226,3,25.669696969696957,-62.663636363636364,HL,-0.039565008810891,-0.5517128785252755,0.5811450850473617,0.738,0.369,-0.4043634527068446,0.002277407744113991,-0.5092312606104432,0.6105901336599776,0.766,0.383,0.8467578947368422,0.8630103092783505,Not significant,Not significant,Not significant,Not significant,79,-10.660606060606057,-42.32727272727272,LL,0.03747991963454411,0.6830996485449712,0.49454387750329404,0.564,0.282,-0.6301003211761017,0.001867311072056239,-0.6489843928495177,0.5163484641583778,0.618,0.309,0.7847999999999998,0.8090988142292491,Not significant,Not significant,Not significant,Not significant,TRUE,TRUE
mmr_polbnda_adm3_250k_mimu_1.46,Bago (West),MMR008,Pyay,MMR008D001,Thegon,MMR008005,သဲကုန်း,9.4,50,15,14,21,66,5,-113.33030303030304,-55.73030303030305,LL,0.15535040367859643,0.5712956821391031,0.5677992281393904,0.688,0.344,-0.7997480825256525,0.0018182155513089297,-0.5931377027379878,0.5530890001431129,0.648,0.324,0.8092661870503597,0.78771747211895915,Not significant,Not significant,Not significant,Not significant,23,-66.66060606060606,-34.86060606060606,LL,0.1930192662102949,0.6854819790711535,0.4930398285346652,0.544,0.272,-0.9034405131009388,0.0016729755306205219,-0.6786715853530152,0.497345973992568,0.55,0.274,0.7768034934497817,0.78195652173913055,Not significant,Not significant,Not significant,Not significant,TRUE,TRUE
mmr_polbnda_adm3_250k_mimu_1.45,Bago (West),MMR008,Pyay,MMR008D001,Shwedaung,MMR008006,ရွှေတောင်,9.4,14,2,4,8,5,6,-149.33030303030304,-95.4969696969697,LL,0.35076194432925845,1.1747218858366413,0.24010600043541794,0.208,0.104,-1.3665012599650552,0.0011158436546662672,-1.1075822506463817,0.2680422723867945,0.226,0.113,0.436,0.45739877300613496,Not significant,Not significant,Not significant,Not significant,13,-76.66060606060606,-54.16060606060605,LL,0.3448674716778606,1.22403686363486,0.2209383214859245,0.158,0.079,-1.3962584736631745,0.001091175959365766,-1.1811530894284699,0.2375419129546002,0.176,0.087,0.3827111111111111,0.4081702127659574,Not significant,Not significant,Not significant,Not significant,TRUE,TRUE
mmr_polbnda_adm3_250k_mimu_1.53,Bago (West),MMR008,Thayarwady,MMR008D002,Thayarwady,MMR008007,သာယာဝတီ,9.4,61,5,11,45,20,4,-102.33030303030304,-116.08030303030304,LL,0.2921714157280649,1.1433056745858963,0.2529116997942758,0.166,0.083,-1.2645173323396997,9.276609955657804e-4,-1.1476073855667028,0.25113067949327816,0.172,0.086,0.3769583333333334,0.38444594594594594,Not significant,Not significant,Not significant,Not significant,40,-49.66060606060606,-57.91060606060606,LL,0.23887274194413755,1.0484534035133364,0.29442975996538423,0.278,0.14,-1.1535698894019926,0.0011288360146005138,-1.064180847328308,0.2872467816361732,0.242,0.12,0.5646335403726709,0.5072692307692308,Not significant,Not significant,Not significant,Not significant,TRUE,TRUE
mmr_polbnda_adm3_250k_mimu_1.48,Bago (West),MMR008,Thayarwady,MMR008D002,Letpadan,MMR008008,လက်ပံတန်း,9.4,83,22,13,48,164,9,-80.33030303030304,-54.9969696969697,LL,0.10866585403698723,0.8292386931787031,0.40696935411072,0.444,0.222,-0.9148651560925115,0.0019629306666171915,-0.853835598931126,0.3931960868363067,0.414,0.207,0.654,0.621,Not significant,Not significant,Not significant,Not significant,55,-34.66060606060606,-24.216161616161607,LL,0.06971687756845837,0.686184885952224,0.4925965273954698,0.556,0.278,-0.7381845656952291,0.002176558064080033,-0.6787246816333191,0.4973123244337833,0.52,0.26,0.7803090128755366,0.7490748898678414,Not significant,Not significant,Not significant,Not significant,TRUE,TRUE
mmr_polbnda_adm3_250k_mimu_1.49,Bago (West),MMR008,Thayarwady,MMR008D002,Minhla,MMR008009,မင်းလှ,9.4,209,72,59,78,575,3,45.66969696969696,-57.66363636363637,HL,-0.06477465190289672,-0.5202883919522127,0.6028625852955216,0.752,0.376,-0.3171738570908932,0.0024397484183380025,-0.48587384600734757,0.6270566127945799,0.8,0.4,0.850878892733564,0.8808080808080808,Not significant,Not significant,Not significant,Not significant,97,7.339393939393943,-25.32727272727272,HL,-0.015439921754800573,-0.42535211003063456,0.6705800114637425,0.816,0.408,-0.31423170435650244,0.0024503176963633906,-0.39348032693242374,0.6939647514675329,0.86,0.428,0.89598,0.9113806451612904,Not significant,Not significant,Not significant,Not significant,TRUE,TRUE
mmr_polbnda_adm3_250k_mimu_1.52,Bago (West),MMR008,Thayarwady,MMR008D002,Okpho,MMR008010,အုတ်ဖို,9.4,214,74,40,100,312,5,50.66969696969696,-12.130303030303049,HL,-0.015118019069179214,-0.16232723571896007,0.8710481681021227,0.982,0.491,-0.020365587332742265,0.0029994372189960233,-0.11954696408139644,0.9048420348269675,0.984,0.493,0.9910306748466258,0.9900553846153847,Not significant,Not significant,Not significant,Not significant,124,34.33939393939394,-4.06060606060606,HL,-0.01158190381027251,-0.12276458504457194,0.9022935191133014,0.932,0.466,0.052626279039758354,0.003109368662971474,-0.05349062873230515,0.9573409971494641,0.908,0.454,0.9553730407523511,0.9366435331230284,Not significant,Not significant,Not significant,Not significant,TRUE,TRUE
mmr_polbnda_adm3_250k_mimu_1.54,Bago (West),MMR008,Thayarwady,MMR008D002,Zigon,MMR008011,ဇီးကုန်း,9.4,24,14,5,5,27,2,-139.33030303030304,-22.830303030303043,LL,0.07824060305978593,0.17222141944435745,0.8632634591861696,0.87,0.435,-0.5313140465895747,0.0018862440243170868,-0.16875161598159047,0.865992017248357,0.872,0.436,0.9198193548387098,0.9198193548387098,Not significant,Not significant,Not significant,Not significant,13,-76.66060606060606,-24.660606060606057,LL,0.15702632375731157,0.32665634298586776,0.7439278235470674,0.944,0.473,-0.6649202381501599,0.0016110134739308725,-0.3219064182669424,0.7475235907204076,0.95,0.475,0.96465,0.9667826086956521,Not significant,Not significant,Not significant,Not significant,TRUE,TRUE
mmr_polbnda_adm3_250k_mimu_1.51,Bago (West),MMR008,Thayarwady,MMR008D002,Nattalin,MMR008012,နတ်တလင်း,9.4,157,67,45,45,238,9,-6.3303030303030425,-37.108080808080814,LL,0.005777872117966274,0.5551013330533083,0.5788253510353589,0.648,0.324,-0.5411606901721837,0.0023989313345331082,-0.5156058934929563,0.6061296932756146,0.682,0.341,0.7901486988847584,0.8080217391304348,Not significant,Not significant,Not significant,Not significant,74,-15.660606060606057,-16.438383838383835,LL,0.021382779200539853,0.4475587204861458,0.6544717002636318,0.756,0.378,-0.47810202377501737,0.0024773556847370553,-0.41336106274929063,0.6793420978460308,0.774,0.387,0.8674105263157895,0.8928327645051195,Not significant,Not significant,Not significant,Not significant,TRUE,TRUE
mmr_polbnda_adm3_250k_mimu_1.50,Bago (West),MMR008,Thayarwady,MMR008D002,Monyo,MMR008013,မိုးညို,9.4,20,2,6,12,9,9,-143.33030303030304,-66.44141414141416,LL,0.23423501567693972,1.001377968214433,0.3166441113814879,0.324,0.162,-1.1788436298915517,0.0016549472160893523,-1.0089902935671238,0.3129792892791577,0.314,0.157,0.5461237113402062,0.5432698412698413,Not significant,Not significant,Not significant,Not significant,14,-75.66060606060606,-37.88282828282827,LL,0.23807219737562382,1.0420034105935885,0.2974100977044066,0.3,0.15,-1.217437789008879,0.0016222793024198998,-1.0652412012760508,0.28676679324655513,0.266,0.133,0.5874251497005988,0.536925925925926,Not significant,Not significant,Not significant,Not significant,TRUE,TRUE
mmr_polbnda_adm3_250k_mimu_1.47,Bago (West),MMR008,Thayarwady,MMR008D002,Gyobingauk,MMR008014,ကြို့ပင်ကောက်,9.4,124,50,20,54,172,5,-39.33030303030304,-16.330303030303043,LL,0.01579779477976662,0.16400308021685,0.8697287189834764,0.98,0.49,-0.24683536996733138,0.0026562026506366846,-0.17219856023505895,0.8632814297410045,0.978,0.488,0.9910306748466258,0.9900553846153847,Not significant,Not significant,Not significant,Not significant,56,-33.66060606060606,-3.4606060606060556,LL,0.00967543644421206,0.06020549644972356,0.9519919681243333,0.892,0.446,-0.19107702091767437,0.002743229237078094,-0.05898212998078546,0.952966341538498,0.918,0.459,0.9230506329113924,0.9439811320754719,Not significant,Not significant,Not significant,Not significant,TRUE,TRUE
mmr_polbnda_adm3_250k_mimu_1.100,Magway,MMR009,Magway,MMR009D001,Magway,MMR009001,မကွေး,9.4,68,5,35,28,65,8,-95.33030303030304,-96.08030303030306,LL,0.22528914625550797,1.34858345118494,0.1774707990905922,0.132,0.066,-1.4459779731292934,0.0012492501406952512,-1.4184265125718627,0.15606627966577172,0.106,0.053,0.32211940298507463,0.28776,Not significant,Not significant,Not significant,Not significant,51,-38.66060606060606,-53.16060606060606,LL,0.170708462440229,1.3912483808241785,0.1641501208477315,0.11,0.055,-1.4268861969583932,0.001288059723912096,-1.4413411201712607,0.14948833570063524,0.094,0.047,0.2948360655737705,0.2672869565217391,Not significant,Not significant,Not significant,Not significant,TRUE,TRUE
mmr_polbnda_adm3_250k_mimu_1.104,Magway,MMR009,Magway,MMR009D001,Yenangyaung,MMR009002,ရေနံချောင်း,9.4,80,39,18,23,122,6,-83.33030303030304,-41.16363636363637,LL,0.08437069483204782,0.5165283241306927,0.6054854617491828,0.694,0.347,-0.624898733612058,0.002154823969699941,-0.5050776093828367,0.6135043270291107,0.726,0.363,0.8133978494623656,0.8294634146341463,Not significant,Not significant,Not significant,Not significant,39,-50.66060606060606,-17.660606060606057,LL,0.07431431063808153,0.39157421254398467,0.6953728447522651,0.8,0.401,-0.5445087785187029,0.00227408795071361,-0.3993354687419314,0.6896460358398762,0.83,0.415,0.889795918367347,0.9022178217821782,Not significant,Not significant,Not significant,Not significant,TRUE,TRUE
mmr_polbnda_adm3_250k_mimu_1.99,Magway,MMR009,Magway,MMR009D001,Chauk,MMR009003,ချောက်,9.4,82,26,26,30,168,6,-81.33030303030304,76.00303030303027,LH,-0.15204012932170557,-0.8369522484948546,0.4026194096869077,0.368,0.184,0.7088507079156541,0.004023398260768156,0.9771643270514621,0.3284878054832718,0.336,0.168,0.5870048780487805,0.5610456852791879,Not significant,Not significant,Not significant,Not significant,46,-43.66060606060606,43.83939393939394,LH,-0.1589830303639966,-0.8798489831966977,0.3789411250117184,0.36,0.18,0.762666263825465,0.004089495741516831,1.0065104499928874,0.31417008734834195,0.312,0.156,0.6295187165775401,0.5931627906976744,Not significant,Not significant,Not significant,Not significant,TRUE,TRUE
mmr_polbnda_adm3_250k_mimu_1.103,Magway,MMR009,Magway,MMR009D001,Taungdwingyi,MMR009004,တောင်တွင်းကြီး,9.4,77,7,19,51,76,6,-86.33030303030304,-131.4969696969697,LL,0.2792247698816007,1.5459213943435708,0.1221235529327735,0.028,0.014,-1.6559532664242609,7.103232766046548e-4,-1.605848431327425,0.10830721640906885,0.016,0.008,0.12372972972972975,0.08304761904761905,LL,Not significant,Coldspot,Not significant,57,-32.66060606060606,-71.99393939393939,LL,0.1953064772766178,1.573045270946996,0.11570833606058997,0.032,0.016,-1.6152798238431814,7.869985901620346e-4,-1.609187510841815,0.10757534646723489,0.012,0.006,0.13768421052631577,0.07546153846153845,LL,Not significant,Coldspot,Not significant,TRUE,TRUE
mmr_polbnda_adm3_250k_mimu_1.101,Magway,MMR009,Magway,MMR009D001,Myothit,MMR009005,မြို့သစ်,9.4,39,11,8,20,54,5,-124.33030303030304,-101.33030303030304,LL,0.30987837164073573,1.1037793547773722,0.2696888625963356,0.212,0.106,-1.2873722090992272,0.001079178958174858,-1.1448441429175569,0.25227372575607204,0.206,0.103,0.43875949367088607,0.42905732484076436,Not significant,Not significant,Not significant,Not significant,22,-67.66060606060606,-50.46060606060606,LL,0.283586018479437,1.012733799763874,0.3111873287656488,0.266,0.133,-1.1996337545876647,0.0012279753053039521,-1.0472992287445586,0.2949615916981555,0.266,0.133,0.547056603773585,0.536925925925926,Not significant,Not significant,Not significant,Not significant,TRUE,TRUE
mmr_polbnda_adm3_250k_mimu_1.102,Magway,MMR009,Magway,MMR009D001,Natmauk,MMR009006,နတ်မောက်,9.4,134,44,31,59,216,7,-29.330303030303043,-116.33030303030304,LL,0.08392364556703587,1.4716087075636157,0.14112657281242388,0.056,0.028,-1.4952743945247304,0.0010737676023673908,-1.4791469011119007,0.13910105744303272,0.058,0.029,0.19876470588235295,0.20318446601941748,Not significant,Not significant,Not significant,Not significant,75,-14.660606060606057,-62.374891774891765,LL,0.07595532013108434,1.4359225475577748,0.15102438173499702,0.068,0.034,-1.4698533513809215,0.0011237663917804516,-1.4663537395613915,0.14255194216846706,0.048,0.024,0.22460606060606064,0.1804137931034483,Not significant,Not significant,Coldspot,Not significant,TRUE,FALSE
mmr_polbnda_adm3_250k_mimu_1.105,Magway,MMR009,Minbu,MMR009D002,Minbu,MMR009007,မင်းဘူး,9.4,36,10,11,15,28,4,-127.33030303030304,-70.83030303030304,LL,0.22183282201261723,0.7495887585631235,0.4535024233274374,0.53,0.265,-0.9163938409690867,0.0015065214567988275,-0.7064605158213592,0.479901798782924,0.59,0.295,0.7161570247933885,0.7712509960159362,Not significant,Not significant,Not significant,Not significant,21,-68.66060606060606,-51.16060606060606,LL,0.2917694269700681,0.9764416836514171,0.3288456334992192,0.302,0.152,-1.1207634205016235,0.001182911991347844,-0.933376310982909,0.3506257069926407,0.346,0.173,0.5878214285714285,0.6182622950819672,Not significant,Not significant,Not significant,Not significant,TRUE,TRUE
mmr_polbnda_adm3_250k_mimu_1.107,Magway,MMR009,Minbu,MMR009D002,Pwintbyu,MMR009008,ပွင့်ဖြူ,9.4,111,29,44,38,225,6,-52.33030303030304,-56.830303030303035,LL,0.07314895951214427,0.6161131815687627,0.5378198228552455,0.636,0.321,-0.7440848539187899,0.0019878449904981005,-0.6440215297601062,0.5195614729632626,0.576,0.288,0.7789213483146068,0.759483870967742,Not significant,Not significant,Not significant,Not significant,64,-25.660606060606057,-38.66060606060606,LL,0.08240091546165759,0.8003370497471652,0.4235155425666505,0.456,0.228,-0.8956382446803014,0.0017864385175457233,-0.8061770618185158,0.42014076283260904,0.428,0.214,0.6933611111111111,0.6926600985221675,Not significant,Not significant,Not significant,Not significant,TRUE,TRUE
mmr_polbnda_adm3_250k_mimu_1.106,Magway,MMR009,Minbu,MMR009D002,Ngape,MMR009009,ငဖဲ,9.4,161,115,34,12,667,5,-2.3303030303030425,-69.73030303030305,LL,0.003996767489269718,0.7731951077964553,0.439406921010445,0.508,0.254,-0.7160970817326963,0.0019449958873695862,-0.7928064515799864,0.4278905970948654,0.474,0.237,0.7009113924050633,0.6768471615720524,Not significant,Not significant,Not significant,Not significant,33,-56.66060606060606,-45.260606060606065,LL,0.21300904726745848,0.9179653991422349,0.35863698087188617,0.37,0.185,-1.0609103376888183,0.0014363931323509531,-0.9391044718733109,0.3476771085272658,0.334,0.167,0.63015625,0.6135842696629213,Not significant,Not significant,Not significant,Not significant,TRUE,TRUE
mmr_polbnda_adm3_250k_mimu_1.108,Magway,MMR009,Minbu,MMR009D002,Salin,MMR009010,စလင်း,9.4,261,119,108,34,549,6,97.66969696969696,-44.33030303030304,HL,-0.10649653357940962,-0.5207656274080886,0.6025300505196145,0.678,0.339,-0.318420138537605,0.002584198487647531,-0.5002506528617451,0.6168985961495893,0.712,0.356,0.8003826714801444,0.8198028169014083,Not significant,Not significant,Not significant,Not significant,147,57.33939393939394,-35.993939393939385,HL,-0.1714268909033304,-0.7700254682104282,0.4412847853581685,0.448,0.223,-0.5514618372545763,0.0022644315262944437,-0.7815644075509869,0.43447061110988966,0.494,0.246,0.6933611111111111,0.7305945945945946,Not significant,Not significant,Not significant,Not significant,TRUE,TRUE
mmr_polbnda_adm3_250k_mimu_1.109,Magway,MMR009,Minbu,MMR009D002,Sidoktaya,MMR009011,စေတုတ္ထရာ,9.4,33,16,10,7,67,7,-130.33030303030304,31.383982683982673,LH,-0.10060704474412806,-0.4939397025166785,0.62134876422248,0.576,0.288,0.1583776386151866,0.003237536874524574,0.4186708533943444,0.6754566997632876,0.604,0.302,0.749267716535433,0.7738167938931297,Not significant,Not significant,Not significant,Not significant,15,-74.66060606060606,3.76796536796537,LH,-0.023366565488249873,-0.16603161629622046,0.868132069265436,0.79,0.395,-0.1572657415923799,0.0028263147221846696,0.09387727814471401,0.9252066435260937,0.834,0.417,0.8846917808219178,0.9022178217821782,Not significant,Not significant,Not significant,Not significant,TRUE,TRUE
mmr_polbnda_adm3_250k_mimu_1.120,Magway,MMR009,Thayet,MMR009D003,Thayet,MMR009012,သရက်,9.4,35,8,18,9,55,5,-128.33030303030304,-114.13030303030305,LL,0.3602509392075839,1.317501203228858,0.18767067801759127,0.106,0.053,-1.4261104543168135,8.689091325132808e-4,-1.2327864951464778,0.21765543116279554,0.15,0.075,0.2864628099173554,0.3550285714285714,Not significant,Not significant,Not significant,Not significant,21,-68.66060606060606,-66.26060606060607,LL,0.3778848717720494,1.3908237173422657,0.16427888919822228,0.074,0.037,-1.4995762776121975,7.773421657428686e-4,-1.3196720746214687,0.1869445274696988,0.096,0.048,0.23045714285714286,0.2683076923076923,Not significant,Not significant,Not significant,Not significant,TRUE,TRUE
mmr_polbnda_adm3_250k_mimu_1.118,Magway,MMR009,Thayet,MMR009D003,Minhla,MMR009013,မင်းလှ,9.4,30,13,9,8,116,7,-133.33030303030304,-67.33030303030304,LL,0.2208077776882095,0.9019814926946432,0.3670666991269502,0.396,0.198,-1.07167006877935,0.0016280450472179447,-0.8601110759106758,0.38972781633251,0.428,0.214,0.6081588785046729,0.6332850678733032,Not significant,Not significant,Not significant,Not significant,6,-83.66060606060606,-47.80346320346319,LL,0.3321825668193645,1.1726032401382265,0.2409549494696056,0.192,0.096,-1.3623709912741675,0.0012631810193321617,-1.123081012977948,0.26140308924064376,0.23,0.115,0.42421621621621625,0.5014000000000001,Not significant,Not significant,Not significant,Not significant,TRUE,TRUE
mmr_polbnda_adm3_250k_mimu_1.117,Magway,MMR009,Thayet,MMR009D003,Mindon,MMR009014,မင်းတုန်း,9.4,83,40,26,17,219,5,-80.33030303030304,-55.93030303030305,LL,0.1105099822558088,0.5703272536860067,0.568455759433852,0.67,0.335,-0.7344594965409061,0.0019171660575026128,-0.6118255145431809,0.5406532068582008,0.618,0.309,0.8003826714801444,0.7738167938931297,Not significant,Not significant,Not significant,Not significant,43,-46.66060606060606,-35.26060606060605,LL,0.13665848989745213,0.6853084598350704,0.4931492945137074,0.562,0.281,-0.8359534454204189,0.0017743679870217655,-0.7358208577324312,0.4618397260198739,0.49,0.245,0.7847999999999998,0.7283181818181818,Not significant,Not significant,Not significant,Not significant,TRUE,TRUE
mmr_polbnda_adm3_250k_mimu_1.116,Magway,MMR009,Thayet,MMR009D003,Kamma,MMR009015,ကံမ,9.4,49,17,25,7,81,5,-114.33030303030304,-80.73030303030305,LL,0.2270245736883892,0.8957837456736608,0.37036827271870787,0.398,0.199,-1.0568218898405914,0.001428597933171302,-0.8888666105299403,0.3740747719093143,0.388,0.194,0.6081588785046729,0.6013080568720379,Not significant,Not significant,Not significant,Not significant,31,-58.66060606060606,-46.26060606060606,LL,0.22540021869003843,0.9351891606722572,0.34969082359333237,0.356,0.178,-1.087155308453465,0.0013969627326393581,-0.9339044350804964,0.3503531908743113,0.326,0.163,0.6293870967741935,0.6091542857142858,Not significant,Not significant,Not significant,Not significant,TRUE,TRUE
mmr_polbnda_adm3_250k_mimu_1.115,Magway,MMR009,Thayet,MMR009D003,Aunglan,MMR009016,အောင်လံ,9.4,53,14,10,29,105,8,-110.33030303030304,-81.58030303030306,LL,0.2213884994909757,1.101014712567977,0.2708902539334321,0.248,0.124,-1.2769404900283283,0.0014574584974777925,-1.1439672990356298,0.252637198892946,0.236,0.118,0.47703529411764706,0.4677090909090909,Not significant,Not significant,Not significant,Not significant,29,-60.66060606060606,-46.28560606060606,LL,0.23321107401428467,1.1448826950261088,0.25225775333873113,0.2,0.1,-1.3253931355687518,0.001411983837291394,-1.21337276610632,0.22498733373457566,0.186,0.093,0.43026315789473685,0.422375,Not significant,Not significant,Not significant,Not significant,TRUE,TRUE
mmr_polbnda_adm3_250k_mimu_1.119,Magway,MMR009,Thayet,MMR009D003,Sinbaungwe,MMR009017,ဆင်ပေါင်ဝဲ,9.4,31,8,11,12,116,6,-132.33030303030304,-115.83030303030304,LL,0.37701309158606267,1.378261528572607,0.16812255654924343,0.096,0.048,-1.565144793809608,8.375453559965332e-4,-1.426763109862816,0.1536481877902786,0.072,0.036,0.2683076923076923,0.21799999999999997,Not significant,Not significant,Not significant,Not significant,8,-81.66060606060606,-60.16060606060606,LL,0.408057411940972,1.3266823423170533,0.1846137844479147,0.114,0.057,-1.538796177748576,8.932192587728615e-4,-1.359050262206499,0.17413066215702547,0.1,0.05,0.29822400000000004,0.2764878048780488,Not significant,Not significant,Not significant,Not significant,TRUE,TRUE
mmr_polbnda_adm3_250k_mimu_1.111,Magway,MMR009,Pakokku,MMR009D004,Pakokku,MMR009018,ပခုက္ကူ,9.4,731,246,350,135,1208,7,567.6696969696969,253.66969696969693,HH,3.5419239598428143,3.486874136706326,4.8870129211623e-4,0.01,0.005,4.153374083092541,0.008464906584537746,3.3240536355986965,8.871913116745419e-4,0.01,0.005,0.06055555555555556,0.059454545454545454,HH,Not significant,Hotspot,Not significant,431,341.339393939394,129.62510822510822,HH,3.6751241471132823,3.2921936777557677,9.940912610410363e-4,0.014,0.007,4.067116714724589,0.008305732053535218,3.0753966603456093,0.002102227643623965,0.016,0.008,0.08175,0.08304761904761905,HH,Not significant,Hotspot,Not significant,TRUE,TRUE
mmr_polbnda_adm3_250k_mimu_1.114,Magway,MMR009,Pakokku,MMR009D004,Yesagyo,MMR009019,ရေစကြို,9.4,760,312,305,143,1434,7,596.6696969696969,401.52683982683976,HH,5.892824325000701,5.328870276223822,9.882554891272091e-8,0.002,0.001,6.0392109140259524,0.010932484832742723,5.740396181699813,9.445531277935298e-9,0.002,0.001,0.023357142857142858,0.02616,HH,HH,Hotspot,Hotspot,436,346.339393939394,210.76796536796536,HH,6.063214951794244,5.179989741338677,2.2189810308561179e-7,0.002,0.001,5.93340133112368,0.01072647695011491,5.574990983059471,2.4754268726178155e-8,0.002,0.001,0.02616,0.022551724137931037,HH,HH,Hotspot,Hotspot,TRUE,TRUE
mmr_polbnda_adm3_250k_mimu_1.110,Magway,MMR009,Pakokku,MMR009D004,Myaing,MMR009020,မြိုင်,9.4,934,367,457,110,1419,5,770.6696969696969,432.469696969697,HH,8.197829777712569,5.14979499229096,2.607713324242601e-7,0.002,0.001,5.984144054951903,0.012099791585496327,5.164493201129997,2.410912393938464e-7,0.002,0.001,0.023357142857142858,0.02616,HH,HH,Hotspot,Hotspot,508,418.339393939394,234.539393939394,HH,8.149688902037338,5.166473747601386,2.3855169055404903e-7,0.002,0.001,5.965243264160858,0.01199247442656933,5.112009318181329,3.1875010003027016e-7,0.002,0.001,0.02616,0.022551724137931037,HH,HH,Hotspot,Hotspot,TRUE,TRUE
mmr_polbnda_adm3_250k_mimu_1.112,Magway,MMR009,Pakokku,MMR009D004,Pauk,MMR009021,ပေါက်,9.4,556,213,262,81,1061,7,392.66969696969693,299.8125541125541,HH,2.8956904448303806,3.895712821241028,9.791034542823879e-5,0.004,0.002,4.415689732508092,0.008808141152897086,3.8553076772405666,1.1558416791410348e-4,0.004,0.002,0.03353846153846154,0.036333333333333336,HH,HH,Hotspot,Hotspot,274,184.33939393939394,150.48225108225105,HH,2.3040924658163973,3.6214367261478584,2.9297146456013504e-4,0.008,0.004,4.031289261355671,0.00825926051101798,3.5824366616477206,3.404041676365373e-4,0.01,0.005,0.0568695652173913,0.07108695652173913,HH,Not significant,Hotspot,Not significant,TRUE,TRUE
mmr_polbnda_adm3_250k_mimu_1.113,Magway,MMR009,Pakokku,MMR009D004,Seikphyu,MMR009022,ဆိပ်ဖြူ,9.4,161,49,84,28,377,5,-2.3303030303030425,212.06969696969693,LH,-0.0121553074269507,-2.294315929394158,0.021772358240264664,0.062,0.031,2.158640969908169,0.0063019103632102015,2.2545529703265035,0.024161402256609253,0.058,0.029,0.19876470588235295,0.20318446601941748,Not significant,Not significant,Not significant,Not significant,55,-34.66060606060606,110.53939393939395,LH,-0.3182362884719562,-2.1803969475314924,0.029228050218605042,0.064,0.032,1.9422641740943136,0.005948357442206299,2.124892406169887,0.033595591764491,0.07,0.035,0.22029473684210527,0.2244117647058824,Not significant,Not significant,Not significant,Not significant,TRUE,TRUE
mmr_polbnda_adm3_250k_mimu_1.96,Magway,MMR009,Gangaw,MMR009D005,Gangaw,MMR009023,ဂန့်ဂေါ,9.4,445,189,177,79,1157,8,281.66969696969693,250.16969696969696,HH,1.7332043111625697,3.4535112014094818,5.533393228824861e-4,0.01,0.005,3.8209622181453406,0.0077366927030186085,3.5967783769163844,3.221827598752583e-4,0.006,0.003,0.06055555555555556,0.04265217391304348,HH,Not significant,Hotspot,Hotspot,221,131.33939393939394,118.58939393939396,HH,1.2937111666031276,2.963395847054981,0.0030426501023058847,0.018,0.009,3.321758857150895,0.007086206119598034,3.1220096224027665,0.0017962106768328785,0.014,0.007,0.09493548387096774,0.0803157894736842,HH,Not significant,Hotspot,Not significant,TRUE,TRUE
mmr_polbnda_adm3_250k_mimu_1.98,Magway,MMR009,Gangaw,MMR009D005,Tilin,MMR009024,ထီးလင်း,9.4,187,92,65,30,481,5,23.669696969696957,198.46969696969697,HH,0.11554784125631395,2.2352977116266803,0.025397810207519755,0.062,0.031,2.07294970080319,0.006172037823830993,2.304119217392975,0.02121595226172193,0.05,0.025,0.19876470588235295,0.18579545454545454,Not significant,Not significant,Not significant,Not significant,88,-1.6606060606060566,82.33939393939394,LH,-0.011357186405314544,-1.7156106178744717,0.08623333383694383,0.132,0.066,1.5373417680111943,0.005340002703798836,1.81006661993733,0.07028545665192519,0.114,0.057,0.3346046511627907,0.2958571428571429,Not significant,Not significant,Not significant,Not significant,TRUE,TRUE
mmr_polbnda_adm3_250k_mimu_1.97,Magway,MMR009,Gangaw,MMR009D005,Saw,MMR009025,ဆော,9.4,247,120,95,32,671,7,83.66969696969696,77.5268398268398,HH,0.15954941242412282,1.0489574459734639,0.29419770421985053,0.292,0.146,1.110158069264849,0.004482921761071634,0.9915004059946975,0.3214412942060705,0.296,0.148,0.5189347826086956,0.5347624309392265,Not significant,Not significant,Not significant,Not significant,103,13.339393939393943,29.48225108225108,HH,0.03266579318347599,0.7570418253988932,0.4490248049843575,0.42,0.21,0.7156213041230767,0.003958530485331891,0.6913723094323735,0.48933160101502315,0.446,0.223,0.673235294117647,0.6978086124401914,Not significant,Not significant,Not significant,Not significant,TRUE,TRUE
mmr_polbnda_adm3_250k_mimu_1.126,Mandalay,MMR010,Mandalay,MMR010D001,Aungmyaythazan,MMR010001,အောင်မြေသာစံ,9.4,128,20,61,47,104,2,-35.33030303030304,-15.330303030303043,LL,0.013322110559791838,0.07204537703433216,0.94256579600012,0.79,0.395,-0.1895330809471586,0.0026221884141326055,-0.08710723866517067,0.9305862716363827,0.824,0.412,0.8727364864864866,0.8951760797342191,Not significant,Not significant,Not significant,Not significant,128,38.33939393939394,14.839393939393943,HH,0.047256099988676886,0.22113776109216898,0.8249851688918896,0.624,0.313,0.35899359372488765,0.0037965842008021266,0.23998118923280587,0.8103448393691404,0.636,0.319,0.8001882352941178,0.8117743190661478,Not significant,Not significant,Not significant,Not significant,TRUE,TRUE
mmr_polbnda_adm3_250k_mimu_1.127,Mandalay,MMR010,Mandalay,MMR010D001,Chanayethazan,MMR010002,ချမ်းအေးသာစံ,9.4,149,11,75,63,71,3,-14.330303030303043,-19.663636363636375,LL,0.006930971930193639,0.13372283403027357,0.8936217483836474,0.942,0.471,-0.18265276671199676,0.0026902168871407632,-0.18172658116356902,0.8557973045503328,0.95,0.475,0.9676739811912224,0.9738244514106582,Not significant,Not significant,Not significant,Not significant,145,55.33939393939394,26.339393939393943,HH,0.12107002876642721,0.46510421915588857,0.6418568247065535,0.526,0.263,0.6150629219388402,0.004165540083817764,0.37878075452527543,0.7048506799975022,0.57,0.285,0.7543947368421052,0.7863886639676113,Not significant,Not significant,Not significant,Not significant,TRUE,TRUE
mmr_polbnda_adm3_250k_mimu_1.129,Mandalay,MMR010,Mandalay,MMR010D001,Mahaaungmyay,MMR010003,မဟာအောင်မြေ,9.4,156,17,67,72,68,4,-7.3303030303030425,-28.080303030303043,LL,0.00506289184853637,0.28903681870872194,0.7725532021651396,0.884,0.442,-0.2670096359123671,0.0025863188556373958,-0.31218052413198494,0.7549033324943462,0.868,0.433,0.9265000000000001,0.9185631067961165,Not significant,Not significant,Not significant,Not significant,156,66.33939393939394,23.339393939393943,HH,0.12860490806170152,0.41253990762348086,0.6799437362526815,0.578,0.289,0.6548867087308524,0.00410977423279708,0.40408620572438725,0.6861493283080917,0.616,0.309,0.787469387755102,0.8090988142292491,Not significant,Not significant,Not significant,Not significant,TRUE,TRUE
mmr_polbnda_adm3_250k_mimu_1.128,Mandalay,MMR010,Mandalay,MMR010D001,Chanmyathazi,MMR010004,ချမ်းမြသာစည်,9.4,160,29,74,57,78,4,-3.3303030303030425,-34.33030303030304,LL,0.0028121360059461748,0.3548551525692053,0.722698107798418,0.87,0.435,-0.3138724135968724,0.0025083953320098706,-0.34213218049856053,0.7322514206321005,0.892,0.446,0.9198193548387098,0.9318977635782747,Not significant,Not significant,Not significant,Not significant,160,70.33939393939394,18.089393939393943,HH,0.10568640077177628,0.35723349850550784,0.7209170099873339,0.64,0.32,0.5851729623175678,0.003994862782209003,0.30677656600439984,0.7590134463648435,0.624,0.313,0.8136976744186047,0.8090988142292491,Not significant,Not significant,Not significant,Not significant,TRUE,TRUE
mmr_polbnda_adm3_250k_mimu_1.131,Mandalay,MMR010,Mandalay,MMR010D001,Pyigyitagon,MMR010005,ပြည်ကြီးတံခွန်,9.4,128,20,63,45,85,3,-35.33030303030304,-32.66363636363637,LL,0.028384864543189593,0.302997607131083,0.7618916851703403,0.916,0.458,-0.33212064491077053,0.002411918588471029,-0.2822943956178784,0.7777177825515882,0.964,0.482,0.9478860759493671,0.982018691588785,Not significant,Not significant,Not significant,Not significant,128,38.33939393939394,12.672727272727276,HH,0.040356342689942155,0.18499738141757416,0.8532310894508172,0.72,0.36,0.34955017156874213,0.0036754765445450857,0.21404219534362914,0.8305141524635844,0.684,0.343,0.8462150537634409,0.830169741697417,Not significant,Not significant,Not significant,Not significant,TRUE,TRUE
mmr_polbnda_adm3_250k_mimu_1.125,Mandalay,MMR010,Mandalay,MMR010D001,Amarapura,MMR010006,အမရပူရ,9.4,85,11,39,35,40,7,-78.33030303030304,30.95541125541122,LH,-0.05964050558680675,-0.4086495741666836,0.6827968443996884,0.6,0.3,0.24522538740817248,0.003351175346481382,0.41325950000673195,0.6794164990938487,0.624,0.312,0.7604651162790698,0.7753863636363636,Not significant,Not significant,Not significant,Not significant,83,-6.660606060606057,48.76796536796538,LH,-0.026980180721778893,-1.1644405877869717,0.24424550725287264,0.242,0.121,1.0901810438890382,0.004444369338921185,1.1945862515791887,0.2322487234358355,0.242,0.121,0.510541935483871,0.5072692307692308,Not significant,Not significant,Not significant,Not significant,TRUE,TRUE
mmr_polbnda_adm3_250k_mimu_1.130,Mandalay,MMR010,Mandalay,MMR010D001,Patheingyi,MMR010007,ပုသိမ်ကြီး,9.4,147,46,61,40,100,10,-16.330303030303043,72.16969696969696,LH,-0.028988387431614273,-1.1474808882928886,0.2511829274420189,0.276,0.138,1.071170646547754,0.004220014201646514,1.166469515464702,0.24342466687622624,0.256,0.128,0.5098983050847458,0.49144508670520237,Not significant,Not significant,Not significant,Not significant,64,-25.660606060606057,77.13939393939397,LH,-0.16441430506285912,-2.249881347392614,0.02445647830045771,0.046,0.023,2.0810765495625803,0.005321567711725884,2.2908482959422383,0.021972189247579738,0.05,0.025,0.17696470588235294,0.18370786516853932,LH,Not significant,Not significant,Not significant,FALSE,TRUE
mmr_polbnda_adm3_250k_mimu_1.144,Mandalay,MMR010,Pyinoolwin,MMR010D002,Pyinoolwin,MMR010008,ပြင်ဦးလွင်,9.4,43,17,9,17,56,5,-120.33030303030304,205.86969696969697,LH,-0.6093156981348338,-2.3176910902937506,0.02046611559605101,0.066,0.033,1.8546409914166935,0.0058411720687458635,2.2147381243336373,0.026778044449577373,0.062,0.031,0.20360377358490567,0.20318446601941748,Not significant,Not significant,Not significant,Not significant,28,-61.66060606060606,127.93939393939395,LH,-0.6552522900438308,-2.6456405446768545,0.008153640792823404,0.048,0.024,2.167221066362714,0.006286332296877113,2.543901392631615,0.010962202605842115,0.028,0.014,0.18251162790697675,0.11890909090909092,LH,Not significant,Hotspot,Not significant,FALSE,FALSE
mmr_polbnda_adm3_250k_mimu_1.142,Mandalay,MMR010,Pyinoolwin,MMR010D002,Madaya,MMR010009,မတ္တရာ,9.4,789,185,442,162,1117,6,625.6696969696969,239.3363636363636,HH,3.683229167825372,2.9863315732505864,0.0028234632184912603,0.012,0.006,3.900390151684802,0.008494724259395216,2.8626798554423387,0.004200747719067862,0.024,0.012,0.06228571428571429,0.11053521126760563,HH,Not significant,Hotspot,Not significant,402,312.339393939394,161.6727272727273,HH,4.194304892862707,3.6985714865851183,2.168162880922198e-4,0.004,0.002,4.458216981942089,0.009221885320303597,3.462298172197336,5.355834416730798e-4,0.012,0.006,0.036333333333333336,0.07546153846153845,HH,HH,Hotspot,Not significant,TRUE,TRUE
mmr_polbnda_adm3_250k_mimu_1.145,Mandalay,MMR010,Pyinoolwin,MMR010D002,Singu,MMR010010,စဉ့်ကူး,9.4,272,78,148,46,512,6,108.66969696969696,472.1696969696969,HH,1.2620643492196313,5.737906622209973,9.585393681544031e-9,0.002,0.001,5.565212149620104,0.010827129048246323,5.657248504207429,1.5381897185523832e-8,0.002,0.001,0.023357142857142858,0.02616,HH,HH,Hotspot,Hotspot,193,103.33939393939394,279.0060606060606,HH,2.3948373159298684,6.22038020258343,4.95951613605801e-10,0.002,0.001,6.179099019070716,0.0116118503640472,6.150183706857934,7.739325185835769e-10,0.002,0.001,0.02616,0.022551724137931037,HH,HH,Hotspot,Hotspot,TRUE,TRUE
mmr_polbnda_adm3_250k_mimu_1.143,Mandalay,MMR010,Pyinoolwin,MMR010D002,Mogoke,MMR010011,မိုးကုတ်,9.4,318,130,133,55,411,4,154.66969696969696,278.169696969697,HH,1.058254158239201,2.704673547228189,0.006837154477662563,0.04,0.02,2.8281652521071194,0.007732982059036347,2.8348151992423047,0.0045852200961991095,0.03,0.015,0.1614814814814815,0.12576923076923077,HH,Not significant,Hotspot,Not significant,210,120.33939393939394,172.58939393939394,HH,1.72511635645489,3.104699438846559,0.0019047246784122634,0.01,0.005,3.324513115498385,0.00851020684061106,3.2015776871374633,0.0013667721459675612,0.016,0.008,0.06169811320754717,0.08304761904761905,HH,Not significant,Hotspot,Not significant,TRUE,TRUE
mmr_polbnda_adm3_250k_mimu_1.146,Mandalay,MMR010,Pyinoolwin,MMR010D002,Thabeikkyin,MMR010012,သပိတ်ကျင်း,9.4,349,166,157,26,703,8,185.66969696969696,219.044696969697,HH,1.0003424614063934,3.0858309161365307,0.002029842143558505,0.014,0.007,3.243556954087587,0.00702548593975151,3.2491248064162814,0.0011576067598777211,0.018,0.009,0.06936363636363636,0.0878507462686567,HH,Not significant,Hotspot,Not significant,161,71.33939393939394,151.08939393939394,HH,0.8952820226008913,3.9171321949099385,8.96086154566029e-5,0.006,0.003,3.9368683201184203,0.00783726135219984,4.024541518228096,5.708642259900497e-5,0.006,0.003,0.04905,0.05163157894736842,HH,HH,Hotspot,Not significant,TRUE,TRUE
mmr_polbnda_adm3_250k_mimu_1.121,Mandalay,MMR010,Kyaukse,MMR010D003,Kyaukse,MMR010013,ကျောက်ဆည်,9.4,72,16,32,24,83,7,-91.33030303030304,3.8125541125540963,LH,-0.008564575587988694,-0.027172244323640463,0.9783223533505444,0.876,0.438,-0.11457242901991234,0.0028803873912317483,0.0664775354897678,0.9469976422218652,0.868,0.434,0.9210675241157555,0.9185631067961165,Not significant,Not significant,Not significant,Not significant,46,-43.66060606060606,15.196536796536805,LH,-0.05511005636372176,-0.3402873708827166,0.7336401268698031,0.658,0.329,0.20426583331215628,0.003295254833040422,0.39056232900455656,0.6961207753415706,0.624,0.312,0.8243908045977011,0.8090988142292491,Not significant,Not significant,Not significant,Not significant,TRUE,TRUE
mmr_polbnda_adm3_250k_mimu_1.123,Mandalay,MMR010,Kyaukse,MMR010D003,Sintgaing,MMR010014,စဉ့်ကိုင်,9.4,50,13,19,18,84,5,-113.33030303030304,-83.53030303030305,LL,0.23284399311622586,0.9056603021696203,0.36511568046994186,0.398,0.199,-1.083345377896895,0.001388399290030118,-0.9270344698569516,0.35390863763540276,0.378,0.189,0.6081588785046729,0.5914162679425837,Not significant,Not significant,Not significant,Not significant,32,-57.66060606060606,-40.86060606060606,LL,0.19569533638224024,0.8267973351330031,0.4083519407402795,0.45,0.226,-0.9821754253948786,0.0015546843314857375,-0.8464355610603924,0.3973098074605825,0.436,0.218,0.6933611111111111,0.6978086124401914,Not significant,Not significant,Not significant,Not significant,TRUE,TRUE
mmr_polbnda_adm3_250k_mimu_1.122,Mandalay,MMR010,Kyaukse,MMR010D003,Myittha,MMR010015,မြစ်သား,9.4,29,4,13,12,24,5,-134.33030303030304,-18.13030303030304,LL,0.05990374706801771,0.21664771279485906,0.8284828992560765,0.95,0.475,-0.4590232744177573,0.002334613505507214,-0.17963900524855275,0.8574359810102603,1,0.5,0.9697943925233644,1,Not significant,Not significant,Not significant,Not significant,20,-69.66060606060606,-7.060606060606057,LL,0.04085316414498951,0.14721497024477345,0.8829623447912356,0.974,0.487,-0.39353822395923344,0.0024390518678743633,-0.12285035679605125,0.9022255972805886,0.962,0.481,0.9830185185185185,0.9739133126934983,Not significant,Not significant,Not significant,Not significant,TRUE,TRUE
mmr_polbnda_adm3_250k_mimu_1.124,Mandalay,MMR010,Kyaukse,MMR010D003,Tada-U,MMR010016,တံတားဦး,9.4,52,16,12,24,81,7,-111.33030303030304,55.383982683982666,LH,-0.151660507726305,-0.6584718702552896,0.5102349666935383,0.502,0.251,0.48981700645780657,0.003671218389951576,0.6787655782943939,0.49728640716240624,0.442,0.221,0.7009113924050633,0.6452410714285715,Not significant,Not significant,Not significant,Not significant,23,-66.66060606060606,42.910822510822506,LH,-0.2375924118794614,-0.9793559658211485,0.3274041264739009,0.33,0.165,0.7612198811380633,0.004017676084899283,0.9897398699177908,0.32230128195772806,0.296,0.148,0.6237572254335261,0.5866181818181818,Not significant,Not significant,Not significant,Not significant,TRUE,TRUE
mmr_polbnda_adm3_250k_mimu_1.136,Mandalay,MMR010,Myingyan,MMR010D004,Myingyan,MMR010017,မြင်းခြံ,9.4,652,230,247,175,1521,5,488.66969696969693,260.669696969697,HH,3.1331478362135843,3.0248378564095724,0.00248766452879024,0.014,0.007,3.6561979109332907,0.008571587599027812,3.09628548118214,0.001959615960462219,0.014,0.007,0.06936363636363636,0.0763,HH,Not significant,Hotspot,Not significant,419,329.339393939394,135.33939393939394,HH,3.7022383789027478,2.886426800216778,0.0038964337272867525,0.03,0.015,3.7719135645439623,0.008697219593528907,2.926031760662187,0.0034331588563015847,0.014,0.007,0.13625,0.0803157894736842,HH,Not significant,Hotspot,Not significant,TRUE,TRUE
mmr_polbnda_adm3_250k_mimu_1.139,Mandalay,MMR010,Myingyan,MMR010D004,Taungtha,MMR010018,တောင်သာ,9.4,300,94,151,55,428,7,136.66969696969696,235.09826839826837,HH,0.7903083917254067,3.2663841545217327,0.0010893036686635152,0.01,0.005,3.159055979564682,0.00716386203825674,3.071149454234869,0.002132363870912041,0.018,0.009,0.06055555555555556,0.0878507462686567,HH,Not significant,Hotspot,Not significant,136,46.33939393939394,149.33939393939394,HH,0.5748058814868792,3.7932368320509755,1.4869621122836775e-4,0.006,0.003,3.5557612439136674,0.007642456401243747,3.5918936688621654,3.282838018582127e-4,0.008,0.004,0.04905,0.060837209302325584,HH,HH,Hotspot,Not significant,TRUE,TRUE
mmr_polbnda_adm3_250k_mimu_1.137,Mandalay,MMR010,Myingyan,MMR010D004,Natogyi,MMR010019,နွားထိုးကြီး,9.4,375,100,224,51,794,7,211.66969696969696,46.24112554112551,HH,0.24074762763284685,0.6197453829000874,0.5354254318990999,0.536,0.268,0.9488693929350183,0.004271878884580419,0.6385873830579081,0.5230913912689118,0.532,0.266,0.721283950617284,0.7242644628099174,Not significant,Not significant,Not significant,Not significant,211,121.33939393939394,32.339393939393936,HH,0.3259343758911881,0.8011176258093489,0.423063553183085,0.418,0.209,1.1325225796886682,0.004499290252805191,0.824054786590423,0.4099084288467044,0.426,0.213,0.673235294117647,0.6926600985221675,Not significant,Not significant,Not significant,Not significant,TRUE,TRUE
mmr_polbnda_adm3_250k_mimu_1.140,Mandalay,MMR010,Nyaung-U,MMR010D005,Kyaukpadaung,MMR010020,ကျောက်ပန်းတောင်း,9.4,77,13,27,37,68,7,-86.33030303030304,-45.61601731601732,LL,0.09686247498579104,0.604064751322186,0.5458005933347059,0.624,0.312,-0.7189618644976312,0.0020895563925119203,-0.5883502757812764,0.5562972061114206,0.626,0.313,0.7788091603053434,0.7753863636363636,Not significant,Not significant,Not significant,Not significant,49,-40.66060606060606,-26.51774891774891,LL,0.0895585330101291,0.6437563068352641,0.5197334709676349,0.58,0.29,-0.7370190779257806,0.0020743206705421116,-0.6306768226230646,0.5282518566618085,0.566,0.283,0.787469387755102,0.7863886639676113,Not significant,Not significant,Not significant,Not significant,TRUE,TRUE
mmr_polbnda_adm3_250k_mimu_1.138,Mandalay,MMR010,Myingyan,MMR010D004,Ngazun,MMR010021,ငါန်းဇွန်,9.4,253,78,119,56,722,6,89.66969696969696,283.66969696969693,HH,0.6256530678267578,3.326852416203706,8.783287830680149e-4,0.01,0.005,3.389592493227381,0.007779100062815901,3.4497252933208378,5.611572696406313e-4,0.01,0.005,0.06055555555555556,0.059454545454545454,HH,Not significant,Hotspot,Not significant,130,40.33939393939394,154.83939393939397,HH,0.5188087607594792,3.3167835687264478,9.106012734148516e-4,0.008,0.004,3.3700632897779275,0.007710654898704107,3.4678899711200186,5.245620194910544e-4,0.012,0.006,0.0568695652173913,0.07546153846153845,HH,Not significant,Hotspot,Not significant,TRUE,TRUE
mmr_polbnda_adm3_250k_mimu_1.141,Mandalay,MMR010,Nyaung-U,MMR010D005,Nyaung-U,MMR010022,ညောင်ဦး,9.4,126,39,20,67,302,4,-37.33030303030304,134.16969696969693,LH,-0.12319437705091886,-1.3810907366685592,0.16725106343842736,0.19,0.095,1.1143265253594874,0.004883207480658269,1.23653549075488,0.21625958187701075,0.26,0.13,0.41145695364238416,0.49144508670520237,Not significant,Not significant,Not significant,Not significant,80,-9.660606060606057,75.83939393939397,LH,-0.06085492000141537,-1.431583296299846,0.15226311285701244,0.196,0.098,1.204395062812034,0.005015546843314857,1.2785834248722927,0.20104378988134855,0.242,0.121,0.42728000000000005,0.5072692307692308,Not significant,Not significant,Not significant,Not significant,TRUE,TRUE
mmr_polbnda_adm3_250k_mimu_1.148,Mandalay,MMR010,Yamethin,MMR010D006,Yamethin,MMR010023,ရမည်းသင်း,9.4,9,2,5,2,26,7,-154.33030303030304,-100.90173160173163,LL,0.38302291738275174,1.3147942371862462,0.18857906475072042,0.168,0.084,-1.5254052461467869,0.0010343420100558452,-1.2956691818236656,0.19508948323385145,0.122,0.061,0.37886896551724136,0.3022272727272727,Not significant,Not significant,Not significant,Not significant,3,-86.66060606060606,-57.946320346320334,LL,0.41710371139113644,1.3876833116938154,0.1652334999080489,0.12,0.06,-1.6033920412105251,9.505542787616602e-4,-1.374025134802042,0.16943387943295518,0.088,0.044,0.31142857142857144,0.2569285714285714,Not significant,Not significant,Not significant,Not significant,TRUE,TRUE
mmr_polbnda_adm3_250k_mimu_1.147,Mandalay,MMR010,Yamethin,MMR010D006,Pyawbwe,MMR010024,ပျော်ဘွယ်,9.4,22,6,6,10,60,4,-141.33030303030304,-113.33030303030304,LL,0.3939637582059734,1.1553411862284038,0.2479507362056517,0.192,0.096,-1.3270010359190403,8.23762964062413e-4,-1.1259364711531517,0.2601924105621977,0.186,0.093,0.41305263157894734,0.4071258278145696,Not significant,Not significant,Not significant,Not significant,8,-81.66060606060606,-61.91060606060606,LL,0.4199273134871318,1.1522327460288162,0.24922544487253256,0.182,0.091,-1.350408702804207,8.043801541165337e-4,-1.1222405794631725,0.26176016317917267,0.168,0.083,0.41618181818181815,0.39522302158273387,Not significant,Not significant,Not significant,Not significant,TRUE,TRUE
mmr_polbnda_adm3_250k_mimu_1.133,Mandalay,MMR010,Meiktila,MMR010D007,Meiktila,MMR010028,မိတ္ထီလာ,9.4,34,4,13,17,31,6,-129.33030303030304,-90.4969696969697,LL,0.28787852165013095,1.110837760526632,0.26663818964122155,0.228,0.114,-1.2719091009914587,0.0012483666540328072,-1.0720942782028478,0.2836776885887723,0.254,0.127,0.454609756097561,0.49144508670520237,Not significant,Not significant,Not significant,Not significant,19,-70.66060606060606,-44.32727272727272,LL,0.26016258500726935,1.0005731484956384,0.3170332170366053,0.316,0.158,-1.1702840647472945,0.0014050097529886632,-0.9567340655821079,0.33870149928529075,0.306,0.152,0.6045697674418605,0.5920828402366863,Not significant,Not significant,Not significant,Not significant,TRUE,TRUE
mmr_polbnda_adm3_250k_mimu_1.132,Mandalay,MMR010,Meiktila,MMR010D007,Mahlaing,MMR010029,မလှိုင်,9.4,68,11,33,24,94,5,-95.33030303030304,16.469696969696965,LH,-0.03861815431847366,-0.23660445438991526,0.8129636642137303,0.706,0.353,-0.02648639226881204,0.002990160609040366,0.2325245983435845,0.8161305839975631,0.718,0.359,0.8151971830985915,0.8238105263157894,Not significant,Not significant,Not significant,Not significant,47,-42.66060606060606,9.139393939393942,LH,-0.03238477526279468,-0.25444792197565336,0.7991495324913994,0.722,0.361,0.011384182123885889,0.0030474066062818263,0.23646826166455506,0.8130693325095697,0.7,0.35,0.8462150537634409,0.8384615384615384,Not significant,Not significant,Not significant,Not significant,TRUE,TRUE
mmr_polbnda_adm3_250k_mimu_1.134,Mandalay,MMR010,Meiktila,MMR010D007,Thazi,MMR010030,သာစည်,9.4,23,6,7,10,23,7,-140.33030303030304,-115.61601731601732,LL,0.39906569824891924,1.4927908621973618,0.13549193998229456,0.076,0.038,-1.6831491164034347,8.27937438542459e-4,-1.5251050943179354,0.1272328867876733,0.06,0.03,0.23226168224299062,0.20318446601941748,Not significant,Not significant,Not significant,Not significant,14,-75.66060606060606,-62.232034632034626,LL,0.3910932183149628,1.4615241765280638,0.14387164570276742,0.078,0.039,-1.6652758243022925,8.702852507773422e-4,-1.4959108884674754,0.1346768784754817,0.066,0.033,0.23616666666666666,0.21582,Not significant,Not significant,Not significant,Not significant,TRUE,TRUE
mmr_polbnda_adm3_250k_mimu_1.135,Mandalay,MMR010,Meiktila,MMR010D007,Wundwin,MMR010031,ဝမ်းတွင်း,9.4,113,15,18,80,72,6,-50.33030303030304,-56.16363636363637,LL,0.06952799338652267,0.7248114792733525,0.4685676924592628,0.542,0.272,-0.732733794841958,0.0020037477504220857,-0.6768679982419901,0.4984897100531142,0.588,0.294,0.7263688524590164,0.7712509960159362,Not significant,Not significant,Not significant,Not significant,79,-10.660606060606057,-28.82727272727272,LL,0.02552595042120691,0.6847925757762963,0.4934748209199195,0.554,0.277,-0.6383750714529918,0.002143726221054868,-0.633329537197094,0.526518468540604,0.622,0.311,0.7803090128755366,0.8090988142292491,Not significant,Not significant,Not significant,Not significant,TRUE,TRUE
mmr_polbnda_adm3_250k_mimu_1.151,Mon,MMR011,Mawlamyine,MMR011D001,Mawlamyine,MMR011001,မော်လမြိုင်,9.4,55,6,39,10,21,4,-108.33030303030304,-55.08030303030304,LL,0.14676456459039222,0.5519603764048523,0.5809755009711854,0.708,0.354,-0.7334058519153032,0.0018107942633444035,-0.5046641091769831,0.6137947735198073,0.758,0.379,0.8151971830985915,0.8576678200692042,Not significant,Not significant,Not significant,Not significant,46,-43.66060606060606,-29.410606060606057,LL,0.10665720613795318,0.5403895168056179,0.5889284358744741,0.686,0.343,-0.6614728558964565,0.0019399756658104639,-0.5012738332339556,0.6161784182458808,0.724,0.361,0.8433157894736842,0.8577826086956521,Not significant,Not significant,Not significant,Not significant,TRUE,TRUE
mmr_polbnda_adm3_250k_mimu_1.150,Mon,MMR011,Mawlamyine,MMR011D001,Kyaikmaraw,MMR011002,ကျိုက်မရော,9.4,145,52,77,16,174,4,-18.330303030303043,188.41969696969693,LH,-0.08495146587317016,-1.7744163393991899,0.07599430912890912,0.12,0.06,1.640974884099645,0.0057589194604723655,1.850139319831143,0.06429347204656591,0.11,0.055,0.31392,0.28776,Not significant,Not significant,Not significant,Not significant,91,1.3393939393939434,94.58939393939397,HH,0.010523185874811169,1.6676334105679103,0.09538852160907349,0.126,0.063,1.5570646034910014,0.005596863593348655,1.6955759078816546,0.08996622354404796,0.146,0.073,0.32442519685039367,0.3562835820895522,Not significant,Not significant,Not significant,Not significant,TRUE,TRUE
mmr_polbnda_adm3_250k_mimu_1.149,Mon,MMR011,Mawlamyine,MMR011D001,Chaungzon,MMR011003,ချောင်းဆုံ,9.4,12,1,3,8,7,0,-151.33030303030304,0,NA,NA,NA,NA,NA,NA,NA,NA,NA,NA,NA,NA,NA,NA,No contiguous neighbours,No contiguous neighbours,No contiguous neighbours,No contiguous neighbours,6,-83.66060606060606,0,NA,NA,NA,NA,NA,NA,NA,NA,NA,NA,NA,NA,NA,NA,No contiguous neighbours,No contiguous neighbours,No contiguous neighbours,No contiguous neighbours,TRUE,TRUE
mmr_polbnda_adm3_250k_mimu_1.153,Mon,MMR011,Mawlamyine,MMR011D001,Thanbyuzayat,MMR011004,သံဖြူဇရပ်,9.4,123,66,41,16,221,3,-40.33030303030304,142.00303030303027,LH,-0.1408653014412854,-1.3421501197717522,0.17954732582603167,0.226,0.113,0.9607765015086228,0.004819198871964229,1.196552596121871,0.23148098651085894,0.254,0.127,0.4533865030674847,0.49144508670520237,Not significant,Not significant,Not significant,Not significant,55,-34.66060606060606,67.00606060606061,LH,-0.1929064315667497,-1.173455693625581,0.24061311444344433,0.246,0.123,0.7615527152464805,0.004435919967554414,1.0457920112707306,0.2956570703292145,0.292,0.146,0.5156538461538461,0.5822195121951219,Not significant,Not significant,Not significant,Not significant,TRUE,TRUE
mmr_polbnda_adm3_250k_mimu_1.152,Mon,MMR011,Mawlamyine,MMR011D001,Mudon,MMR011005,မုဒုံ,9.4,49,13,19,17,33,4,-114.33030303030304,6.6696969696969575,LH,-0.01875609349079027,-0.10066455883936672,0.9198167463668672,0.78,0.39,-0.19559968896454885,0.002705059463069816,0.17739021259339807,0.8592018946247133,0.712,0.357,0.8727364864864866,0.8198028169014083,Not significant,Not significant,Not significant,Not significant,33,-56.66060606060606,4.339393939393943,LH,-0.020422399282739742,-0.11125496887700402,0.9114141632789696,0.78,0.389,-0.16117420516582848,0.002764634311207246,0.18891772060414747,0.8501573046277401,0.688,0.347,0.8825605536332181,0.830169741697417,Not significant,Not significant,Not significant,Not significant,TRUE,TRUE
mmr_polbnda_adm3_250k_mimu_1.154,Mon,MMR011,Mawlamyine,MMR011D001,Ye,MMR011006,ရေး,9.4,510,234,171,105,804,3,346.66969696969693,110.33636363636361,HH,0.9408263649237266,0.9962186315762935,0.3191439286471877,0.302,0.151,1.6881868420759885,0.0061735839254902685,0.937192263430103,0.34865966866947157,0.352,0.176,0.5287659574468084,0.567014778325123,Not significant,Not significant,Not significant,Not significant,253,163.33939393939394,43.33939393939394,HH,0.5879904100559953,0.7347642686286873,0.4624830717234265,0.394,0.198,1.3429340824361773,0.005508990131134243,0.6660308555955177,0.5053913783282238,0.458,0.229,0.6573367346938775,0.7126132075471698,Not significant,Not significant,Not significant,Not significant,TRUE,TRUE
mmr_polbnda_adm3_250k_mimu_1.158,Mon,MMR011,Thaton,MMR011D002,Thaton,MMR011007,သထုံ,9.4,345,88,197,60,397,3,181.66969696969696,48.003030303030286,HH,0.2144993978938436,0.4362990041728375,0.6626198042869529,0.588,0.294,0.8113086233098488,0.004540900573294495,0.4204130098584033,0.6741837657024576,0.596,0.298,0.7540235294117648,0.7729090909090909,Not significant,Not significant,Not significant,Not significant,150,60.33939393939394,9.33939393939394,HH,0.046807571297329376,0.1622621226215314,0.8710994411168004,0.71,0.355,0.4044838440591074,0.00377686900094633,0.1635127032509485,0.8701147720073386,0.714,0.358,0.8462150537634409,0.851389090909091,Not significant,Not significant,Not significant,Not significant,TRUE,TRUE
mmr_polbnda_adm3_250k_mimu_1.157,Mon,MMR011,Thaton,MMR011D002,Paung,MMR011008,ပေါင်,9.4,65,21,23,21,33,3,-98.33030303030304,28.003030303030293,LH,-0.06772785783201811,-0.22976741316665697,0.8182725078152491,0.708,0.354,-0.03567601981653592,0.0029638768808326684,0.23352198346722006,0.815356101037069,0.68,0.341,0.8151971830985915,0.8080217391304348,Not significant,Not significant,Not significant,Not significant,37,-52.66060606060606,2.33939393939394,LH,-0.010232592582115561,-0.01590824623471857,0.9873075912916327,0.82,0.41,-0.20894216541663596,0.002644653237799108,0.03357661196561768,0.9732147726976326,0.794,0.397,0.89598,0.8928327645051195,Not significant,Not significant,Not significant,Not significant,TRUE,TRUE
mmr_polbnda_adm3_250k_mimu_1.156,Mon,MMR011,Thaton,MMR011D002,Kyaikto,MMR011009,ကျိုက်ထို,9.4,501,150,267,84,572,3,337.66969696969693,65.00303030303027,HH,0.5398842060539203,0.5340314698779934,0.5933197614518467,0.524,0.262,1.3269728030956185,0.005501029703705078,0.6243420854494598,0.5324029506087835,0.47,0.236,0.7137012448132781,0.674078947368421,Not significant,Not significant,Not significant,Not significant,305,215.33939393939394,22.672727272727276,HH,0.4055306835330743,0.3501398836056166,0.7262337202735335,0.588,0.295,1.2971560220275398,0.0054244964174665405,0.42204954259102345,0.6729888561694903,0.566,0.283,0.787469387755102,0.7863886639676113,Not significant,Not significant,Not significant,Not significant,TRUE,TRUE
mmr_polbnda_adm3_250k_mimu_1.155,Mon,MMR011,Thaton,MMR011D002,Bilin,MMR011010,ဘီးလင်း,9.4,395,122,217,56,456,5,231.66969696969696,185.86969696969695,HH,1.0591384951521843,1.9803829424345234,0.04766051517483015,0.09,0.045,2.368788606046572,0.0066204073050211195,2.130914567707564,0.03309618102276798,0.06,0.03,0.2559130434782609,0.20318446601941748,Not significant,Not significant,Not significant,Not significant,180,90.33939393939394,60.539393939393946,HH,0.45426754601131275,1.1388035994464243,0.2547850801815175,0.286,0.143,1.4736039818684818,0.005244243161642107,1.294071168471875,0.19564083929846604,0.238,0.119,0.5772962962962963,0.5072692307692308,Not significant,Not significant,Not significant,Not significant,TRUE,TRUE
mmr_polbnda_adm3_250k_mimu_1.180,Rakhine,MMR012,Sittwe,MMR012D001,Sittwe,MMR012001,စစ်တွေ,9.4,219,58,78,83,259,1,55.66969696969696,-3.3303030303030425,HL,-0.004560133336149452,0.016905853768254292,0.9865117228035238,0.62,0.314,0.18382822108321906,0.003515835173194308,-0.019040609595107578,0.9848087095019321,0.664,0.337,0.7767816091954023,0.7977362637362637,Not significant,Not significant,Not significant,Not significant,159,69.33939393939394,20.339393939393943,HH,0.1171425081717098,0.22130377139976326,0.8248559136313676,0.556,0.281,0.5788072915316995,0.004545761795322428,0.17877866498093056,0.8581114982545319,0.592,0.3,0.7803090128755366,0.7863886639676113,Not significant,Not significant,Not significant,Not significant,TRUE,TRUE
mmr_polbnda_adm3_250k_mimu_1.178,Rakhine,MMR012,Sittwe,MMR012D001,Ponnagyun,MMR012002,ပုဏ္ဏားကျွန်း,9.4,160,19,123,18,112,4,-3.3303030303030425,10.919696969696957,LH,-8.944771910519045e-4,-0.11675907013841684,0.9070509791332586,0.752,0.376,0.09004009882672283,0.0031800218927994952,0.14899562465940644,0.8815570854447733,0.778,0.389,0.850878892733564,0.8682798634812287,Not significant,Not significant,Not significant,Not significant,110,20.339393939393943,10.589393939393943,HH,0.017889803985929556,0.17507166339912208,0.8610233237039471,0.698,0.35,0.2571082733138772,0.0034541030147357036,0.25336019266949195,0.7999898859295526,0.68,0.34,0.8446494464944649,0.830169741697417,Not significant,Not significant,Not significant,Not significant,TRUE,TRUE
mmr_polbnda_adm3_250k_mimu_1.175,Rakhine,MMR012,Mrauk-U,MMR012D005,Mrauk-U,MMR012003,မြောက်ဦး,9.4,134,26,84,24,156,4,-29.330303030303043,6.4196969696969575,LH,-0.004631333015545212,-0.10142383079561004,0.9192140197749894,0.826,0.413,-0.008148578226526539,0.0030167535575799185,0.09354740414175583,0.9254686917149433,0.838,0.419,0.8943774834437086,0.9065346534653466,Not significant,Not significant,Not significant,Not significant,95,5.339393939393943,11.589393939393943,HH,0.005139834780231807,0.25013001618680586,0.8024868040402856,0.682,0.341,0.21199937857587017,0.0033797485467081255,0.2616421879049459,0.7935973154260528,0.682,0.342,0.8433157894736842,0.830169741697417,Not significant,Not significant,Not significant,Not significant,TRUE,TRUE
mmr_polbnda_adm3_250k_mimu_1.173,Rakhine,MMR012,Mrauk-U,MMR012D005,Kyauktaw,MMR012004,ကျောက်တော်,9.4,166,39,111,16,153,4,2.6696969696969575,2.4196969696969575,HH,1.5889048134892601e-4,0.03457012376024322,0.9724225250393465,0.782,0.391,0.02755639524738232,0.0030761238612961282,-0.003663579169357093,0.9970768932823908,0.86,0.43,0.8727364864864866,0.918156351791531,Not significant,Not significant,Not significant,Not significant,99,9.339393939393943,1.0893939393939434,HH,8.450844657186609e-4,0.037078088117557625,0.9704227431617661,0.784,0.392,0.05616865129911695,0.0031228876571583078,0.0034215774039609904,0.9972699815425969,0.846,0.424,0.8832371134020619,0.9100065789473684,Not significant,Not significant,Not significant,Not significant,TRUE,TRUE
mmr_polbnda_adm3_250k_mimu_1.174,Rakhine,MMR012,Mrauk-U,MMR012D005,Minbya,MMR012005,မင်းပြား,9.4,189,46,113,30,120,7,25.669696969696957,-28.758874458874473,HL,-0.018157981045877618,-0.36650211226710244,0.7139904367369336,0.806,0.403,-0.31130916608157455,0.002622961464962244,-0.39417640836226525,0.6934508020304895,0.792,0.396,0.8814782608695653,0.8749459459459461,Not significant,Not significant,Not significant,Not significant,113,23.339393939393943,-14.089177489177487,HL,-0.02731314333857206,-0.3324798819710607,0.7395269283795831,0.834,0.417,-0.24520585440699696,0.0027122482087332703,-0.35771671657234455,0.7205553218112748,0.836,0.417,0.9030397350993378,0.9022178217821782,Not significant,Not significant,Not significant,Not significant,TRUE,TRUE
mmr_polbnda_adm3_250k_mimu_1.176,Rakhine,MMR012,Mrauk-U,MMR012D005,Myebon,MMR012006,မြေပုံ,9.4,57,12,38,7,43,2,-106.33030303030304,60.16969696969696,LH,-0.15736560198306387,-0.4636636258264651,0.6428887615106509,0.524,0.262,0.04023563545110464,0.003116940945101022,0.3913352693060926,0.6955494322097732,0.57,0.285,0.7137012448132781,0.759483870967742,Not significant,Not significant,Not significant,Not significant,32,-57.66060606060606,24.839393939393943,LH,-0.11896430379154728,-0.37205139418511207,0.7098545844845244,0.516,0.256,-0.04212728886533707,0.0029403812356360685,0.3059599748181519,0.7596351207438354,0.586,0.293,0.74992,0.7863886639676113,Not significant,Not significant,Not significant,Not significant,TRUE,TRUE
mmr_polbnda_adm3_250k_mimu_1.177,Rakhine,MMR012,Sittwe,MMR012D001,Pauktaw,MMR012007,ပေါက်တော,9.4,140,31,96,13,161,2,-23.330303030303043,-1.8303030303030425,LL,0.0010503119580866549,-0.01613696894824983,0.9871251203940273,0.756,0.377,-0.07752083170300521,0.0028633802729797087,0.028153844919208477,0.9775394490356307,0.756,0.378,0.8524551724137931,0.8576678200692042,Not significant,Not significant,Not significant,Not significant,111,21.339393939393943,14.339393939393943,HH,0.02541612549472473,0.22231770224360684,0.8240665725007287,0.642,0.321,0.26399127942720285,0.0035937992879996393,0.23955144717440852,0.8106780083665368,0.63,0.316,0.8136976744186047,0.8104470588235295,Not significant,Not significant,Not significant,Not significant,TRUE,TRUE
mmr_polbnda_adm3_250k_mimu_1.179,Rakhine,MMR012,Sittwe,MMR012D001,Rathedaung,MMR012008,ရသေ့တောင်,9.4,127,38,79,10,191,3,-36.33030303030304,151.33636363636361,LH,-0.13523442109992273,-1.3406376319574889,0.1800381328831939,0.24,0.12,1.0404927032146356,0.0049676246312547545,1.4016009199624737,0.16103445213400547,0.208,0.104,0.4710357142857143,0.4304810126582278,Not significant,Not significant,Not significant,Not significant,67,-22.660606060606057,46.33939393939394,LH,-0.08722045334521492,-0.7471585545671413,0.4549678584010702,0.416,0.208,0.5326624132032927,0.0040134513992158985,0.7943389685334667,0.42699812386520153,0.384,0.192,0.673235294117647,0.6439384615384616,Not significant,Not significant,Not significant,Not significant,TRUE,TRUE
mmr_polbnda_adm3_250k_mimu_1.172,Rakhine,MMR012,Maungdaw,MMR012D002,Maungdaw,MMR012009,မောင်တော,9.4,599,308,202,89,1583,2,435.66969696969693,-7.3303030303030425,HL,-0.07855145135228211,-0.03591282705930873,0.9713518679516232,0.816,0.409,1.2091839801272681,0.00563399444640284,-0.0638823717718274,0.9490638888931181,0.792,0.396,0.88944,0.8749459459459461,Not significant,Not significant,Not significant,Not significant,222,132.33939393939394,-18.160606060606057,HL,-0.1996254685510133,-0.21257361669773084,0.8316595519306291,0.95,0.475,0.5067749715212865,0.004112027398494885,-0.25137985209262703,0.80152044338451,0.99,0.496,0.9677570093457943,0.9930368098159509,Not significant,Not significant,Not significant,Not significant,TRUE,TRUE
mmr_polbnda_adm3_250k_mimu_1.171,Rakhine,MMR012,Maungdaw,MMR012D002,Buthidaung,MMR012010,ဘူးသီးတောင်,9.4,185,89,55,41,406,5,21.669696969696957,83.86969696969695,HH,0.04470260620012734,0.945265672652066,0.3445232589184553,0.358,0.179,0.8997954213897776,0.004394020915663247,0.9226776097470597,0.35617523744070023,0.378,0.189,0.576679802955665,0.5914162679425837,Not significant,Not significant,Not significant,Not significant,76,-13.660606060606057,26.339393939393943,LH,-0.02988630433025154,-0.5291204483891359,0.5967218971772246,0.548,0.274,0.4425515589716511,0.003695191744400883,0.5264706301131903,0.5985612530352976,0.532,0.266,0.7791130434782609,0.763,Not significant,Not significant,Not significant,Not significant,TRUE,TRUE
mmr_polbnda_adm3_250k_mimu_1.168,Rakhine,MMR012,Kyaukpyu,MMR012D003,Kyaukpyu,MMR012011,ကျောက်ဖြူ,9.4,343,152,170,21,335,2,179.66969696969696,-2.3303030303030425,HL,-0.010298220034170214,-0.07459720083633621,0.94053520132862,0.82,0.412,0.502645177202609,0.00411263041367496,-0.08974629109323849,0.9284888293636844,0.852,0.427,0.890830564784053,0.9164605263157893,Not significant,Not significant,Not significant,Not significant,146,56.33939393939394,-5.660606060606057,HL,-0.026489366497240374,-0.13109114768322336,0.8957032038564297,0.858,0.429,0.23760174767784595,0.003537470145554504,-0.14224064291989227,0.886889929736897,0.906,0.454,0.9122675159235669,0.9366435331230284,Not significant,Not significant,Not significant,Not significant,TRUE,TRUE
mmr_polbnda_adm3_250k_mimu_1.169,Rakhine,MMR012,Kyaukpyu,MMR012D003,Munaung,MMR012012,မာန်အောင်,9.4,3,0,1,2,0,0,-160.33030303030304,0,NA,NA,NA,NA,NA,NA,NA,NA,NA,NA,NA,NA,NA,NA,No contiguous neighbours,No contiguous neighbours,No contiguous neighbours,No contiguous neighbours,0,-89.66060606060606,0,NA,NA,NA,NA,NA,NA,NA,NA,NA,NA,NA,NA,NA,NA,No contiguous neighbours,No contiguous neighbours,No contiguous neighbours,No contiguous neighbours,TRUE,TRUE
mmr_polbnda_adm3_250k_mimu_1.170,Rakhine,MMR012,Kyaukpyu,MMR012D003,Ramree,MMR012013,ရမ်းဗြဲ,9.4,64,17,43,4,168,2,-99.33030303030304,137.16969696969696,LH,-0.3351312073867028,-0.9619951350388143,0.336052047719658,0.314,0.157,0.502645177202609,0.00411263041367496,0.9353895545782419,0.3495875780037115,0.366,0.183,0.5432698412698413,0.5781739130434782,Not significant,Not significant,Not significant,Not significant,52,-37.66060606060606,41.33939393939394,LH,-0.12931469483845634,-0.5329073988818833,0.5940976832349287,0.454,0.227,0.23760174767784595,0.003537470145554504,0.5086276983644805,0.6110132102410537,0.514,0.257,0.6933611111111111,0.7437079646017699,Not significant,Not significant,Not significant,Not significant,TRUE,TRUE
mmr_polbnda_adm3_250k_mimu_1.167,Rakhine,MMR012,Kyaukpyu,MMR012D003,Ann,MMR012014,အမ်း,9.4,258,144,95,19,682,9,94.66969696969696,-38.330303030303035,HL,-0.08925409920760695,-0.5259414025182982,0.5989289212086477,0.66,0.33,-0.3980398308835474,0.002565910313734949,-0.5083364980626488,0.6112173781984079,0.69,0.345,0.7963837638376384,0.8116187050359712,Not significant,Not significant,Not significant,Not significant,116,26.339393939393943,-29.882828282828275,HL,-0.06537684319034026,-0.7600558053757607,0.4472212282087665,0.494,0.246,-0.7089618081761043,0.0022103555495471138,-0.7565414745926291,0.4493246156938284,0.468,0.234,0.7305945945945946,0.7181775700934578,Not significant,Not significant,Not significant,Not significant,TRUE,TRUE
mmr_polbnda_adm3_250k_mimu_1.182,Rakhine,MMR012,Thandwe,MMR012D004,Thandwe,MMR012015,သံတွဲ,9.4,205,81,116,8,1216,5,41.66969696969696,-65.73030303030305,HL,-0.0673691252381562,-0.7557606958583569,0.4497926858558557,0.494,0.247,-0.5855199097632036,0.0021428968997569526,-0.7476792680149374,0.4546536391437009,0.498,0.249,0.7009113924050633,0.6959230769230769,Not significant,Not significant,Not significant,Not significant,132,42.33939393939394,-35.460606060606054,HL,-0.12470597443999994,-0.7605073846571753,0.4469513568099223,0.464,0.231,-0.506016670093433,0.0022700644405389573,-0.7288021365662036,0.46612270445009996,0.51,0.255,0.6992073732718894,0.7412000000000001,Not significant,Not significant,Not significant,Not significant,TRUE,TRUE
mmr_polbnda_adm3_250k_mimu_1.183,Rakhine,MMR012,Thandwe,MMR012D004,Toungup,MMR012016,တောင်ကုတ်,9.4,165,50,105,10,207,5,1.6696969696969575,-28.930303030303048,HL,-0.0011881344083954927,-0.3437314273512385,0.7310482740898302,0.842,0.421,-0.29172127283184457,0.0025881741776285273,-0.3275933845037422,0.7432191245667088,0.862,0.431,0.9027344262295082,0.918156351791531,Not significant,Not significant,Not significant,Not significant,98,8.339393939393943,-20.06060606060606,HL,-0.013895526554866366,-0.4374634217075123,0.6617752979202245,0.768,0.384,-0.34479756396774697,0.0025122797530530393,-0.4156902932433897,0.6776366450512391,0.796,0.397,0.8720000000000001,0.8928327645051195,Not significant,Not significant,Not significant,Not significant,TRUE,TRUE
mmr_polbnda_adm3_250k_mimu_1.181,Rakhine,MMR012,Thandwe,MMR012D004,Gwa,MMR012017,ဂွ,9.4,208,136,61,11,269,7,44.66969696969696,-77.18744588744589,HL,-0.0848075678259462,-1.0257460862434218,0.30501128489789525,0.304,0.152,-0.8784781377908707,0.0018808326685096199,-0.9846763534814927,0.32478307148146934,0.346,0.173,0.5287659574468084,0.5657099999999999,Not significant,Not significant,Not significant,Not significant,120,30.339393939393943,-35.66060606060606,HL,-0.08986531276647168,-0.8715171056603784,0.38347187008372646,0.406,0.203,-0.7142197894182872,0.0021038934703258077,-0.8278607713450172,0.40774935340790364,0.444,0.222,0.66381,0.6978086124401914,Not significant,Not significant,Not significant,Not significant,TRUE,TRUE
mmr_polbnda_adm3_250k_mimu_1.305,Yangon,MMR013,Yangon (North),MMR013D001,Insein,MMR013001,အင်းစိန်,9.4,154,5,93,56,51,5,-9.330303030303043,-54.73030303030305,LL,0.012560257219853557,0.5990392677499444,0.54914669922316794,0.62,0.31,-0.5773588365151101,0.002155265713031163,-0.6386693021807631,0.5230380869146612,0.598,0.299,0.7767816091954023,0.7729090909090909,Not significant,Not significant,Not significant,Not significant,154,64.33939393939394,17.939393939393945,HH,0.09586966322172186,0.4115427449995528,0.6806746046814847,0.596,0.298,0.5775256943326904,0.00389797665720337,0.34994291216022155,0.7263815413983685,0.632,0.316,0.7922439024390244,0.8104470588235295,Not significant,Not significant,Not significant,Not significant,TRUE,TRUE
mmr_polbnda_adm3_250k_mimu_1.306,Yangon,MMR013,Yangon (North),MMR013D001,Mingaladon,MMR013002,မင်္ဂလာဒုံ,9.4,142,10,101,31,54,6,-21.330303030303043,-63.33030303030303,LL,0.03322641789706069,0.7682849582783505,0.4423179089839949,0.5,0.25,-0.7592195993545651,0.0019666413105994545,-0.700874312133835,0.48338145676161604,0.526,0.262,0.7009113924050633,0.7242644628099174,Not significant,Not significant,Not significant,Not significant,137,47.33939393939394,-2.327272727272724,HL,-0.009150955491047085,-0.02708223653879971,0.9783941427530863,0.876,0.438,0.11603180138925426,0.0031914482705343865,0.010970131496518083,0.9912472770052723,0.856,0.428,0.9122675159235669,0.9113806451612904,Not significant,Not significant,Not significant,Not significant,TRUE,TRUE
mmr_polbnda_adm3_250k_mimu_1.303,Yangon,MMR013,Yangon (North),MMR013D001,Hmawbi,MMR013003,မှော်ဘီ,9.4,53,4,42,7,21,5,-110.33030303030304,-100.33030303030304,LL,0.27227130099165026,1.0593412472564665,0.289444396453717,0.244,0.122,-1.2486071111707842,0.0011379308212273573,-1.1730273758218501,0.24078482774814333,0.21,0.105,0.47211834319526624,0.43188679245283024,Not significant,Not significant,Not significant,Not significant,7,-82.66060606060606,-37.660606060606064,LL,0.2585725147194995,0.7244959980521357,0.46876128318789706,0.5,0.25,-1.0159189592351385,0.0015039881032851156,-0.7949225630261426,0.42665854847155044,0.46,0.229,0.7331838565022422,0.7126132075471698,Not significant,Not significant,Not significant,Not significant,TRUE,TRUE
mmr_polbnda_adm3_250k_mimu_1.302,Yangon,MMR013,Yangon (North),MMR013D001,Hlegu,MMR013004,လှည်းကူး,9.4,37,4,16,17,32,11,-126.33030303030304,-90.33030303030306,LL,0.28068288813483966,1.445355810179509,0.14835796897629597,0.114,0.057,-1.6309293703301362,0.0012987253937920926,-1.4465591237987956,0.14802044160922112,0.11,0.055,0.30307317073170736,0.28776,Not significant,Not significant,Not significant,Not significant,7,-82.66060606060606,-33.66060606060606,LL,0.2311090677103476,0.9902667441803102,0.32204375682911984,0.332,0.166,-1.2120498239728033,0.0017546527871659678,-0.9759550646952768,0.3290867326830332,0.332,0.166,0.6239310344827587,0.6133559322033898,Not significant,Not significant,Not significant,Not significant,TRUE,TRUE
mmr_polbnda_adm3_250k_mimu_1.308,Yangon,MMR013,Yangon (North),MMR013D001,Taikkyi,MMR013005,တိုက်ကြီး,9.4,19,5,8,6,27,8,-144.33030303030304,-128.83030303030304,LL,0.4573518954928251,1.821801411719649,0.06848512348373363,0.01,0.005,-1.9664795300045435,6.081333193153448e-4,-1.7950512801765153,0.07264553005513295,0.026,0.013,0.06055555555555556,0.11336,LL,Not significant,Coldspot,Not significant,5,-84.66060606060606,-71.66060606060604,LL,0.5039161986889689,1.8664949440410419,0.0619721507751375,0.004,0.002,-2.023542376036892,5.595361482883452e-4,-1.8542009117993898,0.06371042170302453,0.012,0.006,0.036333333333333336,0.07546153846153845,LL,LL,Coldspot,Not significant,TRUE,TRUE
mmr_polbnda_adm3_250k_mimu_1.304,Yangon,MMR013,Yangon (North),MMR013D001,Htantabin,MMR013006,ထန်းတပင်,9.4,11,2,4,5,8,6,-152.33030303030304,-118.16363636363636,LL,0.44273625288704455,1.4132728357786781,0.15757551784974863,0.078,0.039,-1.6294674619116538,7.47429716427286e-4,-1.3930487582192699,0.16360504686145472,0.09,0.045,0.23616666666666666,0.2559130434782609,Not significant,Not significant,Not significant,Not significant,5,-84.66060606060606,-62.16060606060605,LL,0.43711235553564015,1.3506491481213343,0.17680784903051408,0.096,0.048,-1.5909441182676254,8.20796075629116e-4,-1.3371988248171283,0.18115774542037952,0.096,0.048,0.27062068965517244,0.2683076923076923,Not significant,Not significant,Not significant,Not significant,TRUE,TRUE
mmr_polbnda_adm3_250k_mimu_1.307,Yangon,MMR013,Yangon (North),MMR013D001,Shwepyithar,MMR013007,ရွှေပြည်သာ,9.4,106,6,65,35,46,5,-57.33030303030304,-88.93030303030304,LL,0.12540329305208997,0.9842892972062769,0.32497329038387707,0.324,0.162,-1.0241775968482185,0.0014780731862681434,-0.9966600153154188,0.31892956418977314,0.328,0.163,0.5461237113402062,0.5557305699481866,Not significant,Not significant,Not significant,Not significant,106,16.339393939393943,-26.66060606060606,HL,-0.03618282158207485,-0.5124712381398807,0.60832124480822,0.712,0.355,-0.4385296024129135,0.0023714568969402006,-0.5499710533467578,0.5823392278884421,0.686,0.342,0.8462150537634409,0.830169741697417,Not significant,Not significant,Not significant,Not significant,TRUE,TRUE
mmr_polbnda_adm3_250k_mimu_1.298,Yangon,MMR013,Yangon (East),MMR013D002,Thingangyun,MMR013009,သင်္ဃန်းကျွန်း,9.4,65,1,41,23,27,7,-98.33030303030304,-89.4731601731602,LL,0.21639891848895462,1.1953631690405964,0.2319451691390996,0.216,0.108,-1.284358433170336,0.0013497467485482106,-1.130325500445028,0.25833909322180265,0.232,0.116,0.4427701863354037,0.46258536585365856,Not significant,Not significant,Not significant,Not significant,65,-24.660606060606057,-15.803463203463195,LL,0.03237072933537611,0.3802150927691445,0.7037857566464782,0.764,0.383,-0.44062832732836776,0.002458767067730161,-0.348079777568208,0.7277802709964264,0.854,0.426,0.8704808362369337,0.9113806451612904,Not significant,Not significant,Not significant,Not significant,TRUE,TRUE
mmr_polbnda_adm3_250k_mimu_1.299,Yangon,MMR013,Yangon (East),MMR013D002,Yankin,MMR013010,ရန်ကင်း,9.4,24,0,20,4,2,5,-139.33030303030304,-90.93030303030305,LL,0.31162274701552906,1.0107352628757058,0.3121431547829897,0.288,0.145,-1.2118822815543644,0.001193590480961304,-1.0412638908633922,0.2977530904442748,0.264,0.132,0.5189347826086956,0.49330285714285715,Not significant,Not significant,Not significant,Not significant,24,-65.66060606060606,-17.460606060606057,LL,0.09522712447690031,0.35111049815195167,0.725505452337492,0.85,0.425,-0.5735037377739528,0.0021686719841377137,-0.3841681155469712,0.7008538485847771,0.814,0.407,0.9122675159235669,0.8976040268456374,Not significant,Not significant,Not significant,Not significant,TRUE,TRUE
mmr_polbnda_adm3_250k_mimu_1.295,Yangon,MMR013,Yangon (East),MMR013D002,South Okkalapa,MMR013011,တောင်ဥက္ကလာပ,9.4,69,3,53,13,6,4,-94.33030303030304,-89.08030303030304,LL,0.20668447064792722,0.957833700728154,0.33814662246426097,0.39,0.195,-1.0056562746538593,0.0013580956975083026,-0.870595599231297,0.3839750001954623,0.436,0.218,0.6072857142857143,0.6422162162162163,Not significant,Not significant,Not significant,Not significant,69,-20.660606060606057,-15.410606060606057,LL,0.026445954417647438,0.31460093855008747,0.7530646664650014,0.872,0.436,-0.3375089755053119,0.0024739759361903477,-0.27326277714954683,0.7846512262993496,0.93,0.465,0.9122675159235669,0.9503437500000002,Not significant,Not significant,Not significant,Not significant,TRUE,TRUE
mmr_polbnda_adm3_250k_mimu_1.293,Yangon,MMR013,Yangon (East),MMR013D002,North Okkalapa,MMR013012,မြောက်ဥက္ကလာပ,9.4,149,8,108,33,29,5,-14.330303030303043,-78.13030303030305,LL,0.0275391045270739,0.8526409981759078,0.39385841963495927,0.446,0.223,-0.826271570581956,0.0017780169081677455,-0.8849927662026487,0.37616053287058693,0.426,0.213,0.654,0.633190909090909,Not significant,Not significant,Not significant,Not significant,149,59.33939393939394,-11.460606060606057,HL,-0.056486824422784,-0.24112435169541407,0.8094587395835567,0.98,0.49,0.007634900586078592,0.003041773692037312,-0.26436864486335754,0.7914958700476735,0.898,0.449,0.9860307692307693,0.9322095238095239,Not significant,Not significant,Not significant,Not significant,TRUE,TRUE
mmr_polbnda_adm3_250k_mimu_1.297,Yangon,MMR013,Yangon (East),MMR013D002,Thaketa,MMR013013,သာကေတ,9.4,96,10,54,32,29,4,-67.33030303030304,-95.83030303030304,LL,0.15870417876797058,0.9310482061442638,0.3518286286749722,0.376,0.188,-1.0056562746538593,0.0013580956975083026,-0.9333693856117201,0.3506292814302879,0.348,0.173,0.5939710144927536,0.5661492537313433,Not significant,Not significant,Not significant,Not significant,96,6.339393939393943,-22.160606060606057,HL,-0.01166879051299595,-0.3522350197989933,0.7246620157190089,0.876,0.436,-0.3375089755053119,0.0024739759361903477,-0.38770279189615237,0.6982359894590713,0.836,0.417,0.9122675159235669,0.9022178217821782,Not significant,Not significant,Not significant,Not significant,TRUE,TRUE
mmr_polbnda_adm3_250k_mimu_1.291,Yangon,MMR013,Yangon (East),MMR013D002,Dawbon,MMR013014,ဒေါပုံ,9.4,28,1,18,9,10,4,-135.33030303030304,-99.08030303030304,LL,0.3298050581496755,1.001899675019652,0.31639204959620215,0.302,0.151,-1.1864127028655236,0.0010575335349449898,-0.9660145103840956,0.3340369202485908,0.296,0.148,0.5287659574468084,0.5347624309392265,Not significant,Not significant,Not significant,Not significant,28,-61.66060606060606,-25.410606060606057,LL,0.1301425409323198,0.4906614948930682,0.6236658845699524,0.764,0.382,-0.6696744731215487,0.0019264566716236315,-0.46523745970996916,0.641761415711319,0.78,0.39,0.8704808362369337,0.8928327645051195,Not significant,Not significant,Not significant,Not significant,TRUE,TRUE
mmr_polbnda_adm3_250k_mimu_1.296,Yangon,MMR013,Yangon (East),MMR013D002,Tamwe,MMR013015,တာမွေ,9.4,65,1,45,19,19,5,-98.33030303030304,-121.33030303030306,LL,0.29344829561045066,1.3395175470691087,0.18040224596023688,0.122,0.061,-1.4383520641889533,8.503559126019654e-4,-1.3745255182932763,0.1692785936613859,0.108,0.054,0.31661904761904763,0.28776,Not significant,Not significant,Not significant,Not significant,65,-24.660606060606057,-47.86060606060606,LL,0.09803438048157874,0.9600843024474687,0.3370127881828624,0.334,0.167,-0.989673988470492,0.0015434185029967102,-1.0010437479985674,0.3168056585493077,0.306,0.153,0.6241028571428572,0.5920828402366863,Not significant,Not significant,Not significant,Not significant,TRUE,TRUE
mmr_polbnda_adm3_250k_mimu_1.294,Yangon,MMR013,Yangon (East),MMR013D002,Pazundaung,MMR013016,ပုဇွန်တောင်,9.4,15,0,9,6,2,2,-148.33030303030304,-137.83030303030304,LL,0.5028628200047607,0.9648996068280279,0.3345950983899534,0.242,0.121,-1.2177480868293855,4.081708380489434e-4,-0.9912518051649629,0.32156263995167245,0.172,0.085,0.4710357142857143,0.38444594594594594,Not significant,Not significant,Not significant,Not significant,15,-74.66060606060606,-64.16060606060606,LL,0.3978839657144991,0.8287383556447584,0.4072524768739304,0.426,0.214,-1.071319027090256,7.435446802757875e-4,-0.8467695017055036,0.39712361069558183,0.39,0.195,0.6795219512195122,0.6506632653061224,Not significant,Not significant,Not significant,Not significant,TRUE,TRUE
mmr_polbnda_adm3_250k_mimu_1.286,Yangon,MMR013,Yangon (East),MMR013D002,Botahtaung,MMR013017,ဗိုလ်တထောင်,9.4,20,1,11,8,8,4,-143.33030303030304,-141.83030303030304,LL,0.5000137893371612,1.3589053810851337,0.17417657348308505,0.038,0.019,-1.5858620936048804,3.93328262119891e-4,-1.3731204581879524,0.16971490203805722,0.03,0.015,0.15930769230769232,0.12576923076923077,LL,Not significant,Coldspot,Not significant,20,-69.66060606060606,-68.16060606060606,LL,0.3943820691473174,1.1915904802228459,0.23342185957982242,0.128,0.064,-1.4037192147673068,7.165066919021226e-4,-1.2229376592893602,0.22135324326059022,0.112,0.056,0.327,0.29535483870967744,Not significant,Not significant,Not significant,Not significant,FALSE,FALSE
mmr_polbnda_adm3_250k_mimu_1.290,Yangon,MMR013,Yangon (East),MMR013D002,Dagon Myothit (South),MMR013018,ဒဂုံမြို့သစ် (တောင်ပိုင်း),9.4,128,13,69,46,41,6,-35.33030303030304,-97.83030303030304,LL,0.08501502615384847,1.1976361018676374,0.23105871506145703,0.194,0.097,-1.177316942017862,0.0013808896533993476,-1.2099736996015185,0.2262889850455797,0.188,0.094,0.41462745098039216,0.4071258278145696,Not significant,Not significant,Not significant,Not significant,128,38.33939393939394,-29.160606060606057,HL,-0.09286204823178221,-0.6173871959670618,0.5369793653896511,0.622,0.311,-0.47497819115997086,0.0023706521949052703,-0.69081165955723,0.4896839073888421,0.55,0.275,0.8001882352941178,0.78195652173913055,Not significant,Not significant,Not significant,Not significant,TRUE,TRUE
mmr_polbnda_adm3_250k_mimu_1.288,Yangon,MMR013,Yangon (East),MMR013D002,Dagon Myothit (North),MMR013019,ဒဂုံမြို့သစ် (မြောက်ပိုင်း),9.4,107,8,70,29,42,6,-56.33030303030304,-71.4969696969697,LL,0.09906144400009424,0.8784216543969763,0.37971493718804206,0.406,0.204,-0.9181344264302073,0.0017440026716636673,-0.852608213207584,0.3938766064051247,0.442,0.221,0.614638888888889,0.6452410714285715,Not significant,Not significant,Not significant,Not significant,107,17.339393939393943,2.172727272727276,HH,0.0031292164069064783,0.034890026157441,0.9721674337459121,0.866,0.433,0.10560221328544432,0.0031769636339056373,0.07170934727158582,0.9428332172689067,0.818,0.409,0.9122675159235669,0.8976040268456374,Not significant,Not significant,Not significant,Not significant,TRUE,TRUE
mmr_polbnda_adm3_250k_mimu_1.287,Yangon,MMR013,Yangon (East),MMR013D002,Dagon Myothit (East),MMR013020,ဒဂုံမြို့သစ် (အရှေ့ပိုင်း),9.4,39,0,33,6,20,4,-124.33030303030304,-58.08030303030304,LL,0.17761547325135807,0.5817985783125971,0.560702361789849,0.676,0.338,-0.7958895554946439,0.001706896231841036,-0.6210789934230178,0.5345476499772615,0.638,0.319,0.8003826714801444,0.781370786516854,Not significant,Not significant,Not significant,Not significant,39,-50.66060606060606,8.089393939393943,LH,-0.034039473618455524,-0.1442013483471594,0.8853414762475739,0.756,0.378,-0.07505722430235942,0.0029065837501689876,0.06193553415617856,0.9506141696413936,0.786,0.393,0.8674105263157895,0.8928327645051195,Not significant,Not significant,Not significant,Not significant,TRUE,TRUE
mmr_polbnda_adm3_250k_mimu_1.289,Yangon,MMR013,Yangon (East),MMR013D002,Dagon Myothit (Seikkan),MMR013021,ဒဂုံမြို့သစ် (ဆိပ်ကမ်း),9.4,49,2,21,26,18,4,-114.33030303030304,-77.83030303030304,LL,0.21886937992615094,0.7723720598779632,0.43989409719134087,0.506,0.253,-0.9498672536008765,0.0014508617970648806,-0.803784754468007,0.4215212959631269,0.49,0.245,0.7009113924050633,0.6934655172413793,Not significant,Not significant,Not significant,Not significant,49,-40.66060606060606,-29.160606060606057,LL,0.09848426835077881,0.5318796078580051,0.5948093817129461,0.698,0.349,-0.645069621446272,0.001967013654184129,-0.546024542482373,0.5850490669956661,0.684,0.342,0.8446494464944649,0.830169741697417,Not significant,Not significant,Not significant,Not significant,TRUE,TRUE
mmr_polbnda_adm3_250k_mimu_1.292,Yangon,MMR013,Yangon (East),MMR013D002,Mingalartaungnyunt,MMR013022,မင်္ဂလာတောင်ညွန့်,9.4,31,1,15,15,9,8,-132.33030303030304,-134.70530303030304,LL,0.43844884645778426,1.8757612015564507,0.06068807779591778,0.004,0.002,-2.0250568756335907,5.359819085491176e-4,-1.9279773368273887,0.05385794516868558,0.01,0.005,0.03353846153846154,0.059454545454545454,LL,LL,Coldspot,Not significant,31,-58.66060606060606,-61.16060606060604,LL,0.2979989921276722,1.5641828242367903,0.11777463962001039,0.05,0.025,-1.6852321714047531,9.726165262193382e-4,-1.5862187317228336,0.1126897000185852,0.054,0.027,0.18793103448275864,0.19404395604395605,Not significant,Not significant,Not significant,Not significant,FALSE,FALSE
mmr_polbnda_adm3_250k_mimu_1.316,Yangon,MMR013,Yangon (South),MMR013D003,Thanlyin,MMR013023,သန်လျင်,9.4,81,12,37,32,46,5,-82.33030303030304,-130.93030303030304,LL,0.26513973538642016,1.4901519529671412,0.13618428642024943,0.05,0.025,-1.5036406501736999,7.514054064082822e-4,-1.4203356075952034,0.15550999947721797,0.06,0.03,0.19011627906976747,0.20318446601941748,Not significant,Not significant,Not significant,Not significant,11,-78.66060606060606,-72.26060606060607,LL,0.47212321648026234,1.51429967277826,0.12994985152856886,0.044,0.022,-1.6495475391244636,5.520255959623271e-4,-1.4357310714727236,0.1510788801846265,0.05,0.025,0.17128571428571426,0.18370786516853932,LL,Not significant,Not significant,Not significant,FALSE,TRUE
mmr_polbnda_adm3_250k_mimu_1.314,Yangon,MMR013,Yangon (South),MMR013D003,Kyauktan,MMR013024,ကျောက်တန်း,9.4,10,0,4,6,6,2,-153.33030303030304,-114.83030303030304,LL,0.433071332750119,0.8301236036952958,0.4064689030756943,0.448,0.225,-1.0999916196752757,6.617315101702567e-4,-0.7708870684566781,0.4407738727186586,0.492,0.245,0.654,0.6934655172413793,Not significant,Not significant,Not significant,Not significant,3,-86.66060606060606,-80.16060606060606,LL,0.5770044775132093,1.0718956541518154,0.28376690240258856,0.134,0.069,-1.3035469064845966,2.478482267585958e-4,-1.0177238734232885,0.3088091985507412,0.156,0.078,0.33706153846153847,0.3750882352941176,Not significant,Not significant,Not significant,Not significant,TRUE,TRUE
mmr_polbnda_adm3_250k_mimu_1.317,Yangon,MMR013,Yangon (South),MMR013D003,Thongwa,MMR013025,သုံးခွ,9.4,16,3,10,3,9,3,-147.33030303030304,-116.33030303030303,LL,0.42156046325278596,1.0376939704084962,0.299412552986988,0.252,0.126,-1.236401308013352,7.282138815191376e-4,-1.0521429884315356,0.2927339516336231,0.264,0.132,0.48189473684210526,0.49330285714285715,Not significant,Not significant,Not significant,Not significant,8,-81.66060606060606,-78.32727272727271,LL,0.5312782946582503,1.2975430572675644,0.19444440021002826,0.082,0.041,-1.449527602490714,3.548735974043531e-4,-1.2699128559555704,0.20411567324511307,0.066,0.032,0.246,0.21582,Not significant,Not significant,Not significant,Not significant,TRUE,TRUE
mmr_polbnda_adm3_250k_mimu_1.312,Yangon,MMR013,Yangon (South),MMR013D003,Kayan,MMR013026,ခရမ်း,9.4,50,11,25,14,64,4,-113.33030303030304,-125.08030303030304,LL,0.3486662463944094,1.2441553370112441,0.21344239797327427,0.104,0.052,-1.3694006919193071,7.532607283994137e-4,-1.2776233089142381,0.20138227787764487,0.108,0.054,0.28578151260504203,0.28776,Not significant,Not significant,Not significant,Not significant,20,-69.66060606060606,-79.91060606060606,LL,0.4623683970323804,1.484253192466876,0.13774176294967683,0.026,0.013,-1.5964572195569748,3.9881032851155876e-4,-1.4535235108800346,0.14607845675995976,0.022,0.011,0.12145714285714286,0.10277142857142857,LL,Not significant,Coldspot,Not significant,FALSE,FALSE
mmr_polbnda_adm3_250k_mimu_1.318,Yangon,MMR013,Yangon (South),MMR013D003,Twantay,MMR013027,တွံတေး,9.4,61,13,16,32,52,9,-102.33030303030304,-122.44141414141413,LL,0.3081821840532619,1.8418536389550484,0.06549656158429366,0.012,0.006,-1.915120939343091,7.959331341954397e-4,-1.7705739462080259,0.07663157766315754,0.016,0.008,0.06228571428571429,0.08304761904761905,LL,Not significant,Coldspot,Not significant,22,-67.66060606060606,-52.993939393939385,LL,0.2978232219053803,1.4786774278822288,0.13922654785303515,0.072,0.036,-1.5914890852536783,0.0011896714884412599,-1.4249006288032273,0.15418592786864715,0.092,0.046,0.23045714285714286,0.2662300884955752,Not significant,Not significant,Not significant,Not significant,FALSE,FALSE
mmr_polbnda_adm3_250k_mimu_1.311,Yangon,MMR013,Yangon (South),MMR013D003,Kawhmu,MMR013028,ကော့မှူး,9.4,23,6,2,15,34,5,-140.33030303030304,-129.93030303030304,LL,0.44847356193524757,1.4940956462253123,0.13515062178636147,0.04,0.02,-1.611774870710936,5.875186305249943e-4,-1.4856306975806717,0.13737683070476234,0.042,0.021,0.1614814814814815,0.1635,LL,Not significant,Coldspot,Not significant,16,-73.66060606060606,-70.66060606060606,LL,0.4323237706013607,1.5045406862136637,0.13244220551613106,0.052,0.026,-1.600806879132977,6.252534811410031e-4,-1.4755941669863113,0.14005287196327626,0.058,0.029,0.18893333333333331,0.2017659574468085,Not significant,Not significant,Not significant,Not significant,FALSE,FALSE
mmr_polbnda_adm3_250k_mimu_1.313,Yangon,MMR013,Yangon (South),MMR013D003,Kungyangon,MMR013029,ကွမ်းခြံကုန်း,9.4,20,1,6,13,23,1,-143.33030303030304,-140.33030303030304,LL,0.49472563392903596,0.7177377368837521,0.47291901047169754,0.472,0.24,-0.996282545111046,3.988942280932856e-4,-0.6867142235391686,0.4922628320176115,0.468,0.229,0.6799295154185022,0.674078947368421,Not significant,Not significant,Not significant,Not significant,11,-78.66060606060606,-73.66060606060606,LL,0.48127028206836436,0.6792294192995078,0.49699250948434676,0.588,0.302,-0.983115743601149,4.5626605380559684e-4,-0.6666313820804242,0.5050076185403872,0.576,0.279,0.787469387755102,0.7863886639676113,Not significant,Not significant,Not significant,Not significant,TRUE,TRUE
mmr_polbnda_adm3_250k_mimu_1.310,Yangon,MMR013,Yangon (South),MMR013D003,Dala,MMR013030,ဒလ,9.4,18,3,7,8,9,3,-145.33030303030304,-133.9969696969697,LL,0.47898960414979197,1.1731813463040308,0.24072309079693918,0.112,0.057,-1.3634490044823098,4.916603276498636e-4,-1.1472500578879645,0.25127828829486387,0.11,0.055,0.3001967213114754,0.28776,Not significant,Not significant,Not significant,Not significant,18,-71.66060606060606,-75.66060606060606,LL,0.45034646892641483,1.206189272441677,0.22774451929318462,0.112,0.057,-1.3671270937551665,5.069622820062187e-4,-1.1868040083372813,0.23530493740931402,0.102,0.05,0.29775609756097565,0.2764878048780488,Not significant,Not significant,Not significant,Not significant,TRUE,TRUE
mmr_polbnda_adm3_250k_mimu_1.315,Yangon,MMR013,Yangon (South),MMR013D003,Seikgyikanaungto,MMR013031,ဆိပ်ကြီး/ခနောင်တို,9.4,4,1,3,0,0,3,-159.33030303030304,-121.9969696969697,LL,0.47810397777912395,1.0941241101160184,0.2739005494905843,0.21,0.105,-1.308644115809426,5.937030371620995e-4,-1.0233036770251762,0.30616428574944843,0.228,0.113,0.43738853503184716,0.45739877300613496,Not significant,Not significant,Not significant,Not significant,4,-85.66060606060606,-61.327272727272714,LL,0.4363462658460229,0.9905022952395656,0.3219286678453635,0.272,0.136,-1.2343707185701176,7.519940516425578e-4,-0.9407775686797294,0.3468188583522603,0.31,0.153,0.5559000000000001,0.5928070175438597,Not significant,Not significant,Not significant,Not significant,TRUE,TRUE
mmr_polbnda_adm3_250k_mimu_1.309,Yangon,MMR013,Yangon (South),MMR013D003,Cocokyun,MMR013032,ကိုကိုးကျွန်း,9.4,0,0,0,0,0,0,-163.33030303030304,0,NA,NA,NA,NA,NA,NA,NA,NA,NA,NA,NA,NA,NA,NA,No contiguous neighbours,No contiguous neighbours,No contiguous neighbours,No contiguous neighbours,0,-89.66060606060606,0,NA,NA,NA,NA,NA,NA,NA,NA,NA,NA,NA,NA,NA,NA,No contiguous neighbours,No contiguous neighbours,No contiguous neighbours,No contiguous neighbours,TRUE,TRUE
mmr_polbnda_adm3_250k_mimu_1.324,Yangon,MMR013,Yangon (West),MMR013D004,Kyauktada,MMR013033,ကျောက်တံတား,9.4,23,0,19,4,2,4,-140.33030303030304,-144.83030303030304,LL,0.4999031046746093,1.4443444406652577,0.14864211077287923,0.034,0.017,-1.6059461411839544,3.599324662795228e-4,-1.434147860096468,0.15153007251538209,0.026,0.013,0.1443896103896104,0.11336,LL,Not significant,Coldspot,Not significant,23,-66.66060606060606,-71.16060606060606,LL,0.39400829523786113,1.2940836739076664,0.19563652016897848,0.11,0.055,-1.4406264922802219,6.556712180613762e-4,-1.2857535064159773,0.19852910105937932,0.102,0.051,0.2948360655737705,0.2764878048780488,Not significant,Not significant,Not significant,Not significant,FALSE,FALSE
mmr_polbnda_adm3_250k_mimu_1.329,Yangon,MMR013,Yangon (West),MMR013D004,Pabedan,MMR013034,ပန်းဘဲတန်း,9.4,6,1,3,2,2,5,-157.33030303030304,-145.33030303030307,LL,0.5623976403322792,1.625195511102475,0.10412090661910804,0.008,0.004,-1.8035600920411288,2.9685151858104973e-4,-1.5638312840074462,0.11785719536626382,0.014,0.007,0.05565957446808511,0.0763,LL,Not significant,Coldspot,Not significant,6,-83.66060606060606,-71.66060606060606,LL,0.4979640064931296,1.474632858085332,0.14031127604024998,0.034,0.017,-1.657046102200077,5.407597674732999e-4,-1.4150349589487767,0.15705824636015142,0.046,0.023,0.14253846153846156,0.17907142857142858,LL,Not significant,Coldspot,Not significant,TRUE,TRUE
mmr_polbnda_adm3_250k_mimu_1.326,Yangon,MMR013,Yangon (West),MMR013D004,Lanmadaw,MMR013035,လမ်းမတော်,9.4,17,1,11,5,3,6,-146.33030303030304,-147.66363636363636,LL,0.5314749046546043,1.838048431405916,0.06605526903703875,0.004,0.002,-1.952972645601354,2.9420105859371886e-4,-1.7847050207633648,0.07430917612993339,0.004,0.002,0.03353846153846154,0.036333333333333336,LL,LL,Coldspot,Coldspot,17,-72.66060606060606,-73.99393939393939,LL,0.44657214948964735,1.6899193026510975,0.09104339419558038,0.02,0.01,-1.7960593509758855,5.359315552637169e-4,-1.638911855091494,0.10123161837438328,0.008,0.004,0.09761194029850746,0.060837209302325584,LL,Not significant,Coldspot,Not significant,TRUE,TRUE
mmr_polbnda_adm3_250k_mimu_1.327,Yangon,MMR013,Yangon (West),MMR013D004,Latha,MMR013036,လသာ,9.4,9,0,6,3,3,3,-154.33030303030304,-152.33030303030304,LL,0.5782457460964326,1.325207313337561,0.1851024003910623,0.01,0.005,-1.5228814078943351,1.9480880906881388e-4,-1.2678423881635112,0.20485424140567768,0.01,0.005,0.06055555555555556,0.059454545454545454,LL,Not significant,Coldspot,Not significant,9,-80.66060606060606,-78.66060606060606,LL,0.5270056100088746,1.2447884824147133,0.21320951091896692,0.068,0.034,-1.449527602490714,3.548735974043531e-4,-1.2090190493223547,0.2266555270039016,0.068,0.034,0.22460606060606064,0.2201584158415842,Not significant,Not significant,Not significant,Not significant,FALSE,FALSE
mmr_polbnda_adm3_250k_mimu_1.319,Yangon,MMR013,Yangon (West),MMR013D004,Ahlone,MMR013037,အလုံ,9.4,26,2,19,5,7,4,-137.33030303030304,-129.58030303030304,LL,0.4377037840184227,1.2708344272357683,0.20378755823059966,0.1,0.05,-1.463126247288318,5.974136811443627e-4,-1.3231518633988253,0.18578488026652254,0.082,0.041,0.2771186440677966,0.2394107142857143,Not significant,Not significant,Not significant,Not significant,26,-63.66060606060606,-55.91060606060606,LL,0.2956388049566479,1.0020506071337898,0.3163191515588511,0.294,0.147,-1.1781747410772694,0.0010882790320400164,-1.0503724572838062,0.29354690368073766,0.258,0.129,0.5874251497005988,0.5306037735849057,Not significant,Not significant,Not significant,Not significant,TRUE,TRUE
mmr_polbnda_adm3_250k_mimu_1.325,Yangon,MMR013,Yangon (West),MMR013D004,Kyeemyindaing,MMR013038,ကြည့်မြင်တိုင်,9.4,45,2,31,12,21,6,-118.33030303030304,-99.83030303030304,LL,0.29055830789095066,1.2155889703128817,0.22414153785827118,0.182,0.091,-1.3570420440676956,0.0011290959546029213,-1.248105433511613,0.21199244873558679,0.174,0.087,0.40112000000000003,0.38444594594594594,Not significant,Not significant,Not significant,Not significant,45,-44.66060606060606,-32.66060606060605,LL,0.12115611003042313,0.7394158908669497,0.4596544958219259,0.524,0.262,-0.836537245425379,0.0018685181251086348,-0.7382990222116944,0.4603327605447021,0.51,0.255,0.7543947368421052,0.7412000000000001,Not significant,Not significant,Not significant,Not significant,TRUE,TRUE
mmr_polbnda_adm3_250k_mimu_1.330,Yangon,MMR013,Yangon (West),MMR013D004,Sanchaung,MMR013039,စမ်းချောင်း,9.4,63,3,41,19,18,5,-100.33030303030304,-125.73030303030305,LL,0.3102751668390937,1.4246909594454313,0.15424655357043004,0.04,0.02,-1.4873185036775132,7.761430329567029e-4,-1.410687387634211,0.1583368114877641,0.076,0.038,0.1614814814814815,0.2238918918918919,LL,Not significant,Not significant,Not significant,63,-26.660606060606057,-52.26060606060606,LL,0.11572866116551606,1.0859598350061224,0.2774967625409878,0.214,0.107,-1.0796567453778516,0.0014082285611283854,-1.0764840292727431,0.2817108397265802,0.244,0.122,0.4544025974025974,0.508203821656051,Not significant,Not significant,Not significant,Not significant,FALSE,TRUE
mmr_polbnda_adm3_250k_mimu_1.322,Yangon,MMR013,Yangon (West),MMR013D004,Hlaing,MMR013040,လှိုင်,9.4,106,6,62,38,43,3,-57.33030303030304,-53.99696969696971,LL,0.07614274981753472,0.4642954032299083,0.6424361169144461,0.802,0.401,-0.5463579369956796,0.0020130243603777437,-0.46919572510502844,0.6389297408435111,0.84,0.42,0.8800469798657719,0.9065346534653466,Not significant,Not significant,Not significant,Not significant,106,16.339393939393943,19.672727272727276,HH,0.026699122267655143,0.35320785765866136,0.7239326175013086,0.584,0.292,0.3449723655278786,0.0036670271731783157,0.27403830830743664,0.7840551823087807,0.626,0.313,0.787469387755102,0.8090988142292491,Not significant,Not significant,Not significant,Not significant,TRUE,TRUE
mmr_polbnda_adm3_250k_mimu_1.323,Yangon,MMR013,Yangon (West),MMR013D004,Kamaryut,MMR013041,ကမာရွတ်,9.4,45,5,23,17,11,6,-118.33030303030304,-98.83030303030304,LL,0.28764778574415567,1.225065796775852,0.2205504308443749,0.184,0.092,-1.345690984990864,0.0011449987145269061,-1.2773391657496198,0.20148253195182156,0.152,0.076,0.40112000000000003,0.3550285714285714,Not significant,Not significant,Not significant,Not significant,45,-44.66060606060606,-25.32727272727272,LL,0.09395275261034297,0.5934710840798695,0.552865929033387,0.656,0.328,-0.6835699532361678,0.0020809594623302885,-0.6382509704340048,0.5233103224799888,0.592,0.296,0.8243908045977011,0.7863886639676113,Not significant,Not significant,Not significant,Not significant,TRUE,TRUE
mmr_polbnda_adm3_250k_mimu_1.328,Yangon,MMR013,Yangon (West),MMR013D004,Mayangone,MMR013042,မရမ်းကုန်း,9.4,101,4,68,29,44,10,-62.33030303030304,-59.33030303030304,LL,0.09096005963003449,0.9639070348832612,0.335092536556343,0.338,0.17,-0.9956455482702982,0.0019244749017101014,-0.9497329603722533,0.3422479574996797,0.342,0.171,0.5554070351758794,0.5648181818181819,Not significant,Not significant,Not significant,Not significant,101,11.339393939393943,13.739393939393942,HH,0.012940584365444593,0.4333660646030546,0.6647488500408087,0.59,0.295,0.4150618435610692,0.00348728600046702,0.36293036407057483,0.716656903766105,0.644,0.323,0.787469387755102,0.8162325581395349,Not significant,Not significant,Not significant,Not significant,TRUE,TRUE
mmr_polbnda_adm3_250k_mimu_1.321,Yangon,MMR013,Yangon (West),MMR013D004,Dagon,MMR013043,ဒဂုံ,9.4,10,1,8,1,0,8,-153.33030303030304,-130.95530303030304,LL,0.4938852037955766,1.7336948859635266,0.08297223440297165,0.006,0.003,-2.0099941296146926,5.545351284604333e-4,-1.8385690282816745,0.06597860021200869,0.006,0.003,0.046714285714285715,0.04265217391304348,LL,LL,Coldspot,Coldspot,10,-79.66060606060606,-57.41060606060604,LL,0.379867559879503,1.3902078332539805,0.16446577549230704,0.104,0.052,-1.6575522455712148,0.0010064140116864194,-1.4594583550777445,0.14443899474162514,0.06,0.03,0.2834,0.2022680412371134,Not significant,Not significant,Not significant,Not significant,FALSE,FALSE
mmr_polbnda_adm3_250k_mimu_1.320,Yangon,MMR013,Yangon (West),MMR013D004,Bahan,MMR013044,ဗဟန်း,9.4,62,2,40,20,18,7,-101.33030303030304,-114.90173160173158,LL,0.2863787879513758,1.5182998649322617,0.12893882172641732,0.058,0.029,-1.6051633827934066,9.299801480546949e-4,-1.4775581625856964,0.13952607958588745,0.066,0.033,0.19876470588235295,0.20360377358490567,Not significant,Not significant,Not significant,Not significant,61,-28.660606060606057,-41.232034632034626,LL,0.09815594419808568,0.9788882186695931,0.3276352139877664,0.312,0.156,-1.033409828523193,0.0016898742733540625,-0.982450773118144,0.3258778233332054,0.306,0.153,0.6036923076923076,0.5920828402366863,Not significant,Not significant,Not significant,Not significant,TRUE,TRUE
mmr_polbnda_adm3_250k_mimu_1.300,Yangon,MMR013,Yangon (North),MMR013D001,Hlaingtharya (East),MMR013046,လှိုင်သာယာ (အရှေ့ပိုင်း),9.4,182,10,118,54,45,6,18.669696969696957,-83.4969696969697,HL,-0.0383427196972577,-0.9700182760760055,0.3320373824007687,0.33,0.165,-0.9124588968917915,0.0017519540516256597,-1.0225694986669747,0.3065114371546249,0.302,0.151,0.5505612244897959,0.5396393442622951,Not significant,Not significant,Not significant,Not significant,182,92.33939393939394,-16.32727272727272,HL,-0.12522675769718886,-0.3418400361106554,0.7324712781200183,0.854,0.427,-0.019552843960273982,0.003003147994360648,-0.3563232125495926,0.7215985275402872,0.85,0.424,0.9122675159235669,0.911311475409836,Not significant,Not significant,Not significant,Not significant,TRUE,TRUE
mmr_polbnda_adm3_250k_mimu_1.301,Yangon,MMR013,Yangon (North),MMR013D001,Hlaingtharya (West),MMR013047,လှိုင်သာယာ (အနောက်ပိုင်း),9.4,12,0,5,7,3,5,-151.33030303030304,-60.530303030303045,LL,0.22530647939912846,0.6275893261816875,0.5302730027968358,0.606,0.303,-0.9262447178710989,0.0016264989455586681,-0.6620890854896254,0.5079141302826449,0.576,0.288,0.7651042471042471,0.759483870967742,Not significant,Not significant,Not significant,Not significant,12,-77.66060606060606,4.139393939393942,LH,-0.026701398242241044,-0.13198609217012872,0.8949952923458384,0.742,0.371,-0.2135727101445141,0.002709431751611013,0.06964036371950819,0.944479909308906,0.818,0.409,0.8634661921708184,0.8976040268456374,Not significant,Not significant,Not significant,Not significant,TRUE,TRUE
mmr_polbnda_adm3_250k_mimu_1.275,Shan (South),MMR014,Taunggyi,MMR014D001,Taunggyi,MMR014001,တောင်ကြီး,9.4,67,3,28,36,16,5,-96.33030303030304,-67.93030303030305,LL,0.16095386503149842,0.7593968350965048,0.4476152061939615,0.508,0.254,-0.889519888254679,0.001682158605292615,-0.7332165016321835,0.4634263923033372,0.532,0.266,0.7009113924050633,0.7242644628099174,Not significant,Not significant,Not significant,Not significant,60,-29.660606060606057,-44.66060606060606,LL,0.11002746381311763,0.9206437397605989,0.3572364580853676,0.35,0.175,-0.9484318915546188,0.0016053805596863591,-0.8874478798687057,0.3748378152508901,0.362,0.181,0.6288461538461538,0.6230210526315789,Not significant,Not significant,Not significant,Not significant,TRUE,TRUE
mmr_polbnda_adm3_250k_mimu_1.273,Shan (South),MMR014,Taunggyi,MMR014D001,Nyaungshwe,MMR014002,ညောင်ရွှေ,9.4,109,40,43,26,177,6,-54.33030303030304,84.16969696969694,LH,-0.11247935636462848,-0.921159079806112,0.3569673788456335,0.35,0.175,0.8526307895555203,0.004224833219805296,1.0135024600589726,0.3108202216776376,0.306,0.153,0.5694029850746268,0.5420855614973262,Not significant,Not significant,Not significant,Not significant,56,-33.66060606060606,40.506060606060615,LH,-0.1132500516197748,-0.8131195492171533,0.4161495191136206,0.38,0.19,0.7279009701460996,0.0040412136194210016,0.8924448245116261,0.3721545542926686,0.362,0.181,0.6438341968911917,0.6230210526315789,Not significant,Not significant,Not significant,Not significant,TRUE,TRUE
mmr_polbnda_adm3_250k_mimu_1.268,Shan (South),MMR014,Pa-O Self-Administered Zone,MMR014S002,Hopong,MMR014003,ဟိုပုံး,9.4,45,13,25,7,50,6,-118.33030303030304,-82.99696969696971,LL,0.2415645184199019,1.0339586436626291,0.3011554974750027,0.326,0.163,-1.1659658829410304,0.0013967924133233322,-0.9867694313507176,0.3237556836661731,0.344,0.172,0.5466769230769231,0.5652663316582914,Not significant,Not significant,Not significant,Not significant,23,-66.66060606060606,-52.82727272727272,LL,0.29249868461787815,1.1968524746139029,0.23136406094583684,0.19,0.095,-1.3336809450403155,0.0011780837791382605,-1.160631877255907,0.24579163612080857,0.196,0.098,0.42421621621621625,0.436,Not significant,Not significant,Not significant,Not significant,TRUE,TRUE
mmr_polbnda_adm3_250k_mimu_1.269,Shan (South),MMR014,Pa-O Self-Administered Zone,MMR014S002,Hsihseng,MMR014004,ဆီဆိုင်,9.4,209,82,91,36,555,6,45.66969696969696,-42.996969696969714,HL,-0.04829930820590687,-0.5650316475595014,0.5720522384654638,0.628,0.314,-0.40166123843436996,0.002467578248204976,-0.5294074025580825,0.5965228641043215,0.666,0.333,0.7789213483146068,0.7977362637362637,Not significant,Not significant,Not significant,Not significant,97,7.339393939393943,-18.827272727272717,HL,-0.011477414915359647,-0.450080175224003,0.6526526309588115,0.734,0.367,-0.3672057807539356,0.0025203267734023446,-0.4146443630917248,0.6784022670090282,0.79,0.395,0.857207142857143,0.8928327645051195,Not significant,Not significant,Not significant,Not significant,TRUE,TRUE
mmr_polbnda_adm3_250k_mimu_1.271,Shan (South),MMR014,Taunggyi,MMR014D001,Kalaw,MMR014005,ကလော,9.4,20,3,6,11,6,7,-143.33030303030304,-91.75887445887447,LL,0.323490125475456,1.1586293324451913,0.24660730720547178,0.206,0.103,-1.3924750184024204,0.001208278446724429,-1.2356466356154971,0.2165899416827456,0.19,0.095,0.4345935483870968,0.40875,Not significant,Not significant,Not significant,Not significant,16,-73.66060606060606,-53.08917748917748,LL,0.3248162543434775,1.2345934487420152,0.21698184841220625,0.152,0.076,-1.4503111040887844,0.0011491145058807625,-1.3182516832045368,0.18741940942066193,0.128,0.064,0.37092537313432833,0.32446511627906977,Not significant,Not significant,Not significant,Not significant,TRUE,TRUE
mmr_polbnda_adm3_250k_mimu_1.255,Shan (South),MMR014,Danu Self-Administered Zone,MMR014S001,Pindaya,MMR014006,ပင်းတယ,9.4,22,4,5,13,16,4,-141.33030303030304,-100.58030303030304,LL,0.34964165032470296,1.0339690670861696,0.30115062440778645,0.284,0.143,-1.2131914329709552,0.0010130058071578323,-0.9888852007866307,0.3227193120467945,0.318,0.159,0.5159333333333332,0.5472947368421053,Not significant,Not significant,Not significant,Not significant,13,-76.66060606060606,-60.41060606060606,LL,0.3846643250508583,1.1350799217125147,0.25634183335142147,0.184,0.092,-1.3052998080661995,8.787346221441124e-4,-1.0997432882829619,0.2714439880981975,0.232,0.116,0.41783333333333333,0.5024105960264902,Not significant,Not significant,Not significant,Not significant,TRUE,TRUE
mmr_polbnda_adm3_250k_mimu_1.256,Shan (South),MMR014,Danu Self-Administered Zone,MMR014S001,Ywangan,MMR014007,ရွာငံ,9.4,114,39,22,53,151,6,-49.33030303030304,-104.4969696969697,LL,0.12679216320398998,1.3033925483896973,0.19244077919815578,0.128,0.064,-1.2794764737093463,0.0012377648140834841,-1.306096046268276,0.19151989734712654,0.15,0.075,0.3195114503816794,0.3550285714285714,Not significant,Not significant,Not significant,Not significant,54,-35.66060606060606,-55.493939393939385,LL,0.16437309954977983,1.2624855955648324,0.20677410627412893,0.15,0.076,-1.281533004521266,0.0012505069622820062,-1.27588661885983,0.20199560192439614,0.162,0.081,0.368796992481203,0.3866715328467153,Not significant,Not significant,Not significant,Not significant,TRUE,TRUE
mmr_polbnda_adm3_250k_mimu_1.272,Shan (South),MMR014,Taunggyi,MMR014D001,Lawksawk,MMR014008,ရပ်စောက်,9.4,94,54,31,9,138,10,-69.33030303030304,26.269696969696966,LH,-0.04479742933607515,-0.38586475429990363,0.6995968349114818,0.636,0.318,0.2936468465868116,0.0033564461475925514,0.3747121651260071,0.7078745439331089,0.7,0.35,0.7789213483146068,0.8175,Not significant,Not significant,Not significant,Not significant,33,-56.66060606060606,25.839393939393947,LH,-0.12160740131558777,-0.7154750023552391,0.47431558189460155,0.47,0.235,0.5629659966901811,0.0036501284304447748,0.7033592873488067,0.4818318716854438,0.486,0.243,0.705,0.7256712328767123,Not significant,Not significant,Not significant,Not significant,TRUE,TRUE
mmr_polbnda_adm3_250k_mimu_1.270,Shan (South),MMR014,Pa-O Self-Administered Zone,MMR014S002,Pinlaung,MMR014009,ပင်လောင်း,9.4,177,105,51,21,267,7,13.669696969696957,-52.616017316017334,HL,-0.017690975888122407,-0.6847490729066361,0.4935022767905523,0.526,0.263,-0.6285693096314623,0.0022078331694465572,-0.6947046847880101,0.48724039153459225,0.522,0.261,0.7137012448132781,0.7242644628099174,Not significant,Not significant,Not significant,Not significant,77,-12.660606060606057,-37.94632034632034,LL,0.039904386089724825,0.9253011392574657,0.35480928632249387,0.342,0.172,-0.9063852211243021,0.0018546370150060835,-0.9243694354327778,0.3552940024751109,0.356,0.178,0.6285666666666666,0.6192127659574468,Not significant,Not significant,Not significant,Not significant,TRUE,TRUE
mmr_polbnda_adm3_250k_mimu_1.274,Shan (South),MMR014,Taunggyi,MMR014D001,Pekon,MMR014010,ဖယ်ခုံ,9.4,559,261,234,64,993,7,395.66969696969693,94.52683982683979,HH,0.9199471132894429,1.2998534074937498,0.19365121666152896,0.218,0.109,1.8740637780358074,0.005482476483793762,1.263769568835862,0.20631274670708116,0.228,0.114,0.4427701863354037,0.45739877300613496,Not significant,Not significant,Not significant,Not significant,254,164.33939393939394,34.767965367965374,HH,0.4745887363391523,0.8793176452484265,0.37922907116577853,0.37,0.185,1.3279450526100391,0.0047527713938083005,0.847502504330701,0.39671509177904,0.374,0.187,0.63015625,0.6304020618556702,Not significant,Not significant,Not significant,Not significant,TRUE,TRUE
mmr_polbnda_adm3_250k_mimu_1.264,Shan (South),MMR014,Loilen,MMR014D002,Loilen,MMR014011,လွိုင်လင်,9.4,19,4,12,3,12,5,-144.33030303030304,-99.53030303030306,LL,0.35333591305127354,1.1209172311253814,0.262323095533701,0.222,0.111,-1.309815160531484,0.0010451647216707792,-1.059558262998703,0.28934560988498015,0.258,0.129,0.4481111111111111,0.49144508670520237,Not significant,Not significant,Not significant,Not significant,7,-82.66060606060606,-63.66060606060606,LL,0.43708492027898654,1.3136045707997932,0.1889793097479918,0.098,0.049,-1.503325559150004,7.71709251498355e-4,-1.254381620500768,0.20970332974681444,0.136,0.068,0.27389743589743587,0.3369090909090909,Not significant,Not significant,Not significant,Not significant,TRUE,TRUE
mmr_polbnda_adm3_250k_mimu_1.263,Shan (South),MMR014,Loilen,MMR014D002,Laihka,MMR014012,လဲချား,9.4,24,10,7,7,19,5,-139.33030303030304,-127.33030303030306,LL,0.43636738783768836,1.4611463506073206,0.1439752824365578,0.058,0.029,-1.5832111143426095,6.308094769847307e-4,-1.4486594125258117,0.14743272042708255,0.066,0.033,0.19876470588235295,0.20360377358490567,Not significant,Not significant,Not significant,Not significant,6,-83.66060606060606,-78.86060606060606,LL,0.547996249364733,1.6722298328454819,0.09447900985145288,0.018,0.009,-1.7920202375611167,3.379748546708125e-4,-1.63260609578678,0.1025518683602462,0.014,0.007,0.09493548387096774,0.0803157894736842,LL,Not significant,Coldspot,Not significant,FALSE,FALSE
mmr_polbnda_adm3_250k_mimu_1.267,Shan (South),MMR014,Loilen,MMR014D002,Nansang,MMR014013,နမ့်စန်,9.4,12,6,0,6,3,6,-151.33030303030304,-143.16363636363636,LL,0.5328850719765919,1.7734464374657826,0.07615475993843285,0.012,0.006,-1.9113520956529715,3.5251117831499657e-4,-1.7239826286338211,0.08471097919658062,0.004,0.002,0.06228571428571429,0.036333333333333336,LL,Not significant,Coldspot,Coldspot,2,-87.66060606060606,-85.66060606060606,LL,0.6237091006222825,1.9296602687348745,0.0536489459077498,0.002,0.001,-2.091564347250498,1.255335174491589e-4,-1.8904169408969915,0.058702219462604184,0.002,0.001,0.02616,0.022551724137931037,LL,LL,Coldspot,Coldspot,TRUE,TRUE
mmr_polbnda_adm3_250k_mimu_1.261,Shan (South),MMR014,Loilen,MMR014D002,Kunhing,MMR014014,ကွန်ဟိန်း,9.4,8,5,1,2,2,5,-155.33030303030304,-149.73030303030305,LL,0.5720590026591761,1.649538835213352,0.0990372939231151,0.004,0.002,-1.8443654582815954,2.3500745220999771e-4,-1.6648914908065953,0.09593440616830308,0.004,0.002,0.03353846153846154,0.036333333333333336,LL,LL,Coldspot,Coldspot,1,-88.66060606060606,-85.86060606060606,LL,0.6322969903738539,1.7636166785020486,0.07779653775802689,0.002,0.001,-1.9419914990733829,1.1265828489027082e-4,-1.737277322825849,0.08233823231385422,0.002,0.001,0.02616,0.022551724137931037,LL,LL,Coldspot,Coldspot,TRUE,TRUE
mmr_polbnda_adm3_250k_mimu_1.262,Shan (South),MMR014,Loilen,MMR014D002,Kyethi,MMR014015,ကျေးသီး,9.4,35,27,3,5,4,7,-128.33030303030304,-105.18744588744588,LL,0.3320229173818804,1.438635652282172,0.15025377953926247,0.086,0.043,-1.5324948582931528,0.0010250654001001875,-1.4512619488017138,0.1467069326093798,0.074,0.037,0.2510892857142857,0.21998181818181817,Not significant,Not significant,Not significant,Not significant,4,-85.66060606060606,-62.232034632034626,LL,0.4427836869323682,1.5709775416436438,0.11618786550932701,0.056,0.028,-1.6978462364558542,8.280383939434906e-4,-1.591592611030476,0.11147627140570979,0.048,0.024,0.20123076923076924,0.1804137931034483,Not significant,Not significant,Coldspot,Not significant,TRUE,FALSE
mmr_polbnda_adm3_250k_mimu_1.266,Shan (South),MMR014,Loilen,MMR014D002,Mongkaing,MMR014016,မိုင်းကိုင်,9.4,69,16,25,28,15,5,-94.33030303030304,-74.13030303030304,LL,0.17199742164748333,0.8262057146411796,0.4086874070809876,0.434,0.217,-0.9486876693033554,0.0015924847090545897,-0.8322589372207618,0.4052628031197489,0.462,0.231,0.6450818181818182,0.67144,Not significant,Not significant,Not significant,Not significant,18,-71.66060606060606,-47.460606060606054,LL,0.2824946490037451,0.9583430538312071,0.33788980040406175,0.3,0.15,-1.1583916576717914,0.001289937361993601,-0.9698934261194163,0.33209961718900494,0.308,0.153,0.5874251497005988,0.5924470588235294,Not significant,Not significant,Not significant,Not significant,TRUE,TRUE
mmr_polbnda_adm3_250k_mimu_1.265,Shan (South),MMR014,Loilen,MMR014D002,Monghsu,MMR014017,မိုင်းရှူး,9.4,10,0,0,10,4,6,-153.33030303030304,-145.9969696969697,LL,0.5506133884142076,1.8084235373598272,0.07054060736513075,0.004,0.002,-1.9472971160629384,3.021524385557113e-4,-1.7377243703661625,0.08225939242982387,0.006,0.003,0.03353846153846154,0.04265217391304348,LL,LL,Coldspot,Coldspot,6,-83.66060606060606,-84.49393939393939,LL,0.5871418467966818,1.9196738225364476,0.05489911280479328,0.002,0.001,-2.053322524203195,1.786438517545723e-4,-1.8780410601044475,0.060375548270537004,0.002,0.001,0.02616,0.022551724137931037,LL,LL,Coldspot,Coldspot,TRUE,TRUE
mmr_polbnda_adm3_250k_mimu_1.257,Shan (South),MMR014,Langkho,MMR014D003,Langkho,MMR014018,လင်းခေး,9.4,1,1,0,0,3,5,-162.33030303030304,-143.73030303030305,LL,0.5738823554537943,1.5926414041398338,0.11124065954403395,0.012,0.006,-1.7974392871050586,3.0612812853670756e-4,-1.627035762464277,0.10372950260987636,0.012,0.006,0.06228571428571429,0.06884210526315789,LL,Not significant,Coldspot,Not significant,0,-89.66060606060606,-84.86060606060606,LL,0.6319813590725352,1.702118035365337,0.08873324365902628,0.002,0.001,-1.9269943729221561,1.3518994186832497e-4,-1.753985327560747,0.07943302129493673,0.004,0.002,0.02616,0.039636363636363636,LL,LL,Coldspot,Coldspot,TRUE,TRUE
mmr_polbnda_adm3_250k_mimu_1.259,Shan (South),MMR014,Langkho,MMR014D003,Mongnai,MMR014019,မိုးနဲ,9.4,6,1,0,5,2,7,-157.33030303030304,-154.33030303030304,LL,0.5972257433324849,2.015587848729495,0.04384309146172288,0.002,0.001,-2.1936011909418016,1.6002152173509712e-4,-2.0770280048551393,0.03779897456329421,0.002,0.001,0.023357142857142858,0.02616,LL,LL,Coldspot,Coldspot,4,-85.66060606060606,-88.37489177489176,LL,0.6287912751641339,2.138852596676351,0.032447608184106753,0.002,0.001,-2.293884778866036,5.4920913884007027e-5,-2.2089880911727158,0.02717546923879427,0.002,0.001,0.02616,0.022551724137931037,LL,LL,Coldspot,Coldspot,TRUE,TRUE
mmr_polbnda_adm3_250k_mimu_1.258,Shan (South),MMR014,Langkho,MMR014D003,Mawkmai,MMR014020,မောက်မယ်,9.4,29,17,10,2,35,7,-134.33030303030304,-55.47316017316019,LL,0.18328707195475255,0.7912361758484225,0.4288061848702389,0.484,0.242,-0.9263330197788426,0.0018182155513089297,-0.7100005045555254,0.47770382329476957,0.534,0.267,0.6941578947368421,0.7242644628099174,Not significant,Not significant,Not significant,Not significant,2,-87.66060606060606,-31.946320346320334,LL,0.23260646460167955,0.8161269520948974,0.4144275303594164,0.446,0.223,-1.013867581231056,0.0017152223874543735,-0.7591965786437304,0.4477349724181732,0.48,0.239,0.6933611111111111,0.723,Not significant,Not significant,Not significant,Not significant,TRUE,TRUE
mmr_polbnda_adm3_250k_mimu_1.260,Shan (South),MMR014,Langkho,MMR014D003,Mongpan,MMR014021,မိုင်းပန်,9.4,5,4,0,1,4,3,-158.33030303030304,-159.9969696969697,LL,0.6230899290585941,1.347211153341816,0.17791223684093427,0.004,0.002,-1.5901419530837833,6.957457466743353e-5,-1.413716981777071,0.15744501721893425,0.004,0.002,0.03353846153846154,0.036333333333333336,LL,LL,Coldspot,Coldspot,0,-89.66060606060606,-87.99393939393939,LL,0.6553161942846835,1.3710812985696117,0.1703496140936097,0.004,0.002,-1.618906426002673,4.224685683385156e-5,-1.4600675167792576,0.14427151900204002,0.006,0.003,0.036333333333333336,0.05163157894736842,LL,LL,Coldspot,Not significant,TRUE,TRUE
mmr_polbnda_adm3_250k_mimu_1.242,Shan (North),MMR015,Lashio,MMR015D001,Lashio,MMR015001,လားရှိုး,9.4,403,147,199,57,504,8,239.66969696969696,-70.70530303030304,HL,-0.4168118392215287,-0.9750947759817283,0.32951324969652945,0.334,0.167,-0.5455604888885074,0.0023583203976161177,-1.0327595852895237,0.3017164212149451,0.308,0.154,0.5544060913705584,0.5420855614973262,Not significant,Not significant,Not significant,Not significant,203,113.33939393939394,-39.66060606060606,HL,-0.37336766324719073,-1.0020428066452864,0.31632291881229446,0.318,0.158,-0.6272438951006112,0.0022644315262944437,-1.055982141020375,0.2909763741473812,0.268,0.134,0.6045697674418605,0.5376441717791411,Not significant,Not significant,Not significant,Not significant,TRUE,TRUE
mmr_polbnda_adm3_250k_mimu_1.240,Shan (North),MMR015,Lashio,MMR015D001,Hseni,MMR015002,သိန္နီ,9.4,193,89,85,19,214,4,29.669696969696957,80.91969696969693,HH,0.05905304413077628,0.7816283045441906,0.43443304754653056,0.4,0.2,0.7885186424100677,0.004341453459247853,0.8293363791140902,0.4069140909049682,0.382,0.191,0.6083720930232559,0.5948285714285715,Not significant,Not significant,Not significant,Not significant,96,6.339393939393943,22.339393939393943,HH,0.01176293226607496,0.3890350692994153,0.697250204278215,0.59,0.295,0.3924349575279,0.0036771664188184404,0.4208216402945266,0.6738853282584789,0.562,0.281,0.787469387755102,0.7863886639676113,Not significant,Not significant,Not significant,Not significant,TRUE,TRUE
mmr_polbnda_adm3_250k_mimu_1.243,Shan (North),MMR015,Lashio,MMR015D001,Mongyai,MMR015003,မိုင်းရယ်,9.4,36,6,21,9,20,5,-127.33030303030304,-20.130303030303043,LL,0.06304592438734564,0.25995982826358655,0.7948947608995887,0.922,0.461,-0.46514407935382734,0.002325336895551556,-0.23637344388439735,0.813142901100668,0.95,0.475,0.9510851735015774,0.9738244514106582,Not significant,Not significant,Not significant,Not significant,14,-75.66060606060606,-16.26060606060605,LL,0.10218873275791358,0.35600302277636214,0.7218383014464791,0.852,0.426,-0.5885008639251796,0.002146140327159659,-0.355695291570765,0.7220687715209895,0.864,0.432,0.9122675159235669,0.9113806451612904,Not significant,Not significant,Not significant,Not significant,TRUE,TRUE
mmr_polbnda_adm3_250k_mimu_1.244,Shan (North),MMR015,Lashio,MMR015D001,Tangyan,MMR015004,တန့်ယန်း,9.4,20,4,3,13,8,7,-143.33030303030304,-97.75887445887446,LL,0.34464274710795706,1.3013177776968567,0.1931497045283738,0.136,0.068,-1.4669159459392656,0.001110874042190022,-1.3195165600055077,0.186996477577232,0.16,0.08,0.327,0.3684507042253521,Not significant,Not significant,Not significant,Not significant,9,-80.66060606060606,-56.803463203463195,LL,0.3805684354007269,1.3705286381445625,0.17052194203219997,0.088,0.044,-1.5577934641955384,0.0010096998783290523,-1.3901521685354479,0.16448267450089454,0.104,0.052,0.25465486725663716,0.2764878048780488,Not significant,Not significant,Not significant,Not significant,TRUE,TRUE
mmr_polbnda_adm3_250k_mimu_1.247,Shan (North),MMR015,Matman,MMR015D007,Pangsang (Panghkam),MMR015005,ပန်ဆန်း (ပန်ခမ်း),9.4,4,2,1,1,6,5,-159.33030303030304,-159.13030303030305,LL,0.6236288577737932,1.746635850313064,0.08070052439303507,0.002,0.001,-1.9484191421947845,7.730508296381502e-5,-1.803129068053075,0.07136794699515234,0.002,0.001,0.023357142857142858,0.02616,LL,LL,Coldspot,Coldspot,3,-86.66060606060606,-87.66060606060607,LL,0.6309902667184107,1.777362168575213,0.07550867101973803,0.002,0.001,-1.9682364698380295,7.322788517867604e-5,-1.8148304474884531,0.06954996977625523,0.002,0.001,0.02616,0.022551724137931037,LL,LL,Coldspot,Coldspot,TRUE,TRUE
mmr_polbnda_adm3_250k_mimu_1.246,Shan (North),MMR015,Matman,MMR015D007,Narphan,MMR015006,နားဖန်း,9.4,0,0,0,0,0,3,-163.33030303030304,-161.9969696969697,LL,0.6508015672701576,1.3531716089963468,0.1760008130339678,0.002,0.001,-1.6175443974202253,1.8553219911315608e-5,-1.3942481283385402,0.16324268892086302,0.002,0.001,0.023357142857142858,0.02616,LL,LL,Coldspot,Coldspot,0,-89.66060606060606,-88.66060606060606,LL,0.6602810528404597,1.3770997885634533,0.1684813980781817,0.004,0.002,-1.6280620380844006,2.5348114100310938e-5,-1.4144878910496974,0.15721870025466006,0.002,0.001,0.036333333333333336,0.022551724137931037,LL,LL,Coldspot,Coldspot,TRUE,TRUE
mmr_polbnda_adm3_250k_mimu_1.233,Shan (North),MMR015,Hopang,MMR015D006,Pangwaun,MMR015007,ပန်ဝိုင်,9.4,0,0,0,0,0,2,-163.33030303030304,-163.33030303030304,LL,0.6561580589665768,1.1177353908097016,0.2636800228316497,0.002,0.001,-1.4073072778579525,0,-1.1681932656906924,0.24272881628831203,0.002,0.001,0.023357142857142858,0.02616,LL,LL,Coldspot,Coldspot,0,-89.66060606060606,-89.66060606060606,LL,0.6677283406741241,1.132092710836264,0.25759545906025805,0.002,0.001,-1.419660846181767,0,-1.1829212621576641,0.23684035417133964,0.002,0.001,0.02616,0.022551724137931037,LL,LL,Coldspot,Coldspot,TRUE,TRUE
mmr_polbnda_adm3_250k_mimu_1.232,Shan (North),MMR015,Hopang,MMR015D006,Mongmao,MMR015008,မိုင်းမော,9.4,0,0,0,0,0,5,-163.33030303030304,-157.33030303030307,LL,0.6320538463326908,1.7936071051395848,0.07287590167492503,0.002,0.001,-1.9382178006346682,9.276609955657804e-5,-1.736673852055919,0.08244475566145204,0.002,0.001,0.023357142857142858,0.02616,LL,LL,Coldspot,Coldspot,0,-89.66060606060606,-86.46060606060607,LL,0.6438970196063982,1.8095857685704453,0.07036004851717616,0.002,0.001,-1.9569886252246094,9.012662791221666e-5,-1.762522952838669,0.07798098184239313,0.002,0.001,0.02616,0.022551724137931037,LL,LL,Coldspot,Coldspot,TRUE,TRUE
mmr_polbnda_adm3_250k_mimu_1.251,Shan (North),MMR015,Muse,MMR015D002,Muse,MMR015009,မူဆယ်,9.4,640,366,184,90,572,3,476.66969696969693,59.00303030303028,HH,0.6917780728386519,0.4594790672221296,0.6458901807203823,0.546,0.273,1.628399690796479,0.006062264606022375,0.6032954668149593,0.546312148109426,0.48,0.24,0.7281376518218624,0.6824347826086956,Not significant,Not significant,Not significant,Not significant,295,205.33939393939394,7.339393939393947,HH,0.12517826967561582,0.06471915280961547,0.9483976130544615,0.722,0.361,1.0407988837391695,0.004951331620927403,0.17302241315611389,0.8626338101649474,0.686,0.343,0.8462150537634409,0.830169741697417,Not significant,Not significant,Not significant,Not significant,TRUE,TRUE
mmr_polbnda_adm3_250k_mimu_1.252,Shan (North),MMR015,Muse,MMR015D002,Namhkan,MMR015010,နမ့်ခမ်း,9.4,178,78,68,32,118,4,14.669696969696957,165.41969696969693,HH,0.05968748712582144,1.630377461292502,0.10302174520222994,0.152,0.076,1.5093127944146048,0.00553999146551884,1.6233500200724928,0.10451460242045914,0.164,0.082,0.3550285714285714,0.37241666666666673,Not significant,Not significant,Not significant,Not significant,95,5.339393939393943,52.589393939393936,HH,0.02332311745157089,0.9720119881655096,0.3310445846223718,0.318,0.159,0.8845319910334359,0.00448830607002839,0.9663117194447434,0.33388822351840614,0.332,0.166,0.6045697674418605,0.6133559322033898,Not significant,Not significant,Not significant,Not significant,TRUE,TRUE
mmr_polbnda_adm3_250k_mimu_1.250,Shan (North),MMR015,Muse,MMR015D002,Kutkai,MMR015011,ကွတ်ခိုင်,9.4,470,256,156,58,313,7,306.66969696969693,19.955411255411253,HH,0.1505242521212517,0.24111418246603,0.8094666209857443,0.752,0.376,0.7911255226783701,0.004065474313067033,0.3007649680736404,0.7635937236225827,0.698,0.35,0.850878892733564,0.8175,Not significant,Not significant,Not significant,Not significant,190,100.33939393939394,-3.517748917748918,HL,-0.029317894714024094,-0.0992207568490055,0.9209629945954863,0.994,0.497,0.24660736911178668,0.003350175746924429,-0.051341129351846204,0.9590536948189163,0.952,0.477,0.9970490797546012,0.9667826086956521,Not significant,Not significant,Not significant,Not significant,TRUE,TRUE
mmr_polbnda_adm3_250k_mimu_1.237,Shan (North),MMR015,Kyaukme,MMR015D003,Kyaukme,MMR015012,ကျောက်မဲ,9.4,451,179,209,63,495,6,287.66969696969693,123.66969696969697,HH,0.8750489420508002,1.593671618716065,0.11100960420000004,0.152,0.076,1.94800799046977,0.005759449552469832,1.5975911765007371,0.11013399140806385,0.136,0.068,0.3550285714285714,0.327,Not significant,Not significant,Not significant,Not significant,236,146.33939393939394,91.00606060606061,HH,1.1061856919338309,2.176348179319949,0.029529235510027986,0.074,0.037,2.407064654859485,0.006373240116649606,2.1607452716621727,0.030715021739957656,0.06,0.03,0.23045714285714286,0.2022680412371134,Not significant,Not significant,Not significant,Not significant,TRUE,TRUE
mmr_polbnda_adm3_250k_mimu_1.239,Shan (North),MMR015,Kyaukme,MMR015D003,Nawnghkio,MMR015013,နောင်ချို,9.4,788,447,307,34,465,8,624.6696969696969,135.16969696969693,HH,2.076847989211769,1.98246496081827,0.04742722529102011,0.086,0.043,2.85527283448933,0.006547225159815374,2.0000526898817426,0.04549457464085102,0.088,0.044,0.2510892857142857,0.25465486725663716,Not significant,Not significant,Not significant,Not significant,544,454.339393939394,73.96439393939396,HH,2.7912553381595755,2.0292053727747152,0.04243737656999603,0.074,0.038,3.217190248446416,0.006958526730055727,2.047975226980355,0.04056242683701095,0.08,0.04,0.23045714285714286,0.24,Not significant,Not significant,Not significant,Not significant,TRUE,TRUE
mmr_polbnda_adm3_250k_mimu_1.236,Shan (North),MMR015,Kyaukme,MMR015D003,Hsipaw,MMR015014,သီပေါ,9.4,248,104,115,29,127,8,84.66969696969696,1.4196969696969575,HH,0.002956640982055609,-0.005840980203156146,0.9953395985758194,0.908,0.454,0.16071493555314942,0.0032282602645689155,0.030254020598218218,0.9758644660175128,0.886,0.443,0.9455923566878982,0.9285961538461539,Not significant,Not significant,Not significant,Not significant,145,55.33939393939394,-11.035606060606057,HL,-0.050725584130250356,-0.3227792346630822,0.7468624402926154,0.83,0.414,-0.10132530426337753,0.0029065837501689876,-0.279849018939298,0.7795933419061982,0.89,0.445,0.9016943521594684,0.9268471337579619,Not significant,Not significant,Not significant,Not significant,TRUE,TRUE
mmr_polbnda_adm3_250k_mimu_1.238,Shan (North),MMR015,Kyaukme,MMR015D003,Namtu,MMR015015,နမ္မတူ,9.4,134,59,51,24,26,4,-29.330303030303043,41.419696969696965,LH,-0.029881225075751635,-0.4371671812598217,0.6619901087449467,0.558,0.279,0.3042699396701773,0.003536243715096756,0.40021376435846906,0.6889990774510596,0.592,0.296,0.7357500000000001,0.7712509960159362,Not significant,Not significant,Not significant,Not significant,77,-12.660606060606057,17.839393939393943,LH,-0.01875992340936697,-0.36737175385032184,0.7133417379974217,0.606,0.303,0.24070503886369257,0.0034270650263620384,0.30467759436060887,0.760611715876171,0.664,0.332,0.7947011952191234,0.8287328244274809,Not significant,Not significant,Not significant,Not significant,TRUE,TRUE
mmr_polbnda_adm3_250k_mimu_1.254,Shan (North),MMR015,Pa Laung Self-Administered Zone,MMR015S001,Namhsan,MMR015016,နမ့်ဆန်,9.4,96,30,44,22,98,5,-67.33030303030304,53.269696969696966,LH,-0.08821973053889938,-0.5249221709524232,0.5996372961915337,0.55,0.275,0.40605048988013237,0.0036457077125735165,0.5909614084306714,0.5545462787848848,0.498,0.249,0.7281376518218624,0.6959230769230769,Not significant,Not significant,Not significant,Not significant,44,-45.66060606060606,31.13939393939395,LH,-0.11809956463779114,-0.562772053953421,0.5735901122920934,0.522,0.261,0.41255730666919765,0.0036501284304447743,0.6281354989709067,0.5299151798061446,0.476,0.239,0.7543947368421052,0.7206111111111111,Not significant,Not significant,Not significant,Not significant,TRUE,TRUE
mmr_polbnda_adm3_250k_mimu_1.249,Shan (North),MMR015,Mongmit,MMR015D008,Mongmit,MMR015017,မိုးမိတ်,9.4,178,101,57,20,231,6,14.669696969696957,55.83636363636363,HH,0.020147130582089376,0.7024973805216163,0.48236903473887077,0.436,0.218,0.6615546284288557,0.003957136761084886,0.6334889611266767,0.5264143872862246,0.466,0.233,0.6451221719457014,0.674078947368421,Not significant,Not significant,Not significant,Not significant,108,18.339393939393943,27.50606060606061,HH,0.04189959685167915,0.6405923492555515,0.5217875716152689,0.438,0.219,0.6375112065797476,0.003915680101971843,0.5789654495825496,0.5626124863292483,0.496,0.248,0.6885865384615385,0.7305945945945946,Not significant,Not significant,Not significant,Not significant,TRUE,TRUE
mmr_polbnda_adm3_250k_mimu_1.248,Shan (North),MMR015,Mongmit,MMR015D008,Mabein,MMR015018,မဘိမ်း,9.4,29,9,15,5,53,8,-134.33030303030304,70.91969696969694,LH,-0.23432347392718555,-0.991657288344238,0.32136473299996793,0.32,0.16,0.7247310920385486,0.003922975276803733,0.9151342550923759,0.3601211538336566,0.358,0.179,0.5461237113402062,0.5710536585365854,Not significant,Not significant,Not significant,Not significant,14,-75.66060606060606,30.83939393939394,LH,-0.19380818734202146,-0.7895650059856402,0.42978185176657896,0.406,0.203,0.5260863479634975,0.0036726600874228293,0.7122690337903392,0.47629819565922077,0.44,0.22,0.66381,0.6978086124401914,Not significant,Not significant,Not significant,Not significant,TRUE,TRUE
mmr_polbnda_adm3_250k_mimu_1.253,Shan (North),MMR015,Pa Laung Self-Administered Zone,MMR015S001,Manton,MMR015019,မန်တုံ,9.4,72,39,23,10,34,9,-91.33030303030304,38.22525252525249,LH,-0.08586974898125736,-0.5047381045030316,0.6137427940425129,0.58,0.29,0.4018467493629413,0.0034991372752741236,0.4954322758670646,0.6202950163889607,0.612,0.306,0.749267716535433,0.7738167938931297,Not significant,Not significant,Not significant,Not significant,38,-51.66060606060606,7.339393939393943,LH,-0.031493154591509954,-0.14396295554529187,0.8855297220470721,0.804,0.402,0.04206306006540743,0.003078950926051102,0.14215269689285445,0.8869593946652905,0.812,0.406,0.891213559322034,0.8976040268456374,Not significant,Not significant,Not significant,Not significant,TRUE,TRUE
mmr_polbnda_adm3_250k_mimu_1.241,Shan (North),MMR015,Lashio,MMR015D001,Kunlong,MMR015020,ကွမ်းလုံ,9.4,32,20,9,3,24,5,-131.33030303030304,80.86969696969695,LH,-0.2612315899364542,-0.9056603929777423,0.3651156323908672,0.372,0.186,0.5570303449698585,0.003874530758146409,0.941846128494628,0.3462714244668085,0.364,0.182,0.5905048543689321,0.5778058252427184,Not significant,Not significant,Not significant,Not significant,17,-72.66060606060606,20.13939393939395,LH,-0.12154633899206317,-0.42801666732363014,0.6686389857602755,0.61,0.305,0.10511622056905214,0.0031882294623946645,0.4358750413049579,0.6629273945465223,0.578,0.289,0.7947011952191234,0.7863886639676113,Not significant,Not significant,Not significant,Not significant,TRUE,TRUE
mmr_polbnda_adm3_250k_mimu_1.231,Shan (North),MMR015,Hopang,MMR015D006,Hopang,MMR015021,ဟိုပန်,9.4,6,4,2,0,1,5,-157.33030303030304,-42.53030303030304,LL,0.16458330828548423,0.4927852229640575,0.6221643529872021,0.768,0.384,-0.7548621796611398,0.0018862440243170864,-0.4769290623972674,0.6334126362037878,0.728,0.364,0.8630103092783505,0.8294634146341463,Not significant,Not significant,Not significant,Not significant,4,-85.66060606060606,-32.66060606060606,LL,0.23238166089971513,0.6850500434890914,0.4933123426335121,0.59,0.295,-0.9334347654033922,0.0016279122166644132,-0.6539415219863479,0.513149481513834,0.582,0.29,0.787469387755102,0.7863886639676113,Not significant,Not significant,Not significant,Not significant,TRUE,TRUE
mmr_polbnda_adm3_250k_mimu_1.235,Shan (North),MMR015,Kokang Self-Administered Zone,MMR015S002,Laukkaing,MMR015022,လောက်ကိုင်,9.4,149,95,39,15,306,4,-14.330303030303043,-31.58030303030305,LL,0.011131318226308062,0.2481245849826188,0.8040380142182941,0.952,0.476,-0.3138724135968724,0.0025083953320098706,-0.3332220280733559,0.7389666913983615,0.886,0.443,0.9697943925233644,0.9285961538461539,Not significant,Not significant,Not significant,Not significant,56,-33.66060606060606,-35.41060606060606,LL,0.09900377632998265,0.6149939577685821,0.5385587107455521,0.622,0.312,-0.7188841764721025,0.0018453427065026362,-0.6635554585603588,0.5069748731793735,0.59,0.295,0.8001882352941178,0.7863886639676113,Not significant,Not significant,Not significant,Not significant,TRUE,TRUE
mmr_polbnda_adm3_250k_mimu_1.234,Shan (North),MMR015,Kokang Self-Administered Zone,MMR015S002,Konkyan,MMR015023,ကုန်းကြမ်း,9.4,19,17,0,2,162,3,-144.33030303030304,256.33636363636356,LH,-0.9100026859771735,-2.300705394423616,0.02140828897872522,0.064,0.032,1.5561568830004049,0.005927753761665337,2.2299193681189817,0.025752796335002496,0.066,0.033,0.19931428571428572,0.20360377358490567,Not significant,Not significant,Not significant,Not significant,6,-83.66060606060606,90.67272727272727,LH,-0.6300777656582978,-1.4809168104017305,0.13862874287028196,0.18,0.09,0.8622644481454829,0.004621806137623361,1.4509204473137496,0.14680201348543573,0.196,0.098,0.4145070422535211,0.436,Not significant,Not significant,Not significant,Not significant,TRUE,TRUE
mmr_polbnda_adm3_250k_mimu_1.245,Shan (North),MMR015,Matman,MMR015D007,Matman,MMR015024,မက်မန်း,9.4,0,0,0,0,0,6,-163.33030303030304,-156.66363636363639,LL,0.6293756004844812,1.8922177155849271,0.05846197893712277,0.002,0.001,-2.0872935113438613,1.0601839949323203e-4,-1.8698207647127487,0.06150871182950017,0.002,0.001,0.023357142857142858,0.02616,LL,LL,Coldspot,Coldspot,0,-89.66060606060606,-85.9939393939394,LL,0.6404216186173548,1.937202685409314,0.05272057213606351,0.002,0.001,-2.1054704647222446,1.0622066861082676e-4,-1.8736177748446945,0.06098312633575914,0.002,0.001,0.02616,0.022551724137931037,LL,LL,Coldspot,Coldspot,TRUE,TRUE
mmr_polbnda_adm3_250k_mimu_1.221,Shan (East),MMR016,Kengtung,MMR016D001,Kengtung,MMR016001,ကျိုင်းတုံ,9.4,3,0,0,3,3,6,-160.33030303030304,-160.330303030303,LL,0.6322752156577944,1.9278779589563917,0.05387030789006118,0.002,0.001,-2.123238531753828,5.5659659733946825e-5,-2.0211774746249787,0.04326139660763518,0.002,0.001,0.023357142857142858,0.02616,LL,LL,Coldspot,Coldspot,2,-87.66060606060606,-88.66060606060604,LL,0.6455525989106671,1.9370823417664145,0.052735278781043525,0.002,0.001,-2.154141875873357,3.862569767666428e-5,-2.0372692166373323,0.041623070894471544,0.002,0.001,0.02616,0.022551724137931037,LL,LL,Coldspot,Coldspot,TRUE,TRUE
mmr_polbnda_adm3_250k_mimu_1.222,Shan (East),MMR016,Kengtung,MMR016D001,Mongkhet,MMR016002,မိုင်းခတ်,9.4,0,0,0,0,0,5,-163.33030303030304,-161.53030303030306,LL,0.648926795176411,1.7626821228569873,0.07795411755697347,0.002,0.001,-1.9810634351871579,2.7829829866973412e-5,-1.7764160325040608,0.07566437049165259,0.002,0.001,0.023357142857142858,0.02616,LL,LL,Coldspot,Coldspot,0,-89.66060606060606,-88.46060606060607,LL,0.658791595273727,1.7572173828410724,0.0788807634663598,0.002,0.001,-1.994481440602676,3.379748546708125e-5,-1.7899885192114016,0.07345575707049654,0.002,0.001,0.02616,0.022551724137931037,LL,LL,Coldspot,Coldspot,TRUE,TRUE
mmr_polbnda_adm3_250k_mimu_1.225,Shan (East),MMR016,Kengtung,MMR016D001,Mongyang,MMR016003,မိုင်းယန်း,9.4,1,0,1,0,2,4,-162.33030303030304,-162.33030303030304,LL,0.6481479180136263,1.6805496843896237,0.09285041601007325,0.002,0.001,-1.811249738658931,1.8553219911315608e-5,-1.6118721026281069,0.10698977399294443,0.002,0.001,0.023357142857142858,0.02616,LL,LL,Coldspot,Coldspot,1,-88.66060606060606,-88.91060606060606,LL,0.6547578826167876,1.6973766875139347,0.08962546710539225,0.002,0.001,-1.8220016932470122,2.7037988373665e-5,-1.6327968365347072,0.10251173263761607,0.002,0.001,0.02616,0.022551724137931037,LL,LL,Coldspot,Coldspot,TRUE,TRUE
mmr_polbnda_adm3_250k_mimu_1.223,Shan (East),MMR016,Kengtung,MMR016D001,Mongla,MMR016005,မိုင်းလား,9.4,0,0,0,0,0,4,-163.33030303030304,-160.83030303030304,LL,0.6461146370357909,1.6595279722344711,0.09700944886047162,0.002,0.001,-1.8000919344483344,3.7106439822631217e-5,-1.6065837632046582,0.10814570665487157,0.002,0.001,0.023357142857142858,0.02616,LL,LL,Coldspot,Coldspot,0,-89.66060606060606,-88.41060606060606,LL,0.6584192308820437,1.658641579799682,0.0971880379073549,0.002,0.001,-1.8179008846344662,3.379748546708125e-5,-1.6167703453491218,0.10592786284103058,0.002,0.001,0.02616,0.022551724137931037,LL,LL,Coldspot,Coldspot,TRUE,TRUE
mmr_polbnda_adm3_250k_mimu_1.226,Shan (East),MMR016,Monghsat,MMR016D002,Monghsat,MMR016006,မိုင်းဆတ်,9.4,7,5,1,1,1,5,-156.33030303030304,-157.93030303030304,LL,0.6072724373553152,1.8055831994827771,0.07098346888145621,0.002,0.001,-1.9300567273865747,1.0513491283078844e-4,-1.7780032433601343,0.07540332220367506,0.002,0.001,0.023357142857142858,0.02616,LL,LL,Coldspot,Coldspot,1,-88.66060606060606,-85.66060606060606,LL,0.6308241449808746,1.811057311000768,0.07013198065720609,0.002,0.001,-1.9382422175355765,1.1829119913478437e-4,-1.778996923358101,0.07524026636930783,0.002,0.001,0.02616,0.022551724137931037,LL,LL,Coldspot,Coldspot,TRUE,TRUE
mmr_polbnda_adm3_250k_mimu_1.224,Shan (East),MMR016,Kengtung,MMR016D001,Mongping,MMR016007,မိုင်းပျဉ်း,9.4,5,1,4,0,5,8,-158.33030303030304,-158.70530303030304,LL,0.6180596807156098,2.2342465332392685,0.0254668561902657,0.002,0.001,-2.389910056980229,8.658169291947283e-5,-2.1949852778684096,0.02816465382176768,0.002,0.001,0.023357142857142858,0.02616,LL,LL,Coldspot,Coldspot,3,-86.66060606060606,-87.78560606060604,LL,0.6318900298718306,2.263935048474179,0.023578109905063142,0.002,0.001,-2.4264390742806206,6.759497093416249e-5,-2.2323251091551373,0.02559348352261591,0.002,0.001,0.02616,0.022551724137931037,LL,LL,Coldspot,Coldspot,TRUE,TRUE
mmr_polbnda_adm3_250k_mimu_1.227,Shan (East),MMR016,Monghsat,MMR016D002,Mongton,MMR016008,မိုင်းတုံ,9.4,3,2,1,0,6,5,-160.33030303030304,-158.53030303030306,LL,0.6251767734626911,1.7495194776251615,0.08020126496126218,0.002,0.001,-1.9443386055707381,8.348948960092024e-5,-1.8199982771319496,0.06875926726181834,0.002,0.001,0.023357142857142858,0.02616,LL,LL,Coldspot,Coldspot,1,-88.66060606060606,-88.06060606060606,LL,0.6484982896966257,1.7953441599232534,0.07259888330162431,0.002,0.001,-1.9832335959892562,5.0696228200621875e-5,-1.8577600206050595,0.06320310085021257,0.002,0.001,0.02616,0.022551724137931037,LL,LL,Coldspot,Coldspot,TRUE,TRUE
mmr_polbnda_adm3_250k_mimu_1.230,Shan (East),MMR016,Tachileik,MMR016D003,Tachileik,MMR016009,တာချီလိတ်,9.4,16,1,11,4,3,3,-147.33030303030304,-158.9969696969697,LL,0.5761769242858743,1.4131208034049414,0.15762020739137442,0.006,0.003,-1.5552661148374027,1.3451084435703816e-4,-1.3786848897022548,0.16799193032313678,0.006,0.003,0.046714285714285715,0.04265217391304348,LL,LL,Coldspot,Coldspot,14,-75.66060606060606,-88.66060606060606,LL,0.5571818753319115,1.4412533300602715,0.14951312689849933,0.002,0.001,-1.563972753512308,1.4363931323509532e-4,-1.4189772070471633,0.15590566126972202,0.002,0.001,0.02616,0.022551724137931037,LL,LL,Coldspot,Coldspot,TRUE,TRUE
mmr_polbnda_adm3_250k_mimu_1.228,Shan (East),MMR016,Tachileik,MMR016D003,Monghpyak,MMR016010,မိုင်းဖြတ်,9.4,0,0,0,0,0,4,-163.33030303030304,-155.33030303030304,LL,0.6240191087880621,1.513662190004436,0.13011153924429172,0.002,0.001,-1.7509975959217094,1.187406074324199e-4,-1.5462308583470914,0.1220488234468521,0.002,0.001,0.023357142857142858,0.02616,LL,LL,Coldspot,Coldspot,0,-89.66060606060606,-84.91060606060606,LL,0.6323537234642184,1.5310692058454825,0.12575228953752401,0.01,0.005,-1.7604895640588203,1.2843044477490876e-4,-1.5593172584796895,0.11892130891077564,0.01,0.005,0.06169811320754717,0.07108695652173913,LL,Not significant,Coldspot,Not significant,TRUE,TRUE
mmr_polbnda_adm3_250k_mimu_1.229,Shan (East),MMR016,Tachileik,MMR016D003,Mongyawng,MMR016011,မိုင်းယောင်း,9.4,6,2,3,1,6,4,-157.33030303030304,-158.58030303030304,LL,0.6136723475270265,1.6388741921644114,0.10123946355744019,0.002,0.001,-1.7666185218165447,9.276609955657804e-5,-1.596133049337354,0.11045909133653099,0.002,0.001,0.023357142857142858,0.02616,LL,LL,Coldspot,Coldspot,2,-87.66060606060606,-85.66060606060606,LL,0.6237091006222825,1.6259977388318398,0.1039501363808263,0.002,0.001,-1.7645903726713663,1.216709476814925e-4,-1.5995526447020254,0.10969786096754292,0.002,0.001,0.02616,0.022551724137931037,LL,LL,Coldspot,Coldspot,TRUE,TRUE
mmr_polbnda_adm3_250k_mimu_1.20,Ayeyarwady,MMR017,Pathein,MMR017D001,Pathein,MMR017001,ပုသိမ်,9.4,117,32,47,38,39,4,-46.33030303030304,-90.08030303030304,LL,0.10265258986393629,0.8544910393969792,0.39283297218391877,0.456,0.228,-0.9074675976006097,0.0015213640327278797,-0.8939436619965963,0.37135203513521803,0.396,0.198,0.6627200000000001,0.610811320754717,Not significant,Not significant,Not significant,Not significant,80,-9.660606060606057,-48.91060606060606,LL,0.039246766943015314,0.8510897927410153,0.39471947508258387,0.412,0.206,-0.8419084348484864,0.0016425577937001488,-0.8946466027211267,0.37097603130814333,0.354,0.177,0.6702686567164179,0.6192127659574468,Not significant,Not significant,Not significant,Not significant,TRUE,TRUE
mmr_polbnda_adm3_250k_mimu_1.16,Ayeyarwady,MMR017,Pathein,MMR017D001,Kangyidaunt,MMR017002,ကန်ကြီးထောင့်,9.4,18,2,10,6,5,5,-145.33030303030304,-126.93030303030304,LL,0.45372888462023875,1.4734684543077787,0.14062476385821976,0.058,0.029,-1.591372187590703,6.184406637105202e-4,-1.435377540492575,0.15117954251882226,0.068,0.034,0.19876470588235295,0.20781308411214952,Not significant,Not significant,Not significant,Not significant,12,-77.66060606060606,-68.26060606060607,LL,0.44031895812937144,1.4472217514752144,0.1478348263641236,0.062,0.031,-1.5708126268305236,6.703167950971115e-4,-1.4151936858376728,0.15701171532925629,0.074,0.037,0.21568085106382978,0.23493203883495145,Not significant,Not significant,Not significant,Not significant,TRUE,TRUE
mmr_polbnda_adm3_250k_mimu_1.21,Ayeyarwady,MMR017,Pathein,MMR017D001,Thabaung,MMR017003,သာပေါင်း,9.4,43,28,4,11,14,5,-120.33030303030304,-76.13030303030304,LL,0.2253240249678589,0.836195505122302,0.40304492668877545,0.434,0.217,-1.022137328536195,0.001481165389586696,-0.8780684704572191,0.37990656220934227,0.414,0.207,0.6450818181818182,0.621,Not significant,Not significant,Not significant,Not significant,16,-73.66060606060606,-36.66060606060606,LL,0.22430109686659494,0.7375882710524738,0.4607646849591927,0.492,0.248,-0.9634290177058454,0.001582848902708305,-0.7760796236533879,0.43770197395708715,0.482,0.241,0.7305945945945946,0.723,Not significant,Not significant,Not significant,Not significant,TRUE,TRUE
mmr_polbnda_adm3_250k_mimu_1.19,Ayeyarwady,MMR017,Pathein,MMR017D001,Ngapudaw,MMR017004,ငပုတော,9.4,24,4,5,15,10,1,-139.33030303030304,-46.33030303030304,LL,0.1587762915026635,0.19055170689163542,0.8488768291016154,0.8,0.4,-0.6520835716377187,0.0013080020037477503,-0.2017220192216681,0.8401340476052742,0.822,0.412,0.8800469798657719,0.8951760797342191,Not significant,Not significant,Not significant,Not significant,15,-74.66060606060606,-9.660606060606057,LL,0.059909038997677355,0.040887448819473,0.9673856234720152,0.716,0.351,-0.5442282791836545,0.0016053805596863593,-0.03684033647762564,0.9706123120059578,0.728,0.373,0.8462150537634409,0.859407942238267,Not significant,Not significant,Not significant,Not significant,TRUE,TRUE
mmr_polbnda_adm3_250k_mimu_1.18,Ayeyarwady,MMR017,Pathein,MMR017D001,Kyonpyaw,MMR017005,ကျုံပျော်,9.4,42,2,14,26,16,6,-121.33030303030304,-123.4969696969697,LL,0.3685534789764956,1.5238254630315564,0.12755231699375827,0.052,0.026,-1.6313593050911255,7.447792564399552e-4,-1.5432363030541354,0.1227734520586349,0.03,0.015,0.19322727272727272,0.12576923076923077,Not significant,Not significant,Coldspot,Not significant,25,-64.66060606060606,-64.49393939393939,LL,0.3463818642851974,1.452292056048189,0.1464204153826531,0.066,0.033,-1.5700849420600054,8.497653488866142e-4,-1.4682151252470774,0.14204579701502917,0.046,0.023,0.22249484536082476,0.17907142857142858,Not significant,Not significant,Coldspot,Not significant,TRUE,TRUE
mmr_polbnda_adm3_250k_mimu_1.22,Ayeyarwady,MMR017,Pathein,MMR017D001,Yegyi,MMR017006,ရေကြည်,9.4,87,52,19,16,32,5,-76.33030303030304,-83.53030303030305,LL,0.15682524512967227,0.9275783915757028,0.35362631080453566,0.388,0.194,-1.0078554503520318,0.0015028108128165643,-0.9010539372580453,0.36755964240267763,0.408,0.204,0.6070622009569379,0.621,Not significant,Not significant,Not significant,Not significant,50,-39.66060606060606,-43.66060606060606,LL,0.14382870680887447,0.8836509426981943,0.3768846700523105,0.404,0.202,-0.9671782992436518,0.0015772159884637918,-0.8771612359032718,0.3803990677669484,0.394,0.197,0.66381,0.654,Not significant,Not significant,Not significant,Not significant,TRUE,TRUE
mmr_polbnda_adm3_250k_mimu_1.17,Ayeyarwady,MMR017,Pathein,MMR017D001,Kyaunggon,MMR017007,ကျောင်းကုန်း,9.4,6,0,6,0,0,6,-157.33030303030304,-129.83030303030304,LL,0.5024159073874803,1.567862267619689,0.11691327928489574,0.032,0.016,-1.7713557003720486,5.486452173774758e-4,-1.6035888488929515,0.10880471032994177,0.026,0.013,0.13768421052631577,0.11336,LL,Not significant,Coldspot,Not significant,3,-86.66060606060606,-71.32727272727273,LL,0.5134212146715277,1.5804035364898337,0.11401448220235035,0.03,0.015,-1.7891062922400123,5.45587979682883e-4,-1.608298999506257,0.10776970968685796,0.026,0.013,0.13625,0.11186842105263156,LL,Not significant,Coldspot,Not significant,TRUE,TRUE
mmr_polbnda_adm3_250k_mimu_1.1,Ayeyarwady,MMR017,Hinthada,MMR017D002,Hinthada,MMR017008,ဟင်္သာတ,9.4,31,6,13,12,24,6,-132.33030303030304,-116.9969696969697,LL,0.3808104450880675,1.4862944555946294,0.13720125261036265,0.064,0.032,-1.5783876960659116,8.189921360852175e-4,-1.4260294564301588,0.15385983954271026,0.074,0.037,0.19931428571428572,0.21998181818181817,Not significant,Not significant,Not significant,Not significant,21,-68.66060606060606,-59.66060606060604,LL,0.34024500848111705,1.3803867664625755,0.167467592538591,0.084,0.042,-1.48317170786159,9.7047065412619e-4,-1.3289539952736664,0.18386314811781032,0.094,0.047,0.2497090909090909,0.2672869565217391,Not significant,Not significant,Not significant,Not significant,TRUE,TRUE
mmr_polbnda_adm3_250k_mimu_1.6,Ayeyarwady,MMR017,Hinthada,MMR017D002,Zalun,MMR017009,ဇလွန်,9.4,13,1,6,6,4,5,-150.33030303030304,-123.13030303030304,LL,0.4552882190904856,1.4473943805111245,0.1477864987402093,0.062,0.031,-1.5628084312223762,6.617315101702567e-4,-1.3467049274765674,0.17807528467502579,0.064,0.032,0.19876470588235295,0.20318446601941748,Not significant,Not significant,Not significant,Not significant,9,-80.66060606060606,-64.46060606060607,LL,0.4318693017993983,1.390182064715181,0.1644735982878011,0.088,0.044,-1.5108241222256173,7.60443423009328e-4,-1.2926625844027873,0.1961277837416848,0.078,0.039,0.25465486725663716,0.24,Not significant,Not significant,Not significant,Not significant,TRUE,TRUE
mmr_polbnda_adm3_250k_mimu_1.4,Ayeyarwady,MMR017,Hinthada,MMR017D002,Lemyethna,MMR017010,လေးမျက်နှာ,9.4,100,42,52,6,22,5,-63.33030303030304,-83.13030303030305,LL,0.12949287145476146,0.9470291472872058,0.3436239266721432,0.362,0.182,-0.9772514256716819,0.0015491938625948533,-0.8873978780500538,0.37486472553014616,0.412,0.206,0.5802647058823529,0.621,Not significant,Not significant,Not significant,Not significant,66,-23.660606060606057,-42.460606060606054,LL,0.0834465762895667,0.8945779450687432,0.3710127459517029,0.366,0.183,-0.8846941054119054,0.0017011401018430896,-0.8221440301603693,0.4109949288031136,0.462,0.231,0.6299052631578947,0.7126132075471698,Not significant,Not significant,Not significant,Not significant,TRUE,TRUE
mmr_polbnda_adm3_250k_mimu_1.5,Ayeyarwady,MMR017,Hinthada,MMR017D002,Myanaung,MMR017011,မြန်အောင်,9.4,18,3,6,9,3,5,-145.33030303030304,-66.13030303030305,LL,0.23639137319615808,0.743279202763231,0.45731266015590055,0.508,0.254,-0.9711306207356121,0.0015584704725505108,-0.6980117298034866,0.48516985849269967,0.572,0.286,0.7009113924050633,0.759483870967742,Not significant,Not significant,Not significant,Not significant,14,-75.66060606060606,-29.86060606060606,LL,0.18765705788231105,0.6197240438814123,0.535439483134903,0.6,0.3,-0.8434520084960323,0.0017631021585327385,-0.5846880932016506,0.5587574616125405,0.648,0.323,0.7943319838056679,0.8181312741312741,Not significant,Not significant,Not significant,Not significant,TRUE,TRUE
mmr_polbnda_adm3_250k_mimu_1.3,Ayeyarwady,MMR017,Hinthada,MMR017D002,Kyangin,MMR017012,ကြံခင်း,9.4,20,3,9,8,19,5,-143.33030303030304,-96.53030303030306,LL,0.34031149601177835,1.095699227057445,0.27321042107906035,0.242,0.121,-1.277170867539111,0.0010946399747676207,-1.0315269919631032,0.3022937571989324,0.28,0.14,0.4710357142857143,0.5143820224719101,Not significant,Not significant,Not significant,Not significant,13,-76.66060606060606,-49.86060606060606,LL,0.31748723655723826,1.0474903245258647,0.2948734923165576,0.256,0.129,-1.2221294438145047,0.0011941778198368707,-0.9715117461999017,0.33129350672236924,0.316,0.158,0.5331974522292994,0.5972947976878613,Not significant,Not significant,Not significant,Not significant,TRUE,TRUE
mmr_polbnda_adm3_250k_mimu_1.2,Ayeyarwady,MMR017,Hinthada,MMR017D002,Ingapu,MMR017013,အင်္ဂပူ,9.4,33,8,15,10,13,6,-130.33030303030304,-86.66363636363637,LL,0.2778159938819708,1.0772116948153883,0.28138570178917616,0.256,0.128,-1.2302885510430763,0.0013066767737540848,-1.0588664665321226,0.2896605980358611,0.252,0.125,0.48388439306358383,0.49144508670520237,Not significant,Not significant,Not significant,Not significant,20,-69.66060606060606,-41.32727272727272,LL,0.23912251184951377,0.9498099747696144,0.34220881659365066,0.346,0.173,-1.1042300067564985,0.001496745784970741,-0.9185809152700027,0.35831481807529797,0.344,0.172,0.6285666666666666,0.6182622950819672,Not significant,Not significant,Not significant,Not significant,TRUE,TRUE
mmr_polbnda_adm3_250k_mimu_1.14,Ayeyarwady,MMR017,Myaungmya,MMR017D003,Myaungmya,MMR017014,မြောင်းမြ,9.4,13,0,6,7,0,4,-150.33030303030304,-153.08030303030304,LL,0.5660317308513897,1.528463226847522,0.1263975669923245,0.008,0.004,-1.7019032573950847,2.003747750422086e-4,-1.5045512799732736,0.13243948003642522,0.006,0.003,0.05565957446808511,0.04265217391304348,LL,Not significant,Coldspot,Coldspot,7,-82.66060606060606,-82.66060606060606,LL,0.5675362935724578,1.5181899952970124,0.12896650890234165,0.016,0.008,-1.6948766262580823,2.365823982695688e-4,-1.4776791667919766,0.13949367320006714,0.014,0.007,0.08867796610169493,0.0803157894736842,LL,Not significant,Coldspot,Not significant,TRUE,TRUE
mmr_polbnda_adm3_250k_mimu_1.13,Ayeyarwady,MMR017,Myaungmya,MMR017D003,Einme,MMR017015,အိမ်မဲ,9.4,3,0,2,1,0,5,-160.33030303030304,-152.33030303030304,LL,0.6007265836795568,1.7043050484282871,0.08832411231393583,0.002,0.001,-1.8810902878980151,1.7934779247605088e-4,-1.7097636530657363,0.08730958674602449,0.004,0.002,0.023357142857142858,0.036333333333333336,LL,LL,Coldspot,Coldspot,1,-88.66060606060606,-82.66060606060606,LL,0.6087314640861857,1.7143842740554565,0.08645817476505492,0.006,0.003,-1.8820029944684764,2.027849128024875e-4,-1.697249080047406,0.08964957964498478,0.004,0.002,0.04905,0.039636363636363636,LL,LL,Coldspot,Coldspot,TRUE,TRUE
mmr_polbnda_adm3_250k_mimu_1.7,Ayeyarwady,MMR017,Labutta,MMR017D004,Labutta,MMR017016,လပွတ္တာ,9.4,10,0,8,2,2,3,-153.33030303030304,-145.66363636363639,LL,0.5493562541290302,1.2400040058597508,0.2149739124872333,0.044,0.022,-1.4705676505247642,2.922132136032208e-4,-1.213974952540457,0.22475728903759948,0.042,0.02,0.17334939759036144,0.1635,LL,Not significant,Coldspot,Not significant,8,-81.66060606060606,-77.99393939393939,LL,0.5290173610304103,1.222884067085788,0.2213734872263003,0.076,0.038,-1.4449497964498503,3.6332296877112345e-4,-1.192141984715339,0.23320557693800342,0.084,0.041,0.23445283018867924,0.2474594594594595,Not significant,Not significant,Not significant,Not significant,FALSE,FALSE
mmr_polbnda_adm3_250k_mimu_1.15,Ayeyarwady,MMR017,Myaungmya,MMR017D003,Wakema,MMR017017,ဝါးခယ်မ,9.4,10,2,5,3,3,7,-153.33030303030304,-144.47316017316018,LL,0.5448664888248251,1.9435547338338244,0.05194916896699468,0.002,0.001,-2.0642157692706182,3.2931965342585206e-4,-1.896606463344534,0.05787989692062337,0.006,0.003,0.023357142857142858,0.04265217391304348,LL,LL,Coldspot,Coldspot,7,-82.66060606060606,-77.23203463203463,LL,0.530264472631466,1.901967107977508,0.057175454824659015,0.004,0.002,-2.030064440422185,3.9712045423820466e-4,-1.8796307526202916,0.06015841905872057,0.008,0.004,0.036333333333333336,0.060837209302325584,LL,LL,Coldspot,Not significant,TRUE,TRUE
mmr_polbnda_adm3_250k_mimu_1.8,Ayeyarwady,MMR017,Labutta,MMR017D004,Mawlamyinegyun,MMR017018,မော်လမြိုင်ကျွန်း,9.4,30,6,12,12,11,4,-133.33030303030304,-149.08030303030304,LL,0.4889045337341013,1.556785863125599,0.11952133470729241,0.01,0.005,-1.6282617496051475,3.2282602645689154e-4,-1.451026485247578,0.14677248535023793,0.008,0.004,0.06055555555555556,0.053387755102040815,LL,Not significant,Coldspot,Not significant,21,-68.66060606060606,-79.66060606060606,LL,0.4543052002718208,1.5408393983522066,0.12335587802856321,0.02,0.01,-1.5882556023318828,4.123293226983913e-4,-1.410362699985734,0.158432613322898,0.024,0.012,0.09761194029850746,0.10750684931506849,LL,Not significant,Coldspot,Not significant,TRUE,TRUE
mmr_polbnda_adm3_250k_mimu_1.10,Ayeyarwady,MMR017,Maubin,MMR017D005,Maubin,MMR017019,မအူပင်,9.4,53,5,19,29,14,6,-110.33030303030304,-140.4969696969697,LL,0.3812735690953176,1.7145328685313228,0.08643090590183534,0.006,0.003,-1.8035170344230715,5.035873975928522e-4,-1.6689312118086537,0.09513101314344095,0.006,0.003,0.046714285714285715,0.04265217391304348,LL,LL,Coldspot,Coldspot,35,-54.66060606060606,-77.4939393939394,LL,0.35183468447001914,1.7300424283296443,0.08362269503739775,0.01,0.005,-1.8064889390796952,5.21446918634968e-4,-1.6811537251627857,0.0927330591769389,0.006,0.003,0.06169811320754717,0.05163157894736842,LL,Not significant,Coldspot,Not significant,TRUE,TRUE
mmr_polbnda_adm3_250k_mimu_1.12,Ayeyarwady,MMR017,Maubin,MMR017D005,Pantanaw,MMR017020,ပန်းတနော်,9.4,8,0,1,7,1,7,-155.33030303030304,-143.18744588744588,LL,0.5470613885761616,1.8252098773916448,0.06796936382749291,0.004,0.002,-2.0518089480144774,3.4555372084825323e-4,-1.865135540538734,0.06216240797885426,0.006,0.003,0.03353846153846154,0.04265217391304348,LL,LL,Coldspot,Coldspot,6,-83.66060606060606,-76.94632034632033,LL,0.5346940260615685,1.8056459654379096,0.07097365792812606,0.01,0.005,-2.0268073992068287,4.0134513992158983e-4,-1.8495764057424453,0.06437462605142107,0.01,0.005,0.06169811320754717,0.07108695652173913,LL,Not significant,Coldspot,Not significant,TRUE,TRUE
mmr_polbnda_adm3_250k_mimu_1.11,Ayeyarwady,MMR017,Maubin,MMR017D005,Nyaungdon,MMR017021,ညောင်တုန်း,9.4,20,2,7,11,3,6,-143.33030303030304,-136.83030303030304,LL,0.4823866046434104,1.6982744422835945,0.08945597610469812,0.012,0.006,-1.824327309397263,4.744323377322134e-4,-1.7448370180897688,0.08101324308636776,0.024,0.012,0.06228571428571429,0.11053521126760563,LL,Not significant,Coldspot,Not significant,13,-76.66060606060606,-76.66060606060606,LL,0.4881361438206523,1.7590576134680667,0.07856772333588417,0.01,0.005,-1.865589938334618,4.393673110720562e-4,-1.7846999965185708,0.07430999151261994,0.012,0.006,0.06169811320754717,0.07546153846153845,LL,Not significant,Coldspot,Not significant,TRUE,TRUE
mmr_polbnda_adm3_250k_mimu_1.9,Ayeyarwady,MMR017,Maubin,MMR017D005,Danubyu,MMR017022,ဓနုဖြူ,9.4,7,0,4,3,1,6,-156.33030303030304,-141.16363636363636,LL,0.5428013742494772,1.7247085387410304,0.08458001145667927,0.014,0.007,-1.898109193396668,3.7106439822631217e-4,-1.7416705777978678,0.08156610368998561,0.012,0.006,0.06936363636363636,0.06884210526315789,LL,Not significant,Coldspot,Not significant,5,-84.66060606060606,-76.49393939393939,LL,0.5379041188897853,1.6836700974559637,0.09224544338322901,0.016,0.008,-1.8899256439101741,4.05569825604975e-4,-1.720940168832316,0.08526168150240912,0.02,0.01,0.08867796610169493,0.09909090909090909,LL,Not significant,Coldspot,Not significant,TRUE,TRUE
mmr_polbnda_adm3_250k_mimu_1.26,Ayeyarwady,MMR017,Pyapon,MMR017D006,Pyapon,MMR017023,ဖျာပုံ,9.4,32,1,19,12,6,3,-131.33030303030304,-147.66363636363636,LL,0.4769945721142683,1.2539003082918971,0.20987824297570234,0.046,0.023,-1.4307095496717581,3.6642609324848325e-4,-1.3137467441584683,0.18893144477758345,0.038,0.018,0.17696470588235294,0.1534074074074074,LL,Not significant,Coldspot,Not significant,27,-62.66060606060606,-78.66060606060606,LL,0.4094004810189912,1.2215472037776818,0.22187890455855028,0.072,0.037,-1.3671270937551665,5.069622820062187e-4,-1.3003842330917137,0.193469311091112,0.058,0.028,0.23045714285714286,0.2017659574468085,Not significant,Not significant,Not significant,Not significant,FALSE,FALSE
mmr_polbnda_adm3_250k_mimu_1.23,Ayeyarwady,MMR017,Pyapon,MMR017D006,Bogale,MMR017024,ဘိုကလေး,9.4,22,4,9,9,5,3,-141.33030303030304,-137.66363636363639,LL,0.4785523562538882,1.2071506972074786,0.22737411364406715,0.09,0.045,-1.3808869236055001,4.5919219280506134e-4,-1.167144013991404,0.2431522157805844,0.1,0.049,0.2559130434782609,0.2747899159663866,Not significant,Not significant,Not significant,Not significant,16,-73.66060606060606,-70.66060606060606,LL,0.4323237706013607,1.139393391529122,0.2545391110532917,0.16,0.08,-1.3076156152239375,6.168041097742328e-4,-1.1124295680518492,0.2659534974178801,0.166,0.083,0.3847058823529412,0.3933478260869565,Not significant,Not significant,Not significant,Not significant,TRUE,TRUE
mmr_polbnda_adm3_250k_mimu_1.25,Ayeyarwady,MMR017,Pyapon,MMR017D006,Kyaiklat,MMR017025,ကျိုက်လတ်,9.4,15,1,10,4,4,7,-148.33030303030304,-137.61601731601732,LL,0.5020810157410875,1.8400929196341267,0.06575459661613556,0.012,0.006,-1.9702784083312659,4.5223473533831794e-4,-1.8321993764045625,0.06692172175417581,0.004,0.002,0.06228571428571429,0.036333333333333336,LL,Not significant,Coldspot,Coldspot,9,-80.66060606060606,-71.08917748917749,LL,0.4762790070400391,1.7545054799323663,0.0793439317494054,0.02,0.01,-1.8834975857311567,5.872313099905367e-4,-1.7258648646496282,0.084371727027556,0.016,0.008,0.09761194029850746,0.08304761904761905,LL,Not significant,Coldspot,Not significant,TRUE,TRUE
mmr_polbnda_adm3_250k_mimu_1.24,Ayeyarwady,MMR017,Pyapon,MMR017D006,Dedaye,MMR017026,ဒေးဒရဲ,9.4,10,1,6,3,2,2,-153.33030303030304,-139.83030303030304,LL,0.5273564041384253,0.9590220083747351,0.33754765810584153,0.182,0.091,-1.24359706742419,3.5251117831499657e-4,-1.0071026417462807,0.31388545184464195,0.174,0.086,0.40112000000000003,0.38444594594594594,Not significant,Not significant,Not significant,Not significant,8,-81.66060606060606,-71.66060606060606,LL,0.48605962210145093,0.8962490468869356,0.3701197657419237,0.298,0.151,-1.1874329667874264,4.956964535171917e-4,-0.9564157042698925,0.33886225370089185,0.258,0.129,0.5874251497005988,0.5306037735849057,Not significant,Not significant,Not significant,Not significant,TRUE,TRUE
mmr_polbnda_adm3_250k_mimu_1.166,Nay Pyi Taw,MMR018,Oke Ta Ra,MMR018D001,Zay Yar Thi Ri,MMR018001,ဇေယျာသီရိ,9.4,3,0,2,1,1,4,-160.33030303030304,-97.83030303030304,LL,0.3858015283278126,0.9798723497468028,0.3271491331845282,0.358,0.18,-1.23104391970791,9.833206552997272e-4,-0.9504019684591626,0.34190804416055987,0.338,0.169,0.576679802955665,0.5610456852791879,Not significant,Not significant,Not significant,Not significant,0,-89.66060606060606,-61.41060606060606,LL,0.457342459373106,1.1440582046050027,0.25259949937424453,0.2,0.1,-1.375013554479484,7.638231715560363e-4,-1.0998307417449902,0.27140587531672605,0.206,0.103,0.43026315789473685,0.4551486486486487,Not significant,Not significant,Not significant,Not significant,TRUE,TRUE
mmr_polbnda_adm3_250k_mimu_1.162,Nay Pyi Taw,MMR018,Det Khi Na,MMR018D002,Za Bu Thi Ri,MMR018002,ဇမ္ဗူသီရိ,9.4,28,2,23,3,26,4,-135.33030303030304,-142.33030303030304,LL,0.4737697850299606,1.3878545594846594,0.16518133714357638,0.028,0.014,-1.5724727285521645,4.155921260134697e-4,-1.4165322603003025,0.1566197257578343,0.036,0.018,0.12372972972972975,0.14715,LL,Not significant,Coldspot,Not significant,2,-87.66060606060606,-81.91060606060606,LL,0.5964047277618015,1.4811633082768931,0.13856306104895263,0.016,0.008,-1.7030782434831744,2.2306340408273628e-4,-1.5162861356672133,0.12944701583634305,0.024,0.012,0.08867796610169493,0.10750684931506849,LL,Not significant,Coldspot,Not significant,TRUE,TRUE
mmr_polbnda_adm3_250k_mimu_1.165,Nay Pyi Taw,MMR018,Oke Ta Ra,MMR018D001,Tatkon,MMR018003,တပ်ကုန်း,9.4,22,4,12,6,10,7,-141.33030303030304,-117.04458874458875,LL,0.4068755207260073,1.5294291004612819,0.1261581028935908,0.062,0.031,-1.702645549805942,8.024267611644e-4,-1.5318751685730743,0.125553242204382,0.058,0.029,0.19876470588235295,0.20318446601941748,Not significant,Not significant,Not significant,Not significant,10,-79.66060606060606,-66.23203463203461,LL,0.43823612234586007,1.59689115008614,0.1102899728567716,0.042,0.021,-1.7695011431936905,7.350953089090171e-4,-1.5832411023846416,0.11336652146076655,0.046,0.023,0.1674878048780488,0.17907142857142858,LL,Not significant,Coldspot,Not significant,FALSE,FALSE
mmr_polbnda_adm3_250k_mimu_1.159,Nay Pyi Taw,MMR018,Det Khi Na,MMR018D002,Det Khi Na Thi Ri,MMR018004,ဒက္ခိဏသီရိ,9.4,12,1,3,8,5,4,-151.33030303030304,-135.33030303030304,LL,0.5037277628778812,1.3192045242647086,0.18710074617758132,0.062,0.031,-1.5456939984467328,4.601198538006271e-4,-1.3497405947300414,0.1770992060059224,0.056,0.028,0.19876470588235295,0.20318446601941748,Not significant,Not significant,Not significant,Not significant,3,-86.66060606060606,-79.66060606060606,LL,0.5734054248995292,1.454589230832838,0.1457830141522469,0.038,0.019,-1.6620701573577132,2.906583750168988e-4,-1.4575279871044484,0.14497069163664603,0.026,0.013,0.1534074074074074,0.11186842105263156,LL,Not significant,Coldspot,Not significant,FALSE,FALSE
mmr_polbnda_adm3_250k_mimu_1.164,Nay Pyi Taw,MMR018,Oke Ta Ra,MMR018D001,Poke Ba Thi Ri,MMR018005,ပုဗ္ဗသီရိ,9.4,10,1,2,7,6,5,-153.33030303030304,-140.33030303030304,LL,0.5292421055661914,1.5600110621273553,0.11875726707005019,0.022,0.011,-1.7443923109924522,3.865254148190751e-4,-1.5631994693217623,0.11800568492394793,0.016,0.008,0.10277142857142857,0.08304761904761905,LL,Not significant,Coldspot,Not significant,3,-86.66060606060606,-82.26060606060607,LL,0.5921204984906657,1.6800439959587776,0.09294875599036298,0.008,0.004,-1.86700586831725,2.2531656978054163e-4,-1.6655360058243125,0.09580586639353549,0.008,0.004,0.0568695652173913,0.060837209302325584,LL,Not significant,Coldspot,Not significant,TRUE,TRUE
mmr_polbnda_adm3_250k_mimu_1.161,Nay Pyi Taw,MMR018,Det Khi Na,MMR018D002,Pyinmana,MMR018006,ပျဉ်းမနား,9.4,53,21,19,13,126,8,-110.33030303030304,-36.70530303030304,LL,0.09960899456602774,0.5158469578571321,0.6059613027664044,0.678,0.339,-0.6761042877189563,0.002197525825051382,-0.5391105213865952,0.5898105961672901,0.654,0.327,0.8003826714801444,0.7920666666666667,Not significant,Not significant,Not significant,Not significant,23,-66.66060606060606,-36.66060606060606,LL,0.2029856643438932,0.960313303879149,0.33689755635060165,0.346,0.173,-1.1070292762152802,0.0016786084448650355,-0.9545490283140552,0.33980580423435436,0.346,0.173,0.6285666666666666,0.6182622950819672,Not significant,Not significant,Not significant,Not significant,TRUE,TRUE
mmr_polbnda_adm3_250k_mimu_1.160,Nay Pyi Taw,MMR018,Det Khi Na,MMR018D002,Lewe,MMR018007,လယ်ဝေး,9.4,22,6,11,5,74,8,-141.33030303030304,-75.95530303030304,LL,0.26403914784813165,1.011049650658945,0.31199266667411185,0.282,0.141,-1.2535095517767094,0.0014863190617842835,-1.0026182583859051,0.3160450828801248,0.328,0.164,0.5151620111731843,0.5557305699481866,Not significant,Not significant,Not significant,Not significant,13,-76.66060606060606,-47.91060606060606,LL,0.30507061830486293,1.1592801783531304,0.24634199865116696,0.194,0.097,-1.4145840076990424,0.0013030808285641327,-1.1823807023049058,0.23705467676911587,0.184,0.092,0.425758389261745,0.42075524475524473,Not significant,Not significant,Not significant,Not significant,TRUE,TRUE
mmr_polbnda_adm3_250k_mimu_1.163,Nay Pyi Taw,MMR018,Oke Ta Ra,MMR018D001,Oke Ta Ra Thi Ri,MMR018008,ဥတ္တရသီရိ,9.4,9,3,3,3,6,6,-154.33030303030304,-134.83030303030304,LL,0.5118157557702495,1.6449374481072556,0.0999827112947177,0.024,0.012,-1.8224354662177908,4.7708279771954416e-4,-1.6755001152013729,0.09383614849435128,0.02,0.01,0.11053521126760563,0.0961764705882353,LL,Not significant,Coldspot,Not significant,2,-87.66060606060606,-74.99393939393939,LL,0.5460433289302478,1.673402569315636,0.094248072402662475,0.012,0.006,-1.8690664677025546,4.345390988624733e-4,-1.6963887811660365,0.08981227693032459,0.016,0.008,0.07266666666666667,0.08304761904761905,LL,Not significant,Coldspot,Not significant,TRUE,TRUE
