TS_PCODE,month,event_count,battles,explosions_remote,civilian_violence,fatalities
MMR001001,2021-01-01,0,0,0,0,0
MMR001002,2021-01-01,1,0,1,0,0
MMR001003,2021-01-01,0,0,0,0,0
MMR001004,2021-01-01,0,0,0,0,0
MMR001005,2021-01-01,0,0,0,0,0
MMR001006,2021-01-01,0,0,0,0,0
MMR001007,2021-01-01,0,0,0,0,0
MMR001008,2021-01-01,0,0,0,0,0
MMR001009,2021-01-01,1,0,0,1,1
MMR001010,2021-01-01,0,0,0,0,0
MMR001011,2021-01-01,0,0,0,0,0
MMR001012,2021-01-01,0,0,0,0,0
MMR001013,2021-01-01,0,0,0,0,0
MMR001014,2021-01-01,0,0,0,0,0
MMR001015,2021-01-01,0,0,0,0,0
MMR001016,2021-01-01,0,0,0,0,0
MMR001017,2021-01-01,0,0,0,0,0
MMR001018,2021-01-01,0,0,0,0,0
MMR002001,2021-01-01,0,0,0,0,0
MMR002002,2021-01-01,0,0,0,0,0
MMR002003,2021-01-01,0,0,0,0,0
MMR002004,2021-01-01,0,0,0,0,0
MMR002005,2021-01-01,0,0,0,0,0
MMR002006,2021-01-01,0,0,0,0,0
MMR002007,2021-01-01,0,0,0,0,0
MMR003001,2021-01-01,0,0,0,0,0
MMR003002,2021-01-01,0,0,0,0,0
MMR003003,2021-01-01,6,5,1,0,4
MMR003004,2021-01-01,0,0,0,0,0
MMR003005,2021-01-01,0,0,0,0,0
MMR003006,2021-01-01,0,0,0,0,0
MMR003007,2021-01-01,0,0,0,0,0
MMR004001,2021-01-01,0,0,0,0,0
MMR004002,2021-01-01,0,0,0,0,0
MMR004003,2021-01-01,0,0,0,0,0
MMR004004,2021-01-01,0,0,0,0,0
MMR004005,2021-01-01,0,0,0,0,0
MMR004006,2021-01-01,0,0,0,0,0
MMR004007,2021-01-01,0,0,0,0,0
MMR004008,2021-01-01,0,0,0,0,0
MMR004009,2021-01-01,1,0,1,0,0
MMR005001,2021-01-01,0,0,0,0,0
MMR005002,2021-01-01,0,0,0,0,0
MMR005003,2021-01-01,0,0,0,0,0
MMR005004,2021-01-01,0,0,0,0,0
MMR005005,2021-01-01,0,0,0,0,0
MMR005006,2021-01-01,0,0,0,0,0
MMR005007,2021-01-01,0,0,0,0,0
MMR005008,2021-01-01,0,0,0,0,0
MMR005009,2021-01-01,0,0,0,0,0
MMR005010,2021-01-01,0,0,0,0,0
MMR005011,2021-01-01,0,0,0,0,0
MMR005012,2021-01-01,0,0,0,0,0
MMR005013,2021-01-01,0,0,0,0,0
MMR005014,2021-01-01,0,0,0,0,0
MMR005015,2021-01-01,0,0,0,0,0
MMR005016,2021-01-01,0,0,0,0,0
MMR005017,2021-01-01,0,0,0,0,0
MMR005018,2021-01-01,0,0,0,0,0
MMR005019,2021-01-01,0,0,0,0,0
MMR005020,2021-01-01,0,0,0,0,0
MMR005021,2021-01-01,0,0,0,0,0
MMR005022,2021-01-01,0,0,0,0,0
MMR005023,2021-01-01,0,0,0,0,0
MMR005024,2021-01-01,0,0,0,0,0
MMR005025,2021-01-01,0,0,0,0,0
MMR005026,2021-01-01,0,0,0,0,0
MMR005027,2021-01-01,0,0,0,0,0
MMR005028,2021-01-01,0,0,0,0,0
MMR005029,2021-01-01,0,0,0,0,0
MMR005030,2021-01-01,0,0,0,0,0
MMR005031,2021-01-01,0,0,0,0,0
MMR005032,2021-01-01,0,0,0,0,0
MMR005033,2021-01-01,0,0,0,0,0
MMR005034,2021-01-01,1,0,0,1,0
MMR005035,2021-01-01,0,0,0,0,0
MMR005036,2021-01-01,0,0,0,0,0
MMR005037,2021-01-01,0,0,0,0,0
MMR006001,2021-01-01,0,0,0,0,0
MMR006002,2021-01-01,0,0,0,0,0
MMR006003,2021-01-01,0,0,0,0,0
MMR006004,2021-01-01,0,0,0,0,0
MMR006005,2021-01-01,0,0,0,0,0
MMR006006,2021-01-01,0,0,0,0,0
MMR006007,2021-01-01,0,0,0,0,0
MMR006008,2021-01-01,0,0,0,0,0
MMR006009,2021-01-01,0,0,0,0,0
MMR006010,2021-01-01,0,0,0,0,0
MMR007001,2021-01-01,0,0,0,0,0
MMR007002,2021-01-01,0,0,0,0,0
MMR007003,2021-01-01,0,0,0,0,0
MMR007004,2021-01-01,0,0,0,0,0
MMR007005,2021-01-01,2,0,1,1,0
MMR007006,2021-01-01,0,0,0,0,0
MMR007007,2021-01-01,0,0,0,0,0
MMR007008,2021-01-01,0,0,0,0,0
MMR007009,2021-01-01,0,0,0,0,0
MMR007010,2021-01-01,0,0,0,0,0
MMR007011,2021-01-01,9,5,3,1,2
MMR007012,2021-01-01,0,0,0,0,0
MMR007013,2021-01-01,0,0,0,0,0
MMR007014,2021-01-01,0,0,0,0,0
MMR008001,2021-01-01,0,0,0,0,0
MMR008002,2021-01-01,0,0,0,0,0
MMR008003,2021-01-01,0,0,0,0,0
MMR008004,2021-01-01,0,0,0,0,0
MMR008005,2021-01-01,0,0,0,0,0
MMR008006,2021-01-01,0,0,0,0,0
MMR008007,2021-01-01,0,0,0,0,0
MMR008008,2021-01-01,0,0,0,0,0
MMR008009,2021-01-01,0,0,0,0,0
MMR008010,2021-01-01,0,0,0,0,0
MMR008011,2021-01-01,0,0,0,0,0
MMR008012,2021-01-01,0,0,0,0,0
MMR008013,2021-01-01,0,0,0,0,0
MMR008014,2021-01-01,0,0,0,0,0
MMR009001,2021-01-01,0,0,0,0,0
MMR009002,2021-01-01,0,0,0,0,0
MMR009003,2021-01-01,0,0,0,0,0
MMR009004,2021-01-01,0,0,0,0,0
MMR009005,2021-01-01,0,0,0,0,0
MMR009006,2021-01-01,0,0,0,0,0
MMR009007,2021-01-01,0,0,0,0,0
MMR009008,2021-01-01,0,0,0,0,0
MMR009009,2021-01-01,0,0,0,0,0
MMR009010,2021-01-01,0,0,0,0,0
MMR009011,2021-01-01,0,0,0,0,0
MMR009012,2021-01-01,0,0,0,0,0
MMR009013,2021-01-01,0,0,0,0,0
MMR009014,2021-01-01,0,0,0,0,0
MMR009015,2021-01-01,0,0,0,0,0
MMR009016,2021-01-01,0,0,0,0,0
MMR009017,2021-01-01,0,0,0,0,0
MMR009018,2021-01-01,0,0,0,0,0
MMR009019,2021-01-01,0,0,0,0,0
MMR009020,2021-01-01,0,0,0,0,0
MMR009021,2021-01-01,0,0,0,0,0
MMR009022,2021-01-01,0,0,0,0,0
MMR009023,2021-01-01,0,0,0,0,0
MMR009024,2021-01-01,0,0,0,0,0
MMR009025,2021-01-01,0,0,0,0,0
MMR010001,2021-01-01,0,0,0,0,0
MMR010002,2021-01-01,0,0,0,0,0
MMR010003,2021-01-01,0,0,0,0,0
MMR010004,2021-01-01,0,0,0,0,0
MMR010005,2021-01-01,0,0,0,0,0
MMR010006,2021-01-01,0,0,0,0,0
MMR010007,2021-01-01,0,0,0,0,0
MMR010008,2021-01-01,0,0,0,0,0
MMR010009,2021-01-01,0,0,0,0,0
MMR010010,2021-01-01,0,0,0,0,0
MMR010011,2021-01-01,1,0,0,1,0
MMR010012,2021-01-01,0,0,0,0,0
MMR010013,2021-01-01,0,0,0,0,0
MMR010014,2021-01-01,0,0,0,0,0
MMR010015,2021-01-01,0,0,0,0,0
MMR010016,2021-01-01,0,0,0,0,0
MMR010017,2021-01-01,0,0,0,0,0
MMR010018,2021-01-01,0,0,0,0,0
MMR010019,2021-01-01,0,0,0,0,0
MMR010020,2021-01-01,0,0,0,0,0
MMR010021,2021-01-01,0,0,0,0,0
MMR010022,2021-01-01,0,0,0,0,0
MMR010023,2021-01-01,0,0,0,0,0
MMR010024,2021-01-01,0,0,0,0,0
MMR010028,2021-01-01,0,0,0,0,0
MMR010029,2021-01-01,0,0,0,0,0
MMR010030,2021-01-01,0,0,0,0,0
MMR010031,2021-01-01,0,0,0,0,0
MMR011001,2021-01-01,0,0,0,0,0
MMR011002,2021-01-01,0,0,0,0,0
MMR011003,2021-01-01,0,0,0,0,0
MMR011004,2021-01-01,0,0,0,0,0
MMR011005,2021-01-01,1,0,0,1,1
MMR011006,2021-01-01,0,0,0,0,0
MMR011007,2021-01-01,0,0,0,0,0
MMR011008,2021-01-01,0,0,0,0,0
MMR011009,2021-01-01,0,0,0,0,0
MMR011010,2021-01-01,2,1,1,0,0
MMR012001,2021-01-01,0,0,0,0,0
MMR012002,2021-01-01,1,0,0,1,1
MMR012003,2021-01-01,0,0,0,0,0
MMR012004,2021-01-01,1,0,1,0,1
MMR012005,2021-01-01,1,0,1,0,1
MMR012006,2021-01-01,0,0,0,0,0
MMR012007,2021-01-01,0,0,0,0,0
MMR012008,2021-01-01,0,0,0,0,0
MMR012009,2021-01-01,1,0,0,1,0
MMR012010,2021-01-01,1,0,0,1,1
MMR012011,2021-01-01,0,0,0,0,0
MMR012012,2021-01-01,0,0,0,0,0
MMR012013,2021-01-01,0,0,0,0,0
MMR012014,2021-01-01,1,0,1,0,0
MMR012015,2021-01-01,0,0,0,0,0
MMR012016,2021-01-01,0,0,0,0,0
MMR012017,2021-01-01,0,0,0,0,0
MMR013001,2021-01-01,0,0,0,0,0
MMR013002,2021-01-01,0,0,0,0,0
MMR013003,2021-01-01,0,0,0,0,0
MMR013004,2021-01-01,0,0,0,0,0
MMR013005,2021-01-01,0,0,0,0,0
MMR013006,2021-01-01,0,0,0,0,0
MMR013007,2021-01-01,0,0,0,0,0
MMR013009,2021-01-01,0,0,0,0,0
MMR013010,2021-01-01,0,0,0,0,0
MMR013011,2021-01-01,0,0,0,0,0
MMR013012,2021-01-01,0,0,0,0,0
MMR013013,2021-01-01,0,0,0,0,0
MMR013014,2021-01-01,0,0,0,0,0
MMR013015,2021-01-01,0,0,0,0,0
MMR013016,2021-01-01,0,0,0,0,0
MMR013017,2021-01-01,0,0,0,0,0
MMR013018,2021-01-01,0,0,0,0,0
MMR013019,2021-01-01,0,0,0,0,0
MMR013020,2021-01-01,0,0,0,0,0
MMR013021,2021-01-01,0,0,0,0,0
MMR013022,2021-01-01,0,0,0,0,0
MMR013023,2021-01-01,0,0,0,0,0
MMR013024,2021-01-01,0,0,0,0,0
MMR013025,2021-01-01,0,0,0,0,0
MMR013026,2021-01-01,0,0,0,0,0
MMR013027,2021-01-01,0,0,0,0,0
MMR013028,2021-01-01,0,0,0,0,0
MMR013029,2021-01-01,0,0,0,0,0
MMR013030,2021-01-01,0,0,0,0,0
MMR013031,2021-01-01,0,0,0,0,0
MMR013032,2021-01-01,0,0,0,0,0
MMR013033,2021-01-01,0,0,0,0,0
MMR013034,2021-01-01,0,0,0,0,0
MMR013035,2021-01-01,0,0,0,0,0
MMR013036,2021-01-01,0,0,0,0,0
MMR013037,2021-01-01,0,0,0,0,0
MMR013038,2021-01-01,0,0,0,0,0
MMR013039,2021-01-01,0,0,0,0,0
MMR013040,2021-01-01,0,0,0,0,0
MMR013041,2021-01-01,0,0,0,0,0
MMR013042,2021-01-01,0,0,0,0,0
MMR013043,2021-01-01,0,0,0,0,0
MMR013044,2021-01-01,0,0,0,0,0
MMR013046,2021-01-01,0,0,0,0,0
MMR013047,2021-01-01,0,0,0,0,0
MMR014001,2021-01-01,0,0,0,0,0
MMR014002,2021-01-01,0,0,0,0,0
MMR014003,2021-01-01,0,0,0,0,0
MMR014004,2021-01-01,0,0,0,0,0
MMR014005,2021-01-01,0,0,0,0,0
MMR014006,2021-01-01,0,0,0,0,0
MMR014007,2021-01-01,0,0,0,0,0
MMR014008,2021-01-01,0,0,0,0,0
MMR014009,2021-01-01,0,0,0,0,0
MMR014010,2021-01-01,0,0,0,0,0
MMR014011,2021-01-01,0,0,0,0,0
MMR014012,2021-01-01,0,0,0,0,0
MMR014013,2021-01-01,0,0,0,0,0
MMR014014,2021-01-01,0,0,0,0,0
MMR014015,2021-01-01,0,0,0,0,0
MMR014016,2021-01-01,0,0,0,0,0
MMR014017,2021-01-01,0,0,0,0,0
MMR014018,2021-01-01,0,0,0,0,0
MMR014019,2021-01-01,0,0,0,0,0
MMR014020,2021-01-01,0,0,0,0,0
MMR014021,2021-01-01,1,1,0,0,3
MMR015001,2021-01-01,1,1,0,0,0
MMR015002,2021-01-01,0,0,0,0,0
MMR015003,2021-01-01,0,0,0,0,0
MMR015004,2021-01-01,0,0,0,0,0
MMR015005,2021-01-01,0,0,0,0,0
MMR015006,2021-01-01,0,0,0,0,0
MMR015007,2021-01-01,0,0,0,0,0
MMR015008,2021-01-01,0,0,0,0,0
MMR015009,2021-01-01,3,1,1,1,2
MMR015010,2021-01-01,1,0,0,1,0
MMR015011,2021-01-01,2,1,0,1,1
MMR015012,2021-01-01,13,6,1,6,0
MMR015013,2021-01-01,0,0,0,0,0
MMR015014,2021-01-01,5,2,0,3,2
MMR015015,2021-01-01,4,3,1,0,1
MMR015016,2021-01-01,1,0,0,1,0
MMR015017,2021-01-01,0,0,0,0,0
MMR015018,2021-01-01,0,0,0,0,0
MMR015019,2021-01-01,0,0,0,0,0
MMR015020,2021-01-01,0,0,0,0,0
MMR015021,2021-01-01,0,0,0,0,0
MMR015022,2021-01-01,0,0,0,0,0
MMR015023,2021-01-01,0,0,0,0,0
MMR015024,2021-01-01,0,0,0,0,0
MMR016001,2021-01-01,0,0,0,0,0
MMR016002,2021-01-01,0,0,0,0,0
MMR016003,2021-01-01,0,0,0,0,0
MMR016005,2021-01-01,0,0,0,0,0
MMR016006,2021-01-01,0,0,0,0,0
MMR016007,2021-01-01,0,0,0,0,0
MMR016008,2021-01-01,0,0,0,0,0
MMR016009,2021-01-01,0,0,0,0,0
MMR016010,2021-01-01,0,0,0,0,0
MMR016011,2021-01-01,0,0,0,0,0
MMR017001,2021-01-01,0,0,0,0,0
MMR017002,2021-01-01,0,0,0,0,0
MMR017003,2021-01-01,0,0,0,0,0
MMR017004,2021-01-01,0,0,0,0,0
MMR017005,2021-01-01,0,0,0,0,0
MMR017006,2021-01-01,0,0,0,0,0
MMR017007,2021-01-01,0,0,0,0,0
MMR017008,2021-01-01,0,0,0,0,0
MMR017009,2021-01-01,0,0,0,0,0
MMR017010,2021-01-01,0,0,0,0,0
MMR017011,2021-01-01,0,0,0,0,0
MMR017012,2021-01-01,0,0,0,0,0
MMR017013,2021-01-01,0,0,0,0,0
MMR017014,2021-01-01,0,0,0,0,0
MMR017015,2021-01-01,0,0,0,0,0
MMR017016,2021-01-01,0,0,0,0,0
MMR017017,2021-01-01,0,0,0,0,0
MMR017018,2021-01-01,0,0,0,0,0
MMR017019,2021-01-01,0,0,0,0,0
MMR017020,2021-01-01,0,0,0,0,0
MMR017021,2021-01-01,0,0,0,0,0
MMR017022,2021-01-01,0,0,0,0,0
MMR017023,2021-01-01,0,0,0,0,0
MMR017024,2021-01-01,0,0,0,0,0
MMR017025,2021-01-01,0,0,0,0,0
MMR017026,2021-01-01,0,0,0,0,0
MMR018001,2021-01-01,0,0,0,0,0
MMR018002,2021-01-01,0,0,0,0,0
MMR018003,2021-01-01,0,0,0,0,0
MMR018004,2021-01-01,0,0,0,0,0
MMR018005,2021-01-01,0,0,0,0,0
MMR018006,2021-01-01,0,0,0,0,0
MMR018007,2021-01-01,0,0,0,0,0
MMR018008,2021-01-01,0,0,0,0,0
MMR001001,2021-02-01,3,0,0,3,0
MMR001002,2021-02-01,0,0,0,0,0
MMR001003,2021-02-01,0,0,0,0,0
MMR001004,2021-02-01,0,0,0,0,0
MMR001005,2021-02-01,0,0,0,0,0
MMR001006,2021-02-01,0,0,0,0,0
MMR001007,2021-02-01,0,0,0,0,0
MMR001008,2021-02-01,0,0,0,0,0
MMR001009,2021-02-01,1,1,0,0,0
MMR001010,2021-02-01,0,0,0,0,0
MMR001011,2021-02-01,0,0,0,0,0
MMR001012,2021-02-01,0,0,0,0,0
MMR001013,2021-02-01,0,0,0,0,0
MMR001014,2021-02-01,0,0,0,0,0
MMR001015,2021-02-01,0,0,0,0,0
MMR001016,2021-02-01,0,0,0,0,0
MMR001017,2021-02-01,0,0,0,0,0
MMR001018,2021-02-01,0,0,0,0,0
MMR002001,2021-02-01,0,0,0,0,0
MMR002002,2021-02-01,0,0,0,0,0
MMR002003,2021-02-01,0,0,0,0,0
MMR002004,2021-02-01,0,0,0,0,0
MMR002005,2021-02-01,0,0,0,0,0
MMR002006,2021-02-01,0,0,0,0,0
MMR002007,2021-02-01,0,0,0,0,0
MMR003001,2021-02-01,0,0,0,0,0
MMR003002,2021-02-01,0,0,0,0,0
MMR003003,2021-02-01,3,0,3,0,0
MMR003004,2021-02-01,0,0,0,0,0
MMR003005,2021-02-01,0,0,0,0,0
MMR003006,2021-02-01,2,2,0,0,3
MMR003007,2021-02-01,0,0,0,0,0
MMR004001,2021-02-01,0,0,0,0,0
MMR004002,2021-02-01,0,0,0,0,0
MMR004003,2021-02-01,0,0,0,0,0
MMR004004,2021-02-01,0,0,0,0,0
MMR004005,2021-02-01,0,0,0,0,0
MMR004006,2021-02-01,0,0,0,0,0
MMR004007,2021-02-01,0,0,0,0,0
MMR004008,2021-02-01,0,0,0,0,0
MMR004009,2021-02-01,0,0,0,0,0
MMR005001,2021-02-01,0,0,0,0,0
MMR005002,2021-02-01,0,0,0,0,0
MMR005003,2021-02-01,0,0,0,0,0
MMR005004,2021-02-01,0,0,0,0,0
MMR005005,2021-02-01,0,0,0,0,0
MMR005006,2021-02-01,0,0,0,0,0
MMR005007,2021-02-01,0,0,0,0,0
MMR005008,2021-02-01,0,0,0,0,0
MMR005009,2021-02-01,0,0,0,0,0
MMR005010,2021-02-01,0,0,0,0,0
MMR005011,2021-02-01,0,0,0,0,0
MMR005012,2021-02-01,0,0,0,0,0
MMR005013,2021-02-01,1,0,0,1,0
MMR005014,2021-02-01,0,0,0,0,0
MMR005015,2021-02-01,0,0,0,0,0
MMR005016,2021-02-01,0,0,0,0,0
MMR005017,2021-02-01,0,0,0,0,0
MMR005018,2021-02-01,0,0,0,0,0
MMR005019,2021-02-01,0,0,0,0,0
MMR005020,2021-02-01,0,0,0,0,0
MMR005021,2021-02-01,0,0,0,0,0
MMR005022,2021-02-01,0,0,0,0,0
MMR005023,2021-02-01,0,0,0,0,0
MMR005024,2021-02-01,0,0,0,0,0
MMR005025,2021-02-01,0,0,0,0,0
MMR005026,2021-02-01,0,0,0,0,0
MMR005027,2021-02-01,0,0,0,0,0
MMR005028,2021-02-01,0,0,0,0,0
MMR005029,2021-02-01,0,0,0,0,0
MMR005030,2021-02-01,0,0,0,0,0
MMR005031,2021-02-01,0,0,0,0,0
MMR005032,2021-02-01,0,0,0,0,0
MMR005033,2021-02-01,0,0,0,0,0
MMR005034,2021-02-01,0,0,0,0,0
MMR005035,2021-02-01,0,0,0,0,0
MMR005036,2021-02-01,0,0,0,0,0
MMR005037,2021-02-01,0,0,0,0,0
MMR006001,2021-02-01,1,0,0,1,0
MMR006002,2021-02-01,0,0,0,0,0
MMR006003,2021-02-01,0,0,0,0,0
MMR006004,2021-02-01,0,0,0,0,0
MMR006005,2021-02-01,0,0,0,0,0
MMR006006,2021-02-01,0,0,0,0,0
MMR006007,2021-02-01,0,0,0,0,0
MMR006008,2021-02-01,0,0,0,0,0
MMR006009,2021-02-01,0,0,0,0,0
MMR006010,2021-02-01,0,0,0,0,0
MMR007001,2021-02-01,0,0,0,0,0
MMR007002,2021-02-01,0,0,0,0,0
MMR007003,2021-02-01,0,0,0,0,0
MMR007004,2021-02-01,0,0,0,0,0
MMR007005,2021-02-01,0,0,0,0,0
MMR007006,2021-02-01,0,0,0,0,0
MMR007007,2021-02-01,0,0,0,0,0
MMR007008,2021-02-01,0,0,0,0,0
MMR007009,2021-02-01,0,0,0,0,0
MMR007010,2021-02-01,0,0,0,0,0
MMR007011,2021-02-01,0,0,0,0,0
MMR007012,2021-02-01,0,0,0,0,0
MMR007013,2021-02-01,0,0,0,0,0
MMR007014,2021-02-01,0,0,0,0,0
MMR008001,2021-02-01,0,0,0,0,0
MMR008002,2021-02-01,0,0,0,0,0
MMR008003,2021-02-01,0,0,0,0,0
MMR008004,2021-02-01,0,0,0,0,0
MMR008005,2021-02-01,0,0,0,0,0
MMR008006,2021-02-01,0,0,0,0,0
MMR008007,2021-02-01,0,0,0,0,0
MMR008008,2021-02-01,0,0,0,0,0
MMR008009,2021-02-01,0,0,0,0,0
MMR008010,2021-02-01,0,0,0,0,0
MMR008011,2021-02-01,0,0,0,0,0
MMR008012,2021-02-01,0,0,0,0,0
MMR008013,2021-02-01,0,0,0,0,0
MMR008014,2021-02-01,0,0,0,0,0
MMR009001,2021-02-01,0,0,0,0,0
MMR009002,2021-02-01,0,0,0,0,0
MMR009003,2021-02-01,0,0,0,0,0
MMR009004,2021-02-01,0,0,0,0,0
MMR009005,2021-02-01,0,0,0,0,0
MMR009006,2021-02-01,0,0,0,0,0
MMR009007,2021-02-01,0,0,0,0,0
MMR009008,2021-02-01,0,0,0,0,0
MMR009009,2021-02-01,0,0,0,0,0
MMR009010,2021-02-01,0,0,0,0,0
MMR009011,2021-02-01,0,0,0,0,0
MMR009012,2021-02-01,0,0,0,0,0
MMR009013,2021-02-01,0,0,0,0,0
MMR009014,2021-02-01,0,0,0,0,0
MMR009015,2021-02-01,0,0,0,0,0
MMR009016,2021-02-01,0,0,0,0,0
MMR009017,2021-02-01,0,0,0,0,0
MMR009018,2021-02-01,0,0,0,0,0
MMR009019,2021-02-01,0,0,0,0,0
MMR009020,2021-02-01,0,0,0,0,0
MMR009021,2021-02-01,0,0,0,0,0
MMR009022,2021-02-01,0,0,0,0,0
MMR009023,2021-02-01,0,0,0,0,0
MMR009024,2021-02-01,0,0,0,0,0
MMR009025,2021-02-01,0,0,0,0,0
MMR010001,2021-02-01,0,0,0,0,0
MMR010002,2021-02-01,1,0,0,1,0
MMR010003,2021-02-01,1,0,0,1,1
MMR010004,2021-02-01,2,0,0,2,0
MMR010005,2021-02-01,0,0,0,0,0
MMR010006,2021-02-01,0,0,0,0,0
MMR010007,2021-02-01,0,0,0,0,0
MMR010008,2021-02-01,2,0,0,2,0
MMR010009,2021-02-01,0,0,0,0,0
MMR010010,2021-02-01,0,0,0,0,0
MMR010011,2021-02-01,0,0,0,0,0
MMR010012,2021-02-01,0,0,0,0,0
MMR010013,2021-02-01,0,0,0,0,0
MMR010014,2021-02-01,0,0,0,0,0
MMR010015,2021-02-01,0,0,0,0,0
MMR010016,2021-02-01,0,0,0,0,0
MMR010017,2021-02-01,0,0,0,0,0
MMR010018,2021-02-01,0,0,0,0,0
MMR010019,2021-02-01,0,0,0,0,0
MMR010020,2021-02-01,0,0,0,0,0
MMR010021,2021-02-01,0,0,0,0,0
MMR010022,2021-02-01,0,0,0,0,0
MMR010023,2021-02-01,0,0,0,0,0
MMR010024,2021-02-01,0,0,0,0,0
MMR010028,2021-02-01,0,0,0,0,0
MMR010029,2021-02-01,0,0,0,0,0
MMR010030,2021-02-01,0,0,0,0,0
MMR010031,2021-02-01,0,0,0,0,0
MMR011001,2021-02-01,0,0,0,0,0
MMR011002,2021-02-01,0,0,0,0,0
MMR011003,2021-02-01,0,0,0,0,0
MMR011004,2021-02-01,0,0,0,0,0
MMR011005,2021-02-01,0,0,0,0,0
MMR011006,2021-02-01,0,0,0,0,0
MMR011007,2021-02-01,0,0,0,0,0
MMR011008,2021-02-01,0,0,0,0,0
MMR011009,2021-02-01,0,0,0,0,0
MMR011010,2021-02-01,0,0,0,0,0
MMR012001,2021-02-01,0,0,0,0,0
MMR012002,2021-02-01,0,0,0,0,0
MMR012003,2021-02-01,0,0,0,0,0
MMR012004,2021-02-01,0,0,0,0,0
MMR012005,2021-02-01,0,0,0,0,0
MMR012006,2021-02-01,0,0,0,0,0
MMR012007,2021-02-01,0,0,0,0,0
MMR012008,2021-02-01,1,0,0,1,0
MMR012009,2021-02-01,2,0,1,1,0
MMR012010,2021-02-01,1,0,1,0,1
MMR012011,2021-02-01,0,0,0,0,0
MMR012012,2021-02-01,0,0,0,0,0
MMR012013,2021-02-01,0,0,0,0,0
MMR012014,2021-02-01,1,0,1,0,0
MMR012015,2021-02-01,0,0,0,0,0
MMR012016,2021-02-01,0,0,0,0,0
MMR012017,2021-02-01,0,0,0,0,0
MMR013001,2021-02-01,0,0,0,0,0
MMR013002,2021-02-01,0,0,0,0,0
MMR013003,2021-02-01,0,0,0,0,0
MMR013004,2021-02-01,0,0,0,0,0
MMR013005,2021-02-01,0,0,0,0,0
MMR013006,2021-02-01,0,0,0,0,0
MMR013007,2021-02-01,1,0,0,1,1
MMR013009,2021-02-01,0,0,0,0,0
MMR013010,2021-02-01,0,0,0,0,0
MMR013011,2021-02-01,0,0,0,0,0
MMR013012,2021-02-01,0,0,0,0,0
MMR013013,2021-02-01,0,0,0,0,0
MMR013014,2021-02-01,0,0,0,0,0
MMR013015,2021-02-01,0,0,0,0,0
MMR013016,2021-02-01,0,0,0,0,0
MMR013017,2021-02-01,0,0,0,0,0
MMR013018,2021-02-01,0,0,0,0,0
MMR013019,2021-02-01,0,0,0,0,0
MMR013020,2021-02-01,0,0,0,0,0
MMR013021,2021-02-01,0,0,0,0,0
MMR013022,2021-02-01,0,0,0,0,0
MMR013023,2021-02-01,0,0,0,0,0
MMR013024,2021-02-01,0,0,0,0,0
MMR013025,2021-02-01,0,0,0,0,0
MMR013026,2021-02-01,0,0,0,0,0
MMR013027,2021-02-01,0,0,0,0,0
MMR013028,2021-02-01,0,0,0,0,0
MMR013029,2021-02-01,0,0,0,0,0
MMR013030,2021-02-01,0,0,0,0,0
MMR013031,2021-02-01,0,0,0,0,0
MMR013032,2021-02-01,0,0,0,0,0
MMR013033,2021-02-01,0,0,0,0,0
MMR013034,2021-02-01,0,0,0,0,0
MMR013035,2021-02-01,0,0,0,0,0
MMR013036,2021-02-01,0,0,0,0,0
MMR013037,2021-02-01,0,0,0,0,0
MMR013038,2021-02-01,0,0,0,0,0
MMR013039,2021-02-01,0,0,0,0,0
MMR013040,2021-02-01,0,0,0,0,0
MMR013041,2021-02-01,0,0,0,0,0
MMR013042,2021-02-01,0,0,0,0,0
MMR013043,2021-02-01,0,0,0,0,0
MMR013044,2021-02-01,0,0,0,0,0
MMR013046,2021-02-01,0,0,0,0,0
MMR013047,2021-02-01,0,0,0,0,0
MMR014001,2021-02-01,0,0,0,0,0
MMR014002,2021-02-01,0,0,0,0,0
MMR014003,2021-02-01,0,0,0,0,0
MMR014004,2021-02-01,0,0,0,0,0
MMR014005,2021-02-01,0,0,0,0,0
MMR014006,2021-02-01,0,0,0,0,0
MMR014007,2021-02-01,0,0,0,0,0
MMR014008,2021-02-01,0,0,0,0,0
MMR014009,2021-02-01,0,0,0,0,0
MMR014010,2021-02-01,0,0,0,0,0
MMR014011,2021-02-01,0,0,0,0,0
MMR014012,2021-02-01,0,0,0,0,0
MMR014013,2021-02-01,0,0,0,0,0
MMR014014,2021-02-01,0,0,0,0,0
MMR014015,2021-02-01,0,0,0,0,0
MMR014016,2021-02-01,0,0,0,0,0
MMR014017,2021-02-01,0,0,0,0,0
MMR014018,2021-02-01,0,0,0,0,0
MMR014019,2021-02-01,0,0,0,0,0
MMR014020,2021-02-01,0,0,0,0,0
MMR014021,2021-02-01,2,1,0,1,1
MMR015001,2021-02-01,0,0,0,0,0
MMR015002,2021-02-01,1,1,0,0,9
MMR015003,2021-02-01,0,0,0,0,0
MMR015004,2021-02-01,0,0,0,0,0
MMR015005,2021-02-01,0,0,0,0,0
MMR015006,2021-02-01,0,0,0,0,0
MMR015007,2021-02-01,0,0,0,0,0
MMR015008,2021-02-01,0,0,0,0,0
MMR015009,2021-02-01,10,9,1,0,4
MMR015010,2021-02-01,0,0,0,0,0
MMR015011,2021-02-01,6,6,0,0,0
MMR015012,2021-02-01,8,7,1,0,7
MMR015013,2021-02-01,0,0,0,0,0
MMR015014,2021-02-01,5,4,0,1,9
MMR015015,2021-02-01,8,7,1,0,0
MMR015016,2021-02-01,0,0,0,0,0
MMR015017,2021-02-01,0,0,0,0,0
MMR015018,2021-02-01,0,0,0,0,0
MMR015019,2021-02-01,1,0,1,0,5
MMR015020,2021-02-01,1,0,1,0,0
MMR015021,2021-02-01,0,0,0,0,0
MMR015022,2021-02-01,0,0,0,0,0
MMR015023,2021-02-01,0,0,0,0,0
MMR015024,2021-02-01,0,0,0,0,0
MMR016001,2021-02-01,0,0,0,0,0
MMR016002,2021-02-01,0,0,0,0,0
MMR016003,2021-02-01,0,0,0,0,0
MMR016005,2021-02-01,0,0,0,0,0
MMR016006,2021-02-01,0,0,0,0,0
MMR016007,2021-02-01,0,0,0,0,0
MMR016008,2021-02-01,0,0,0,0,0
MMR016009,2021-02-01,0,0,0,0,0
MMR016010,2021-02-01,0,0,0,0,0
MMR016011,2021-02-01,0,0,0,0,0
MMR017001,2021-02-01,1,0,0,1,0
MMR017002,2021-02-01,0,0,0,0,0
MMR017003,2021-02-01,0,0,0,0,0
MMR017004,2021-02-01,0,0,0,0,0
MMR017005,2021-02-01,0,0,0,0,0
MMR017006,2021-02-01,0,0,0,0,0
MMR017007,2021-02-01,0,0,0,0,0
MMR017008,2021-02-01,0,0,0,0,0
MMR017009,2021-02-01,0,0,0,0,0
MMR017010,2021-02-01,0,0,0,0,0
MMR017011,2021-02-01,0,0,0,0,0
MMR017012,2021-02-01,0,0,0,0,0
MMR017013,2021-02-01,0,0,0,0,0
MMR017014,2021-02-01,0,0,0,0,0
MMR017015,2021-02-01,0,0,0,0,0
MMR017016,2021-02-01,0,0,0,0,0
MMR017017,2021-02-01,0,0,0,0,0
MMR017018,2021-02-01,0,0,0,0,0
MMR017019,2021-02-01,0,0,0,0,0
MMR017020,2021-02-01,0,0,0,0,0
MMR017021,2021-02-01,0,0,0,0,0
MMR017022,2021-02-01,0,0,0,0,0
MMR017023,2021-02-01,0,0,0,0,0
MMR017024,2021-02-01,0,0,0,0,0
MMR017025,2021-02-01,0,0,0,0,0
MMR017026,2021-02-01,0,0,0,0,0
MMR018001,2021-02-01,0,0,0,0,0
MMR018002,2021-02-01,0,0,0,0,0
MMR018003,2021-02-01,0,0,0,0,0
MMR018004,2021-02-01,0,0,0,0,0
MMR018005,2021-02-01,0,0,0,0,0
MMR018006,2021-02-01,0,0,0,0,0
MMR018007,2021-02-01,0,0,0,0,0
MMR018008,2021-02-01,0,0,0,0,0
MMR001001,2021-03-01,3,2,1,0,0
MMR001002,2021-03-01,6,5,1,0,0
MMR001003,2021-03-01,3,2,1,0,0
MMR001004,2021-03-01,3,2,1,0,0
MMR001005,2021-03-01,0,0,0,0,0
MMR001006,2021-03-01,0,0,0,0,0
MMR001007,2021-03-01,4,2,2,0,30
MMR001008,2021-03-01,2,1,1,0,0
MMR001009,2021-03-01,22,16,6,0,51
MMR001010,2021-03-01,1,0,0,1,0
MMR001011,2021-03-01,1,1,0,0,0
MMR001012,2021-03-01,6,4,2,0,5
MMR001013,2021-03-01,1,0,1,0,2
MMR001014,2021-03-01,1,1,0,0,3
MMR001015,2021-03-01,1,1,0,0,0
MMR001016,2021-03-01,0,0,0,0,0
MMR001017,2021-03-01,0,0,0,0,0
MMR001018,2021-03-01,0,0,0,0,0
MMR002001,2021-03-01,0,0,0,0,0
MMR002002,2021-03-01,0,0,0,0,0
MMR002003,2021-03-01,0,0,0,0,0
MMR002004,2021-03-01,0,0,0,0,0
MMR002005,2021-03-01,0,0,0,0,0
MMR002006,2021-03-01,0,0,0,0,0
MMR002007,2021-03-01,0,0,0,0,0
MMR003001,2021-03-01,5,1,3,1,5
MMR003002,2021-03-01,0,0,0,0,0
MMR003003,2021-03-01,11,2,9,0,19
MMR003004,2021-03-01,0,0,0,0,0
MMR003005,2021-03-01,3,1,2,0,3
MMR003006,2021-03-01,3,1,2,0,0
MMR003007,2021-03-01,2,0,1,1,0
MMR004001,2021-03-01,0,0,0,0,0
MMR004002,2021-03-01,0,0,0,0,0
MMR004003,2021-03-01,0,0,0,0,0
MMR004004,2021-03-01,0,0,0,0,0
MMR004005,2021-03-01,0,0,0,0,0
MMR004006,2021-03-01,0,0,0,0,0
MMR004007,2021-03-01,1,0,0,1,0
MMR004008,2021-03-01,0,0,0,0,0
MMR004009,2021-03-01,0,0,0,0,0
MMR005001,2021-03-01,0,0,0,0,0
MMR005002,2021-03-01,0,0,0,0,0
MMR005003,2021-03-01,0,0,0,0,0
MMR005004,2021-03-01,0,0,0,0,0
MMR005005,2021-03-01,0,0,0,0,0
MMR005006,2021-03-01,0,0,0,0,0
MMR005007,2021-03-01,0,0,0,0,0
MMR005008,2021-03-01,0,0,0,0,0
MMR005009,2021-03-01,0,0,0,0,0
MMR005010,2021-03-01,0,0,0,0,0
MMR005011,2021-03-01,0,0,0,0,0
MMR005012,2021-03-01,4,1,0,3,4
MMR005013,2021-03-01,0,0,0,0,0
MMR005014,2021-03-01,0,0,0,0,0
MMR005015,2021-03-01,0,0,0,0,0
MMR005016,2021-03-01,0,0,0,0,0
MMR005017,2021-03-01,0,0,0,0,0
MMR005018,2021-03-01,0,0,0,0,0
MMR005019,2021-03-01,0,0,0,0,0
MMR005020,2021-03-01,0,0,0,0,0
MMR005021,2021-03-01,2,0,2,0,0
MMR005022,2021-03-01,0,0,0,0,0
MMR005023,2021-03-01,0,0,0,0,0
MMR005024,2021-03-01,0,0,0,0,0
MMR005025,2021-03-01,0,0,0,0,0
MMR005026,2021-03-01,0,0,0,0,0
MMR005027,2021-03-01,5,4,0,1,14
MMR005028,2021-03-01,0,0,0,0,0
MMR005029,2021-03-01,0,0,0,0,0
MMR005030,2021-03-01,3,1,0,2,6
MMR005031,2021-03-01,0,0,0,0,0
MMR005032,2021-03-01,0,0,0,0,0
MMR005033,2021-03-01,0,0,0,0,0
MMR005034,2021-03-01,0,0,0,0,0
MMR005035,2021-03-01,0,0,0,0,0
MMR005036,2021-03-01,0,0,0,0,0
MMR005037,2021-03-01,0,0,0,0,0
MMR006001,2021-03-01,7,1,0,6,5
MMR006002,2021-03-01,1,0,0,1,1
MMR006003,2021-03-01,0,0,0,0,0
MMR006004,2021-03-01,0,0,0,0,0
MMR006005,2021-03-01,4,0,0,4,0
MMR006006,2021-03-01,0,0,0,0,0
MMR006007,2021-03-01,0,0,0,0,0
MMR006008,2021-03-01,0,0,0,0,0
MMR006009,2021-03-01,0,0,0,0,0
MMR006010,2021-03-01,1,0,0,1,1
MMR007001,2021-03-01,8,0,2,6,6
MMR007002,2021-03-01,0,0,0,0,0
MMR007003,2021-03-01,0,0,0,0,0
MMR007004,2021-03-01,0,0,0,0,0
MMR007005,2021-03-01,1,1,0,0,6
MMR007006,2021-03-01,1,0,0,1,1
MMR007007,2021-03-01,0,0,0,0,0
MMR007008,2021-03-01,1,0,1,0,11
MMR007009,2021-03-01,1,0,0,1,1
MMR007010,2021-03-01,0,0,0,0,0
MMR007011,2021-03-01,4,3,1,0,30
MMR007012,2021-03-01,0,0,0,0,0
MMR007013,2021-03-01,0,0,0,0,0
MMR007014,2021-03-01,0,0,0,0,0
MMR008001,2021-03-01,1,0,0,1,0
MMR008002,2021-03-01,0,0,0,0,0
MMR008003,2021-03-01,0,0,0,0,0
MMR008004,2021-03-01,1,0,0,1,0
MMR008005,2021-03-01,0,0,0,0,0
MMR008006,2021-03-01,0,0,0,0,0
MMR008007,2021-03-01,0,0,0,0,0
MMR008008,2021-03-01,0,0,0,0,0
MMR008009,2021-03-01,0,0,0,0,0
MMR008010,2021-03-01,0,0,0,0,0
MMR008011,2021-03-01,0,0,0,0,0
MMR008012,2021-03-01,0,0,0,0,0
MMR008013,2021-03-01,0,0,0,0,0
MMR008014,2021-03-01,0,0,0,0,0
MMR009001,2021-03-01,0,0,0,0,0
MMR009002,2021-03-01,0,0,0,0,0
MMR009003,2021-03-01,0,0,0,0,0
MMR009004,2021-03-01,1,0,0,1,1
MMR009005,2021-03-01,0,0,0,0,0
MMR009006,2021-03-01,0,0,0,0,0
MMR009007,2021-03-01,0,0,0,0,0
MMR009008,2021-03-01,1,0,0,1,1
MMR009009,2021-03-01,0,0,0,0,0
MMR009010,2021-03-01,0,0,0,0,0
MMR009011,2021-03-01,0,0,0,0,0
MMR009012,2021-03-01,0,0,0,0,0
MMR009013,2021-03-01,0,0,0,0,0
MMR009014,2021-03-01,0,0,0,0,0
MMR009015,2021-03-01,0,0,0,0,0
MMR009016,2021-03-01,0,0,0,0,0
MMR009017,2021-03-01,0,0,0,0,0
MMR009018,2021-03-01,1,0,0,1,2
MMR009019,2021-03-01,0,0,0,0,0
MMR009020,2021-03-01,0,0,0,0,0
MMR009021,2021-03-01,0,0,0,0,0
MMR009022,2021-03-01,0,0,0,0,0
MMR009023,2021-03-01,9,6,0,3,9
MMR009024,2021-03-01,0,0,0,0,0
MMR009025,2021-03-01,0,0,0,0,0
MMR010001,2021-03-01,2,0,0,2,2
MMR010002,2021-03-01,2,0,0,2,2
MMR010003,2021-03-01,0,0,0,0,0
MMR010004,2021-03-01,5,0,0,5,12
MMR010005,2021-03-01,1,0,0,1,3
MMR010006,2021-03-01,1,0,0,1,0
MMR010007,2021-03-01,0,0,0,0,0
MMR010008,2021-03-01,0,0,0,0,0
MMR010009,2021-03-01,0,0,0,0,0
MMR010010,2021-03-01,2,0,0,2,3
MMR010011,2021-03-01,3,0,0,3,1
MMR010012,2021-03-01,2,0,0,2,3
MMR010013,2021-03-01,1,0,0,1,0
MMR010014,2021-03-01,1,0,0,1,0
MMR010015,2021-03-01,0,0,0,0,0
MMR010016,2021-03-01,0,0,0,0,0
MMR010017,2021-03-01,1,0,0,1,2
MMR010018,2021-03-01,0,0,0,0,0
MMR010019,2021-03-01,0,0,0,0,0
MMR010020,2021-03-01,3,1,0,2,2
MMR010021,2021-03-01,0,0,0,0,0
MMR010022,2021-03-01,2,0,0,2,0
MMR010023,2021-03-01,0,0,0,0,0
MMR010024,2021-03-01,0,0,0,0,0
MMR010028,2021-03-01,1,0,0,1,2
MMR010029,2021-03-01,0,0,0,0,0
MMR010030,2021-03-01,0,0,0,0,0
MMR010031,2021-03-01,0,0,0,0,0
MMR011001,2021-03-01,3,0,1,2,0
MMR011002,2021-03-01,0,0,0,0,0
MMR011003,2021-03-01,0,0,0,0,0
MMR011004,2021-03-01,0,0,0,0,0
MMR011005,2021-03-01,1,0,0,1,1
MMR011006,2021-03-01,0,0,0,0,0
MMR011007,2021-03-01,2,1,1,0,0
MMR011008,2021-03-01,1,0,0,1,1
MMR011009,2021-03-01,1,1,0,0,0
MMR011010,2021-03-01,1,1,0,0,0
MMR012001,2021-03-01,0,0,0,0,0
MMR012002,2021-03-01,0,0,0,0,0
MMR012003,2021-03-01,0,0,0,0,0
MMR012004,2021-03-01,0,0,0,0,0
MMR012005,2021-03-01,0,0,0,0,0
MMR012006,2021-03-01,1,0,1,0,0
MMR012007,2021-03-01,0,0,0,0,0
MMR012008,2021-03-01,1,0,1,0,0
MMR012009,2021-03-01,1,1,0,0,3
MMR012010,2021-03-01,0,0,0,0,0
MMR012011,2021-03-01,0,0,0,0,0
MMR012012,2021-03-01,0,0,0,0,0
MMR012013,2021-03-01,0,0,0,0,0
MMR012014,2021-03-01,0,0,0,0,0
MMR012015,2021-03-01,0,0,0,0,0
MMR012016,2021-03-01,0,0,0,0,0
MMR012017,2021-03-01,0,0,0,0,0
MMR013001,2021-03-01,5,0,0,5,3
MMR013002,2021-03-01,3,0,0,3,3
MMR013003,2021-03-01,0,0,0,0,0
MMR013004,2021-03-01,0,0,0,0,0
MMR013005,2021-03-01,0,0,0,0,0
MMR013006,2021-03-01,0,0,0,0,0
MMR013007,2021-03-01,2,0,0,2,2
MMR013009,2021-03-01,1,0,0,1,2
MMR013010,2021-03-01,0,0,0,0,0
MMR013011,2021-03-01,4,0,0,4,0
MMR013012,2021-03-01,3,0,0,3,1
MMR013013,2021-03-01,3,0,0,3,0
MMR013014,2021-03-01,1,0,0,1,1
MMR013015,2021-03-01,2,0,1,1,1
MMR013016,2021-03-01,1,0,0,1,0
MMR013017,2021-03-01,0,0,0,0,0
MMR013018,2021-03-01,3,0,0,3,6
MMR013019,2021-03-01,1,0,0,1,0
MMR013020,2021-03-01,0,0,0,0,0
MMR013021,2021-03-01,0,0,0,0,0
MMR013022,2021-03-01,2,0,0,2,1
MMR013023,2021-03-01,3,0,0,3,3
MMR013024,2021-03-01,0,0,0,0,0
MMR013025,2021-03-01,0,0,0,0,0
MMR013026,2021-03-01,0,0,0,0,0
MMR013027,2021-03-01,0,0,0,0,0
MMR013028,2021-03-01,0,0,0,0,0
MMR013029,2021-03-01,0,0,0,0,0
MMR013030,2021-03-01,0,0,0,0,0
MMR013031,2021-03-01,0,0,0,0,0
MMR013032,2021-03-01,0,0,0,0,0
MMR013033,2021-03-01,1,0,0,1,0
MMR013034,2021-03-01,2,0,0,2,1
MMR013035,2021-03-01,1,0,0,1,0
MMR013036,2021-03-01,0,0,0,0,0
MMR013037,2021-03-01,1,0,0,1,0
MMR013038,2021-03-01,2,0,1,1,0
MMR013039,2021-03-01,1,0,0,1,0
MMR013040,2021-03-01,3,0,0,3,2
MMR013041,2021-03-01,0,0,0,0,0
MMR013042,2021-03-01,1,0,0,1,0
MMR013043,2021-03-01,0,0,0,0,0
MMR013044,2021-03-01,2,0,1,1,1
MMR013046,2021-03-01,3,0,0,3,1
MMR013047,2021-03-01,0,0,0,0,0
MMR014001,2021-03-01,1,0,0,1,0
MMR014002,2021-03-01,0,0,0,0,0
MMR014003,2021-03-01,0,0,0,0,0
MMR014004,2021-03-01,0,0,0,0,0
MMR014005,2021-03-01,0,0,0,0,0
MMR014006,2021-03-01,0,0,0,0,0
MMR014007,2021-03-01,0,0,0,0,0
MMR014008,2021-03-01,0,0,0,0,0
MMR014009,2021-03-01,0,0,0,0,0
MMR014010,2021-03-01,3,2,0,1,8
MMR014011,2021-03-01,0,0,0,0,0
MMR014012,2021-03-01,0,0,0,0,0
MMR014013,2021-03-01,0,0,0,0,0
MMR014014,2021-03-01,0,0,0,0,0
MMR014015,2021-03-01,1,1,0,0,0
MMR014016,2021-03-01,0,0,0,0,0
MMR014017,2021-03-01,0,0,0,0,0
MMR014018,2021-03-01,0,0,0,0,0
MMR014019,2021-03-01,0,0,0,0,0
MMR014020,2021-03-01,0,0,0,0,0
MMR014021,2021-03-01,0,0,0,0,0
MMR015001,2021-03-01,5,1,3,1,1
MMR015002,2021-03-01,0,0,0,0,0
MMR015003,2021-03-01,0,0,0,0,0
MMR015004,2021-03-01,0,0,0,0,0
MMR015005,2021-03-01,0,0,0,0,0
MMR015006,2021-03-01,0,0,0,0,0
MMR015007,2021-03-01,0,0,0,0,0
MMR015008,2021-03-01,0,0,0,0,0
MMR015009,2021-03-01,9,7,0,2,1
MMR015010,2021-03-01,2,2,0,0,0
MMR015011,2021-03-01,1,1,0,0,0
MMR015012,2021-03-01,8,4,1,3,4
MMR015013,2021-03-01,0,0,0,0,0
MMR015014,2021-03-01,4,3,0,1,2
MMR015015,2021-03-01,5,4,0,1,1
MMR015016,2021-03-01,2,2,0,0,1
MMR015017,2021-03-01,0,0,0,0,0
MMR015018,2021-03-01,0,0,0,0,0
MMR015019,2021-03-01,1,1,0,0,0
MMR015020,2021-03-01,0,0,0,0,0
MMR015021,2021-03-01,0,0,0,0,0
MMR015022,2021-03-01,0,0,0,0,0
MMR015023,2021-03-01,0,0,0,0,0
MMR015024,2021-03-01,0,0,0,0,0
MMR016001,2021-03-01,0,0,0,0,0
MMR016002,2021-03-01,0,0,0,0,0
MMR016003,2021-03-01,0,0,0,0,0
MMR016005,2021-03-01,0,0,0,0,0
MMR016006,2021-03-01,0,0,0,0,0
MMR016007,2021-03-01,0,0,0,0,0
MMR016008,2021-03-01,0,0,0,0,0
MMR016009,2021-03-01,0,0,0,0,0
MMR016010,2021-03-01,0,0,0,0,0
MMR016011,2021-03-01,0,0,0,0,0
MMR017001,2021-03-01,2,0,0,2,3
MMR017002,2021-03-01,0,0,0,0,0
MMR017003,2021-03-01,0,0,0,0,0
MMR017004,2021-03-01,0,0,0,0,0
MMR017005,2021-03-01,0,0,0,0,0
MMR017006,2021-03-01,0,0,0,0,0
MMR017007,2021-03-01,0,0,0,0,0
MMR017008,2021-03-01,0,0,0,0,0
MMR017009,2021-03-01,0,0,0,0,0
MMR017010,2021-03-01,0,0,0,0,0
MMR017011,2021-03-01,0,0,0,0,0
MMR017012,2021-03-01,1,0,0,1,0
MMR017013,2021-03-01,0,0,0,0,0
MMR017014,2021-03-01,0,0,0,0,0
MMR017015,2021-03-01,0,0,0,0,0
MMR017016,2021-03-01,0,0,0,0,0
MMR017017,2021-03-01,0,0,0,0,0
MMR017018,2021-03-01,0,0,0,0,0
MMR017019,2021-03-01,0,0,0,0,0
MMR017020,2021-03-01,0,0,0,0,0
MMR017021,2021-03-01,0,0,0,0,0
MMR017022,2021-03-01,0,0,0,0,0
MMR017023,2021-03-01,0,0,0,0,0
MMR017024,2021-03-01,0,0,0,0,0
MMR017025,2021-03-01,0,0,0,0,0
MMR017026,2021-03-01,0,0,0,0,0
MMR018001,2021-03-01,0,0,0,0,0
MMR018002,2021-03-01,1,0,0,1,1
MMR018003,2021-03-01,0,0,0,0,0
MMR018004,2021-03-01,0,0,0,0,0
MMR018005,2021-03-01,0,0,0,0,0
MMR018006,2021-03-01,0,0,0,0,0
MMR018007,2021-03-01,0,0,0,0,0
MMR018008,2021-03-01,0,0,0,0,0
MMR001001,2021-04-01,6,4,1,1,1
MMR001002,2021-04-01,22,18,4,0,0
MMR001003,2021-04-01,0,0,0,0,0
MMR001004,2021-04-01,11,10,1,0,4
MMR001005,2021-04-01,0,0,0,0,0
MMR001006,2021-04-01,0,0,0,0,0
MMR001007,2021-04-01,8,3,3,2,2
MMR001008,2021-04-01,7,4,0,3,2
MMR001009,2021-04-01,21,13,7,1,6
MMR001010,2021-04-01,6,3,2,1,6
MMR001011,2021-04-01,1,0,1,0,0
MMR001012,2021-04-01,63,35,28,0,46
MMR001013,2021-04-01,3,1,2,0,0
MMR001014,2021-04-01,3,2,0,1,0
MMR001015,2021-04-01,6,5,0,1,18
MMR001016,2021-04-01,0,0,0,0,0
MMR001017,2021-04-01,0,0,0,0,0
MMR001018,2021-04-01,0,0,0,0,0
MMR002001,2021-04-01,0,0,0,0,0
MMR002002,2021-04-01,1,0,1,0,0
MMR002003,2021-04-01,0,0,0,0,0
MMR002004,2021-04-01,0,0,0,0,0
MMR002005,2021-04-01,0,0,0,0,0
MMR002006,2021-04-01,0,0,0,0,0
MMR002007,2021-04-01,0,0,0,0,0
MMR003001,2021-04-01,1,0,0,1,2
MMR003002,2021-04-01,0,0,0,0,0
MMR003003,2021-04-01,20,6,11,3,21
MMR003004,2021-04-01,0,0,0,0,0
MMR003005,2021-04-01,4,0,4,0,0
MMR003006,2021-04-01,1,1,0,0,0
MMR003007,2021-04-01,4,2,2,0,0
MMR004001,2021-04-01,0,0,0,0,0
MMR004002,2021-04-01,2,1,0,1,2
MMR004003,2021-04-01,0,0,0,0,0
MMR004004,2021-04-01,1,0,0,1,1
MMR004005,2021-04-01,0,0,0,0,0
MMR004006,2021-04-01,5,4,0,1,19
MMR004007,2021-04-01,0,0,0,0,0
MMR004008,2021-04-01,0,0,0,0,0
MMR004009,2021-04-01,1,0,1,0,0
MMR005001,2021-04-01,1,0,0,1,1
MMR005002,2021-04-01,0,0,0,0,0
MMR005003,2021-04-01,1,0,0,1,1
MMR005004,2021-04-01,2,0,0,2,3
MMR005005,2021-04-01,1,0,0,1,0
MMR005006,2021-04-01,0,0,0,0,0
MMR005007,2021-04-01,0,0,0,0,0
MMR005008,2021-04-01,0,0,0,0,0
MMR005009,2021-04-01,0,0,0,0,0
MMR005010,2021-04-01,0,0,0,0,0
MMR005011,2021-04-01,0,0,0,0,0
MMR005012,2021-04-01,3,0,2,1,0
MMR005013,2021-04-01,0,0,0,0,0
MMR005014,2021-04-01,0,0,0,0,0
MMR005015,2021-04-01,1,0,0,1,0
MMR005016,2021-04-01,8,6,0,2,27
MMR005017,2021-04-01,6,5,0,1,10
MMR005018,2021-04-01,0,0,0,0,0
MMR005019,2021-04-01,0,0,0,0,0
MMR005020,2021-04-01,1,0,0,1,0
MMR005021,2021-04-01,1,1,0,0,0
MMR005022,2021-04-01,1,1,0,0,1
MMR005023,2021-04-01,0,0,0,0,0
MMR005024,2021-04-01,0,0,0,0,0
MMR005025,2021-04-01,0,0,0,0,0
MMR005026,2021-04-01,2,2,0,0,1
MMR005027,2021-04-01,10,4,1,5,9
MMR005028,2021-04-01,0,0,0,0,0
MMR005029,2021-04-01,0,0,0,0,0
MMR005030,2021-04-01,8,3,0,5,34
MMR005031,2021-04-01,0,0,0,0,0
MMR005032,2021-04-01,0,0,0,0,0
MMR005033,2021-04-01,0,0,0,0,0
MMR005034,2021-04-01,2,1,0,1,2
MMR005035,2021-04-01,0,0,0,0,0
MMR005036,2021-04-01,0,0,0,0,0
MMR005037,2021-04-01,0,0,0,0,0
MMR006001,2021-04-01,3,2,0,1,6
MMR006002,2021-04-01,0,0,0,0,0
MMR006003,2021-04-01,0,0,0,0,0
MMR006004,2021-04-01,0,0,0,0,0
MMR006005,2021-04-01,1,0,1,0,0
MMR006006,2021-04-01,0,0,0,0,0
MMR006007,2021-04-01,0,0,0,0,0
MMR006008,2021-04-01,0,0,0,0,0
MMR006009,2021-04-01,1,0,0,1,0
MMR006010,2021-04-01,0,0,0,0,0
MMR007001,2021-04-01,2,0,1,1,1
MMR007002,2021-04-01,0,0,0,0,0
MMR007003,2021-04-01,0,0,0,0,0
MMR007004,2021-04-01,0,0,0,0,0
MMR007005,2021-04-01,1,1,0,0,0
MMR007006,2021-04-01,0,0,0,0,0
MMR007007,2021-04-01,0,0,0,0,0
MMR007008,2021-04-01,0,0,0,0,0
MMR007009,2021-04-01,0,0,0,0,0
MMR007010,2021-04-01,0,0,0,0,0
MMR007011,2021-04-01,2,2,0,0,2
MMR007012,2021-04-01,0,0,0,0,0
MMR007013,2021-04-01,0,0,0,0,0
MMR007014,2021-04-01,0,0,0,0,0
MMR008001,2021-04-01,1,0,1,0,0
MMR008002,2021-04-01,0,0,0,0,0
MMR008003,2021-04-01,0,0,0,0,0
MMR008004,2021-04-01,0,0,0,0,0
MMR008005,2021-04-01,0,0,0,0,0
MMR008006,2021-04-01,0,0,0,0,0
MMR008007,2021-04-01,0,0,0,0,0
MMR008008,2021-04-01,0,0,0,0,0
MMR008009,2021-04-01,0,0,0,0,0
MMR008010,2021-04-01,0,0,0,0,0
MMR008011,2021-04-01,0,0,0,0,0
MMR008012,2021-04-01,0,0,0,0,0
MMR008013,2021-04-01,0,0,0,0,0
MMR008014,2021-04-01,0,0,0,0,0
MMR009001,2021-04-01,2,0,1,1,0
MMR009002,2021-04-01,0,0,0,0,0
MMR009003,2021-04-01,0,0,0,0,0
MMR009004,2021-04-01,1,0,0,1,0
MMR009005,2021-04-01,0,0,0,0,0
MMR009006,2021-04-01,0,0,0,0,0
MMR009007,2021-04-01,0,0,0,0,0
MMR009008,2021-04-01,0,0,0,0,0
MMR009009,2021-04-01,0,0,0,0,0
MMR009010,2021-04-01,0,0,0,0,0
MMR009011,2021-04-01,0,0,0,0,0
MMR009012,2021-04-01,1,1,0,0,0
MMR009013,2021-04-01,0,0,0,0,0
MMR009014,2021-04-01,0,0,0,0,0
MMR009015,2021-04-01,0,0,0,0,0
MMR009016,2021-04-01,0,0,0,0,0
MMR009017,2021-04-01,0,0,0,0,0
MMR009018,2021-04-01,2,0,2,0,0
MMR009019,2021-04-01,0,0,0,0,0
MMR009020,2021-04-01,0,0,0,0,0
MMR009021,2021-04-01,0,0,0,0,0
MMR009022,2021-04-01,0,0,0,0,0
MMR009023,2021-04-01,0,0,0,0,0
MMR009024,2021-04-01,0,0,0,0,0
MMR009025,2021-04-01,0,0,0,0,0
MMR010001,2021-04-01,0,0,0,0,0
MMR010002,2021-04-01,12,0,6,6,2
MMR010003,2021-04-01,6,0,2,4,2
MMR010004,2021-04-01,3,0,0,3,1
MMR010005,2021-04-01,1,0,0,1,0
MMR010006,2021-04-01,3,0,0,3,6
MMR010007,2021-04-01,0,0,0,0,0
MMR010008,2021-04-01,0,0,0,0,0
MMR010009,2021-04-01,0,0,0,0,0
MMR010010,2021-04-01,0,0,0,0,0
MMR010011,2021-04-01,7,6,0,1,15
MMR010012,2021-04-01,0,0,0,0,0
MMR010013,2021-04-01,1,0,0,1,0
MMR010014,2021-04-01,0,0,0,0,0
MMR010015,2021-04-01,0,0,0,0,0
MMR010016,2021-04-01,0,0,0,0,0
MMR010017,2021-04-01,15,4,1,10,14
MMR010018,2021-04-01,1,0,1,0,0
MMR010019,2021-04-01,0,0,0,0,0
MMR010020,2021-04-01,1,0,0,1,1
MMR010021,2021-04-01,0,0,0,0,0
MMR010022,2021-04-01,0,0,0,0,0
MMR010023,2021-04-01,0,0,0,0,0
MMR010024,2021-04-01,0,0,0,0,0
MMR010028,2021-04-01,3,0,3,0,0
MMR010029,2021-04-01,0,0,0,0,0
MMR010030,2021-04-01,0,0,0,0,0
MMR010031,2021-04-01,0,0,0,0,0
MMR011001,2021-04-01,1,0,1,0,0
MMR011002,2021-04-01,0,0,0,0,0
MMR011003,2021-04-01,1,0,0,1,2
MMR011004,2021-04-01,0,0,0,0,0
MMR011005,2021-04-01,0,0,0,0,0
MMR011006,2021-04-01,5,1,3,1,7
MMR011007,2021-04-01,7,4,2,1,5
MMR011008,2021-04-01,0,0,0,0,0
MMR011009,2021-04-01,1,1,0,0,0
MMR011010,2021-04-01,10,5,4,1,9
MMR012001,2021-04-01,0,0,0,0,0
MMR012002,2021-04-01,0,0,0,0,0
MMR012003,2021-04-01,0,0,0,0,0
MMR012004,2021-04-01,1,0,1,0,3
MMR012005,2021-04-01,0,0,0,0,0
MMR012006,2021-04-01,0,0,0,0,0
MMR012007,2021-04-01,0,0,0,0,0
MMR012008,2021-04-01,0,0,0,0,0
MMR012009,2021-04-01,0,0,0,0,0
MMR012010,2021-04-01,2,0,1,1,0
MMR012011,2021-04-01,0,0,0,0,0
MMR012012,2021-04-01,0,0,0,0,0
MMR012013,2021-04-01,0,0,0,0,0
MMR012014,2021-04-01,2,0,2,0,0
MMR012015,2021-04-01,0,0,0,0,0
MMR012016,2021-04-01,0,0,0,0,0
MMR012017,2021-04-01,0,0,0,0,0
MMR013001,2021-04-01,5,0,3,2,1
MMR013002,2021-04-01,0,0,0,0,0
MMR013003,2021-04-01,0,0,0,0,0
MMR013004,2021-04-01,0,0,0,0,0
MMR013005,2021-04-01,0,0,0,0,0
MMR013006,2021-04-01,0,0,0,0,0
MMR013007,2021-04-01,2,0,1,1,0
MMR013009,2021-04-01,2,0,2,0,0
MMR013010,2021-04-01,4,0,1,3,1
MMR013011,2021-04-01,4,0,4,0,0
MMR013012,2021-04-01,1,0,0,1,0
MMR013013,2021-04-01,0,0,0,0,0
MMR013014,2021-04-01,0,0,0,0,0
MMR013015,2021-04-01,1,0,0,1,0
MMR013016,2021-04-01,0,0,0,0,0
MMR013017,2021-04-01,0,0,0,0,0
MMR013018,2021-04-01,0,0,0,0,0
MMR013019,2021-04-01,1,0,1,0,0
MMR013020,2021-04-01,0,0,0,0,0
MMR013021,2021-04-01,0,0,0,0,0
MMR013022,2021-04-01,1,0,1,0,0
MMR013023,2021-04-01,0,0,0,0,0
MMR013024,2021-04-01,0,0,0,0,0
MMR013025,2021-04-01,0,0,0,0,0
MMR013026,2021-04-01,1,0,1,0,0
MMR013027,2021-04-01,0,0,0,0,0
MMR013028,2021-04-01,0,0,0,0,0
MMR013029,2021-04-01,0,0,0,0,0
MMR013030,2021-04-01,0,0,0,0,0
MMR013031,2021-04-01,0,0,0,0,0
MMR013032,2021-04-01,0,0,0,0,0
MMR013033,2021-04-01,1,0,0,1,1
MMR013034,2021-04-01,0,0,0,0,0
MMR013035,2021-04-01,0,0,0,0,0
MMR013036,2021-04-01,1,0,1,0,0
MMR013037,2021-04-01,0,0,0,0,0
MMR013038,2021-04-01,0,0,0,0,0
MMR013039,2021-04-01,1,0,1,0,0
MMR013040,2021-04-01,0,0,0,0,0
MMR013041,2021-04-01,0,0,0,0,0
MMR013042,2021-04-01,6,0,4,2,1
MMR013043,2021-04-01,1,0,1,0,0
MMR013044,2021-04-01,3,0,2,1,1
MMR013046,2021-04-01,2,0,2,0,0
MMR013047,2021-04-01,0,0,0,0,0
MMR014001,2021-04-01,2,0,1,1,1
MMR014002,2021-04-01,2,0,0,2,2
MMR014003,2021-04-01,0,0,0,0,0
MMR014004,2021-04-01,0,0,0,0,0
MMR014005,2021-04-01,0,0,0,0,0
MMR014006,2021-04-01,0,0,0,0,0
MMR014007,2021-04-01,0,0,0,0,0
MMR014008,2021-04-01,0,0,0,0,0
MMR014009,2021-04-01,0,0,0,0,0
MMR014010,2021-04-01,0,0,0,0,0
MMR014011,2021-04-01,0,0,0,0,0
MMR014012,2021-04-01,0,0,0,0,0
MMR014013,2021-04-01,4,4,0,0,3
MMR014014,2021-04-01,0,0,0,0,0
MMR014015,2021-04-01,2,2,0,0,0
MMR014016,2021-04-01,0,0,0,0,0
MMR014017,2021-04-01,0,0,0,0,0
MMR014018,2021-04-01,0,0,0,0,0
MMR014019,2021-04-01,1,1,0,0,1
MMR014020,2021-04-01,0,0,0,0,0
MMR014021,2021-04-01,0,0,0,0,0
MMR015001,2021-04-01,7,4,2,1,14
MMR015002,2021-04-01,0,0,0,0,0
MMR015003,2021-04-01,0,0,0,0,0
MMR015004,2021-04-01,0,0,0,0,0
MMR015005,2021-04-01,0,0,0,0,0
MMR015006,2021-04-01,0,0,0,0,0
MMR015007,2021-04-01,0,0,0,0,0
MMR015008,2021-04-01,0,0,0,0,0
MMR015009,2021-04-01,6,3,2,1,0
MMR015010,2021-04-01,1,0,1,0,0
MMR015011,2021-04-01,10,8,2,0,0
MMR015012,2021-04-01,5,2,1,2,1
MMR015013,2021-04-01,0,0,0,0,0
MMR015014,2021-04-01,8,2,3,3,2
MMR015015,2021-04-01,14,9,4,1,2
MMR015016,2021-04-01,7,3,0,4,1
MMR015017,2021-04-01,1,0,0,1,0
MMR015018,2021-04-01,0,0,0,0,0
MMR015019,2021-04-01,1,1,0,0,2
MMR015020,2021-04-01,0,0,0,0,0
MMR015021,2021-04-01,0,0,0,0,0
MMR015022,2021-04-01,0,0,0,0,0
MMR015023,2021-04-01,0,0,0,0,0
MMR015024,2021-04-01,0,0,0,0,0
MMR016001,2021-04-01,0,0,0,0,0
MMR016002,2021-04-01,0,0,0,0,0
MMR016003,2021-04-01,0,0,0,0,0
MMR016005,2021-04-01,0,0,0,0,0
MMR016006,2021-04-01,0,0,0,0,0
MMR016007,2021-04-01,3,0,3,0,0
MMR016008,2021-04-01,0,0,0,0,0
MMR016009,2021-04-01,2,0,2,0,0
MMR016010,2021-04-01,0,0,0,0,0
MMR016011,2021-04-01,2,0,2,0,0
MMR017001,2021-04-01,3,0,0,3,1
MMR017002,2021-04-01,0,0,0,0,0
MMR017003,2021-04-01,0,0,0,0,0
MMR017004,2021-04-01,0,0,0,0,0
MMR017005,2021-04-01,0,0,0,0,0
MMR017006,2021-04-01,0,0,0,0,0
MMR017007,2021-04-01,0,0,0,0,0
MMR017008,2021-04-01,0,0,0,0,0
MMR017009,2021-04-01,0,0,0,0,0
MMR017010,2021-04-01,0,0,0,0,0
MMR017011,2021-04-01,0,0,0,0,0
MMR017012,2021-04-01,0,0,0,0,0
MMR017013,2021-04-01,0,0,0,0,0
MMR017014,2021-04-01,0,0,0,0,0
MMR017015,2021-04-01,0,0,0,0,0
MMR017016,2021-04-01,0,0,0,0,0
MMR017017,2021-04-01,0,0,0,0,0
MMR017018,2021-04-01,0,0,0,0,0
MMR017019,2021-04-01,0,0,0,0,0
MMR017020,2021-04-01,0,0,0,0,0
MMR017021,2021-04-01,0,0,0,0,0
MMR017022,2021-04-01,0,0,0,0,0
MMR017023,2021-04-01,0,0,0,0,0
MMR017024,2021-04-01,0,0,0,0,0
MMR017025,2021-04-01,0,0,0,0,0
MMR017026,2021-04-01,0,0,0,0,0
MMR018001,2021-04-01,0,0,0,0,0
MMR018002,2021-04-01,0,0,0,0,0
MMR018003,2021-04-01,0,0,0,0,0
MMR018004,2021-04-01,0,0,0,0,0
MMR018005,2021-04-01,0,0,0,0,0
MMR018006,2021-04-01,2,0,2,0,0
MMR018007,2021-04-01,0,0,0,0,0
MMR018008,2021-04-01,0,0,0,0,0
MMR001001,2021-05-01,11,2,6,3,4
MMR001002,2021-05-01,16,7,6,3,4
MMR001003,2021-05-01,1,1,0,0,0
MMR001004,2021-05-01,6,2,4,0,0
MMR001005,2021-05-01,0,0,0,0,0
MMR001006,2021-05-01,0,0,0,0,0
MMR001007,2021-05-01,8,2,3,3,5
MMR001008,2021-05-01,4,1,1,2,1
MMR001009,2021-05-01,16,6,6,4,8
MMR001010,2021-05-01,7,1,6,0,0
MMR001011,2021-05-01,19,9,7,3,32
MMR001012,2021-05-01,66,41,25,0,43
MMR001013,2021-05-01,23,16,7,0,1
MMR001014,2021-05-01,7,5,1,1,1
MMR001015,2021-05-01,2,2,0,0,0
MMR001016,2021-05-01,0,0,0,0,0
MMR001017,2021-05-01,0,0,0,0,0
MMR001018,2021-05-01,0,0,0,0,0
MMR002001,2021-05-01,22,9,5,8,23
MMR002002,2021-05-01,35,24,6,5,141
MMR002003,2021-05-01,2,0,2,0,0
MMR002004,2021-05-01,0,0,0,0,0
MMR002005,2021-05-01,2,1,0,1,1
MMR002006,2021-05-01,3,3,0,0,0
MMR002007,2021-05-01,0,0,0,0,0
MMR003001,2021-05-01,3,0,3,0,1
MMR003002,2021-05-01,2,0,2,0,0
MMR003003,2021-05-01,23,14,7,2,60
MMR003004,2021-05-01,0,0,0,0,0
MMR003005,2021-05-01,7,1,2,4,2
MMR003006,2021-05-01,1,0,1,0,0
MMR003007,2021-05-01,5,0,4,1,1
MMR004001,2021-05-01,2,1,1,0,7
MMR004002,2021-05-01,15,12,2,1,30
MMR004003,2021-05-01,0,0,0,0,0
MMR004004,2021-05-01,5,2,2,1,6
MMR004005,2021-05-01,0,0,0,0,0
MMR004006,2021-05-01,18,13,2,3,50
MMR004007,2021-05-01,0,0,0,0,0
MMR004008,2021-05-01,8,6,1,1,10
MMR004009,2021-05-01,2,0,2,0,0
MMR005001,2021-05-01,5,1,4,0,1
MMR005002,2021-05-01,1,0,1,0,0
MMR005003,2021-05-01,6,3,1,2,28
MMR005004,2021-05-01,1,0,0,1,1
MMR005005,2021-05-01,5,0,1,4,4
MMR005006,2021-05-01,1,0,1,0,0
MMR005007,2021-05-01,1,0,1,0,0
MMR005008,2021-05-01,0,0,0,0,0
MMR005009,2021-05-01,0,0,0,0,0
MMR005010,2021-05-01,0,0,0,0,0
MMR005011,2021-05-01,6,1,2,3,5
MMR005012,2021-05-01,4,0,1,3,4
MMR005013,2021-05-01,0,0,0,0,0
MMR005014,2021-05-01,0,0,0,0,0
MMR005015,2021-05-01,1,1,0,0,0
MMR005016,2021-05-01,1,0,1,0,0
MMR005017,2021-05-01,28,15,4,9,101
MMR005018,2021-05-01,0,0,0,0,0
MMR005019,2021-05-01,1,0,1,0,0
MMR005020,2021-05-01,5,2,3,0,9
MMR005021,2021-05-01,1,0,1,0,0
MMR005022,2021-05-01,0,0,0,0,0
MMR005023,2021-05-01,1,1,0,0,0
MMR005024,2021-05-01,0,0,0,0,0
MMR005025,2021-05-01,0,0,0,0,0
MMR005026,2021-05-01,1,0,1,0,0
MMR005027,2021-05-01,13,5,5,3,8
MMR005028,2021-05-01,1,0,1,0,0
MMR005029,2021-05-01,0,0,0,0,0
MMR005030,2021-05-01,3,2,0,1,22
MMR005031,2021-05-01,0,0,0,0,0
MMR005032,2021-05-01,0,0,0,0,0
MMR005033,2021-05-01,4,4,0,0,7
MMR005034,2021-05-01,3,3,0,0,2
MMR005035,2021-05-01,1,1,0,0,4
MMR005036,2021-05-01,0,0,0,0,0
MMR005037,2021-05-01,0,0,0,0,0
MMR006001,2021-05-01,4,0,2,2,1
MMR006002,2021-05-01,2,0,0,2,3
MMR006003,2021-05-01,1,1,0,0,0
MMR006004,2021-05-01,1,0,0,1,0
MMR006005,2021-05-01,0,0,0,0,0
MMR006006,2021-05-01,0,0,0,0,0
MMR006007,2021-05-01,0,0,0,0,0
MMR006008,2021-05-01,0,0,0,0,0
MMR006009,2021-05-01,0,0,0,0,0
MMR006010,2021-05-01,0,0,0,0,0
MMR007001,2021-05-01,3,0,0,3,3
MMR007002,2021-05-01,0,0,0,0,0
MMR007003,2021-05-01,0,0,0,0,0
MMR007004,2021-05-01,3,0,2,1,0
MMR007005,2021-05-01,1,0,1,0,1
MMR007006,2021-05-01,2,0,1,1,0
MMR007007,2021-05-01,2,0,1,1,1
MMR007008,2021-05-01,0,0,0,0,0
MMR007009,2021-05-01,3,0,3,0,0
MMR007010,2021-05-01,1,0,0,1,1
MMR007011,2021-05-01,2,1,0,1,0
MMR007012,2021-05-01,3,0,3,0,0
MMR007013,2021-05-01,0,0,0,0,0
MMR007014,2021-05-01,1,0,1,0,1
MMR008001,2021-05-01,7,0,4,3,8
MMR008002,2021-05-01,0,0,0,0,0
MMR008003,2021-05-01,0,0,0,0,0
MMR008004,2021-05-01,3,0,2,1,0
MMR008005,2021-05-01,1,0,1,0,0
MMR008006,2021-05-01,0,0,0,0,0
MMR008007,2021-05-01,2,0,2,0,0
MMR008008,2021-05-01,0,0,0,0,0
MMR008009,2021-05-01,0,0,0,0,0
MMR008010,2021-05-01,0,0,0,0,0
MMR008011,2021-05-01,0,0,0,0,0
MMR008012,2021-05-01,1,0,1,0,0
MMR008013,2021-05-01,0,0,0,0,0
MMR008014,2021-05-01,1,0,1,0,0
MMR009001,2021-05-01,4,0,2,2,0
MMR009002,2021-05-01,1,0,1,0,0
MMR009003,2021-05-01,0,0,0,0,0
MMR009004,2021-05-01,6,0,3,3,2
MMR009005,2021-05-01,0,0,0,0,0
MMR009006,2021-05-01,1,0,1,0,0
MMR009007,2021-05-01,0,0,0,0,0
MMR009008,2021-05-01,8,0,8,0,0
MMR009009,2021-05-01,0,0,0,0,0
MMR009010,2021-05-01,2,0,0,2,1
MMR009011,2021-05-01,0,0,0,0,0
MMR009012,2021-05-01,1,0,1,0,0
MMR009013,2021-05-01,0,0,0,0,0
MMR009014,2021-05-01,0,0,0,0,0
MMR009015,2021-05-01,0,0,0,0,0
MMR009016,2021-05-01,0,0,0,0,0
MMR009017,2021-05-01,0,0,0,0,0
MMR009018,2021-05-01,0,0,0,0,0
MMR009019,2021-05-01,5,0,3,2,0
MMR009020,2021-05-01,2,0,2,0,0
MMR009021,2021-05-01,5,2,0,3,36
MMR009022,2021-05-01,0,0,0,0,0
MMR009023,2021-05-01,7,3,2,2,18
MMR009024,2021-05-01,6,5,1,0,11
MMR009025,2021-05-01,1,1,0,0,0
MMR010001,2021-05-01,4,0,3,1,1
MMR010002,2021-05-01,8,0,7,1,0
MMR010003,2021-05-01,4,0,4,0,0
MMR010004,2021-05-01,7,0,6,1,1
MMR010005,2021-05-01,2,0,2,0,0
MMR010006,2021-05-01,2,0,1,1,2
MMR010007,2021-05-01,0,0,0,0,0
MMR010008,2021-05-01,1,0,0,1,1
MMR010009,2021-05-01,3,0,3,0,0
MMR010010,2021-05-01,0,0,0,0,0
MMR010011,2021-05-01,9,0,6,3,0
MMR010012,2021-05-01,1,0,0,1,1
MMR010013,2021-05-01,1,0,1,0,0
MMR010014,2021-05-01,1,1,0,0,3
MMR010015,2021-05-01,1,0,0,1,0
MMR010016,2021-05-01,0,0,0,0,0
MMR010017,2021-05-01,15,4,7,4,12
MMR010018,2021-05-01,0,0,0,0,0
MMR010019,2021-05-01,0,0,0,0,0
MMR010020,2021-05-01,4,0,2,2,1
MMR010021,2021-05-01,1,0,0,1,1
MMR010022,2021-05-01,1,0,0,1,1
MMR010023,2021-05-01,0,0,0,0,0
MMR010024,2021-05-01,0,0,0,0,0
MMR010028,2021-05-01,2,1,0,1,2
MMR010029,2021-05-01,0,0,0,0,0
MMR010030,2021-05-01,0,0,0,0,0
MMR010031,2021-05-01,0,0,0,0,0
MMR011001,2021-05-01,4,0,4,0,0
MMR011002,2021-05-01,1,0,1,0,0
MMR011003,2021-05-01,3,0,2,1,1
MMR011004,2021-05-01,0,0,0,0,0
MMR011005,2021-05-01,1,0,1,0,0
MMR011006,2021-05-01,7,0,7,0,0
MMR011007,2021-05-01,3,0,3,0,0
MMR011008,2021-05-01,1,0,1,0,0
MMR011009,2021-05-01,5,2,2,1,2
MMR011010,2021-05-01,2,1,0,1,1
MMR012001,2021-05-01,1,0,0,1,0
MMR012002,2021-05-01,0,0,0,0,0
MMR012003,2021-05-01,0,0,0,0,0
MMR012004,2021-05-01,0,0,0,0,0
MMR012005,2021-05-01,0,0,0,0,0
MMR012006,2021-05-01,0,0,0,0,0
MMR012007,2021-05-01,0,0,0,0,0
MMR012008,2021-05-01,0,0,0,0,0
MMR012009,2021-05-01,2,1,0,1,1
MMR012010,2021-05-01,1,0,0,1,0
MMR012011,2021-05-01,1,0,0,1,0
MMR012012,2021-05-01,0,0,0,0,0
MMR012013,2021-05-01,0,0,0,0,0
MMR012014,2021-05-01,1,0,1,0,0
MMR012015,2021-05-01,0,0,0,0,0
MMR012016,2021-05-01,0,0,0,0,0
MMR012017,2021-05-01,0,0,0,0,0
MMR013001,2021-05-01,7,0,5,2,1
MMR013002,2021-05-01,4,0,4,0,0
MMR013003,2021-05-01,0,0,0,0,0
MMR013004,2021-05-01,0,0,0,0,0
MMR013005,2021-05-01,0,0,0,0,0
MMR013006,2021-05-01,0,0,0,0,0
MMR013007,2021-05-01,10,0,8,2,1
MMR013009,2021-05-01,10,1,9,0,5
MMR013010,2021-05-01,2,0,2,0,0
MMR013011,2021-05-01,5,0,5,0,0
MMR013012,2021-05-01,6,0,4,2,1
MMR013013,2021-05-01,7,1,3,3,3
MMR013014,2021-05-01,1,0,1,0,0
MMR013015,2021-05-01,7,0,6,1,1
MMR013016,2021-05-01,1,0,1,0,0
MMR013017,2021-05-01,3,0,3,0,0
MMR013018,2021-05-01,7,0,4,3,2
MMR013019,2021-05-01,6,0,4,2,1
MMR013020,2021-05-01,2,0,2,0,0
MMR013021,2021-05-01,1,0,1,0,0
MMR013022,2021-05-01,4,0,4,0,0
MMR013023,2021-05-01,2,0,1,1,1
MMR013024,2021-05-01,0,0,0,0,0
MMR013025,2021-05-01,0,0,0,0,0
MMR013026,2021-05-01,0,0,0,0,0
MMR013027,2021-05-01,1,0,1,0,0
MMR013028,2021-05-01,0,0,0,0,0
MMR013029,2021-05-01,0,0,0,0,0
MMR013030,2021-05-01,0,0,0,0,0
MMR013031,2021-05-01,0,0,0,0,0
MMR013032,2021-05-01,0,0,0,0,0
MMR013033,2021-05-01,1,0,1,0,0
MMR013034,2021-05-01,0,0,0,0,0
MMR013035,2021-05-01,4,0,3,1,1
MMR013036,2021-05-01,2,0,2,0,0
MMR013037,2021-05-01,1,0,1,0,0
MMR013038,2021-05-01,2,1,1,0,1
MMR013039,2021-05-01,4,0,3,1,1
MMR013040,2021-05-01,7,0,7,0,0
MMR013041,2021-05-01,0,0,0,0,0
MMR013042,2021-05-01,1,0,1,0,0
MMR013043,2021-05-01,1,0,1,0,0
MMR013044,2021-05-01,1,0,1,0,0
MMR013046,2021-05-01,7,0,6,1,1
MMR013047,2021-05-01,0,0,0,0,0
MMR014001,2021-05-01,13,0,10,3,3
MMR014002,2021-05-01,0,0,0,0,0
MMR014003,2021-05-01,0,0,0,0,0
MMR014004,2021-05-01,0,0,0,0,0
MMR014005,2021-05-01,0,0,0,0,0
MMR014006,2021-05-01,0,0,0,0,0
MMR014007,2021-05-01,0,0,0,0,0
MMR014008,2021-05-01,0,0,0,0,0
MMR014009,2021-05-01,0,0,0,0,0
MMR014010,2021-05-01,6,4,2,0,25
MMR014011,2021-05-01,1,0,1,0,0
MMR014012,2021-05-01,0,0,0,0,0
MMR014013,2021-05-01,0,0,0,0,0
MMR014014,2021-05-01,0,0,0,0,0
MMR014015,2021-05-01,0,0,0,0,0
MMR014016,2021-05-01,0,0,0,0,0
MMR014017,2021-05-01,0,0,0,0,0
MMR014018,2021-05-01,0,0,0,0,0
MMR014019,2021-05-01,0,0,0,0,0
MMR014020,2021-05-01,0,0,0,0,0
MMR014021,2021-05-01,0,0,0,0,0
MMR015001,2021-05-01,6,3,1,2,1
MMR015002,2021-05-01,2,2,0,0,0
MMR015003,2021-05-01,2,0,2,0,0
MMR015004,2021-05-01,1,0,0,1,1
MMR015005,2021-05-01,0,0,0,0,0
MMR015006,2021-05-01,0,0,0,0,0
MMR015007,2021-05-01,0,0,0,0,0
MMR015008,2021-05-01,0,0,0,0,0
MMR015009,2021-05-01,13,5,5,3,1
MMR015010,2021-05-01,5,0,3,2,0
MMR015011,2021-05-01,25,25,0,0,44
MMR015012,2021-05-01,1,1,0,0,0
MMR015013,2021-05-01,3,2,0,1,0
MMR015014,2021-05-01,5,1,3,1,3
MMR015015,2021-05-01,8,4,2,2,2
MMR015016,2021-05-01,3,2,1,0,4
MMR015017,2021-05-01,0,0,0,0,0
MMR015018,2021-05-01,0,0,0,0,0
MMR015019,2021-05-01,4,2,1,1,0
MMR015020,2021-05-01,0,0,0,0,0
MMR015021,2021-05-01,0,0,0,0,0
MMR015022,2021-05-01,0,0,0,0,0
MMR015023,2021-05-01,0,0,0,0,0
MMR015024,2021-05-01,0,0,0,0,0
MMR016001,2021-05-01,1,0,0,1,1
MMR016002,2021-05-01,0,0,0,0,0
MMR016003,2021-05-01,0,0,0,0,0
MMR016005,2021-05-01,0,0,0,0,0
MMR016006,2021-05-01,0,0,0,0,0
MMR016007,2021-05-01,0,0,0,0,0
MMR016008,2021-05-01,0,0,0,0,0
MMR016009,2021-05-01,1,0,1,0,0
MMR016010,2021-05-01,0,0,0,0,0
MMR016011,2021-05-01,1,0,1,0,0
MMR017001,2021-05-01,7,2,4,1,1
MMR017002,2021-05-01,0,0,0,0,0
MMR017003,2021-05-01,1,0,1,0,0
MMR017004,2021-05-01,0,0,0,0,0
MMR017005,2021-05-01,0,0,0,0,0
MMR017006,2021-05-01,0,0,0,0,0
MMR017007,2021-05-01,0,0,0,0,0
MMR017008,2021-05-01,0,0,0,0,0
MMR017009,2021-05-01,0,0,0,0,0
MMR017010,2021-05-01,0,0,0,0,0
MMR017011,2021-05-01,0,0,0,0,0
MMR017012,2021-05-01,0,0,0,0,0
MMR017013,2021-05-01,0,0,0,0,0
MMR017014,2021-05-01,3,0,3,0,0
MMR017015,2021-05-01,0,0,0,0,0
MMR017016,2021-05-01,0,0,0,0,0
MMR017017,2021-05-01,0,0,0,0,0
MMR017018,2021-05-01,0,0,0,0,0
MMR017019,2021-05-01,2,0,2,0,0
MMR017020,2021-05-01,0,0,0,0,0
MMR017021,2021-05-01,2,0,2,0,0
MMR017022,2021-05-01,0,0,0,0,0
MMR017023,2021-05-01,2,0,2,0,0
MMR017024,2021-05-01,0,0,0,0,0
MMR017025,2021-05-01,0,0,0,0,0
MMR017026,2021-05-01,0,0,0,0,0
MMR018001,2021-05-01,0,0,0,0,0
MMR018002,2021-05-01,0,0,0,0,0
MMR018003,2021-05-01,0,0,0,0,0
MMR018004,2021-05-01,1,0,0,1,0
MMR018005,2021-05-01,0,0,0,0,0
MMR018006,2021-05-01,2,0,1,1,0
MMR018007,2021-05-01,0,0,0,0,0
MMR018008,2021-05-01,0,0,0,0,0
MMR001001,2021-06-01,5,2,3,0,2
MMR001002,2021-06-01,9,2,7,0,0
MMR001003,2021-06-01,1,1,0,0,0
MMR001004,2021-06-01,2,1,1,0,3
MMR001005,2021-06-01,0,0,0,0,0
MMR001006,2021-06-01,0,0,0,0,0
MMR001007,2021-06-01,2,1,0,1,16
MMR001008,2021-06-01,0,0,0,0,0
MMR001009,2021-06-01,10,2,8,0,7
MMR001010,2021-06-01,3,0,2,1,0
MMR001011,2021-06-01,7,7,0,0,2
MMR001012,2021-06-01,23,12,10,1,28
MMR001013,2021-06-01,6,3,3,0,0
MMR001014,2021-06-01,3,0,1,2,0
MMR001015,2021-06-01,2,2,0,0,0
MMR001016,2021-06-01,1,1,0,0,0
MMR001017,2021-06-01,0,0,0,0,0
MMR001018,2021-06-01,0,0,0,0,0
MMR002001,2021-06-01,9,0,6,3,3
MMR002002,2021-06-01,26,13,5,8,32
MMR002003,2021-06-01,0,0,0,0,0
MMR002004,2021-06-01,0,0,0,0,0
MMR002005,2021-06-01,0,0,0,0,0
MMR002006,2021-06-01,0,0,0,0,0
MMR002007,2021-06-01,0,0,0,0,0
MMR003001,2021-06-01,5,4,1,0,8
MMR003002,2021-06-01,0,0,0,0,0
MMR003003,2021-06-01,2,1,1,0,5
MMR003004,2021-06-01,1,1,0,0,0
MMR003005,2021-06-01,8,3,3,2,58
MMR003006,2021-06-01,0,0,0,0,0
MMR003007,2021-06-01,6,1,3,2,2
MMR004001,2021-06-01,1,1,0,0,14
MMR004002,2021-06-01,5,4,1,0,37
MMR004003,2021-06-01,2,2,0,0,17
MMR004004,2021-06-01,2,1,1,0,0
MMR004005,2021-06-01,0,0,0,0,0
MMR004006,2021-06-01,12,10,1,1,58
MMR004007,2021-06-01,0,0,0,0,0
MMR004008,2021-06-01,0,0,0,0,0
MMR004009,2021-06-01,1,0,1,0,0
MMR005001,2021-06-01,0,0,0,0,0
MMR005002,2021-06-01,0,0,0,0,0
MMR005003,2021-06-01,2,0,1,1,4
MMR005004,2021-06-01,3,0,2,1,2
MMR005005,2021-06-01,2,1,1,0,2
MMR005006,2021-06-01,2,0,0,2,0
MMR005007,2021-06-01,4,1,0,3,1
MMR005008,2021-06-01,0,0,0,0,0
MMR005009,2021-06-01,1,0,1,0,0
MMR005010,2021-06-01,14,6,3,5,12
MMR005011,2021-06-01,8,0,4,4,5
MMR005012,2021-06-01,9,0,3,6,5
MMR005013,2021-06-01,0,0,0,0,0
MMR005014,2021-06-01,2,1,0,1,0
MMR005015,2021-06-01,2,0,0,2,0
MMR005016,2021-06-01,10,3,2,5,65
MMR005017,2021-06-01,11,3,1,7,21
MMR005018,2021-06-01,0,0,0,0,0
MMR005019,2021-06-01,3,1,1,1,2
MMR005020,2021-06-01,8,6,2,0,30
MMR005021,2021-06-01,0,0,0,0,0
MMR005022,2021-06-01,1,1,0,0,14
MMR005023,2021-06-01,0,0,0,0,0
MMR005024,2021-06-01,2,0,1,1,0
MMR005025,2021-06-01,0,0,0,0,0
MMR005026,2021-06-01,0,0,0,0,0
MMR005027,2021-06-01,14,5,3,6,23
MMR005028,2021-06-01,0,0,0,0,0
MMR005029,2021-06-01,11,7,0,4,17
MMR005030,2021-06-01,0,0,0,0,0
MMR005031,2021-06-01,0,0,0,0,0
MMR005032,2021-06-01,0,0,0,0,0
MMR005033,2021-06-01,0,0,0,0,0
MMR005034,2021-06-01,0,0,0,0,0
MMR005035,2021-06-01,0,0,0,0,0
MMR005036,2021-06-01,0,0,0,0,0
MMR005037,2021-06-01,0,0,0,0,0
MMR006001,2021-06-01,0,0,0,0,0
MMR006002,2021-06-01,1,0,0,1,1
MMR006003,2021-06-01,0,0,0,0,0
MMR006004,2021-06-01,0,0,0,0,0
MMR006005,2021-06-01,0,0,0,0,0
MMR006006,2021-06-01,0,0,0,0,0
MMR006007,2021-06-01,1,0,0,1,1
MMR006008,2021-06-01,0,0,0,0,0
MMR006009,2021-06-01,0,0,0,0,0
MMR006010,2021-06-01,0,0,0,0,0
MMR007001,2021-06-01,2,0,2,0,0
MMR007002,2021-06-01,0,0,0,0,0
MMR007003,2021-06-01,0,0,0,0,0
MMR007004,2021-06-01,0,0,0,0,0
MMR007005,2021-06-01,3,0,1,2,1
MMR007006,2021-06-01,2,0,1,1,0
MMR007007,2021-06-01,0,0,0,0,0
MMR007008,2021-06-01,0,0,0,0,0
MMR007009,2021-06-01,0,0,0,0,0
MMR007010,2021-06-01,1,0,0,1,1
MMR007011,2021-06-01,0,0,0,0,0
MMR007012,2021-06-01,3,0,2,1,0
MMR007013,2021-06-01,0,0,0,0,0
MMR007014,2021-06-01,0,0,0,0,0
MMR008001,2021-06-01,3,0,0,3,2
MMR008002,2021-06-01,0,0,0,0,0
MMR008003,2021-06-01,1,0,1,0,0
MMR008004,2021-06-01,1,0,0,1,1
MMR008005,2021-06-01,1,0,1,0,0
MMR008006,2021-06-01,1,0,0,1,1
MMR008007,2021-06-01,0,0,0,0,0
MMR008008,2021-06-01,0,0,0,0,0
MMR008009,2021-06-01,0,0,0,0,0
MMR008010,2021-06-01,0,0,0,0,0
MMR008011,2021-06-01,0,0,0,0,0
MMR008012,2021-06-01,1,0,1,0,3
MMR008013,2021-06-01,0,0,0,0,0
MMR008014,2021-06-01,0,0,0,0,0
MMR009001,2021-06-01,5,0,2,3,0
MMR009002,2021-06-01,1,0,0,1,1
MMR009003,2021-06-01,1,0,1,0,0
MMR009004,2021-06-01,2,1,1,0,1
MMR009005,2021-06-01,0,0,0,0,0
MMR009006,2021-06-01,0,0,0,0,0
MMR009007,2021-06-01,0,0,0,0,0
MMR009008,2021-06-01,2,0,1,1,0
MMR009009,2021-06-01,1,0,0,1,0
MMR009010,2021-06-01,0,0,0,0,0
MMR009011,2021-06-01,0,0,0,0,0
MMR009012,2021-06-01,1,0,1,0,0
MMR009013,2021-06-01,0,0,0,0,0
MMR009014,2021-06-01,0,0,0,0,0
MMR009015,2021-06-01,0,0,0,0,0
MMR009016,2021-06-01,0,0,0,0,0
MMR009017,2021-06-01,0,0,0,0,0
MMR009018,2021-06-01,2,0,0,2,1
MMR009019,2021-06-01,3,1,1,1,2
MMR009020,2021-06-01,3,0,2,1,1
MMR009021,2021-06-01,4,1,1,2,27
MMR009022,2021-06-01,1,0,0,1,0
MMR009023,2021-06-01,2,1,1,0,4
MMR009024,2021-06-01,2,1,1,0,5
MMR009025,2021-06-01,0,0,0,0,0
MMR010001,2021-06-01,1,0,1,0,0
MMR010002,2021-06-01,6,0,2,4,2
MMR010003,2021-06-01,5,0,3,2,2
MMR010004,2021-06-01,6,2,2,2,11
MMR010005,2021-06-01,5,1,0,4,6
MMR010006,2021-06-01,3,0,3,0,0
MMR010007,2021-06-01,1,1,0,0,2
MMR010008,2021-06-01,0,0,0,0,0
MMR010009,2021-06-01,2,0,0,2,2
MMR010010,2021-06-01,1,0,0,1,1
MMR010011,2021-06-01,5,1,1,3,0
MMR010012,2021-06-01,2,0,2,0,0
MMR010013,2021-06-01,2,2,0,0,4
MMR010014,2021-06-01,0,0,0,0,0
MMR010015,2021-06-01,0,0,0,0,0
MMR010016,2021-06-01,0,0,0,0,0
MMR010017,2021-06-01,13,3,4,6,7
MMR010018,2021-06-01,4,1,0,3,4
MMR010019,2021-06-01,0,0,0,0,0
MMR010020,2021-06-01,1,0,0,1,1
MMR010021,2021-06-01,1,1,0,0,2
MMR010022,2021-06-01,2,0,2,0,0
MMR010023,2021-06-01,0,0,0,0,0
MMR010024,2021-06-01,0,0,0,0,0
MMR010028,2021-06-01,2,0,1,1,1
MMR010029,2021-06-01,0,0,0,0,0
MMR010030,2021-06-01,0,0,0,0,0
MMR010031,2021-06-01,1,0,0,1,1
MMR011001,2021-06-01,2,0,1,1,2
MMR011002,2021-06-01,0,0,0,0,0
MMR011003,2021-06-01,0,0,0,0,0
MMR011004,2021-06-01,0,0,0,0,0
MMR011005,2021-06-01,0,0,0,0,0
MMR011006,2021-06-01,5,0,2,3,3
MMR011007,2021-06-01,4,2,0,2,11
MMR011008,2021-06-01,0,0,0,0,0
MMR011009,2021-06-01,6,0,5,1,1
MMR011010,2021-06-01,0,0,0,0,0
MMR012001,2021-06-01,3,0,0,3,1
MMR012002,2021-06-01,1,0,1,0,4
MMR012003,2021-06-01,2,0,0,2,0
MMR012004,2021-06-01,1,0,1,0,0
MMR012005,2021-06-01,0,0,0,0,0
MMR012006,2021-06-01,0,0,0,0,0
MMR012007,2021-06-01,0,0,0,0,0
MMR012008,2021-06-01,0,0,0,0,0
MMR012009,2021-06-01,0,0,0,0,0
MMR012010,2021-06-01,1,0,0,1,0
MMR012011,2021-06-01,0,0,0,0,0
MMR012012,2021-06-01,0,0,0,0,0
MMR012013,2021-06-01,0,0,0,0,0
MMR012014,2021-06-01,0,0,0,0,0
MMR012015,2021-06-01,0,0,0,0,0
MMR012016,2021-06-01,0,0,0,0,0
MMR012017,2021-06-01,0,0,0,0,0
MMR013001,2021-06-01,5,0,4,1,1
MMR013002,2021-06-01,2,0,1,1,0
MMR013003,2021-06-01,1,0,0,1,0
MMR013004,2021-06-01,2,1,0,1,1
MMR013005,2021-06-01,0,0,0,0,0
MMR013006,2021-06-01,0,0,0,0,0
MMR013007,2021-06-01,3,0,1,2,1
MMR013009,2021-06-01,5,0,3,2,1
MMR013010,2021-06-01,0,0,0,0,0
MMR013011,2021-06-01,1,0,0,1,0
MMR013012,2021-06-01,1,1,0,0,0
MMR013013,2021-06-01,4,1,3,0,0
MMR013014,2021-06-01,2,0,0,2,1
MMR013015,2021-06-01,7,1,4,2,3
MMR013016,2021-06-01,1,0,1,0,0
MMR013017,2021-06-01,1,0,0,1,1
MMR013018,2021-06-01,5,0,3,2,2
MMR013019,2021-06-01,0,0,0,0,0
MMR013020,2021-06-01,1,0,0,1,1
MMR013021,2021-06-01,3,0,2,1,0
MMR013022,2021-06-01,6,0,3,3,2
MMR013023,2021-06-01,3,0,3,0,0
MMR013024,2021-06-01,2,0,0,2,2
MMR013025,2021-06-01,0,0,0,0,0
MMR013026,2021-06-01,0,0,0,0,0
MMR013027,2021-06-01,1,0,1,0,0
MMR013028,2021-06-01,1,0,1,0,0
MMR013029,2021-06-01,0,0,0,0,0
MMR013030,2021-06-01,0,0,0,0,0
MMR013031,2021-06-01,0,0,0,0,0
MMR013032,2021-06-01,0,0,0,0,0
MMR013033,2021-06-01,1,0,1,0,0
MMR013034,2021-06-01,0,0,0,0,0
MMR013035,2021-06-01,1,0,1,0,0
MMR013036,2021-06-01,0,0,0,0,0
MMR013037,2021-06-01,1,0,1,0,0
MMR013038,2021-06-01,4,0,2,2,0
MMR013039,2021-06-01,5,0,4,1,0
MMR013040,2021-06-01,2,0,1,1,1
MMR013041,2021-06-01,4,0,4,0,0
MMR013042,2021-06-01,2,0,2,0,0
MMR013043,2021-06-01,0,0,0,0,0
MMR013044,2021-06-01,7,0,4,3,2
MMR013046,2021-06-01,6,0,3,3,2
MMR013047,2021-06-01,0,0,0,0,0
MMR014001,2021-06-01,4,0,1,3,1
MMR014002,2021-06-01,1,0,0,1,2
MMR014003,2021-06-01,0,0,0,0,0
MMR014004,2021-06-01,1,0,1,0,0
MMR014005,2021-06-01,0,0,0,0,0
MMR014006,2021-06-01,0,0,0,0,0
MMR014007,2021-06-01,0,0,0,0,0
MMR014008,2021-06-01,1,1,0,0,1
MMR014009,2021-06-01,0,0,0,0,0
MMR014010,2021-06-01,12,4,2,6,34
MMR014011,2021-06-01,0,0,0,0,0
MMR014012,2021-06-01,0,0,0,0,0
MMR014013,2021-06-01,0,0,0,0,0
MMR014014,2021-06-01,0,0,0,0,0
MMR014015,2021-06-01,14,14,0,0,0
MMR014016,2021-06-01,1,0,0,1,0
MMR014017,2021-06-01,0,0,0,0,0
MMR014018,2021-06-01,0,0,0,0,0
MMR014019,2021-06-01,0,0,0,0,0
MMR014020,2021-06-01,0,0,0,0,0
MMR014021,2021-06-01,0,0,0,0,0
MMR015001,2021-06-01,4,0,1,3,0
MMR015002,2021-06-01,4,0,2,2,0
MMR015003,2021-06-01,5,0,0,5,0
MMR015004,2021-06-01,4,0,1,3,0
MMR015005,2021-06-01,0,0,0,0,0
MMR015006,2021-06-01,0,0,0,0,0
MMR015007,2021-06-01,0,0,0,0,0
MMR015008,2021-06-01,0,0,0,0,0
MMR015009,2021-06-01,4,0,2,2,1
MMR015010,2021-06-01,2,0,1,1,1
MMR015011,2021-06-01,19,15,1,3,14
MMR015012,2021-06-01,8,5,0,3,2
MMR015013,2021-06-01,0,0,0,0,0
MMR015014,2021-06-01,5,0,0,5,3
MMR015015,2021-06-01,3,0,1,2,0
MMR015016,2021-06-01,1,0,1,0,0
MMR015017,2021-06-01,2,0,0,2,0
MMR015018,2021-06-01,0,0,0,0,0
MMR015019,2021-06-01,3,0,2,1,0
MMR015020,2021-06-01,2,2,0,0,0
MMR015021,2021-06-01,0,0,0,0,0
MMR015022,2021-06-01,0,0,0,0,0
MMR015023,2021-06-01,0,0,0,0,0
MMR015024,2021-06-01,0,0,0,0,0
MMR016001,2021-06-01,1,0,0,1,1
MMR016002,2021-06-01,0,0,0,0,0
MMR016003,2021-06-01,0,0,0,0,0
MMR016005,2021-06-01,0,0,0,0,0
MMR016006,2021-06-01,0,0,0,0,0
MMR016007,2021-06-01,0,0,0,0,0
MMR016008,2021-06-01,0,0,0,0,0
MMR016009,2021-06-01,3,1,1,1,1
MMR016010,2021-06-01,0,0,0,0,0
MMR016011,2021-06-01,0,0,0,0,0
MMR017001,2021-06-01,4,0,4,0,0
MMR017002,2021-06-01,2,0,2,0,0
MMR017003,2021-06-01,0,0,0,0,0
MMR017004,2021-06-01,0,0,0,0,0
MMR017005,2021-06-01,4,1,2,1,6
MMR017006,2021-06-01,7,0,7,0,0
MMR017007,2021-06-01,0,0,0,0,0
MMR017008,2021-06-01,1,0,1,0,0
MMR017009,2021-06-01,0,0,0,0,0
MMR017010,2021-06-01,1,0,1,0,0
MMR017011,2021-06-01,2,0,1,1,0
MMR017012,2021-06-01,0,0,0,0,0
MMR017013,2021-06-01,1,0,0,1,1
MMR017014,2021-06-01,0,0,0,0,0
MMR017015,2021-06-01,0,0,0,0,0
MMR017016,2021-06-01,0,0,0,0,0
MMR017017,2021-06-01,0,0,0,0,0
MMR017018,2021-06-01,0,0,0,0,0
MMR017019,2021-06-01,1,0,1,0,0
MMR017020,2021-06-01,1,0,0,1,0
MMR017021,2021-06-01,0,0,0,0,0
MMR017022,2021-06-01,1,0,0,1,1
MMR017023,2021-06-01,5,0,5,0,0
MMR017024,2021-06-01,0,0,0,0,0
MMR017025,2021-06-01,1,0,1,0,0
MMR017026,2021-06-01,0,0,0,0,0
MMR018001,2021-06-01,0,0,0,0,0
MMR018002,2021-06-01,0,0,0,0,0
MMR018003,2021-06-01,0,0,0,0,0
MMR018004,2021-06-01,0,0,0,0,0
MMR018005,2021-06-01,0,0,0,0,0
MMR018006,2021-06-01,0,0,0,0,0
MMR018007,2021-06-01,0,0,0,0,0
MMR018008,2021-06-01,0,0,0,0,0
MMR001001,2021-07-01,0,0,0,0,0
MMR001002,2021-07-01,11,4,5,2,5
MMR001003,2021-07-01,0,0,0,0,0
MMR001004,2021-07-01,0,0,0,0,0
MMR001005,2021-07-01,0,0,0,0,0
MMR001006,2021-07-01,0,0,0,0,0
MMR001007,2021-07-01,5,2,1,2,9
MMR001008,2021-07-01,4,3,1,0,1
MMR001009,2021-07-01,23,8,15,0,31
MMR001010,2021-07-01,2,1,0,1,1
MMR001011,2021-07-01,6,4,2,0,93
MMR001012,2021-07-01,9,2,5,2,1
MMR001013,2021-07-01,0,0,0,0,0
MMR001014,2021-07-01,0,0,0,0,0
MMR001015,2021-07-01,1,1,0,0,0
MMR001016,2021-07-01,0,0,0,0,0
MMR001017,2021-07-01,0,0,0,0,0
MMR001018,2021-07-01,0,0,0,0,0
MMR002001,2021-07-01,11,9,1,1,8
MMR002002,2021-07-01,1,0,0,1,4
MMR002003,2021-07-01,2,1,1,0,0
MMR002004,2021-07-01,1,1,0,0,0
MMR002005,2021-07-01,7,6,1,0,0
MMR002006,2021-07-01,0,0,0,0,0
MMR002007,2021-07-01,0,0,0,0,0
MMR003001,2021-07-01,4,4,0,0,1
MMR003002,2021-07-01,0,0,0,0,0
MMR003003,2021-07-01,10,7,3,0,23
MMR003004,2021-07-01,1,1,0,0,0
MMR003005,2021-07-01,1,1,0,0,2
MMR003006,2021-07-01,0,0,0,0,0
MMR003007,2021-07-01,1,0,0,1,1
MMR004001,2021-07-01,0,0,0,0,0
MMR004002,2021-07-01,1,0,0,1,0
MMR004003,2021-07-01,1,1,0,0,1
MMR004004,2021-07-01,0,0,0,0,0
MMR004005,2021-07-01,0,0,0,0,0
MMR004006,2021-07-01,11,10,0,1,11
MMR004007,2021-07-01,1,1,0,0,13
MMR004008,2021-07-01,1,1,0,0,0
MMR004009,2021-07-01,0,0,0,0,0
MMR005001,2021-07-01,2,0,0,2,3
MMR005002,2021-07-01,0,0,0,0,0
MMR005003,2021-07-01,1,0,0,1,2
MMR005004,2021-07-01,14,2,3,9,11
MMR005005,2021-07-01,8,4,0,4,8
MMR005006,2021-07-01,1,0,0,1,1
MMR005007,2021-07-01,2,1,0,1,2
MMR005008,2021-07-01,0,0,0,0,0
MMR005009,2021-07-01,2,1,1,0,2
MMR005010,2021-07-01,3,1,0,2,58
MMR005011,2021-07-01,2,0,0,2,1
MMR005012,2021-07-01,3,0,1,2,3
MMR005013,2021-07-01,3,1,0,2,3
MMR005014,2021-07-01,0,0,0,0,0
MMR005015,2021-07-01,0,0,0,0,0
MMR005016,2021-07-01,7,5,1,1,6
MMR005017,2021-07-01,29,7,10,12,83
MMR005018,2021-07-01,1,0,0,1,0
MMR005019,2021-07-01,6,5,0,1,19
MMR005020,2021-07-01,10,7,3,0,99
MMR005021,2021-07-01,0,0,0,0,0
MMR005022,2021-07-01,1,1,0,0,20
MMR005023,2021-07-01,0,0,0,0,0
MMR005024,2021-07-01,6,3,2,1,28
MMR005025,2021-07-01,0,0,0,0,0
MMR005026,2021-07-01,1,0,0,1,1
MMR005027,2021-07-01,9,4,2,3,39
MMR005028,2021-07-01,0,0,0,0,0
MMR005029,2021-07-01,17,9,1,7,33
MMR005030,2021-07-01,2,1,0,1,13
MMR005031,2021-07-01,0,0,0,0,0
MMR005032,2021-07-01,0,0,0,0,0
MMR005033,2021-07-01,1,0,1,0,0
MMR005034,2021-07-01,3,2,0,1,2
MMR005035,2021-07-01,0,0,0,0,0
MMR005036,2021-07-01,0,0,0,0,0
MMR005037,2021-07-01,0,0,0,0,0
MMR006001,2021-07-01,2,1,0,1,6
MMR006002,2021-07-01,1,0,0,1,0
MMR006003,2021-07-01,1,0,0,1,1
MMR006004,2021-07-01,0,0,0,0,0
MMR006005,2021-07-01,0,0,0,0,0
MMR006006,2021-07-01,0,0,0,0,0
MMR006007,2021-07-01,3,1,2,0,1
MMR006008,2021-07-01,1,0,1,0,0
MMR006009,2021-07-01,0,0,0,0,0
MMR006010,2021-07-01,0,0,0,0,0
MMR007001,2021-07-01,7,0,4,3,6
MMR007002,2021-07-01,0,0,0,0,0
MMR007003,2021-07-01,0,0,0,0,0
MMR007004,2021-07-01,0,0,0,0,0
MMR007005,2021-07-01,0,0,0,0,0
MMR007006,2021-07-01,0,0,0,0,0
MMR007007,2021-07-01,1,0,0,1,1
MMR007008,2021-07-01,0,0,0,0,0
MMR007009,2021-07-01,0,0,0,0,0
MMR007010,2021-07-01,0,0,0,0,0
MMR007011,2021-07-01,1,0,1,0,0
MMR007012,2021-07-01,0,0,0,0,0
MMR007013,2021-07-01,0,0,0,0,0
MMR007014,2021-07-01,1,0,0,1,1
MMR008001,2021-07-01,2,0,1,1,1
MMR008002,2021-07-01,0,0,0,0,0
MMR008003,2021-07-01,0,0,0,0,0
MMR008004,2021-07-01,2,0,1,1,1
MMR008005,2021-07-01,0,0,0,0,0
MMR008006,2021-07-01,0,0,0,0,0
MMR008007,2021-07-01,0,0,0,0,0
MMR008008,2021-07-01,0,0,0,0,0
MMR008009,2021-07-01,0,0,0,0,0
MMR008010,2021-07-01,0,0,0,0,0
MMR008011,2021-07-01,0,0,0,0,0
MMR008012,2021-07-01,0,0,0,0,0
MMR008013,2021-07-01,0,0,0,0,0
MMR008014,2021-07-01,0,0,0,0,0
MMR009001,2021-07-01,1,0,1,0,20
MMR009002,2021-07-01,0,0,0,0,0
MMR009003,2021-07-01,0,0,0,0,0
MMR009004,2021-07-01,3,0,2,1,0
MMR009005,2021-07-01,1,0,0,1,1
MMR009006,2021-07-01,0,0,0,0,0
MMR009007,2021-07-01,0,0,0,0,0
MMR009008,2021-07-01,1,0,0,1,0
MMR009009,2021-07-01,0,0,0,0,0
MMR009010,2021-07-01,0,0,0,0,0
MMR009011,2021-07-01,0,0,0,0,0
MMR009012,2021-07-01,0,0,0,0,0
MMR009013,2021-07-01,0,0,0,0,0
MMR009014,2021-07-01,0,0,0,0,0
MMR009015,2021-07-01,0,0,0,0,0
MMR009016,2021-07-01,0,0,0,0,0
MMR009017,2021-07-01,1,0,0,1,1
MMR009018,2021-07-01,2,0,2,0,0
MMR009019,2021-07-01,3,0,2,1,0
MMR009020,2021-07-01,1,1,0,0,20
MMR009021,2021-07-01,14,4,7,3,71
MMR009022,2021-07-01,1,0,0,1,1
MMR009023,2021-07-01,1,0,1,0,0
MMR009024,2021-07-01,2,1,0,1,1
MMR009025,2021-07-01,1,1,0,0,8
MMR010001,2021-07-01,2,0,0,2,2
MMR010002,2021-07-01,5,0,0,5,3
MMR010003,2021-07-01,1,0,0,1,0
MMR010004,2021-07-01,4,1,3,0,0
MMR010005,2021-07-01,3,0,2,1,1
MMR010006,2021-07-01,2,0,1,1,1
MMR010007,2021-07-01,2,1,0,1,2
MMR010008,2021-07-01,0,0,0,0,0
MMR010009,2021-07-01,3,0,2,1,1
MMR010010,2021-07-01,1,0,0,1,1
MMR010011,2021-07-01,3,0,1,2,1
MMR010012,2021-07-01,0,0,0,0,0
MMR010013,2021-07-01,2,0,1,1,0
MMR010014,2021-07-01,1,0,0,1,1
MMR010015,2021-07-01,0,0,0,0,0
MMR010016,2021-07-01,1,1,0,0,1
MMR010017,2021-07-01,14,2,1,11,13
MMR010018,2021-07-01,0,0,0,0,0
MMR010019,2021-07-01,0,0,0,0,0
MMR010020,2021-07-01,0,0,0,0,0
MMR010021,2021-07-01,0,0,0,0,0
MMR010022,2021-07-01,0,0,0,0,0
MMR010023,2021-07-01,0,0,0,0,0
MMR010024,2021-07-01,0,0,0,0,0
MMR010028,2021-07-01,1,0,0,1,0
MMR010029,2021-07-01,0,0,0,0,0
MMR010030,2021-07-01,0,0,0,0,0
MMR010031,2021-07-01,0,0,0,0,0
MMR011001,2021-07-01,0,0,0,0,0
MMR011002,2021-07-01,1,0,0,1,1
MMR011003,2021-07-01,0,0,0,0,0
MMR011004,2021-07-01,0,0,0,0,0
MMR011005,2021-07-01,1,0,0,1,1
MMR011006,2021-07-01,6,0,3,3,1
MMR011007,2021-07-01,7,0,4,3,3
MMR011008,2021-07-01,0,0,0,0,0
MMR011009,2021-07-01,3,1,2,0,3
MMR011010,2021-07-01,3,0,2,1,0
MMR012001,2021-07-01,0,0,0,0,0
MMR012002,2021-07-01,2,0,2,0,0
MMR012003,2021-07-01,0,0,0,0,0
MMR012004,2021-07-01,0,0,0,0,0
MMR012005,2021-07-01,1,0,0,1,0
MMR012006,2021-07-01,0,0,0,0,0
MMR012007,2021-07-01,0,0,0,0,0
MMR012008,2021-07-01,0,0,0,0,0
MMR012009,2021-07-01,1,0,0,1,0
MMR012010,2021-07-01,0,0,0,0,0
MMR012011,2021-07-01,0,0,0,0,0
MMR012012,2021-07-01,0,0,0,0,0
MMR012013,2021-07-01,0,0,0,0,0
MMR012014,2021-07-01,1,0,1,0,0
MMR012015,2021-07-01,1,0,0,1,1
MMR012016,2021-07-01,0,0,0,0,0
MMR012017,2021-07-01,0,0,0,0,0
MMR013001,2021-07-01,1,0,1,0,0
MMR013002,2021-07-01,3,1,2,0,1
MMR013003,2021-07-01,0,0,0,0,0
MMR013004,2021-07-01,4,0,0,4,0
MMR013005,2021-07-01,1,0,0,1,0
MMR013006,2021-07-01,0,0,0,0,0
MMR013007,2021-07-01,2,0,0,2,1
MMR013009,2021-07-01,3,0,3,0,0
MMR013010,2021-07-01,0,0,0,0,0
MMR013011,2021-07-01,1,0,1,0,0
MMR013012,2021-07-01,0,0,0,0,0
MMR013013,2021-07-01,2,0,1,1,0
MMR013014,2021-07-01,0,0,0,0,0
MMR013015,2021-07-01,3,0,3,0,0
MMR013016,2021-07-01,0,0,0,0,0
MMR013017,2021-07-01,1,0,1,0,0
MMR013018,2021-07-01,4,1,0,3,2
MMR013019,2021-07-01,2,0,2,0,0
MMR013020,2021-07-01,0,0,0,0,0
MMR013021,2021-07-01,3,0,1,2,2
MMR013022,2021-07-01,0,0,0,0,0
MMR013023,2021-07-01,0,0,0,0,0
MMR013024,2021-07-01,0,0,0,0,0
MMR013025,2021-07-01,2,0,0,2,2
MMR013026,2021-07-01,0,0,0,0,0
MMR013027,2021-07-01,0,0,0,0,0
MMR013028,2021-07-01,0,0,0,0,0
MMR013029,2021-07-01,0,0,0,0,0
MMR013030,2021-07-01,0,0,0,0,0
MMR013031,2021-07-01,0,0,0,0,0
MMR013032,2021-07-01,0,0,0,0,0
MMR013033,2021-07-01,0,0,0,0,0
MMR013034,2021-07-01,0,0,0,0,0
MMR013035,2021-07-01,2,0,2,0,0
MMR013036,2021-07-01,0,0,0,0,0
MMR013037,2021-07-01,0,0,0,0,0
MMR013038,2021-07-01,0,0,0,0,0
MMR013039,2021-07-01,3,0,3,0,0
MMR013040,2021-07-01,3,0,2,1,0
MMR013041,2021-07-01,1,0,1,0,0
MMR013042,2021-07-01,2,0,1,1,1
MMR013043,2021-07-01,0,0,0,0,0
MMR013044,2021-07-01,0,0,0,0,0
MMR013046,2021-07-01,2,0,1,1,0
MMR013047,2021-07-01,0,0,0,0,0
MMR014001,2021-07-01,6,0,2,4,1
MMR014002,2021-07-01,0,0,0,0,0
MMR014003,2021-07-01,0,0,0,0,0
MMR014004,2021-07-01,0,0,0,0,0
MMR014005,2021-07-01,0,0,0,0,0
MMR014006,2021-07-01,0,0,0,0,0
MMR014007,2021-07-01,0,0,0,0,0
MMR014008,2021-07-01,0,0,0,0,0
MMR014009,2021-07-01,0,0,0,0,0
MMR014010,2021-07-01,0,0,0,0,0
MMR014011,2021-07-01,0,0,0,0,0
MMR014012,2021-07-01,0,0,0,0,0
MMR014013,2021-07-01,0,0,0,0,0
MMR014014,2021-07-01,0,0,0,0,0
MMR014015,2021-07-01,4,4,0,0,0
MMR014016,2021-07-01,2,2,0,0,0
MMR014017,2021-07-01,0,0,0,0,0
MMR014018,2021-07-01,0,0,0,0,0
MMR014019,2021-07-01,0,0,0,0,0
MMR014020,2021-07-01,0,0,0,0,0
MMR014021,2021-07-01,0,0,0,0,0
MMR015001,2021-07-01,1,1,0,0,0
MMR015002,2021-07-01,1,1,0,0,0
MMR015003,2021-07-01,0,0,0,0,0
MMR015004,2021-07-01,0,0,0,0,0
MMR015005,2021-07-01,0,0,0,0,0
MMR015006,2021-07-01,0,0,0,0,0
MMR015007,2021-07-01,0,0,0,0,0
MMR015008,2021-07-01,0,0,0,0,0
MMR015009,2021-07-01,24,19,3,2,17
MMR015010,2021-07-01,4,3,0,1,1
MMR015011,2021-07-01,14,9,4,1,3
MMR015012,2021-07-01,14,8,4,2,2
MMR015013,2021-07-01,1,0,0,1,0
MMR015014,2021-07-01,2,2,0,0,0
MMR015015,2021-07-01,1,0,1,0,0
MMR015016,2021-07-01,4,1,3,0,0
MMR015017,2021-07-01,0,0,0,0,0
MMR015018,2021-07-01,0,0,0,0,0
MMR015019,2021-07-01,0,0,0,0,0
MMR015020,2021-07-01,1,1,0,0,0
MMR015021,2021-07-01,0,0,0,0,0
MMR015022,2021-07-01,0,0,0,0,0
MMR015023,2021-07-01,0,0,0,0,0
MMR015024,2021-07-01,0,0,0,0,0
MMR016001,2021-07-01,0,0,0,0,0
MMR016002,2021-07-01,0,0,0,0,0
MMR016003,2021-07-01,0,0,0,0,0
MMR016005,2021-07-01,0,0,0,0,0
MMR016006,2021-07-01,0,0,0,0,0
MMR016007,2021-07-01,0,0,0,0,0
MMR016008,2021-07-01,0,0,0,0,0
MMR016009,2021-07-01,0,0,0,0,0
MMR016010,2021-07-01,0,0,0,0,0
MMR016011,2021-07-01,0,0,0,0,0
MMR017001,2021-07-01,2,0,2,0,0
MMR017002,2021-07-01,0,0,0,0,0
MMR017003,2021-07-01,0,0,0,0,0
MMR017004,2021-07-01,0,0,0,0,0
MMR017005,2021-07-01,0,0,0,0,0
MMR017006,2021-07-01,0,0,0,0,0
MMR017007,2021-07-01,0,0,0,0,0
MMR017008,2021-07-01,0,0,0,0,0
MMR017009,2021-07-01,0,0,0,0,0
MMR017010,2021-07-01,0,0,0,0,0
MMR017011,2021-07-01,0,0,0,0,0
MMR017012,2021-07-01,1,0,1,0,0
MMR017013,2021-07-01,0,0,0,0,0
MMR017014,2021-07-01,0,0,0,0,0
MMR017015,2021-07-01,0,0,0,0,0
MMR017016,2021-07-01,1,0,1,0,0
MMR017017,2021-07-01,0,0,0,0,0
MMR017018,2021-07-01,3,0,3,0,0
MMR017019,2021-07-01,0,0,0,0,0
MMR017020,2021-07-01,0,0,0,0,0
MMR017021,2021-07-01,0,0,0,0,0
MMR017022,2021-07-01,0,0,0,0,0
MMR017023,2021-07-01,0,0,0,0,0
MMR017024,2021-07-01,0,0,0,0,0
MMR017025,2021-07-01,0,0,0,0,0
MMR017026,2021-07-01,0,0,0,0,0
MMR018001,2021-07-01,0,0,0,0,0
MMR018002,2021-07-01,0,0,0,0,0
MMR018003,2021-07-01,0,0,0,0,0
MMR018004,2021-07-01,0,0,0,0,0
MMR018005,2021-07-01,0,0,0,0,0
MMR018006,2021-07-01,3,1,1,1,1
MMR018007,2021-07-01,0,0,0,0,0
MMR018008,2021-07-01,0,0,0,0,0
MMR001001,2021-08-01,2,0,0,2,2
MMR001002,2021-08-01,12,2,8,2,2
MMR001003,2021-08-01,0,0,0,0,0
MMR001004,2021-08-01,7,6,1,0,10
MMR001005,2021-08-01,0,0,0,0,0
MMR001006,2021-08-01,0,0,0,0,0
MMR001007,2021-08-01,2,0,1,1,0
MMR001008,2021-08-01,1,1,0,0,0
MMR001009,2021-08-01,8,6,1,1,7
MMR001010,2021-08-01,0,0,0,0,0
MMR001011,2021-08-01,2,1,1,0,0
MMR001012,2021-08-01,2,0,1,1,1
MMR001013,2021-08-01,1,0,1,0,1
MMR001014,2021-08-01,3,2,0,1,1
MMR001015,2021-08-01,0,0,0,0,0
MMR001016,2021-08-01,0,0,0,0,0
MMR001017,2021-08-01,0,0,0,0,0
MMR001018,2021-08-01,0,0,0,0,0
MMR002001,2021-08-01,14,7,5,2,28
MMR002002,2021-08-01,8,3,2,3,3
MMR002003,2021-08-01,9,6,1,2,23
MMR002004,2021-08-01,0,0,0,0,0
MMR002005,2021-08-01,4,2,0,2,6
MMR002006,2021-08-01,0,0,0,0,0
MMR002007,2021-08-01,0,0,0,0,0
MMR003001,2021-08-01,2,2,0,0,4
MMR003002,2021-08-01,0,0,0,0,0
MMR003003,2021-08-01,16,14,1,1,69
MMR003004,2021-08-01,4,2,2,0,10
MMR003005,2021-08-01,4,1,3,0,3
MMR003006,2021-08-01,3,3,0,0,4
MMR003007,2021-08-01,5,4,0,1,4
MMR004001,2021-08-01,4,0,2,2,1
MMR004002,2021-08-01,1,1,0,0,3
MMR004003,2021-08-01,4,2,2,0,7
MMR004004,2021-08-01,1,1,0,0,3
MMR004005,2021-08-01,0,0,0,0,0
MMR004006,2021-08-01,7,7,0,0,50
MMR004007,2021-08-01,1,1,0,0,2
MMR004008,2021-08-01,4,0,2,2,1
MMR004009,2021-08-01,0,0,0,0,0
MMR005001,2021-08-01,1,0,0,1,1
MMR005002,2021-08-01,0,0,0,0,0
MMR005003,2021-08-01,4,1,0,3,2
MMR005004,2021-08-01,6,0,1,5,7
MMR005005,2021-08-01,4,1,0,3,5
MMR005006,2021-08-01,0,0,0,0,0
MMR005007,2021-08-01,0,0,0,0,0
MMR005008,2021-08-01,0,0,0,0,0
MMR005009,2021-08-01,2,0,1,1,1
MMR005010,2021-08-01,10,1,6,3,0
MMR005011,2021-08-01,12,0,3,9,19
MMR005012,2021-08-01,8,1,4,3,2
MMR005013,2021-08-01,3,0,2,1,1
MMR005014,2021-08-01,1,0,1,0,0
MMR005015,2021-08-01,0,0,0,0,0
MMR005016,2021-08-01,5,1,1,3,22
MMR005017,2021-08-01,3,0,1,2,1
MMR005018,2021-08-01,1,0,0,1,2
MMR005019,2021-08-01,13,7,1,5,27
MMR005020,2021-08-01,1,1,0,0,0
MMR005021,2021-08-01,0,0,0,0,0
MMR005022,2021-08-01,2,0,1,1,30
MMR005023,2021-08-01,0,0,0,0,0
MMR005024,2021-08-01,7,1,6,0,24
MMR005025,2021-08-01,0,0,0,0,0
MMR005026,2021-08-01,0,0,0,0,0
MMR005027,2021-08-01,7,3,1,3,10
MMR005028,2021-08-01,0,0,0,0,0
MMR005029,2021-08-01,9,2,0,7,9
MMR005030,2021-08-01,3,2,1,0,27
MMR005031,2021-08-01,0,0,0,0,0
MMR005032,2021-08-01,0,0,0,0,0
MMR005033,2021-08-01,0,0,0,0,0
MMR005034,2021-08-01,4,2,1,1,7
MMR005035,2021-08-01,0,0,0,0,0
MMR005036,2021-08-01,0,0,0,0,0
MMR005037,2021-08-01,1,1,0,0,6
MMR006001,2021-08-01,5,2,0,3,6
MMR006002,2021-08-01,0,0,0,0,0
MMR006003,2021-08-01,2,1,0,1,3
MMR006004,2021-08-01,0,0,0,0,0
MMR006005,2021-08-01,0,0,0,0,0
MMR006006,2021-08-01,0,0,0,0,0
MMR006007,2021-08-01,3,0,1,2,1
MMR006008,2021-08-01,0,0,0,0,0
MMR006009,2021-08-01,0,0,0,0,0
MMR006010,2021-08-01,0,0,0,0,0
MMR007001,2021-08-01,0,0,0,0,0
MMR007002,2021-08-01,0,0,0,0,0
MMR007003,2021-08-01,0,0,0,0,0
MMR007004,2021-08-01,0,0,0,0,0
MMR007005,2021-08-01,0,0,0,0,0
MMR007006,2021-08-01,0,0,0,0,0
MMR007007,2021-08-01,0,0,0,0,0
MMR007008,2021-08-01,0,0,0,0,0
MMR007009,2021-08-01,5,5,0,0,0
MMR007010,2021-08-01,0,0,0,0,0
MMR007011,2021-08-01,0,0,0,0,0
MMR007012,2021-08-01,0,0,0,0,0
MMR007013,2021-08-01,0,0,0,0,0
MMR007014,2021-08-01,1,1,0,0,10
MMR008001,2021-08-01,1,0,0,1,0
MMR008002,2021-08-01,0,0,0,0,0
MMR008003,2021-08-01,0,0,0,0,0
MMR008004,2021-08-01,0,0,0,0,0
MMR008005,2021-08-01,0,0,0,0,0
MMR008006,2021-08-01,0,0,0,0,0
MMR008007,2021-08-01,0,0,0,0,0
MMR008008,2021-08-01,0,0,0,0,0
MMR008009,2021-08-01,0,0,0,0,0
MMR008010,2021-08-01,0,0,0,0,0
MMR008011,2021-08-01,0,0,0,0,0
MMR008012,2021-08-01,0,0,0,0,0
MMR008013,2021-08-01,0,0,0,0,0
MMR008014,2021-08-01,0,0,0,0,0
MMR009001,2021-08-01,1,0,1,0,0
MMR009002,2021-08-01,0,0,0,0,0
MMR009003,2021-08-01,1,0,0,1,0
MMR009004,2021-08-01,11,0,3,8,1
MMR009005,2021-08-01,2,0,1,1,0
MMR009006,2021-08-01,0,0,0,0,0
MMR009007,2021-08-01,1,1,0,0,0
MMR009008,2021-08-01,3,0,2,1,0
MMR009009,2021-08-01,0,0,0,0,0
MMR009010,2021-08-01,1,0,1,0,3
MMR009011,2021-08-01,0,0,0,0,0
MMR009012,2021-08-01,0,0,0,0,0
MMR009013,2021-08-01,0,0,0,0,0
MMR009014,2021-08-01,0,0,0,0,0
MMR009015,2021-08-01,0,0,0,0,0
MMR009016,2021-08-01,1,0,0,1,1
MMR009017,2021-08-01,0,0,0,0,0
MMR009018,2021-08-01,0,0,0,0,0
MMR009019,2021-08-01,10,3,6,1,4
MMR009020,2021-08-01,2,1,0,1,3
MMR009021,2021-08-01,13,0,8,5,26
MMR009022,2021-08-01,0,0,0,0,0
MMR009023,2021-08-01,9,2,4,3,95
MMR009024,2021-08-01,1,0,0,1,1
MMR009025,2021-08-01,2,1,0,1,4
MMR010001,2021-08-01,2,1,1,0,0
MMR010002,2021-08-01,2,0,2,0,0
MMR010003,2021-08-01,7,0,2,5,3
MMR010004,2021-08-01,5,0,1,4,3
MMR010005,2021-08-01,1,1,0,0,1
MMR010006,2021-08-01,0,0,0,0,0
MMR010007,2021-08-01,2,0,1,1,0
MMR010008,2021-08-01,0,0,0,0,0
MMR010009,2021-08-01,5,1,1,3,5
MMR010010,2021-08-01,1,0,0,1,1
MMR010011,2021-08-01,6,1,3,2,6
MMR010012,2021-08-01,0,0,0,0,0
MMR010013,2021-08-01,3,2,0,1,2
MMR010014,2021-08-01,1,0,0,1,0
MMR010015,2021-08-01,0,0,0,0,0
MMR010016,2021-08-01,0,0,0,0,0
MMR010017,2021-08-01,7,0,0,7,8
MMR010018,2021-08-01,4,0,1,3,2
MMR010019,2021-08-01,1,0,0,1,1
MMR010020,2021-08-01,0,0,0,0,0
MMR010021,2021-08-01,0,0,0,0,0
MMR010022,2021-08-01,0,0,0,0,0
MMR010023,2021-08-01,0,0,0,0,0
MMR010024,2021-08-01,0,0,0,0,0
MMR010028,2021-08-01,0,0,0,0,0
MMR010029,2021-08-01,0,0,0,0,0
MMR010030,2021-08-01,0,0,0,0,0
MMR010031,2021-08-01,0,0,0,0,0
MMR011001,2021-08-01,0,0,0,0,0
MMR011002,2021-08-01,0,0,0,0,0
MMR011003,2021-08-01,0,0,0,0,0
MMR011004,2021-08-01,1,0,0,1,1
MMR011005,2021-08-01,0,0,0,0,0
MMR011006,2021-08-01,6,2,1,3,2
MMR011007,2021-08-01,3,1,1,1,4
MMR011008,2021-08-01,1,1,0,0,0
MMR011009,2021-08-01,7,0,2,5,4
MMR011010,2021-08-01,1,0,0,1,0
MMR012001,2021-08-01,0,0,0,0,0
MMR012002,2021-08-01,0,0,0,0,0
MMR012003,2021-08-01,0,0,0,0,0
MMR012004,2021-08-01,1,0,1,0,1
MMR012005,2021-08-01,0,0,0,0,0
MMR012006,2021-08-01,0,0,0,0,0
MMR012007,2021-08-01,0,0,0,0,0
MMR012008,2021-08-01,0,0,0,0,0
MMR012009,2021-08-01,1,0,0,1,1
MMR012010,2021-08-01,2,1,0,1,1
MMR012011,2021-08-01,0,0,0,0,0
MMR012012,2021-08-01,0,0,0,0,0
MMR012013,2021-08-01,0,0,0,0,0
MMR012014,2021-08-01,0,0,0,0,0
MMR012015,2021-08-01,0,0,0,0,0
MMR012016,2021-08-01,1,0,0,1,0
MMR012017,2021-08-01,0,0,0,0,0
MMR013001,2021-08-01,3,0,2,1,1
MMR013002,2021-08-01,1,0,0,1,0
MMR013003,2021-08-01,1,0,1,0,0
MMR013004,2021-08-01,4,0,3,1,1
MMR013005,2021-08-01,0,0,0,0,0
MMR013006,2021-08-01,0,0,0,0,0
MMR013007,2021-08-01,3,0,1,2,3
MMR013009,2021-08-01,1,0,1,0,0
MMR013010,2021-08-01,1,0,1,0,0
MMR013011,2021-08-01,5,0,4,1,1
MMR013012,2021-08-01,2,0,2,0,0
MMR013013,2021-08-01,2,1,0,1,1
MMR013014,2021-08-01,0,0,0,0,0
MMR013015,2021-08-01,1,0,1,0,0
MMR013016,2021-08-01,2,0,2,0,0
MMR013017,2021-08-01,2,0,1,1,2
MMR013018,2021-08-01,5,0,2,3,1
MMR013019,2021-08-01,2,0,2,0,0
MMR013020,2021-08-01,0,0,0,0,0
MMR013021,2021-08-01,3,0,0,3,3
MMR013022,2021-08-01,1,0,0,1,1
MMR013023,2021-08-01,1,0,1,0,0
MMR013024,2021-08-01,0,0,0,0,0
MMR013025,2021-08-01,0,0,0,0,0
MMR013026,2021-08-01,3,0,0,3,3
MMR013027,2021-08-01,0,0,0,0,0
MMR013028,2021-08-01,0,0,0,0,0
MMR013029,2021-08-01,0,0,0,0,0
MMR013030,2021-08-01,0,0,0,0,0
MMR013031,2021-08-01,0,0,0,0,0
MMR013032,2021-08-01,0,0,0,0,0
MMR013033,2021-08-01,1,0,1,0,0
MMR013034,2021-08-01,0,0,0,0,0
MMR013035,2021-08-01,1,0,1,0,0
MMR013036,2021-08-01,1,0,1,0,0
MMR013037,2021-08-01,1,1,0,0,5
MMR013038,2021-08-01,2,0,2,0,0
MMR013039,2021-08-01,3,0,3,0,0
MMR013040,2021-08-01,4,1,1,2,2
MMR013041,2021-08-01,5,1,2,2,1
MMR013042,2021-08-01,3,1,2,0,0
MMR013043,2021-08-01,0,0,0,0,0
MMR013044,2021-08-01,2,1,1,0,5
MMR013046,2021-08-01,9,2,4,3,2
MMR013047,2021-08-01,0,0,0,0,0
MMR014001,2021-08-01,2,0,1,1,0
MMR014002,2021-08-01,1,0,0,1,1
MMR014003,2021-08-01,0,0,0,0,0
MMR014004,2021-08-01,0,0,0,0,0
MMR014005,2021-08-01,1,0,0,1,2
MMR014006,2021-08-01,0,0,0,0,0
MMR014007,2021-08-01,0,0,0,0,0
MMR014008,2021-08-01,0,0,0,0,0
MMR014009,2021-08-01,4,2,1,1,14
MMR014010,2021-08-01,13,7,5,1,16
MMR014011,2021-08-01,0,0,0,0,0
MMR014012,2021-08-01,0,0,0,0,0
MMR014013,2021-08-01,0,0,0,0,0
MMR014014,2021-08-01,0,0,0,0,0
MMR014015,2021-08-01,0,0,0,0,0
MMR014016,2021-08-01,0,0,0,0,0
MMR014017,2021-08-01,1,0,0,1,0
MMR014018,2021-08-01,0,0,0,0,0
MMR014019,2021-08-01,0,0,0,0,0
MMR014020,2021-08-01,0,0,0,0,0
MMR014021,2021-08-01,0,0,0,0,0
MMR015001,2021-08-01,2,0,2,0,0
MMR015002,2021-08-01,0,0,0,0,0
MMR015003,2021-08-01,1,0,0,1,1
MMR015004,2021-08-01,0,0,0,0,0
MMR015005,2021-08-01,1,1,0,0,5
MMR015006,2021-08-01,0,0,0,0,0
MMR015007,2021-08-01,0,0,0,0,0
MMR015008,2021-08-01,0,0,0,0,0
MMR015009,2021-08-01,33,28,3,2,59
MMR015010,2021-08-01,4,1,1,2,1
MMR015011,2021-08-01,4,3,0,1,7
MMR015012,2021-08-01,19,15,3,1,1
MMR015013,2021-08-01,0,0,0,0,0
MMR015014,2021-08-01,6,4,0,2,2
MMR015015,2021-08-01,2,1,0,1,0
MMR015016,2021-08-01,2,1,0,1,4
MMR015017,2021-08-01,0,0,0,0,0
MMR015018,2021-08-01,0,0,0,0,0
MMR015019,2021-08-01,1,0,0,1,0
MMR015020,2021-08-01,0,0,0,0,0
MMR015021,2021-08-01,0,0,0,0,0
MMR015022,2021-08-01,0,0,0,0,0
MMR015023,2021-08-01,0,0,0,0,0
MMR015024,2021-08-01,0,0,0,0,0
MMR016001,2021-08-01,0,0,0,0,0
MMR016002,2021-08-01,0,0,0,0,0
MMR016003,2021-08-01,0,0,0,0,0
MMR016005,2021-08-01,0,0,0,0,0
MMR016006,2021-08-01,0,0,0,0,0
MMR016007,2021-08-01,0,0,0,0,0
MMR016008,2021-08-01,0,0,0,0,0
MMR016009,2021-08-01,0,0,0,0,0
MMR016010,2021-08-01,0,0,0,0,0
MMR016011,2021-08-01,0,0,0,0,0
MMR017001,2021-08-01,1,0,1,0,0
MMR017002,2021-08-01,1,0,0,1,1
MMR017003,2021-08-01,0,0,0,0,0
MMR017004,2021-08-01,0,0,0,0,0
MMR017005,2021-08-01,0,0,0,0,0
MMR017006,2021-08-01,1,0,0,1,1
MMR017007,2021-08-01,0,0,0,0,0
MMR017008,2021-08-01,0,0,0,0,0
MMR017009,2021-08-01,0,0,0,0,0
MMR017010,2021-08-01,0,0,0,0,0
MMR017011,2021-08-01,1,0,0,1,1
MMR017012,2021-08-01,0,0,0,0,0
MMR017013,2021-08-01,0,0,0,0,0
MMR017014,2021-08-01,0,0,0,0,0
MMR017015,2021-08-01,0,0,0,0,0
MMR017016,2021-08-01,0,0,0,0,0
MMR017017,2021-08-01,0,0,0,0,0
MMR017018,2021-08-01,0,0,0,0,0
MMR017019,2021-08-01,1,0,0,1,0
MMR017020,2021-08-01,0,0,0,0,0
MMR017021,2021-08-01,1,0,1,0,0
MMR017022,2021-08-01,0,0,0,0,0
MMR017023,2021-08-01,1,0,0,1,1
MMR017024,2021-08-01,0,0,0,0,0
MMR017025,2021-08-01,0,0,0,0,0
MMR017026,2021-08-01,0,0,0,0,0
MMR018001,2021-08-01,0,0,0,0,0
MMR018002,2021-08-01,1,0,0,1,0
MMR018003,2021-08-01,0,0,0,0,0
MMR018004,2021-08-01,0,0,0,0,0
MMR018005,2021-08-01,0,0,0,0,0
MMR018006,2021-08-01,1,1,0,0,11
MMR018007,2021-08-01,0,0,0,0,0
MMR018008,2021-08-01,0,0,0,0,0
MMR001001,2021-09-01,4,0,2,2,2
MMR001002,2021-09-01,2,0,1,1,0
MMR001003,2021-09-01,1,1,0,0,0
MMR001004,2021-09-01,9,3,4,2,27
MMR001005,2021-09-01,0,0,0,0,0
MMR001006,2021-09-01,0,0,0,0,0
MMR001007,2021-09-01,1,1,0,0,3
MMR001008,2021-09-01,2,1,1,0,0
MMR001009,2021-09-01,13,4,7,2,2
MMR001010,2021-09-01,1,0,0,1,0
MMR001011,2021-09-01,6,4,0,2,2
MMR001012,2021-09-01,5,2,3,0,0
MMR001013,2021-09-01,0,0,0,0,0
MMR001014,2021-09-01,0,0,0,0,0
MMR001015,2021-09-01,0,0,0,0,0
MMR001016,2021-09-01,0,0,0,0,0
MMR001017,2021-09-01,1,0,0,1,0
MMR001018,2021-09-01,1,0,0,1,0
MMR002001,2021-09-01,5,2,2,1,3
MMR002002,2021-09-01,39,22,9,8,79
MMR002003,2021-09-01,1,1,0,0,2
MMR002004,2021-09-01,0,0,0,0,0
MMR002005,2021-09-01,1,0,1,0,1
MMR002006,2021-09-01,0,0,0,0,0
MMR002007,2021-09-01,0,0,0,0,0
MMR003001,2021-09-01,3,1,1,1,4
MMR003002,2021-09-01,0,0,0,0,0
MMR003003,2021-09-01,15,10,4,1,42
MMR003004,2021-09-01,1,0,0,1,1
MMR003005,2021-09-01,4,3,0,1,0
MMR003006,2021-09-01,1,0,1,0,0
MMR003007,2021-09-01,10,4,4,2,1
MMR004001,2021-09-01,0,0,0,0,0
MMR004002,2021-09-01,9,4,4,1,2
MMR004003,2021-09-01,11,6,3,2,67
MMR004004,2021-09-01,11,7,3,1,24
MMR004005,2021-09-01,0,0,0,0,0
MMR004006,2021-09-01,4,2,0,2,3
MMR004007,2021-09-01,2,2,0,0,1
MMR004008,2021-09-01,6,4,1,1,34
MMR004009,2021-09-01,0,0,0,0,0
MMR005001,2021-09-01,3,0,3,0,0
MMR005002,2021-09-01,2,0,0,2,3
MMR005003,2021-09-01,18,8,5,5,38
MMR005004,2021-09-01,9,0,2,7,7
MMR005005,2021-09-01,24,4,12,8,22
MMR005006,2021-09-01,9,4,4,1,8
MMR005007,2021-09-01,8,1,5,2,5
MMR005008,2021-09-01,0,0,0,0,0
MMR005009,2021-09-01,7,0,3,4,3
MMR005010,2021-09-01,3,2,1,0,5
MMR005011,2021-09-01,14,1,7,6,17
MMR005012,2021-09-01,26,2,9,15,21
MMR005013,2021-09-01,6,2,1,3,2
MMR005014,2021-09-01,5,0,2,3,3
MMR005015,2021-09-01,5,2,1,2,19
MMR005016,2021-09-01,16,3,9,4,24
MMR005017,2021-09-01,5,3,1,1,3
MMR005018,2021-09-01,4,0,3,1,0
MMR005019,2021-09-01,24,3,14,7,47
MMR005020,2021-09-01,2,2,0,0,41
MMR005021,2021-09-01,1,1,0,0,1
MMR005022,2021-09-01,3,1,0,2,7
MMR005023,2021-09-01,0,0,0,0,0
MMR005024,2021-09-01,3,1,1,1,4
MMR005025,2021-09-01,2,0,1,1,3
MMR005026,2021-09-01,8,4,3,1,30
MMR005027,2021-09-01,30,12,5,13,83
MMR005028,2021-09-01,1,0,1,0,0
MMR005029,2021-09-01,4,4,0,0,37
MMR005030,2021-09-01,1,0,0,1,1
MMR005031,2021-09-01,0,0,0,0,0
MMR005032,2021-09-01,0,0,0,0,0
MMR005033,2021-09-01,1,0,1,0,0
MMR005034,2021-09-01,4,2,2,0,0
MMR005035,2021-09-01,0,0,0,0,0
MMR005036,2021-09-01,0,0,0,0,0
MMR005037,2021-09-01,0,0,0,0,0
MMR006001,2021-09-01,4,1,0,3,9
MMR006002,2021-09-01,6,1,0,5,5
MMR006003,2021-09-01,6,5,0,1,6
MMR006004,2021-09-01,1,0,1,0,0
MMR006005,2021-09-01,0,0,0,0,0
MMR006006,2021-09-01,0,0,0,0,0
MMR006007,2021-09-01,5,4,0,1,7
MMR006008,2021-09-01,1,0,0,1,1
MMR006009,2021-09-01,0,0,0,0,0
MMR006010,2021-09-01,0,0,0,0,0
MMR007001,2021-09-01,3,0,1,2,2
MMR007002,2021-09-01,0,0,0,0,0
MMR007003,2021-09-01,0,0,0,0,0
MMR007004,2021-09-01,1,0,0,1,1
MMR007005,2021-09-01,3,3,0,0,0
MMR007006,2021-09-01,0,0,0,0,0
MMR007007,2021-09-01,1,0,1,0,0
MMR007008,2021-09-01,0,0,0,0,0
MMR007009,2021-09-01,1,0,1,0,0
MMR007010,2021-09-01,0,0,0,0,0
MMR007011,2021-09-01,3,3,0,0,14
MMR007012,2021-09-01,0,0,0,0,0
MMR007013,2021-09-01,0,0,0,0,0
MMR007014,2021-09-01,0,0,0,0,0
MMR008001,2021-09-01,3,0,1,2,4
MMR008002,2021-09-01,0,0,0,0,0
MMR008003,2021-09-01,0,0,0,0,0
MMR008004,2021-09-01,1,0,1,0,0
MMR008005,2021-09-01,1,0,1,0,2
MMR008006,2021-09-01,0,0,0,0,0
MMR008007,2021-09-01,0,0,0,0,0
MMR008008,2021-09-01,1,0,0,1,1
MMR008009,2021-09-01,0,0,0,0,0
MMR008010,2021-09-01,0,0,0,0,0
MMR008011,2021-09-01,0,0,0,0,0
MMR008012,2021-09-01,0,0,0,0,0
MMR008013,2021-09-01,0,0,0,0,0
MMR008014,2021-09-01,1,0,1,0,0
MMR009001,2021-09-01,5,0,5,0,2
MMR009002,2021-09-01,2,0,2,0,0
MMR009003,2021-09-01,0,0,0,0,0
MMR009004,2021-09-01,7,0,4,3,3
MMR009005,2021-09-01,7,0,3,4,2
MMR009006,2021-09-01,3,0,3,0,0
MMR009007,2021-09-01,0,0,0,0,0
MMR009008,2021-09-01,2,0,1,1,1
MMR009009,2021-09-01,0,0,0,0,0
MMR009010,2021-09-01,2,0,0,2,1
MMR009011,2021-09-01,0,0,0,0,0
MMR009012,2021-09-01,0,0,0,0,0
MMR009013,2021-09-01,0,0,0,0,0
MMR009014,2021-09-01,0,0,0,0,0
MMR009015,2021-09-01,1,0,1,0,0
MMR009016,2021-09-01,1,0,0,1,0
MMR009017,2021-09-01,0,0,0,0,0
MMR009018,2021-09-01,4,0,1,3,3
MMR009019,2021-09-01,15,3,11,1,31
MMR009020,2021-09-01,6,2,1,3,7
MMR009021,2021-09-01,6,0,4,2,3
MMR009022,2021-09-01,0,0,0,0,0
MMR009023,2021-09-01,15,9,3,3,117
MMR009024,2021-09-01,4,1,1,2,5
MMR009025,2021-09-01,12,7,5,0,56
MMR010001,2021-09-01,9,4,2,3,8
MMR010002,2021-09-01,8,0,5,3,5
MMR010003,2021-09-01,9,0,5,4,3
MMR010004,2021-09-01,13,0,10,3,1
MMR010005,2021-09-01,5,1,3,1,1
MMR010006,2021-09-01,2,0,1,1,0
MMR010007,2021-09-01,3,0,2,1,1
MMR010008,2021-09-01,1,0,1,0,0
MMR010009,2021-09-01,8,0,4,4,4
MMR010010,2021-09-01,6,0,5,1,1
MMR010011,2021-09-01,10,0,6,4,4
MMR010012,2021-09-01,2,0,1,1,0
MMR010013,2021-09-01,4,0,4,0,1
MMR010014,2021-09-01,0,0,0,0,0
MMR010015,2021-09-01,0,0,0,0,0
MMR010016,2021-09-01,2,0,2,0,0
MMR010017,2021-09-01,5,1,2,2,27
MMR010018,2021-09-01,2,1,0,1,2
MMR010019,2021-09-01,2,0,0,2,6
MMR010020,2021-09-01,3,0,3,0,0
MMR010021,2021-09-01,1,0,1,0,0
MMR010022,2021-09-01,1,0,0,1,2
MMR010023,2021-09-01,0,0,0,0,0
MMR010024,2021-09-01,0,0,0,0,0
MMR010028,2021-09-01,0,0,0,0,0
MMR010029,2021-09-01,0,0,0,0,0
MMR010030,2021-09-01,0,0,0,0,0
MMR010031,2021-09-01,1,0,0,1,1
MMR011001,2021-09-01,0,0,0,0,0
MMR011002,2021-09-01,1,0,1,0,0
MMR011003,2021-09-01,0,0,0,0,0
MMR011004,2021-09-01,0,0,0,0,0
MMR011005,2021-09-01,0,0,0,0,0
MMR011006,2021-09-01,14,5,7,2,5
MMR011007,2021-09-01,9,4,2,3,26
MMR011008,2021-09-01,1,0,0,1,1
MMR011009,2021-09-01,12,1,7,4,30
MMR011010,2021-09-01,10,0,5,5,2
MMR012001,2021-09-01,0,0,0,0,0
MMR012002,2021-09-01,0,0,0,0,0
MMR012003,2021-09-01,0,0,0,0,0
MMR012004,2021-09-01,0,0,0,0,0
MMR012005,2021-09-01,0,0,0,0,0
MMR012006,2021-09-01,0,0,0,0,0
MMR012007,2021-09-01,0,0,0,0,0
MMR012008,2021-09-01,0,0,0,0,0
MMR012009,2021-09-01,1,0,0,1,1
MMR012010,2021-09-01,0,0,0,0,0
MMR012011,2021-09-01,1,0,0,1,0
MMR012012,2021-09-01,0,0,0,0,0
MMR012013,2021-09-01,0,0,0,0,0
MMR012014,2021-09-01,0,0,0,0,0
MMR012015,2021-09-01,0,0,0,0,0
MMR012016,2021-09-01,0,0,0,0,0
MMR012017,2021-09-01,0,0,0,0,0
MMR013001,2021-09-01,10,0,7,3,3
MMR013002,2021-09-01,3,1,2,0,0
MMR013003,2021-09-01,0,0,0,0,0
MMR013004,2021-09-01,3,0,1,2,2
MMR013005,2021-09-01,1,0,0,1,1
MMR013006,2021-09-01,0,0,0,0,0
MMR013007,2021-09-01,7,0,6,1,0
MMR013009,2021-09-01,1,0,1,0,0
MMR013010,2021-09-01,1,0,1,0,0
MMR013011,2021-09-01,3,0,3,0,0
MMR013012,2021-09-01,5,1,4,0,1
MMR013013,2021-09-01,10,0,9,1,0
MMR013014,2021-09-01,5,0,4,1,1
MMR013015,2021-09-01,1,0,0,1,0
MMR013016,2021-09-01,1,0,1,0,0
MMR013017,2021-09-01,1,0,1,0,0
MMR013018,2021-09-01,9,2,6,1,3
MMR013019,2021-09-01,6,0,4,2,5
MMR013020,2021-09-01,0,0,0,0,0
MMR013021,2021-09-01,3,0,3,0,0
MMR013022,2021-09-01,1,0,1,0,0
MMR013023,2021-09-01,5,0,1,4,3
MMR013024,2021-09-01,0,0,0,0,0
MMR013025,2021-09-01,1,0,1,0,0
MMR013026,2021-09-01,4,1,1,2,3
MMR013027,2021-09-01,4,0,2,2,3
MMR013028,2021-09-01,1,0,0,1,1
MMR013029,2021-09-01,3,0,1,2,2
MMR013030,2021-09-01,1,0,1,0,0
MMR013031,2021-09-01,1,1,0,0,0
MMR013032,2021-09-01,0,0,0,0,0
MMR013033,2021-09-01,1,0,1,0,0
MMR013034,2021-09-01,0,0,0,0,0
MMR013035,2021-09-01,0,0,0,0,0
MMR013036,2021-09-01,1,0,0,1,1
MMR013037,2021-09-01,2,0,2,0,0
MMR013038,2021-09-01,3,0,3,0,0
MMR013039,2021-09-01,5,1,1,3,8
MMR013040,2021-09-01,9,0,6,3,3
MMR013041,2021-09-01,6,0,4,2,0
MMR013042,2021-09-01,6,0,5,1,0
MMR013043,2021-09-01,0,0,0,0,0
MMR013044,2021-09-01,2,0,2,0,0
MMR013046,2021-09-01,10,1,7,2,2
MMR013047,2021-09-01,0,0,0,0,0
MMR014001,2021-09-01,0,0,0,0,0
MMR014002,2021-09-01,1,0,0,1,1
MMR014003,2021-09-01,0,0,0,0,0
MMR014004,2021-09-01,0,0,0,0,0
MMR014005,2021-09-01,4,1,1,2,2
MMR014006,2021-09-01,0,0,0,0,0
MMR014007,2021-09-01,0,0,0,0,0
MMR014008,2021-09-01,1,1,0,0,0
MMR014009,2021-09-01,1,1,0,0,0
MMR014010,2021-09-01,20,11,4,5,24
MMR014011,2021-09-01,0,0,0,0,0
MMR014012,2021-09-01,0,0,0,0,0
MMR014013,2021-09-01,0,0,0,0,0
MMR014014,2021-09-01,0,0,0,0,0
MMR014015,2021-09-01,0,0,0,0,0
MMR014016,2021-09-01,4,4,0,0,0
MMR014017,2021-09-01,1,0,0,1,0
MMR014018,2021-09-01,0,0,0,0,0
MMR014019,2021-09-01,0,0,0,0,0
MMR014020,2021-09-01,0,0,0,0,0
MMR014021,2021-09-01,0,0,0,0,0
MMR015001,2021-09-01,3,3,0,0,0
MMR015002,2021-09-01,5,4,1,0,3
MMR015003,2021-09-01,0,0,0,0,0
MMR015004,2021-09-01,0,0,0,0,0
MMR015005,2021-09-01,1,1,0,0,0
MMR015006,2021-09-01,0,0,0,0,0
MMR015007,2021-09-01,0,0,0,0,0
MMR015008,2021-09-01,0,0,0,0,0
MMR015009,2021-09-01,25,13,9,3,15
MMR015010,2021-09-01,1,0,1,0,0
MMR015011,2021-09-01,0,0,0,0,0
MMR015012,2021-09-01,9,2,2,5,0
MMR015013,2021-09-01,0,0,0,0,0
MMR015014,2021-09-01,0,0,0,0,0
MMR015015,2021-09-01,0,0,0,0,0
MMR015016,2021-09-01,0,0,0,0,0
MMR015017,2021-09-01,0,0,0,0,0
MMR015018,2021-09-01,0,0,0,0,0
MMR015019,2021-09-01,0,0,0,0,0
MMR015020,2021-09-01,1,1,0,0,0
MMR015021,2021-09-01,0,0,0,0,0
MMR015022,2021-09-01,1,0,1,0,0
MMR015023,2021-09-01,1,1,0,0,7
MMR015024,2021-09-01,0,0,0,0,0
MMR016001,2021-09-01,0,0,0,0,0
MMR016002,2021-09-01,0,0,0,0,0
MMR016003,2021-09-01,0,0,0,0,0
MMR016005,2021-09-01,0,0,0,0,0
MMR016006,2021-09-01,0,0,0,0,0
MMR016007,2021-09-01,0,0,0,0,0
MMR016008,2021-09-01,0,0,0,0,0
MMR016009,2021-09-01,0,0,0,0,0
MMR016010,2021-09-01,0,0,0,0,0
MMR016011,2021-09-01,0,0,0,0,0
MMR017001,2021-09-01,3,0,2,1,1
MMR017002,2021-09-01,1,1,0,0,0
MMR017003,2021-09-01,0,0,0,0,0
MMR017004,2021-09-01,0,0,0,0,0
MMR017005,2021-09-01,1,0,1,0,0
MMR017006,2021-09-01,2,0,2,0,0
MMR017007,2021-09-01,0,0,0,0,0
MMR017008,2021-09-01,0,0,0,0,0
MMR017009,2021-09-01,0,0,0,0,0
MMR017010,2021-09-01,0,0,0,0,0
MMR017011,2021-09-01,0,0,0,0,0
MMR017012,2021-09-01,0,0,0,0,0
MMR017013,2021-09-01,0,0,0,0,0
MMR017014,2021-09-01,0,0,0,0,0
MMR017015,2021-09-01,0,0,0,0,0
MMR017016,2021-09-01,0,0,0,0,0
MMR017017,2021-09-01,0,0,0,0,0
MMR017018,2021-09-01,0,0,0,0,0
MMR017019,2021-09-01,3,0,1,2,1
MMR017020,2021-09-01,0,0,0,0,0
MMR017021,2021-09-01,3,0,3,0,0
MMR017022,2021-09-01,0,0,0,0,0
MMR017023,2021-09-01,1,0,0,1,0
MMR017024,2021-09-01,0,0,0,0,0
MMR017025,2021-09-01,0,0,0,0,0
MMR017026,2021-09-01,0,0,0,0,0
MMR018001,2021-09-01,0,0,0,0,0
MMR018002,2021-09-01,0,0,0,0,0
MMR018003,2021-09-01,0,0,0,0,0
MMR018004,2021-09-01,0,0,0,0,0
MMR018005,2021-09-01,1,0,1,0,0
MMR018006,2021-09-01,1,0,1,0,0
MMR018007,2021-09-01,2,2,0,0,1
MMR018008,2021-09-01,1,0,0,1,1
MMR001001,2021-10-01,2,0,2,0,0
MMR001002,2021-10-01,0,0,0,0,0
MMR001003,2021-10-01,1,1,0,0,0
MMR001004,2021-10-01,12,8,3,1,10
MMR001005,2021-10-01,0,0,0,0,0
MMR001006,2021-10-01,0,0,0,0,0
MMR001007,2021-10-01,6,0,4,2,3
MMR001008,2021-10-01,0,0,0,0,0
MMR001009,2021-10-01,18,10,6,2,0
MMR001010,2021-10-01,0,0,0,0,0
MMR001011,2021-10-01,1,0,1,0,0
MMR001012,2021-10-01,5,3,0,2,6
MMR001013,2021-10-01,1,0,1,0,0
MMR001014,2021-10-01,1,1,0,0,0
MMR001015,2021-10-01,0,0,0,0,0
MMR001016,2021-10-01,0,0,0,0,0
MMR001017,2021-10-01,0,0,0,0,0
MMR001018,2021-10-01,0,0,0,0,0
MMR002001,2021-10-01,4,2,2,0,5
MMR002002,2021-10-01,17,10,5,2,15
MMR002003,2021-10-01,10,6,3,1,40
MMR002004,2021-10-01,0,0,0,0,0
MMR002005,2021-10-01,1,1,0,0,13
MMR002006,2021-10-01,1,1,0,0,0
MMR002007,2021-10-01,0,0,0,0,0
MMR003001,2021-10-01,2,0,1,1,1
MMR003002,2021-10-01,1,0,0,1,4
MMR003003,2021-10-01,8,4,2,2,13
MMR003004,2021-10-01,2,2,0,0,1
MMR003005,2021-10-01,0,0,0,0,0
MMR003006,2021-10-01,14,10,2,2,44
MMR003007,2021-10-01,2,1,0,1,9
MMR004001,2021-10-01,10,6,2,2,17
MMR004002,2021-10-01,6,4,1,1,15
MMR004003,2021-10-01,8,4,2,2,4
MMR004004,2021-10-01,0,0,0,0,0
MMR004005,2021-10-01,0,0,0,0,0
MMR004006,2021-10-01,3,2,1,0,5
MMR004007,2021-10-01,9,6,3,0,54
MMR004008,2021-10-01,0,0,0,0,0
MMR004009,2021-10-01,0,0,0,0,0
MMR005001,2021-10-01,6,2,3,1,3
MMR005002,2021-10-01,7,1,6,0,50
MMR005003,2021-10-01,17,9,6,2,114
MMR005004,2021-10-01,9,2,3,4,7
MMR005005,2021-10-01,28,8,6,14,96
MMR005006,2021-10-01,9,2,2,5,9
MMR005007,2021-10-01,14,4,4,6,8
MMR005008,2021-10-01,4,0,2,2,3
MMR005009,2021-10-01,8,0,3,5,14
MMR005010,2021-10-01,7,0,5,2,18
MMR005011,2021-10-01,19,3,11,5,32
MMR005012,2021-10-01,30,3,18,9,19
MMR005013,2021-10-01,16,0,12,4,15
MMR005014,2021-10-01,10,3,5,2,2
MMR005015,2021-10-01,4,0,2,2,4
MMR005016,2021-10-01,9,0,6,3,9
MMR005017,2021-10-01,5,1,2,2,6
MMR005018,2021-10-01,13,2,7,4,30
MMR005019,2021-10-01,18,7,8,3,165
MMR005020,2021-10-01,2,1,1,0,33
MMR005021,2021-10-01,1,0,1,0,3
MMR005022,2021-10-01,17,4,7,6,71
MMR005023,2021-10-01,0,0,0,0,0
MMR005024,2021-10-01,5,3,1,1,89
MMR005025,2021-10-01,0,0,0,0,0
MMR005026,2021-10-01,1,1,0,0,0
MMR005027,2021-10-01,13,3,7,3,44
MMR005028,2021-10-01,0,0,0,0,0
MMR005029,2021-10-01,6,3,0,3,21
MMR005030,2021-10-01,0,0,0,0,0
MMR005031,2021-10-01,0,0,0,0,0
MMR005032,2021-10-01,0,0,0,0,0
MMR005033,2021-10-01,0,0,0,0,0
MMR005034,2021-10-01,4,1,1,2,3
MMR005035,2021-10-01,0,0,0,0,0
MMR005036,2021-10-01,0,0,0,0,0
MMR005037,2021-10-01,0,0,0,0,0
MMR006001,2021-10-01,4,0,1,3,3
MMR006002,2021-10-01,2,0,0,2,2
MMR006003,2021-10-01,6,2,0,4,18
MMR006004,2021-10-01,4,0,1,3,5
MMR006005,2021-10-01,4,0,3,1,1
MMR006006,2021-10-01,1,0,0,1,0
MMR006007,2021-10-01,7,5,1,1,22
MMR006008,2021-10-01,5,2,1,2,6
MMR006009,2021-10-01,1,0,0,1,1
MMR006010,2021-10-01,0,0,0,0,0
MMR007001,2021-10-01,2,0,2,0,10
MMR007002,2021-10-01,0,0,0,0,0
MMR007003,2021-10-01,1,0,0,1,1
MMR007004,2021-10-01,1,0,1,0,0
MMR007005,2021-10-01,5,0,5,0,0
MMR007006,2021-10-01,0,0,0,0,0
MMR007007,2021-10-01,0,0,0,0,0
MMR007008,2021-10-01,0,0,0,0,0
MMR007009,2021-10-01,3,0,0,3,4
MMR007010,2021-10-01,2,0,1,1,2
MMR007011,2021-10-01,1,1,0,0,7
MMR007012,2021-10-01,2,1,0,1,2
MMR007013,2021-10-01,1,0,0,1,1
MMR007014,2021-10-01,0,0,0,0,0
MMR008001,2021-10-01,6,0,5,1,2
MMR008002,2021-10-01,0,0,0,0,0
MMR008003,2021-10-01,1,0,1,0,0
MMR008004,2021-10-01,7,1,2,4,8
MMR008005,2021-10-01,0,0,0,0,0
MMR008006,2021-10-01,1,0,1,0,0
MMR008007,2021-10-01,0,0,0,0,0
MMR008008,2021-10-01,1,0,1,0,0
MMR008009,2021-10-01,2,0,2,0,0
MMR008010,2021-10-01,0,0,0,0,0
MMR008011,2021-10-01,1,0,1,0,2
MMR008012,2021-10-01,2,1,0,1,2
MMR008013,2021-10-01,0,0,0,0,0
MMR008014,2021-10-01,0,0,0,0,0
MMR009001,2021-10-01,4,0,2,2,2
MMR009002,2021-10-01,1,0,0,1,0
MMR009003,2021-10-01,1,0,0,1,1
MMR009004,2021-10-01,2,0,0,2,2
MMR009005,2021-10-01,3,1,0,2,2
MMR009006,2021-10-01,2,0,0,2,2
MMR009007,2021-10-01,0,0,0,0,0
MMR009008,2021-10-01,4,1,1,2,5
MMR009009,2021-10-01,0,0,0,0,0
MMR009010,2021-10-01,2,1,0,1,1
MMR009011,2021-10-01,0,0,0,0,0
MMR009012,2021-10-01,2,1,0,1,5
MMR009013,2021-10-01,1,0,1,0,0
MMR009014,2021-10-01,0,0,0,0,0
MMR009015,2021-10-01,0,0,0,0,0
MMR009016,2021-10-01,3,0,1,2,1
MMR009017,2021-10-01,0,0,0,0,0
MMR009018,2021-10-01,9,1,6,2,2
MMR009019,2021-10-01,30,4,24,2,9
MMR009020,2021-10-01,8,1,4,3,6
MMR009021,2021-10-01,7,2,4,1,2
MMR009022,2021-10-01,0,0,0,0,0
MMR009023,2021-10-01,14,4,7,3,116
MMR009024,2021-10-01,3,2,1,0,4
MMR009025,2021-10-01,5,2,3,0,30
MMR010001,2021-10-01,1,0,0,1,0
MMR010002,2021-10-01,9,0,7,2,3
MMR010003,2021-10-01,8,1,5,2,4
MMR010004,2021-10-01,14,2,8,4,3
MMR010005,2021-10-01,5,0,3,2,2
MMR010006,2021-10-01,7,0,3,4,1
MMR010007,2021-10-01,9,0,6,3,3
MMR010008,2021-10-01,2,2,0,0,1
MMR010009,2021-10-01,8,0,1,7,13
MMR010010,2021-10-01,0,0,0,0,0
MMR010011,2021-10-01,6,1,2,3,2
MMR010012,2021-10-01,3,1,2,0,0
MMR010013,2021-10-01,0,0,0,0,0
MMR010014,2021-10-01,9,0,6,3,26
MMR010015,2021-10-01,4,0,4,0,0
MMR010016,2021-10-01,1,0,1,0,0
MMR010017,2021-10-01,4,1,0,3,2
MMR010018,2021-10-01,6,0,4,2,1
MMR010019,2021-10-01,5,2,2,1,25
MMR010020,2021-10-01,6,0,3,3,3
MMR010021,2021-10-01,2,0,0,2,2
MMR010022,2021-10-01,5,0,3,2,2
MMR010023,2021-10-01,0,0,0,0,0
MMR010024,2021-10-01,0,0,0,0,0
MMR010028,2021-10-01,2,0,2,0,1
MMR010029,2021-10-01,1,0,0,1,1
MMR010030,2021-10-01,5,0,5,0,0
MMR010031,2021-10-01,3,0,0,3,2
MMR011001,2021-10-01,7,0,5,2,2
MMR011002,2021-10-01,0,0,0,0,0
MMR011003,2021-10-01,2,0,0,2,1
MMR011004,2021-10-01,2,0,2,0,0
MMR011005,2021-10-01,0,0,0,0,0
MMR011006,2021-10-01,5,1,4,0,0
MMR011007,2021-10-01,9,2,5,2,18
MMR011008,2021-10-01,7,0,6,1,1
MMR011009,2021-10-01,12,2,6,4,29
MMR011010,2021-10-01,4,0,3,1,1
MMR012001,2021-10-01,0,0,0,0,0
MMR012002,2021-10-01,0,0,0,0,0
MMR012003,2021-10-01,0,0,0,0,0
MMR012004,2021-10-01,0,0,0,0,0
MMR012005,2021-10-01,0,0,0,0,0
MMR012006,2021-10-01,0,0,0,0,0
MMR012007,2021-10-01,0,0,0,0,0
MMR012008,2021-10-01,1,0,0,1,0
MMR012009,2021-10-01,1,1,0,0,0
MMR012010,2021-10-01,1,1,0,0,1
MMR012011,2021-10-01,0,0,0,0,0
MMR012012,2021-10-01,0,0,0,0,0
MMR012013,2021-10-01,0,0,0,0,0
MMR012014,2021-10-01,0,0,0,0,0
MMR012015,2021-10-01,0,0,0,0,0
MMR012016,2021-10-01,0,0,0,0,0
MMR012017,2021-10-01,0,0,0,0,0
MMR013001,2021-10-01,6,0,4,2,1
MMR013002,2021-10-01,8,0,5,3,3
MMR013003,2021-10-01,1,0,1,0,0
MMR013004,2021-10-01,1,0,0,1,1
MMR013005,2021-10-01,0,0,0,0,0
MMR013006,2021-10-01,0,0,0,0,0
MMR013007,2021-10-01,1,0,0,1,1
MMR013009,2021-10-01,4,0,4,0,0
MMR013010,2021-10-01,2,0,2,0,0
MMR013011,2021-10-01,2,0,1,1,1
MMR013012,2021-10-01,2,1,1,0,0
MMR013013,2021-10-01,5,0,3,2,2
MMR013014,2021-10-01,2,0,2,0,0
MMR013015,2021-10-01,2,0,2,0,0
MMR013016,2021-10-01,1,0,0,1,0
MMR013017,2021-10-01,1,1,0,0,4
MMR013018,2021-10-01,6,1,4,1,1
MMR013019,2021-10-01,5,0,3,2,1
MMR013020,2021-10-01,0,0,0,0,0
MMR013021,2021-10-01,0,0,0,0,0
MMR013022,2021-10-01,1,0,0,1,0
MMR013023,2021-10-01,7,2,4,1,4
MMR013024,2021-10-01,0,0,0,0,0
MMR013025,2021-10-01,1,0,1,0,0
MMR013026,2021-10-01,4,1,2,1,4
MMR013027,2021-10-01,2,0,1,1,1
MMR013028,2021-10-01,2,1,0,1,12
MMR013029,2021-10-01,1,0,0,1,1
MMR013030,2021-10-01,3,0,2,1,2
MMR013031,2021-10-01,0,0,0,0,0
MMR013032,2021-10-01,0,0,0,0,0
MMR013033,2021-10-01,1,0,1,0,0
MMR013034,2021-10-01,0,0,0,0,0
MMR013035,2021-10-01,0,0,0,0,0
MMR013036,2021-10-01,0,0,0,0,0
MMR013037,2021-10-01,2,0,2,0,0
MMR013038,2021-10-01,2,0,1,1,2
MMR013039,2021-10-01,3,1,2,0,1
MMR013040,2021-10-01,8,1,4,3,2
MMR013041,2021-10-01,4,0,4,0,1
MMR013042,2021-10-01,6,0,4,2,0
MMR013043,2021-10-01,0,0,0,0,0
MMR013044,2021-10-01,3,0,2,1,1
MMR013046,2021-10-01,7,1,6,0,2
MMR013047,2021-10-01,0,0,0,0,0
MMR014001,2021-10-01,2,0,2,0,0
MMR014002,2021-10-01,0,0,0,0,0
MMR014003,2021-10-01,0,0,0,0,0
MMR014004,2021-10-01,0,0,0,0,0
MMR014005,2021-10-01,1,0,0,1,0
MMR014006,2021-10-01,0,0,0,0,0
MMR014007,2021-10-01,0,0,0,0,0
MMR014008,2021-10-01,0,0,0,0,0
MMR014009,2021-10-01,0,0,0,0,0
MMR014010,2021-10-01,14,5,4,5,17
MMR014011,2021-10-01,0,0,0,0,0
MMR014012,2021-10-01,0,0,0,0,0
MMR014013,2021-10-01,0,0,0,0,0
MMR014014,2021-10-01,0,0,0,0,0
MMR014015,2021-10-01,1,0,1,0,1
MMR014016,2021-10-01,5,2,3,0,2
MMR014017,2021-10-01,1,0,0,1,0
MMR014018,2021-10-01,0,0,0,0,0
MMR014019,2021-10-01,0,0,0,0,0
MMR014020,2021-10-01,0,0,0,0,0
MMR014021,2021-10-01,0,0,0,0,0
MMR015001,2021-10-01,7,1,5,1,0
MMR015002,2021-10-01,7,5,1,1,41
MMR015003,2021-10-01,3,1,2,0,0
MMR015004,2021-10-01,1,0,0,1,0
MMR015005,2021-10-01,0,0,0,0,0
MMR015006,2021-10-01,0,0,0,0,0
MMR015007,2021-10-01,0,0,0,0,0
MMR015008,2021-10-01,0,0,0,0,0
MMR015009,2021-10-01,40,32,7,1,26
MMR015010,2021-10-01,3,0,2,1,2
MMR015011,2021-10-01,5,2,1,2,0
MMR015012,2021-10-01,6,2,2,2,1
MMR015013,2021-10-01,1,0,1,0,0
MMR015014,2021-10-01,2,1,1,0,1
MMR015015,2021-10-01,0,0,0,0,0
MMR015016,2021-10-01,0,0,0,0,0
MMR015017,2021-10-01,0,0,0,0,0
MMR015018,2021-10-01,0,0,0,0,0
MMR015019,2021-10-01,0,0,0,0,0
MMR015020,2021-10-01,1,1,0,0,0
MMR015021,2021-10-01,0,0,0,0,0
MMR015022,2021-10-01,0,0,0,0,0
MMR015023,2021-10-01,1,1,0,0,0
MMR015024,2021-10-01,0,0,0,0,0
MMR016001,2021-10-01,0,0,0,0,0
MMR016002,2021-10-01,0,0,0,0,0
MMR016003,2021-10-01,0,0,0,0,0
MMR016005,2021-10-01,0,0,0,0,0
MMR016006,2021-10-01,0,0,0,0,0
MMR016007,2021-10-01,0,0,0,0,0
MMR016008,2021-10-01,0,0,0,0,0
MMR016009,2021-10-01,0,0,0,0,0
MMR016010,2021-10-01,0,0,0,0,0
MMR016011,2021-10-01,0,0,0,0,0
MMR017001,2021-10-01,10,1,4,5,6
MMR017002,2021-10-01,4,1,3,0,4
MMR017003,2021-10-01,0,0,0,0,0
MMR017004,2021-10-01,4,0,3,1,2
MMR017005,2021-10-01,0,0,0,0,0
MMR017006,2021-10-01,1,0,0,1,1
MMR017007,2021-10-01,2,0,2,0,0
MMR017008,2021-10-01,2,0,2,0,0
MMR017009,2021-10-01,1,0,1,0,0
MMR017010,2021-10-01,0,0,0,0,0
MMR017011,2021-10-01,1,0,0,1,1
MMR017012,2021-10-01,1,0,1,0,0
MMR017013,2021-10-01,1,0,0,1,0
MMR017014,2021-10-01,1,0,1,0,0
MMR017015,2021-10-01,0,0,0,0,0
MMR017016,2021-10-01,0,0,0,0,0
MMR017017,2021-10-01,2,0,2,0,0
MMR017018,2021-10-01,5,1,3,1,2
MMR017019,2021-10-01,10,0,8,2,2
MMR017020,2021-10-01,0,0,0,0,0
MMR017021,2021-10-01,1,0,1,0,0
MMR017022,2021-10-01,2,0,2,0,0
MMR017023,2021-10-01,3,0,3,0,0
MMR017024,2021-10-01,2,1,1,0,1
MMR017025,2021-10-01,2,0,2,0,0
MMR017026,2021-10-01,1,0,1,0,0
MMR018001,2021-10-01,1,0,0,1,1
MMR018002,2021-10-01,5,0,5,0,0
MMR018003,2021-10-01,1,0,1,0,0
MMR018004,2021-10-01,1,1,0,0,0
MMR018005,2021-10-01,2,0,1,1,1
MMR018006,2021-10-01,1,0,1,0,2
MMR018007,2021-10-01,0,0,0,0,0
MMR018008,2021-10-01,1,0,1,0,0
MMR001001,2021-11-01,2,1,1,0,0
MMR001002,2021-11-01,1,0,1,0,0
MMR001003,2021-11-01,4,4,0,0,0
MMR001004,2021-11-01,0,0,0,0,0
MMR001005,2021-11-01,0,0,0,0,0
MMR001006,2021-11-01,0,0,0,0,0
MMR001007,2021-11-01,7,0,5,2,14
MMR001008,2021-11-01,0,0,0,0,0
MMR001009,2021-11-01,11,4,7,0,0
MMR001010,2021-11-01,2,1,1,0,0
MMR001011,2021-11-01,6,5,1,0,2
MMR001012,2021-11-01,5,1,2,2,1
MMR001013,2021-11-01,0,0,0,0,0
MMR001014,2021-11-01,0,0,0,0,0
MMR001015,2021-11-01,0,0,0,0,0
MMR001016,2021-11-01,0,0,0,0,0
MMR001017,2021-11-01,0,0,0,0,0
MMR001018,2021-11-01,0,0,0,0,0
MMR002001,2021-11-01,6,3,0,3,4
MMR002002,2021-11-01,11,7,1,3,28
MMR002003,2021-11-01,3,2,0,1,25
MMR002004,2021-11-01,1,1,0,0,0
MMR002005,2021-11-01,0,0,0,0,0
MMR002006,2021-11-01,0,0,0,0,0
MMR002007,2021-11-01,0,0,0,0,0
MMR003001,2021-11-01,10,7,0,3,18
MMR003002,2021-11-01,2,0,2,0,0
MMR003003,2021-11-01,4,3,1,0,19
MMR003004,2021-11-01,0,0,0,0,0
MMR003005,2021-11-01,0,0,0,0,0
MMR003006,2021-11-01,0,0,0,0,0
MMR003007,2021-11-01,1,0,1,0,0
MMR004001,2021-11-01,2,0,0,2,1
MMR004002,2021-11-01,9,8,0,1,24
MMR004003,2021-11-01,2,2,0,0,2
MMR004004,2021-11-01,3,2,0,1,2
MMR004005,2021-11-01,0,0,0,0,0
MMR004006,2021-11-01,12,9,3,0,68
MMR004007,2021-11-01,6,5,0,1,11
MMR004008,2021-11-01,7,5,0,2,12
MMR004009,2021-11-01,4,3,1,0,17
MMR005001,2021-11-01,5,1,3,1,4
MMR005002,2021-11-01,8,3,5,0,9
MMR005003,2021-11-01,13,1,8,4,31
MMR005004,2021-11-01,6,2,2,2,23
MMR005005,2021-11-01,17,9,3,5,24
MMR005006,2021-11-01,12,3,4,5,36
MMR005007,2021-11-01,2,0,1,1,1
MMR005008,2021-11-01,5,1,1,3,31
MMR005009,2021-11-01,8,2,2,4,26
MMR005010,2021-11-01,17,4,12,1,84
MMR005011,2021-11-01,11,2,6,3,25
MMR005012,2021-11-01,27,11,10,6,51
MMR005013,2021-11-01,11,2,7,2,3
MMR005014,2021-11-01,17,2,9,6,21
MMR005015,2021-11-01,6,2,3,1,31
MMR005016,2021-11-01,12,6,5,1,46
MMR005017,2021-11-01,16,12,4,0,24
MMR005018,2021-11-01,4,0,4,0,1
MMR005019,2021-11-01,15,8,7,0,84
MMR005020,2021-11-01,10,9,1,0,57
MMR005021,2021-11-01,2,1,0,1,0
MMR005022,2021-11-01,7,2,5,0,51
MMR005023,2021-11-01,0,0,0,0,0
MMR005024,2021-11-01,6,2,0,4,80
MMR005025,2021-11-01,0,0,0,0,0
MMR005026,2021-11-01,4,3,0,1,58
MMR005027,2021-11-01,28,15,10,3,134
MMR005028,2021-11-01,1,1,0,0,0
MMR005029,2021-11-01,10,8,1,1,54
MMR005030,2021-11-01,4,2,2,0,3
MMR005031,2021-11-01,1,0,1,0,0
MMR005032,2021-11-01,0,0,0,0,0
MMR005033,2021-11-01,1,0,0,1,1
MMR005034,2021-11-01,0,0,0,0,0
MMR005035,2021-11-01,0,0,0,0,0
MMR005036,2021-11-01,0,0,0,0,0
MMR005037,2021-11-01,0,0,0,0,0
MMR006001,2021-11-01,8,2,2,4,14
MMR006002,2021-11-01,7,3,2,2,10
MMR006003,2021-11-01,5,1,2,2,2
MMR006004,2021-11-01,7,1,3,3,13
MMR006005,2021-11-01,0,0,0,0,0
MMR006006,2021-11-01,0,0,0,0,0
MMR006007,2021-11-01,6,2,0,4,2
MMR006008,2021-11-01,2,0,1,1,1
MMR006009,2021-11-01,0,0,0,0,0
MMR006010,2021-11-01,0,0,0,0,0
MMR007001,2021-11-01,6,0,6,0,0
MMR007002,2021-11-01,0,0,0,0,0
MMR007003,2021-11-01,4,0,4,0,0
MMR007004,2021-11-01,1,0,0,1,1
MMR007005,2021-11-01,0,0,0,0,0
MMR007006,2021-11-01,0,0,0,0,0
MMR007007,2021-11-01,1,1,0,0,0
MMR007008,2021-11-01,0,0,0,0,0
MMR007009,2021-11-01,0,0,0,0,0
MMR007010,2021-11-01,1,0,0,1,1
MMR007011,2021-11-01,0,0,0,0,0
MMR007012,2021-11-01,1,1,0,0,5
MMR007013,2021-11-01,0,0,0,0,0
MMR007014,2021-11-01,2,0,1,1,1
MMR008001,2021-11-01,3,1,2,0,4
MMR008002,2021-11-01,0,0,0,0,0
MMR008003,2021-11-01,3,0,3,0,0
MMR008004,2021-11-01,1,0,1,0,0
MMR008005,2021-11-01,0,0,0,0,0
MMR008006,2021-11-01,0,0,0,0,0
MMR008007,2021-11-01,1,0,1,0,0
MMR008008,2021-11-01,0,0,0,0,0
MMR008009,2021-11-01,1,0,1,0,0
MMR008010,2021-11-01,0,0,0,0,0
MMR008011,2021-11-01,1,0,1,0,0
MMR008012,2021-11-01,2,1,0,1,1
MMR008013,2021-11-01,1,0,1,0,0
MMR008014,2021-11-01,4,1,3,0,0
MMR009001,2021-11-01,2,0,1,1,0
MMR009002,2021-11-01,1,0,1,0,1
MMR009003,2021-11-01,1,0,1,0,0
MMR009004,2021-11-01,1,0,0,1,0
MMR009005,2021-11-01,4,0,1,3,2
MMR009006,2021-11-01,7,0,0,7,4
MMR009007,2021-11-01,1,0,1,0,0
MMR009008,2021-11-01,1,0,1,0,0
MMR009009,2021-11-01,0,0,0,0,0
MMR009010,2021-11-01,1,0,1,0,0
MMR009011,2021-11-01,1,0,0,1,0
MMR009012,2021-11-01,0,0,0,0,0
MMR009013,2021-11-01,0,0,0,0,0
MMR009014,2021-11-01,0,0,0,0,0
MMR009015,2021-11-01,0,0,0,0,0
MMR009016,2021-11-01,1,1,0,0,1
MMR009017,2021-11-01,1,0,0,1,1
MMR009018,2021-11-01,5,0,3,2,6
MMR009019,2021-11-01,29,9,14,6,24
MMR009020,2021-11-01,19,2,14,3,25
MMR009021,2021-11-01,5,1,3,1,19
MMR009022,2021-11-01,2,0,2,0,0
MMR009023,2021-11-01,21,7,10,4,128
MMR009024,2021-11-01,6,2,1,3,48
MMR009025,2021-11-01,10,5,1,4,74
MMR010001,2021-11-01,3,1,2,0,0
MMR010002,2021-11-01,3,0,2,1,2
MMR010003,2021-11-01,10,3,5,2,5
MMR010004,2021-11-01,6,0,4,2,2
MMR010005,2021-11-01,4,0,4,0,4
MMR010006,2021-11-01,7,0,2,5,1
MMR010007,2021-11-01,2,1,1,0,0
MMR010008,2021-11-01,0,0,0,0,0
MMR010009,2021-11-01,13,1,5,7,8
MMR010010,2021-11-01,6,1,0,5,4
MMR010011,2021-11-01,13,3,6,4,26
MMR010012,2021-11-01,2,0,0,2,2
MMR010013,2021-11-01,2,0,1,1,2
MMR010014,2021-11-01,1,0,0,1,1
MMR010015,2021-11-01,3,0,3,0,0
MMR010016,2021-11-01,0,0,0,0,0
MMR010017,2021-11-01,4,2,1,1,15
MMR010018,2021-11-01,2,1,0,1,2
MMR010019,2021-11-01,1,1,0,0,1
MMR010020,2021-11-01,4,0,4,0,0
MMR010021,2021-11-01,2,0,2,0,0
MMR010022,2021-11-01,2,0,0,2,4
MMR010023,2021-11-01,0,0,0,0,0
MMR010024,2021-11-01,1,0,1,0,2
MMR010028,2021-11-01,1,0,0,1,0
MMR010029,2021-11-01,0,0,0,0,0
MMR010030,2021-11-01,0,0,0,0,0
MMR010031,2021-11-01,6,0,1,5,6
MMR011001,2021-11-01,1,0,0,1,1
MMR011002,2021-11-01,0,0,0,0,0
MMR011003,2021-11-01,1,0,1,0,0
MMR011004,2021-11-01,0,0,0,0,0
MMR011005,2021-11-01,0,0,0,0,0
MMR011006,2021-11-01,9,3,3,3,12
MMR011007,2021-11-01,10,3,6,1,7
MMR011008,2021-11-01,4,0,3,1,1
MMR011009,2021-11-01,6,5,0,1,23
MMR011010,2021-11-01,3,1,1,1,3
MMR012001,2021-11-01,1,0,0,1,0
MMR012002,2021-11-01,0,0,0,0,0
MMR012003,2021-11-01,0,0,0,0,0
MMR012004,2021-11-01,0,0,0,0,0
MMR012005,2021-11-01,0,0,0,0,0
MMR012006,2021-11-01,0,0,0,0,0
MMR012007,2021-11-01,0,0,0,0,0
MMR012008,2021-11-01,0,0,0,0,0
MMR012009,2021-11-01,1,1,0,0,3
MMR012010,2021-11-01,3,2,0,1,0
MMR012011,2021-11-01,0,0,0,0,0
MMR012012,2021-11-01,0,0,0,0,0
MMR012013,2021-11-01,0,0,0,0,0
MMR012014,2021-11-01,0,0,0,0,0
MMR012015,2021-11-01,0,0,0,0,0
MMR012016,2021-11-01,0,0,0,0,0
MMR012017,2021-11-01,0,0,0,0,0
MMR013001,2021-11-01,1,0,1,0,0
MMR013002,2021-11-01,10,4,4,2,7
MMR013003,2021-11-01,1,0,1,0,0
MMR013004,2021-11-01,4,0,2,2,2
MMR013005,2021-11-01,1,0,0,1,1
MMR013006,2021-11-01,2,1,0,1,4
MMR013007,2021-11-01,0,0,0,0,0
MMR013009,2021-11-01,5,0,2,3,3
MMR013010,2021-11-01,2,0,2,0,0
MMR013011,2021-11-01,2,0,2,0,0
MMR013012,2021-11-01,2,0,1,1,2
MMR013013,2021-11-01,3,0,2,1,0
MMR013014,2021-11-01,0,0,0,0,0
MMR013015,2021-11-01,1,0,1,0,0
MMR013016,2021-11-01,1,0,1,0,1
MMR013017,2021-11-01,3,0,1,2,1
MMR013018,2021-11-01,7,3,2,2,2
MMR013019,2021-11-01,5,0,3,2,4
MMR013020,2021-11-01,1,0,0,1,0
MMR013021,2021-11-01,1,0,0,1,0
MMR013022,2021-11-01,0,0,0,0,0
MMR013023,2021-11-01,6,2,3,1,6
MMR013024,2021-11-01,0,0,0,0,0
MMR013025,2021-11-01,0,0,0,0,0
MMR013026,2021-11-01,0,0,0,0,0
MMR013027,2021-11-01,5,2,0,3,5
MMR013028,2021-11-01,1,1,0,0,0
MMR013029,2021-11-01,5,1,0,4,12
MMR013030,2021-11-01,1,1,0,0,0
MMR013031,2021-11-01,0,0,0,0,0
MMR013032,2021-11-01,0,0,0,0,0
MMR013033,2021-11-01,0,0,0,0,0
MMR013034,2021-11-01,1,0,1,0,0
MMR013035,2021-11-01,1,0,1,0,0
MMR013036,2021-11-01,0,0,0,0,0
MMR013037,2021-11-01,0,0,0,0,0
MMR013038,2021-11-01,2,0,1,1,1
MMR013039,2021-11-01,1,0,1,0,0
MMR013040,2021-11-01,4,0,1,3,5
MMR013041,2021-11-01,2,0,1,1,1
MMR013042,2021-11-01,7,1,3,3,4
MMR013043,2021-11-01,1,0,1,0,0
MMR013044,2021-11-01,4,0,2,2,1
MMR013046,2021-11-01,14,2,5,7,8
MMR013047,2021-11-01,1,0,0,1,1
MMR014001,2021-11-01,2,0,2,0,0
MMR014002,2021-11-01,0,0,0,0,0
MMR014003,2021-11-01,0,0,0,0,0
MMR014004,2021-11-01,0,0,0,0,0
MMR014005,2021-11-01,4,0,1,3,0
MMR014006,2021-11-01,0,0,0,0,0
MMR014007,2021-11-01,3,0,0,3,3
MMR014008,2021-11-01,0,0,0,0,0
MMR014009,2021-11-01,2,2,0,0,11
MMR014010,2021-11-01,17,13,2,2,35
MMR014011,2021-11-01,0,0,0,0,0
MMR014012,2021-11-01,0,0,0,0,0
MMR014013,2021-11-01,0,0,0,0,0
MMR014014,2021-11-01,0,0,0,0,0
MMR014015,2021-11-01,0,0,0,0,0
MMR014016,2021-11-01,1,0,1,0,1
MMR014017,2021-11-01,1,0,0,1,0
MMR014018,2021-11-01,0,0,0,0,0
MMR014019,2021-11-01,1,0,0,1,0
MMR014020,2021-11-01,0,0,0,0,0
MMR014021,2021-11-01,0,0,0,0,0
MMR015001,2021-11-01,7,3,3,1,4
MMR015002,2021-11-01,8,8,0,0,14
MMR015003,2021-11-01,2,0,2,0,1
MMR015004,2021-11-01,0,0,0,0,0
MMR015005,2021-11-01,0,0,0,0,0
MMR015006,2021-11-01,0,0,0,0,0
MMR015007,2021-11-01,0,0,0,0,0
MMR015008,2021-11-01,0,0,0,0,0
MMR015009,2021-11-01,37,26,5,6,35
MMR015010,2021-11-01,3,1,0,2,1
MMR015011,2021-11-01,4,2,0,2,1
MMR015012,2021-11-01,4,2,2,0,0
MMR015013,2021-11-01,0,0,0,0,0
MMR015014,2021-11-01,3,2,1,0,0
MMR015015,2021-11-01,1,1,0,0,0
MMR015016,2021-11-01,0,0,0,0,0
MMR015017,2021-11-01,1,0,1,0,0
MMR015018,2021-11-01,0,0,0,0,0
MMR015019,2021-11-01,1,0,1,0,0
MMR015020,2021-11-01,1,1,0,0,0
MMR015021,2021-11-01,0,0,0,0,0
MMR015022,2021-11-01,1,1,0,0,0
MMR015023,2021-11-01,0,0,0,0,0
MMR015024,2021-11-01,0,0,0,0,0
MMR016001,2021-11-01,0,0,0,0,0
MMR016002,2021-11-01,0,0,0,0,0
MMR016003,2021-11-01,0,0,0,0,0
MMR016005,2021-11-01,0,0,0,0,0
MMR016006,2021-11-01,0,0,0,0,0
MMR016007,2021-11-01,0,0,0,0,0
MMR016008,2021-11-01,0,0,0,0,0
MMR016009,2021-11-01,0,0,0,0,0
MMR016010,2021-11-01,0,0,0,0,0
MMR016011,2021-11-01,0,0,0,0,0
MMR017001,2021-11-01,3,3,0,0,11
MMR017002,2021-11-01,3,0,2,1,0
MMR017003,2021-11-01,0,0,0,0,0
MMR017004,2021-11-01,0,0,0,0,0
MMR017005,2021-11-01,3,0,2,1,1
MMR017006,2021-11-01,0,0,0,0,0
MMR017007,2021-11-01,1,0,1,0,0
MMR017008,2021-11-01,0,0,0,0,0
MMR017009,2021-11-01,1,1,0,0,0
MMR017010,2021-11-01,0,0,0,0,0
MMR017011,2021-11-01,0,0,0,0,0
MMR017012,2021-11-01,0,0,0,0,0
MMR017013,2021-11-01,0,0,0,0,0
MMR017014,2021-11-01,0,0,0,0,0
MMR017015,2021-11-01,0,0,0,0,0
MMR017016,2021-11-01,2,0,1,1,1
MMR017017,2021-11-01,0,0,0,0,0
MMR017018,2021-11-01,2,1,0,1,1
MMR017019,2021-11-01,4,0,2,2,3
MMR017020,2021-11-01,1,0,1,0,0
MMR017021,2021-11-01,0,0,0,0,0
MMR017022,2021-11-01,1,0,1,0,0
MMR017023,2021-11-01,1,0,0,1,1
MMR017024,2021-11-01,1,0,1,0,0
MMR017025,2021-11-01,0,0,0,0,0
MMR017026,2021-11-01,0,0,0,0,0
MMR018001,2021-11-01,0,0,0,0,0
MMR018002,2021-11-01,2,0,2,0,0
MMR018003,2021-11-01,2,0,2,0,0
MMR018004,2021-11-01,0,0,0,0,0
MMR018005,2021-11-01,2,0,0,2,2
MMR018006,2021-11-01,3,0,3,0,0
MMR018007,2021-11-01,1,0,1,0,0
MMR018008,2021-11-01,1,0,1,0,0
MMR001001,2021-12-01,3,0,2,1,0
MMR001002,2021-12-01,0,0,0,0,0
MMR001003,2021-12-01,0,0,0,0,0
MMR001004,2021-12-01,3,2,1,0,0
MMR001005,2021-12-01,0,0,0,0,0
MMR001006,2021-12-01,0,0,0,0,0
MMR001007,2021-12-01,5,5,0,0,15
MMR001008,2021-12-01,2,2,0,0,0
MMR001009,2021-12-01,14,8,3,3,27
MMR001010,2021-12-01,4,1,2,1,8
MMR001011,2021-12-01,3,1,1,1,16
MMR001012,2021-12-01,1,1,0,0,0
MMR001013,2021-12-01,0,0,0,0,0
MMR001014,2021-12-01,1,1,0,0,23
MMR001015,2021-12-01,1,1,0,0,0
MMR001016,2021-12-01,0,0,0,0,0
MMR001017,2021-12-01,0,0,0,0,0
MMR001018,2021-12-01,0,0,0,0,0
MMR002001,2021-12-01,10,4,5,1,11
MMR002002,2021-12-01,10,10,0,0,63
MMR002003,2021-12-01,7,6,0,1,45
MMR002004,2021-12-01,1,1,0,0,4
MMR002005,2021-12-01,1,1,0,0,3
MMR002006,2021-12-01,0,0,0,0,0
MMR002007,2021-12-01,0,0,0,0,0
MMR003001,2021-12-01,5,1,4,0,0
MMR003002,2021-12-01,1,1,0,0,5
MMR003003,2021-12-01,10,8,1,1,25
MMR003004,2021-12-01,1,1,0,0,1
MMR003005,2021-12-01,33,23,8,2,87
MMR003006,2021-12-01,12,7,5,0,57
MMR003007,2021-12-01,4,3,0,1,4
MMR004001,2021-12-01,3,1,0,2,2
MMR004002,2021-12-01,0,0,0,0,0
MMR004003,2021-12-01,2,1,0,1,2
MMR004004,2021-12-01,3,2,0,1,1
MMR004005,2021-12-01,0,0,0,0,0
MMR004006,2021-12-01,20,14,3,3,24
MMR004007,2021-12-01,3,1,2,0,0
MMR004008,2021-12-01,6,5,0,1,13
MMR004009,2021-12-01,0,0,0,0,0
MMR005001,2021-12-01,9,1,6,2,23
MMR005002,2021-12-01,6,2,3,1,21
MMR005003,2021-12-01,7,1,3,3,30
MMR005004,2021-12-01,8,1,3,4,7
MMR005005,2021-12-01,6,1,2,3,13
MMR005006,2021-12-01,9,2,5,2,25
MMR005007,2021-12-01,8,3,3,2,26
MMR005008,2021-12-01,1,0,0,1,2
MMR005009,2021-12-01,15,3,8,4,23
MMR005010,2021-12-01,21,7,8,6,54
MMR005011,2021-12-01,17,3,9,5,29
MMR005012,2021-12-01,26,9,11,6,15
MMR005013,2021-12-01,1,0,0,1,1
MMR005014,2021-12-01,13,5,7,1,30
MMR005015,2021-12-01,9,1,8,0,26
MMR005016,2021-12-01,23,12,6,5,114
MMR005017,2021-12-01,19,9,10,0,108
MMR005018,2021-12-01,10,0,6,4,29
MMR005019,2021-12-01,23,10,12,1,69
MMR005020,2021-12-01,3,3,0,0,5
MMR005021,2021-12-01,2,1,1,0,10
MMR005022,2021-12-01,12,3,9,0,72
MMR005023,2021-12-01,0,0,0,0,0
MMR005024,2021-12-01,2,1,1,0,1
MMR005025,2021-12-01,1,0,1,0,3
MMR005026,2021-12-01,5,4,0,1,11
MMR005027,2021-12-01,26,8,10,8,125
MMR005028,2021-12-01,1,1,0,0,30
MMR005029,2021-12-01,11,4,5,2,126
MMR005030,2021-12-01,1,1,0,0,2
MMR005031,2021-12-01,0,0,0,0,0
MMR005032,2021-12-01,0,0,0,0,0
MMR005033,2021-12-01,0,0,0,0,0
MMR005034,2021-12-01,0,0,0,0,0
MMR005035,2021-12-01,0,0,0,0,0
MMR005036,2021-12-01,0,0,0,0,0
MMR005037,2021-12-01,0,0,0,0,0
MMR006001,2021-12-01,3,0,2,1,2
MMR006002,2021-12-01,6,1,1,4,5
MMR006003,2021-12-01,2,1,0,1,1
MMR006004,2021-12-01,4,1,1,2,3
MMR006005,2021-12-01,2,0,0,2,2
MMR006006,2021-12-01,0,0,0,0,0
MMR006007,2021-12-01,6,2,0,4,9
MMR006008,2021-12-01,2,1,0,1,5
MMR006009,2021-12-01,0,0,0,0,0
MMR006010,2021-12-01,0,0,0,0,0
MMR007001,2021-12-01,1,0,1,0,0
MMR007002,2021-12-01,0,0,0,0,0
MMR007003,2021-12-01,0,0,0,0,0
MMR007004,2021-12-01,0,0,0,0,0
MMR007005,2021-12-01,1,0,1,0,4
MMR007006,2021-12-01,0,0,0,0,0
MMR007007,2021-12-01,0,0,0,0,0
MMR007008,2021-12-01,0,0,0,0,0
MMR007009,2021-12-01,2,0,1,1,1
MMR007010,2021-12-01,1,0,1,0,0
MMR007011,2021-12-01,3,1,1,1,1
MMR007012,2021-12-01,0,0,0,0,0
MMR007013,2021-12-01,0,0,0,0,0
MMR007014,2021-12-01,2,2,0,0,4
MMR008001,2021-12-01,2,0,2,0,0
MMR008002,2021-12-01,0,0,0,0,0
MMR008003,2021-12-01,0,0,0,0,0
MMR008004,2021-12-01,0,0,0,0,0
MMR008005,2021-12-01,1,0,0,1,1
MMR008006,2021-12-01,0,0,0,0,0
MMR008007,2021-12-01,0,0,0,0,0
MMR008008,2021-12-01,0,0,0,0,0
MMR008009,2021-12-01,0,0,0,0,0
MMR008010,2021-12-01,2,1,0,1,1
MMR008011,2021-12-01,0,0,0,0,0
MMR008012,2021-12-01,2,0,1,1,0
MMR008013,2021-12-01,1,0,0,1,1
MMR008014,2021-12-01,1,0,0,1,2
MMR009001,2021-12-01,9,1,5,3,4
MMR009002,2021-12-01,0,0,0,0,0
MMR009003,2021-12-01,0,0,0,0,0
MMR009004,2021-12-01,12,0,3,9,5
MMR009005,2021-12-01,0,0,0,0,0
MMR009006,2021-12-01,3,1,0,2,1
MMR009007,2021-12-01,2,0,2,0,0
MMR009008,2021-12-01,0,0,0,0,0
MMR009009,2021-12-01,0,0,0,0,0
MMR009010,2021-12-01,1,0,0,1,0
MMR009011,2021-12-01,0,0,0,0,0
MMR009012,2021-12-01,1,0,1,0,0
MMR009013,2021-12-01,0,0,0,0,0
MMR009014,2021-12-01,0,0,0,0,0
MMR009015,2021-12-01,2,0,1,1,0
MMR009016,2021-12-01,0,0,0,0,0
MMR009017,2021-12-01,0,0,0,0,0
MMR009018,2021-12-01,8,1,4,3,11
MMR009019,2021-12-01,17,4,8,5,23
MMR009020,2021-12-01,24,7,13,4,55
MMR009021,2021-12-01,12,4,4,4,33
MMR009022,2021-12-01,2,0,0,2,0
MMR009023,2021-12-01,21,5,14,2,81
MMR009024,2021-12-01,1,1,0,0,0
MMR009025,2021-12-01,8,8,0,0,23
MMR010001,2021-12-01,3,0,2,1,5
MMR010002,2021-12-01,9,0,5,4,6
MMR010003,2021-12-01,6,1,2,3,6
MMR010004,2021-12-01,7,1,3,3,6
MMR010005,2021-12-01,5,1,2,2,4
MMR010006,2021-12-01,3,0,3,0,0
MMR010007,2021-12-01,2,0,1,1,4
MMR010008,2021-12-01,1,0,0,1,2
MMR010009,2021-12-01,6,2,1,3,6
MMR010010,2021-12-01,0,0,0,0,0
MMR010011,2021-12-01,3,1,0,2,4
MMR010012,2021-12-01,0,0,0,0,0
MMR010013,2021-12-01,3,0,3,0,6
MMR010014,2021-12-01,4,1,2,1,13
MMR010015,2021-12-01,0,0,0,0,0
MMR010016,2021-12-01,1,0,0,1,1
MMR010017,2021-12-01,7,0,5,2,28
MMR010018,2021-12-01,3,1,1,1,7
MMR010019,2021-12-01,6,0,5,1,43
MMR010020,2021-12-01,2,0,2,0,0
MMR010021,2021-12-01,0,0,0,0,0
MMR010022,2021-12-01,0,0,0,0,0
MMR010023,2021-12-01,0,0,0,0,0
MMR010024,2021-12-01,0,0,0,0,0
MMR010028,2021-12-01,3,1,1,1,6
MMR010029,2021-12-01,3,0,2,1,0
MMR010030,2021-12-01,0,0,0,0,0
MMR010031,2021-12-01,1,1,0,0,2
MMR011001,2021-12-01,0,0,0,0,0
MMR011002,2021-12-01,0,0,0,0,0
MMR011003,2021-12-01,0,0,0,0,0
MMR011004,2021-12-01,3,1,1,1,4
MMR011005,2021-12-01,0,0,0,0,0
MMR011006,2021-12-01,10,7,3,0,20
MMR011007,2021-12-01,23,7,15,1,37
MMR011008,2021-12-01,0,0,0,0,0
MMR011009,2021-12-01,5,1,3,1,16
MMR011010,2021-12-01,6,2,3,1,12
MMR012001,2021-12-01,0,0,0,0,0
MMR012002,2021-12-01,0,0,0,0,0
MMR012003,2021-12-01,0,0,0,0,0
MMR012004,2021-12-01,0,0,0,0,0
MMR012005,2021-12-01,1,0,0,1,0
MMR012006,2021-12-01,0,0,0,0,0
MMR012007,2021-12-01,0,0,0,0,0
MMR012008,2021-12-01,0,0,0,0,0
MMR012009,2021-12-01,2,0,1,1,1
MMR012010,2021-12-01,0,0,0,0,0
MMR012011,2021-12-01,0,0,0,0,0
MMR012012,2021-12-01,0,0,0,0,0
MMR012013,2021-12-01,0,0,0,0,0
MMR012014,2021-12-01,0,0,0,0,0
MMR012015,2021-12-01,0,0,0,0,0
MMR012016,2021-12-01,0,0,0,0,0
MMR012017,2021-12-01,0,0,0,0,0
MMR013001,2021-12-01,5,0,3,2,0
MMR013002,2021-12-01,4,1,2,1,1
MMR013003,2021-12-01,3,0,3,0,0
MMR013004,2021-12-01,1,1,0,0,2
MMR013005,2021-12-01,5,1,3,1,9
MMR013006,2021-12-01,1,1,0,0,0
MMR013007,2021-12-01,2,0,1,1,1
MMR013009,2021-12-01,1,0,1,0,0
MMR013010,2021-12-01,1,0,1,0,0
MMR013011,2021-12-01,1,0,1,0,0
MMR013012,2021-12-01,7,1,4,2,3
MMR013013,2021-12-01,5,0,4,1,1
MMR013014,2021-12-01,1,0,0,1,0
MMR013015,2021-12-01,1,0,0,1,1
MMR013016,2021-12-01,0,0,0,0,0
MMR013017,2021-12-01,0,0,0,0,0
MMR013018,2021-12-01,8,1,5,2,0
MMR013019,2021-12-01,3,1,1,1,1
MMR013020,2021-12-01,7,0,6,1,10
MMR013021,2021-12-01,7,0,5,2,3
MMR013022,2021-12-01,1,0,0,1,1
MMR013023,2021-12-01,5,2,3,0,1
MMR013024,2021-12-01,0,0,0,0,0
MMR013025,2021-12-01,1,0,1,0,2
MMR013026,2021-12-01,5,0,4,1,6
MMR013027,2021-12-01,4,1,1,2,2
MMR013028,2021-12-01,3,1,0,2,7
MMR013029,2021-12-01,1,0,1,0,4
MMR013030,2021-12-01,0,0,0,0,0
MMR013031,2021-12-01,0,0,0,0,0
MMR013032,2021-12-01,0,0,0,0,0
MMR013033,2021-12-01,1,0,1,0,0
MMR013034,2021-12-01,0,0,0,0,0
MMR013035,2021-12-01,2,0,1,1,1
MMR013036,2021-12-01,1,0,0,1,1
MMR013037,2021-12-01,0,0,0,0,0
MMR013038,2021-12-01,4,0,4,0,0
MMR013039,2021-12-01,7,1,4,2,1
MMR013040,2021-12-01,7,1,4,2,3
MMR013041,2021-12-01,0,0,0,0,0
MMR013042,2021-12-01,4,0,4,0,0
MMR013043,2021-12-01,0,0,0,0,0
MMR013044,2021-12-01,1,0,1,0,0
MMR013046,2021-12-01,10,1,7,2,3
MMR013047,2021-12-01,0,0,0,0,0
MMR014001,2021-12-01,1,0,1,0,0
MMR014002,2021-12-01,0,0,0,0,0
MMR014003,2021-12-01,0,0,0,0,0
MMR014004,2021-12-01,0,0,0,0,0
MMR014005,2021-12-01,1,0,1,0,0
MMR014006,2021-12-01,0,0,0,0,0
MMR014007,2021-12-01,2,0,0,2,1
MMR014008,2021-12-01,0,0,0,0,0
MMR014009,2021-12-01,1,0,0,1,1
MMR014010,2021-12-01,4,1,2,1,0
MMR014011,2021-12-01,0,0,0,0,0
MMR014012,2021-12-01,0,0,0,0,0
MMR014013,2021-12-01,0,0,0,0,0
MMR014014,2021-12-01,1,0,0,1,0
MMR014015,2021-12-01,2,2,0,0,0
MMR014016,2021-12-01,5,2,0,3,1
MMR014017,2021-12-01,0,0,0,0,0
MMR014018,2021-12-01,0,0,0,0,0
MMR014019,2021-12-01,0,0,0,0,0
MMR014020,2021-12-01,0,0,0,0,0
MMR014021,2021-12-01,0,0,0,0,0
MMR015001,2021-12-01,6,3,2,1,1
MMR015002,2021-12-01,6,6,0,0,3
MMR015003,2021-12-01,0,0,0,0,0
MMR015004,2021-12-01,1,0,0,1,0
MMR015005,2021-12-01,0,0,0,0,0
MMR015006,2021-12-01,0,0,0,0,0
MMR015007,2021-12-01,0,0,0,0,0
MMR015008,2021-12-01,0,0,0,0,0
MMR015009,2021-12-01,27,22,5,0,113
MMR015010,2021-12-01,2,0,1,1,0
MMR015011,2021-12-01,11,9,1,1,1
MMR015012,2021-12-01,3,0,3,0,2
MMR015013,2021-12-01,0,0,0,0,0
MMR015014,2021-12-01,1,0,0,1,1
MMR015015,2021-12-01,0,0,0,0,0
MMR015016,2021-12-01,0,0,0,0,0
MMR015017,2021-12-01,0,0,0,0,0
MMR015018,2021-12-01,0,0,0,0,0
MMR015019,2021-12-01,0,0,0,0,0
MMR015020,2021-12-01,0,0,0,0,0
MMR015021,2021-12-01,0,0,0,0,0
MMR015022,2021-12-01,0,0,0,0,0
MMR015023,2021-12-01,0,0,0,0,0
MMR015024,2021-12-01,0,0,0,0,0
MMR016001,2021-12-01,0,0,0,0,0
MMR016002,2021-12-01,0,0,0,0,0
MMR016003,2021-12-01,0,0,0,0,0
MMR016005,2021-12-01,0,0,0,0,0
MMR016006,2021-12-01,0,0,0,0,0
MMR016007,2021-12-01,0,0,0,0,0
MMR016008,2021-12-01,0,0,0,0,0
MMR016009,2021-12-01,0,0,0,0,0
MMR016010,2021-12-01,0,0,0,0,0
MMR016011,2021-12-01,0,0,0,0,0
MMR017001,2021-12-01,2,0,0,2,1
MMR017002,2021-12-01,0,0,0,0,0
MMR017003,2021-12-01,2,0,0,2,2
MMR017004,2021-12-01,1,1,0,0,1
MMR017005,2021-12-01,2,0,2,0,0
MMR017006,2021-12-01,0,0,0,0,0
MMR017007,2021-12-01,1,0,1,0,0
MMR017008,2021-12-01,0,0,0,0,0
MMR017009,2021-12-01,0,0,0,0,0
MMR017010,2021-12-01,0,0,0,0,0
MMR017011,2021-12-01,0,0,0,0,0
MMR017012,2021-12-01,0,0,0,0,0
MMR017013,2021-12-01,1,0,0,1,0
MMR017014,2021-12-01,3,0,1,2,0
MMR017015,2021-12-01,0,0,0,0,0
MMR017016,2021-12-01,0,0,0,0,0
MMR017017,2021-12-01,1,0,0,1,1
MMR017018,2021-12-01,2,1,0,1,1
MMR017019,2021-12-01,2,1,0,1,0
MMR017020,2021-12-01,0,0,0,0,0
MMR017021,2021-12-01,3,0,0,3,1
MMR017022,2021-12-01,0,0,0,0,0
MMR017023,2021-12-01,0,0,0,0,0
MMR017024,2021-12-01,0,0,0,0,0
MMR017025,2021-12-01,0,0,0,0,0
MMR017026,2021-12-01,0,0,0,0,0
MMR018001,2021-12-01,0,0,0,0,0
MMR018002,2021-12-01,0,0,0,0,0
MMR018003,2021-12-01,0,0,0,0,0
MMR018004,2021-12-01,0,0,0,0,0
MMR018005,2021-12-01,0,0,0,0,0
MMR018006,2021-12-01,1,0,1,0,12
MMR018007,2021-12-01,1,0,0,1,1
MMR018008,2021-12-01,0,0,0,0,0
MMR001001,2022-01-01,5,1,4,0,0
MMR001002,2022-01-01,2,1,0,1,0
MMR001003,2022-01-01,0,0,0,0,0
MMR001004,2022-01-01,0,0,0,0,0
MMR001005,2022-01-01,0,0,0,0,0
MMR001006,2022-01-01,0,0,0,0,0
MMR001007,2022-01-01,3,0,3,0,14
MMR001008,2022-01-01,1,0,1,0,0
MMR001009,2022-01-01,5,3,0,2,3
MMR001010,2022-01-01,3,3,0,0,55
MMR001011,2022-01-01,5,4,0,1,36
MMR001012,2022-01-01,0,0,0,0,0
MMR001013,2022-01-01,4,3,1,0,0
MMR001014,2022-01-01,1,1,0,0,0
MMR001015,2022-01-01,1,1,0,0,0
MMR001016,2022-01-01,0,0,0,0,0
MMR001017,2022-01-01,0,0,0,0,0
MMR001018,2022-01-01,0,0,0,0,0
MMR002001,2022-01-01,43,25,12,6,130
MMR002002,2022-01-01,22,13,7,2,72
MMR002003,2022-01-01,2,1,1,0,3
MMR002004,2022-01-01,3,2,1,0,16
MMR002005,2022-01-01,1,1,0,0,5
MMR002006,2022-01-01,0,0,0,0,0
MMR002007,2022-01-01,0,0,0,0,0
MMR003001,2022-01-01,8,0,7,1,4
MMR003002,2022-01-01,1,0,1,0,0
MMR003003,2022-01-01,21,12,9,0,32
MMR003004,2022-01-01,5,3,2,0,22
MMR003005,2022-01-01,19,13,5,1,44
MMR003006,2022-01-01,14,5,7,2,39
MMR003007,2022-01-01,2,1,0,1,3
MMR004001,2022-01-01,16,11,3,2,91
MMR004002,2022-01-01,0,0,0,0,0
MMR004003,2022-01-01,7,4,2,1,7
MMR004004,2022-01-01,14,10,2,2,73
MMR004005,2022-01-01,2,2,0,0,12
MMR004006,2022-01-01,12,4,7,1,11
MMR004007,2022-01-01,34,29,4,1,70
MMR004008,2022-01-01,4,3,0,1,8
MMR004009,2022-01-01,0,0,0,0,0
MMR005001,2022-01-01,5,0,4,1,2
MMR005002,2022-01-01,5,0,3,2,24
MMR005003,2022-01-01,9,0,7,2,23
MMR005004,2022-01-01,22,8,7,7,40
MMR005005,2022-01-01,20,4,3,13,36
MMR005006,2022-01-01,15,3,6,6,65
MMR005007,2022-01-01,9,0,4,5,9
MMR005008,2022-01-01,2,2,0,0,3
MMR005009,2022-01-01,20,8,9,3,50
MMR005010,2022-01-01,12,2,9,1,10
MMR005011,2022-01-01,19,3,7,9,46
MMR005012,2022-01-01,31,9,12,10,41
MMR005013,2022-01-01,6,2,3,1,54
MMR005014,2022-01-01,15,3,7,5,46
MMR005015,2022-01-01,3,2,1,0,4
MMR005016,2022-01-01,18,9,6,3,19
MMR005017,2022-01-01,18,9,5,4,87
MMR005018,2022-01-01,2,1,1,0,5
MMR005019,2022-01-01,9,6,1,2,33
MMR005020,2022-01-01,19,12,6,1,63
MMR005021,2022-01-01,7,2,5,0,36
MMR005022,2022-01-01,36,13,21,2,43
MMR005023,2022-01-01,0,0,0,0,0
MMR005024,2022-01-01,3,1,1,1,0
MMR005025,2022-01-01,0,0,0,0,0
MMR005026,2022-01-01,3,2,0,1,14
MMR005027,2022-01-01,23,9,6,8,47
MMR005028,2022-01-01,0,0,0,0,0
MMR005029,2022-01-01,12,2,3,7,17
MMR005030,2022-01-01,5,3,2,0,21
MMR005031,2022-01-01,0,0,0,0,0
MMR005032,2022-01-01,1,1,0,0,0
MMR005033,2022-01-01,1,0,1,0,0
MMR005034,2022-01-01,3,1,2,0,7
MMR005035,2022-01-01,0,0,0,0,0
MMR005036,2022-01-01,0,0,0,0,0
MMR005037,2022-01-01,0,0,0,0,0
MMR006001,2022-01-01,8,6,2,0,3
MMR006002,2022-01-01,4,2,0,2,1
MMR006003,2022-01-01,6,3,1,2,9
MMR006004,2022-01-01,8,3,3,2,4
MMR006005,2022-01-01,0,0,0,0,0
MMR006006,2022-01-01,1,1,0,0,2
MMR006007,2022-01-01,7,4,2,1,11
MMR006008,2022-01-01,5,3,0,2,2
MMR006009,2022-01-01,0,0,0,0,0
MMR006010,2022-01-01,0,0,0,0,0
MMR007001,2022-01-01,3,0,1,2,1
MMR007002,2022-01-01,0,0,0,0,0
MMR007003,2022-01-01,0,0,0,0,0
MMR007004,2022-01-01,1,0,1,0,0
MMR007005,2022-01-01,0,0,0,0,0
MMR007006,2022-01-01,0,0,0,0,0
MMR007007,2022-01-01,0,0,0,0,0
MMR007008,2022-01-01,0,0,0,0,0
MMR007009,2022-01-01,0,0,0,0,0
MMR007010,2022-01-01,0,0,0,0,0
MMR007011,2022-01-01,1,0,1,0,0
MMR007012,2022-01-01,0,0,0,0,0
MMR007013,2022-01-01,0,0,0,0,0
MMR007014,2022-01-01,0,0,0,0,0
MMR008001,2022-01-01,2,0,2,0,1
MMR008002,2022-01-01,0,0,0,0,0
MMR008003,2022-01-01,0,0,0,0,0
MMR008004,2022-01-01,2,1,1,0,4
MMR008005,2022-01-01,0,0,0,0,0
MMR008006,2022-01-01,0,0,0,0,0
MMR008007,2022-01-01,0,0,0,0,0
MMR008008,2022-01-01,0,0,0,0,0
MMR008009,2022-01-01,0,0,0,0,0
MMR008010,2022-01-01,0,0,0,0,0
MMR008011,2022-01-01,1,0,1,0,0
MMR008012,2022-01-01,3,1,0,2,3
MMR008013,2022-01-01,0,0,0,0,0
MMR008014,2022-01-01,0,0,0,0,0
MMR009001,2022-01-01,0,0,0,0,0
MMR009002,2022-01-01,0,0,0,0,0
MMR009003,2022-01-01,0,0,0,0,0
MMR009004,2022-01-01,0,0,0,0,0
MMR009005,2022-01-01,0,0,0,0,0
MMR009006,2022-01-01,1,0,0,1,1
MMR009007,2022-01-01,2,0,2,0,1
MMR009008,2022-01-01,2,0,2,0,0
MMR009009,2022-01-01,3,0,3,0,0
MMR009010,2022-01-01,1,0,1,0,3
MMR009011,2022-01-01,1,1,0,0,6
MMR009012,2022-01-01,1,0,0,1,0
MMR009013,2022-01-01,1,0,1,0,0
MMR009014,2022-01-01,3,2,1,0,14
MMR009015,2022-01-01,9,1,8,0,2
MMR009016,2022-01-01,0,0,0,0,0
MMR009017,2022-01-01,0,0,0,0,0
MMR009018,2022-01-01,10,4,4,2,7
MMR009019,2022-01-01,17,7,4,6,20
MMR009020,2022-01-01,19,2,11,6,35
MMR009021,2022-01-01,12,3,2,7,28
MMR009022,2022-01-01,0,0,0,0,0
MMR009023,2022-01-01,6,3,1,2,7
MMR009024,2022-01-01,0,0,0,0,0
MMR009025,2022-01-01,7,2,3,2,25
MMR010001,2022-01-01,8,4,4,0,1
MMR010002,2022-01-01,9,0,6,3,6
MMR010003,2022-01-01,5,1,4,0,2
MMR010004,2022-01-01,7,0,4,3,2
MMR010005,2022-01-01,11,0,9,2,11
MMR010006,2022-01-01,3,0,2,1,1
MMR010007,2022-01-01,1,0,1,0,0
MMR010008,2022-01-01,0,0,0,0,0
MMR010009,2022-01-01,12,2,7,3,17
MMR010010,2022-01-01,0,0,0,0,0
MMR010011,2022-01-01,1,0,0,1,0
MMR010012,2022-01-01,3,0,2,1,3
MMR010013,2022-01-01,1,0,1,0,1
MMR010014,2022-01-01,4,0,2,2,3
MMR010015,2022-01-01,0,0,0,0,0
MMR010016,2022-01-01,4,1,2,1,21
MMR010017,2022-01-01,6,1,1,4,4
MMR010018,2022-01-01,2,1,1,0,0
MMR010019,2022-01-01,1,0,0,1,4
MMR010020,2022-01-01,0,0,0,0,0
MMR010021,2022-01-01,0,0,0,0,0
MMR010022,2022-01-01,2,1,0,1,2
MMR010023,2022-01-01,0,0,0,0,0
MMR010024,2022-01-01,0,0,0,0,0
MMR010028,2022-01-01,0,0,0,0,0
MMR010029,2022-01-01,2,0,1,1,1
MMR010030,2022-01-01,0,0,0,0,0
MMR010031,2022-01-01,0,0,0,0,0
MMR011001,2022-01-01,0,0,0,0,0
MMR011002,2022-01-01,3,0,2,1,1
MMR011003,2022-01-01,1,1,0,0,0
MMR011004,2022-01-01,2,0,1,1,1
MMR011005,2022-01-01,0,0,0,0,0
MMR011006,2022-01-01,16,6,9,1,32
MMR011007,2022-01-01,4,2,2,0,16
MMR011008,2022-01-01,1,0,1,0,0
MMR011009,2022-01-01,13,5,5,3,14
MMR011010,2022-01-01,5,0,3,2,4
MMR012001,2022-01-01,0,0,0,0,0
MMR012002,2022-01-01,0,0,0,0,0
MMR012003,2022-01-01,1,0,1,0,0
MMR012004,2022-01-01,0,0,0,0,0
MMR012005,2022-01-01,0,0,0,0,0
MMR012006,2022-01-01,0,0,0,0,0
MMR012007,2022-01-01,0,0,0,0,0
MMR012008,2022-01-01,1,0,0,1,0
MMR012009,2022-01-01,2,1,0,1,0
MMR012010,2022-01-01,1,0,0,1,0
MMR012011,2022-01-01,0,0,0,0,0
MMR012012,2022-01-01,0,0,0,0,0
MMR012013,2022-01-01,0,0,0,0,0
MMR012014,2022-01-01,0,0,0,0,0
MMR012015,2022-01-01,0,0,0,0,0
MMR012016,2022-01-01,0,0,0,0,0
MMR012017,2022-01-01,0,0,0,0,0
MMR013001,2022-01-01,5,0,3,2,2
MMR013002,2022-01-01,4,0,2,2,3
MMR013003,2022-01-01,2,1,1,0,0
MMR013004,2022-01-01,0,0,0,0,0
MMR013005,2022-01-01,3,1,1,1,5
MMR013006,2022-01-01,1,0,1,0,0
MMR013007,2022-01-01,2,1,1,0,2
MMR013009,2022-01-01,3,0,2,1,1
MMR013010,2022-01-01,0,0,0,0,0
MMR013011,2022-01-01,1,0,1,0,0
MMR013012,2022-01-01,9,1,8,0,0
MMR013013,2022-01-01,8,2,4,2,4
MMR013014,2022-01-01,3,0,2,1,2
MMR013015,2022-01-01,4,0,3,1,4
MMR013016,2022-01-01,0,0,0,0,0
MMR013017,2022-01-01,0,0,0,0,0
MMR013018,2022-01-01,5,1,3,1,1
MMR013019,2022-01-01,3,1,2,0,1
MMR013020,2022-01-01,4,0,4,0,1
MMR013021,2022-01-01,2,0,0,2,1
MMR013022,2022-01-01,2,0,1,1,1
MMR013023,2022-01-01,5,0,4,1,0
MMR013024,2022-01-01,0,0,0,0,0
MMR013025,2022-01-01,2,0,2,0,0
MMR013026,2022-01-01,1,0,1,0,0
MMR013027,2022-01-01,2,1,1,0,0
MMR013028,2022-01-01,0,0,0,0,0
MMR013029,2022-01-01,0,0,0,0,0
MMR013030,2022-01-01,0,0,0,0,0
MMR013031,2022-01-01,1,0,1,0,0
MMR013032,2022-01-01,0,0,0,0,0
MMR013033,2022-01-01,2,0,2,0,0
MMR013034,2022-01-01,1,0,1,0,0
MMR013035,2022-01-01,2,0,2,0,0
MMR013036,2022-01-01,0,0,0,0,0
MMR013037,2022-01-01,2,0,2,0,0
MMR013038,2022-01-01,1,0,0,1,1
MMR013039,2022-01-01,3,0,1,2,0
MMR013040,2022-01-01,7,0,6,1,1
MMR013041,2022-01-01,1,0,0,1,1
MMR013042,2022-01-01,4,0,3,1,1
MMR013043,2022-01-01,0,0,0,0,0
MMR013044,2022-01-01,0,0,0,0,0
MMR013046,2022-01-01,8,1,6,1,3
MMR013047,2022-01-01,0,0,0,0,0
MMR014001,2022-01-01,1,0,1,0,0
MMR014002,2022-01-01,0,0,0,0,0
MMR014003,2022-01-01,0,0,0,0,0
MMR014004,2022-01-01,1,0,1,0,2
MMR014005,2022-01-01,2,1,0,1,1
MMR014006,2022-01-01,1,0,0,1,0
MMR014007,2022-01-01,1,0,0,1,1
MMR014008,2022-01-01,0,0,0,0,0
MMR014009,2022-01-01,0,0,0,0,0
MMR014010,2022-01-01,6,2,4,0,10
MMR014011,2022-01-01,0,0,0,0,0
MMR014012,2022-01-01,0,0,0,0,0
MMR014013,2022-01-01,0,0,0,0,0
MMR014014,2022-01-01,0,0,0,0,0
MMR014015,2022-01-01,1,0,0,1,1
MMR014016,2022-01-01,10,3,5,2,1
MMR014017,2022-01-01,2,0,0,2,1
MMR014018,2022-01-01,0,0,0,0,0
MMR014019,2022-01-01,0,0,0,0,0
MMR014020,2022-01-01,0,0,0,0,0
MMR014021,2022-01-01,0,0,0,0,0
MMR015001,2022-01-01,1,0,1,0,0
MMR015002,2022-01-01,2,2,0,0,2
MMR015003,2022-01-01,0,0,0,0,0
MMR015004,2022-01-01,0,0,0,0,0
MMR015005,2022-01-01,0,0,0,0,0
MMR015006,2022-01-01,0,0,0,0,0
MMR015007,2022-01-01,0,0,0,0,0
MMR015008,2022-01-01,0,0,0,0,0
MMR015009,2022-01-01,20,17,1,2,2
MMR015010,2022-01-01,10,3,3,4,11
MMR015011,2022-01-01,6,4,2,0,1
MMR015012,2022-01-01,7,5,1,1,0
MMR015013,2022-01-01,0,0,0,0,0
MMR015014,2022-01-01,4,3,0,1,0
MMR015015,2022-01-01,1,0,1,0,1
MMR015016,2022-01-01,0,0,0,0,0
MMR015017,2022-01-01,0,0,0,0,0
MMR015018,2022-01-01,0,0,0,0,0
MMR015019,2022-01-01,0,0,0,0,0
MMR015020,2022-01-01,0,0,0,0,0
MMR015021,2022-01-01,0,0,0,0,0
MMR015022,2022-01-01,0,0,0,0,0
MMR015023,2022-01-01,0,0,0,0,0
MMR015024,2022-01-01,0,0,0,0,0
MMR016001,2022-01-01,0,0,0,0,0
MMR016002,2022-01-01,0,0,0,0,0
MMR016003,2022-01-01,0,0,0,0,0
MMR016005,2022-01-01,0,0,0,0,0
MMR016006,2022-01-01,0,0,0,0,0
MMR016007,2022-01-01,0,0,0,0,0
MMR016008,2022-01-01,0,0,0,0,0
MMR016009,2022-01-01,3,0,3,0,0
MMR016010,2022-01-01,0,0,0,0,0
MMR016011,2022-01-01,0,0,0,0,0
MMR017001,2022-01-01,1,0,1,0,0
MMR017002,2022-01-01,0,0,0,0,0
MMR017003,2022-01-01,0,0,0,0,0
MMR017004,2022-01-01,0,0,0,0,0
MMR017005,2022-01-01,1,0,1,0,0
MMR017006,2022-01-01,1,0,0,1,0
MMR017007,2022-01-01,1,0,1,0,0
MMR017008,2022-01-01,0,0,0,0,0
MMR017009,2022-01-01,2,0,1,1,1
MMR017010,2022-01-01,0,0,0,0,0
MMR017011,2022-01-01,1,0,1,0,0
MMR017012,2022-01-01,3,0,2,1,1
MMR017013,2022-01-01,1,0,0,1,1
MMR017014,2022-01-01,0,0,0,0,0
MMR017015,2022-01-01,0,0,0,0,0
MMR017016,2022-01-01,0,0,0,0,0
MMR017017,2022-01-01,1,1,0,0,0
MMR017018,2022-01-01,0,0,0,0,0
MMR017019,2022-01-01,1,0,1,0,0
MMR017020,2022-01-01,0,0,0,0,0
MMR017021,2022-01-01,0,0,0,0,0
MMR017022,2022-01-01,0,0,0,0,0
MMR017023,2022-01-01,1,0,1,0,0
MMR017024,2022-01-01,3,0,3,0,0
MMR017025,2022-01-01,1,0,0,1,1
MMR017026,2022-01-01,1,0,1,0,0
MMR018001,2022-01-01,0,0,0,0,0
MMR018002,2022-01-01,0,0,0,0,0
MMR018003,2022-01-01,2,0,1,1,1
MMR018004,2022-01-01,0,0,0,0,0
MMR018005,2022-01-01,0,0,0,0,0
MMR018006,2022-01-01,0,0,0,0,0
MMR018007,2022-01-01,0,0,0,0,0
MMR018008,2022-01-01,0,0,0,0,0
MMR001001,2022-02-01,7,0,5,2,2
MMR001002,2022-02-01,0,0,0,0,0
MMR001003,2022-02-01,0,0,0,0,0
MMR001004,2022-02-01,2,1,1,0,0
MMR001005,2022-02-01,0,0,0,0,0
MMR001006,2022-02-01,0,0,0,0,0
MMR001007,2022-02-01,3,2,0,1,3
MMR001008,2022-02-01,0,0,0,0,0
MMR001009,2022-02-01,12,5,6,1,5
MMR001010,2022-02-01,4,2,2,0,0
MMR001011,2022-02-01,2,2,0,0,0
MMR001012,2022-02-01,4,2,1,1,2
MMR001013,2022-02-01,1,1,0,0,0
MMR001014,2022-02-01,19,13,5,1,16
MMR001015,2022-02-01,4,3,0,1,4
MMR001016,2022-02-01,0,0,0,0,0
MMR001017,2022-02-01,0,0,0,0,0
MMR001018,2022-02-01,0,0,0,0,0
MMR002001,2022-02-01,10,9,0,1,22
MMR002002,2022-02-01,23,10,11,2,77
MMR002003,2022-02-01,2,1,1,0,2
MMR002004,2022-02-01,0,0,0,0,0
MMR002005,2022-02-01,0,0,0,0,0
MMR002006,2022-02-01,0,0,0,0,0
MMR002007,2022-02-01,0,0,0,0,0
MMR003001,2022-02-01,6,5,1,0,24
MMR003002,2022-02-01,2,0,1,1,0
MMR003003,2022-02-01,12,2,7,3,14
MMR003004,2022-02-01,0,0,0,0,0
MMR003005,2022-02-01,7,4,3,0,17
MMR003006,2022-02-01,5,3,2,0,1
MMR003007,2022-02-01,2,0,2,0,0
MMR004001,2022-02-01,6,2,2,2,19
MMR004002,2022-02-01,1,0,1,0,0
MMR004003,2022-02-01,1,1,0,0,5
MMR004004,2022-02-01,3,1,2,0,13
MMR004005,2022-02-01,0,0,0,0,0
MMR004006,2022-02-01,9,7,2,0,20
MMR004007,2022-02-01,5,3,2,0,6
MMR004008,2022-02-01,6,6,0,0,36
MMR004009,2022-02-01,2,1,1,0,3
MMR005001,2022-02-01,5,2,2,1,5
MMR005002,2022-02-01,11,4,3,4,21
MMR005003,2022-02-01,0,0,0,0,0
MMR005004,2022-02-01,20,2,16,2,52
MMR005005,2022-02-01,9,5,3,1,32
MMR005006,2022-02-01,3,0,1,2,10
MMR005007,2022-02-01,12,2,4,6,51
MMR005008,2022-02-01,1,0,1,0,5
MMR005009,2022-02-01,15,3,8,4,22
MMR005010,2022-02-01,5,1,3,1,13
MMR005011,2022-02-01,9,1,2,6,70
MMR005012,2022-02-01,12,4,5,3,10
MMR005013,2022-02-01,7,3,3,1,1
MMR005014,2022-02-01,5,1,2,2,11
MMR005015,2022-02-01,4,3,0,1,22
MMR005016,2022-02-01,28,11,14,3,59
MMR005017,2022-02-01,15,6,4,5,63
MMR005018,2022-02-01,4,1,2,1,37
MMR005019,2022-02-01,11,9,1,1,72
MMR005020,2022-02-01,7,3,3,1,23
MMR005021,2022-02-01,0,0,0,0,0
MMR005022,2022-02-01,8,5,2,1,41
MMR005023,2022-02-01,0,0,0,0,0
MMR005024,2022-02-01,8,2,4,2,36
MMR005025,2022-02-01,0,0,0,0,0
MMR005026,2022-02-01,1,0,1,0,1
MMR005027,2022-02-01,30,15,9,6,120
MMR005028,2022-02-01,0,0,0,0,0
MMR005029,2022-02-01,10,6,2,2,63
MMR005030,2022-02-01,5,3,2,0,19
MMR005031,2022-02-01,0,0,0,0,0
MMR005032,2022-02-01,1,0,1,0,0
MMR005033,2022-02-01,0,0,0,0,0
MMR005034,2022-02-01,0,0,0,0,0
MMR005035,2022-02-01,0,0,0,0,0
MMR005036,2022-02-01,0,0,0,0,0
MMR005037,2022-02-01,0,0,0,0,0
MMR006001,2022-02-01,3,1,0,2,6
MMR006002,2022-02-01,4,2,0,2,8
MMR006003,2022-02-01,1,1,0,0,0
MMR006004,2022-02-01,4,4,0,0,5
MMR006005,2022-02-01,0,0,0,0,0
MMR006006,2022-02-01,1,1,0,0,0
MMR006007,2022-02-01,3,2,1,0,6
MMR006008,2022-02-01,6,5,1,0,5
MMR006009,2022-02-01,0,0,0,0,0
MMR006010,2022-02-01,0,0,0,0,0
MMR007001,2022-02-01,1,0,0,1,2
MMR007002,2022-02-01,0,0,0,0,0
MMR007003,2022-02-01,2,1,1,0,0
MMR007004,2022-02-01,2,0,2,0,3
MMR007005,2022-02-01,0,0,0,0,0
MMR007006,2022-02-01,0,0,0,0,0
MMR007007,2022-02-01,1,0,1,0,1
MMR007008,2022-02-01,0,0,0,0,0
MMR007009,2022-02-01,3,1,2,0,1
MMR007010,2022-02-01,1,1,0,0,3
MMR007011,2022-02-01,0,0,0,0,0
MMR007012,2022-02-01,0,0,0,0,0
MMR007013,2022-02-01,0,0,0,0,0
MMR007014,2022-02-01,0,0,0,0,0
MMR008001,2022-02-01,3,0,3,0,4
MMR008002,2022-02-01,0,0,0,0,0
MMR008003,2022-02-01,0,0,0,0,0
MMR008004,2022-02-01,4,1,2,1,3
MMR008005,2022-02-01,3,1,0,2,7
MMR008006,2022-02-01,0,0,0,0,0
MMR008007,2022-02-01,0,0,0,0,0
MMR008008,2022-02-01,0,0,0,0,0
MMR008009,2022-02-01,0,0,0,0,0
MMR008010,2022-02-01,2,0,2,0,0
MMR008011,2022-02-01,0,0,0,0,0
MMR008012,2022-02-01,4,1,1,2,13
MMR008013,2022-02-01,0,0,0,0,0
MMR008014,2022-02-01,3,2,0,1,7
MMR009001,2022-02-01,1,0,0,1,1
MMR009002,2022-02-01,0,0,0,0,0
MMR009003,2022-02-01,1,0,0,1,0
MMR009004,2022-02-01,2,1,0,1,1
MMR009005,2022-02-01,0,0,0,0,0
MMR009006,2022-02-01,2,1,1,0,2
MMR009007,2022-02-01,1,0,1,0,0
MMR009008,2022-02-01,3,0,3,0,0
MMR009009,2022-02-01,0,0,0,0,0
MMR009010,2022-02-01,0,0,0,0,0
MMR009011,2022-02-01,1,1,0,0,0
MMR009012,2022-02-01,0,0,0,0,0
MMR009013,2022-02-01,0,0,0,0,0
MMR009014,2022-02-01,0,0,0,0,0
MMR009015,2022-02-01,0,0,0,0,0
MMR009016,2022-02-01,0,0,0,0,0
MMR009017,2022-02-01,0,0,0,0,0
MMR009018,2022-02-01,8,2,2,4,17
MMR009019,2022-02-01,6,4,2,0,12
MMR009020,2022-02-01,4,2,1,1,10
MMR009021,2022-02-01,5,3,0,2,9
MMR009022,2022-02-01,1,1,0,0,7
MMR009023,2022-02-01,12,7,2,3,23
MMR009024,2022-02-01,0,0,0,0,0
MMR009025,2022-02-01,19,14,4,1,63
MMR010001,2022-02-01,9,0,8,1,5
MMR010002,2022-02-01,2,0,1,1,0
MMR010003,2022-02-01,5,0,3,2,1
MMR010004,2022-02-01,5,1,3,1,0
MMR010005,2022-02-01,7,0,5,2,7
MMR010006,2022-02-01,4,1,2,1,5
MMR010007,2022-02-01,3,0,3,0,1
MMR010008,2022-02-01,1,1,0,0,28
MMR010009,2022-02-01,8,2,6,0,7
MMR010010,2022-02-01,1,1,0,0,2
MMR010011,2022-02-01,1,1,0,0,0
MMR010012,2022-02-01,1,0,1,0,0
MMR010013,2022-02-01,6,0,4,2,3
MMR010014,2022-02-01,2,0,2,0,0
MMR010015,2022-02-01,1,0,1,0,0
MMR010016,2022-02-01,3,3,0,0,8
MMR010017,2022-02-01,5,1,2,2,5
MMR010018,2022-02-01,1,0,1,0,1
MMR010019,2022-02-01,8,3,4,1,16
MMR010020,2022-02-01,0,0,0,0,0
MMR010021,2022-02-01,2,0,1,1,3
MMR010022,2022-02-01,0,0,0,0,0
MMR010023,2022-02-01,0,0,0,0,0
MMR010024,2022-02-01,0,0,0,0,0
MMR010028,2022-02-01,1,0,0,1,1
MMR010029,2022-02-01,2,0,0,2,2
MMR010030,2022-02-01,0,0,0,0,0
MMR010031,2022-02-01,0,0,0,0,0
MMR011001,2022-02-01,1,0,1,0,0
MMR011002,2022-02-01,0,0,0,0,0
MMR011003,2022-02-01,0,0,0,0,0
MMR011004,2022-02-01,0,0,0,0,0
MMR011005,2022-02-01,0,0,0,0,0
MMR011006,2022-02-01,9,2,5,2,2
MMR011007,2022-02-01,7,3,3,1,10
MMR011008,2022-02-01,1,1,0,0,1
MMR011009,2022-02-01,3,1,2,0,6
MMR011010,2022-02-01,2,2,0,0,5
MMR012001,2022-02-01,1,0,0,1,0
MMR012002,2022-02-01,0,0,0,0,0
MMR012003,2022-02-01,1,0,1,0,0
MMR012004,2022-02-01,0,0,0,0,0
MMR012005,2022-02-01,1,0,1,0,1
MMR012006,2022-02-01,0,0,0,0,0
MMR012007,2022-02-01,0,0,0,0,0
MMR012008,2022-02-01,0,0,0,0,0
MMR012009,2022-02-01,8,7,1,0,32
MMR012010,2022-02-01,2,2,0,0,0
MMR012011,2022-02-01,0,0,0,0,0
MMR012012,2022-02-01,0,0,0,0,0
MMR012013,2022-02-01,0,0,0,0,0
MMR012014,2022-02-01,0,0,0,0,0
MMR012015,2022-02-01,0,0,0,0,0
MMR012016,2022-02-01,0,0,0,0,0
MMR012017,2022-02-01,0,0,0,0,0
MMR013001,2022-02-01,3,1,2,0,3
MMR013002,2022-02-01,5,0,4,1,1
MMR013003,2022-02-01,2,0,2,0,0
MMR013004,2022-02-01,0,0,0,0,0
MMR013005,2022-02-01,0,0,0,0,0
MMR013006,2022-02-01,0,0,0,0,0
MMR013007,2022-02-01,4,1,2,1,20
MMR013009,2022-02-01,3,0,1,2,5
MMR013010,2022-02-01,1,0,1,0,0
MMR013011,2022-02-01,3,1,1,1,0
MMR013012,2022-02-01,8,0,6,2,0
MMR013013,2022-02-01,4,0,3,1,1
MMR013014,2022-02-01,4,0,4,0,0
MMR013015,2022-02-01,3,0,3,0,0
MMR013016,2022-02-01,0,0,0,0,0
MMR013017,2022-02-01,0,0,0,0,0
MMR013018,2022-02-01,7,0,6,1,0
MMR013019,2022-02-01,8,2,3,3,13
MMR013020,2022-02-01,1,0,1,0,0
MMR013021,2022-02-01,0,0,0,0,0
MMR013022,2022-02-01,0,0,0,0,0
MMR013023,2022-02-01,2,0,1,1,1
MMR013024,2022-02-01,3,0,1,2,0
MMR013025,2022-02-01,0,0,0,0,0
MMR013026,2022-02-01,5,3,2,0,15
MMR013027,2022-02-01,4,0,3,1,1
MMR013028,2022-02-01,0,0,0,0,0
MMR013029,2022-02-01,0,0,0,0,0
MMR013030,2022-02-01,0,0,0,0,0
MMR013031,2022-02-01,0,0,0,0,0
MMR013032,2022-02-01,0,0,0,0,0
MMR013033,2022-02-01,1,0,1,0,0
MMR013034,2022-02-01,0,0,0,0,0
MMR013035,2022-02-01,0,0,0,0,0
MMR013036,2022-02-01,0,0,0,0,0
MMR013037,2022-02-01,1,0,1,0,0
MMR013038,2022-02-01,3,0,2,1,1
MMR013039,2022-02-01,0,0,0,0,0
MMR013040,2022-02-01,1,0,1,0,2
MMR013041,2022-02-01,1,0,0,1,1
MMR013042,2022-02-01,5,0,3,2,7
MMR013043,2022-02-01,0,0,0,0,0
MMR013044,2022-02-01,2,0,2,0,0
MMR013046,2022-02-01,10,0,9,1,1
MMR013047,2022-02-01,0,0,0,0,0
MMR014001,2022-02-01,2,0,2,0,0
MMR014002,2022-02-01,0,0,0,0,0
MMR014003,2022-02-01,1,1,0,0,0
MMR014004,2022-02-01,0,0,0,0,0
MMR014005,2022-02-01,0,0,0,0,0
MMR014006,2022-02-01,3,0,1,2,2
MMR014007,2022-02-01,4,0,3,1,1
MMR014008,2022-02-01,5,3,2,0,0
MMR014009,2022-02-01,0,0,0,0,0
MMR014010,2022-02-01,18,9,6,3,113
MMR014011,2022-02-01,0,0,0,0,0
MMR014012,2022-02-01,0,0,0,0,0
MMR014013,2022-02-01,0,0,0,0,0
MMR014014,2022-02-01,0,0,0,0,0
MMR014015,2022-02-01,0,0,0,0,0
MMR014016,2022-02-01,0,0,0,0,0
MMR014017,2022-02-01,0,0,0,0,0
MMR014018,2022-02-01,0,0,0,0,0
MMR014019,2022-02-01,0,0,0,0,0
MMR014020,2022-02-01,1,1,0,0,0
MMR014021,2022-02-01,0,0,0,0,0
MMR015001,2022-02-01,9,5,2,2,6
MMR015002,2022-02-01,1,1,0,0,9
MMR015003,2022-02-01,0,0,0,0,0
MMR015004,2022-02-01,0,0,0,0,0
MMR015005,2022-02-01,0,0,0,0,0
MMR015006,2022-02-01,0,0,0,0,0
MMR015007,2022-02-01,0,0,0,0,0
MMR015008,2022-02-01,0,0,0,0,0
MMR015009,2022-02-01,8,5,0,3,4
MMR015010,2022-02-01,1,1,0,0,0
MMR015011,2022-02-01,3,1,0,2,1
MMR015012,2022-02-01,5,0,4,1,3
MMR015013,2022-02-01,1,1,0,0,1
MMR015014,2022-02-01,4,0,3,1,1
MMR015015,2022-02-01,1,0,0,1,0
MMR015016,2022-02-01,0,0,0,0,0
MMR015017,2022-02-01,2,0,0,2,2
MMR015018,2022-02-01,0,0,0,0,0
MMR015019,2022-02-01,0,0,0,0,0
MMR015020,2022-02-01,0,0,0,0,0
MMR015021,2022-02-01,0,0,0,0,0
MMR015022,2022-02-01,1,1,0,0,3
MMR015023,2022-02-01,0,0,0,0,0
MMR015024,2022-02-01,0,0,0,0,0
MMR016001,2022-02-01,0,0,0,0,0
MMR016002,2022-02-01,0,0,0,0,0
MMR016003,2022-02-01,0,0,0,0,0
MMR016005,2022-02-01,0,0,0,0,0
MMR016006,2022-02-01,0,0,0,0,0
MMR016007,2022-02-01,0,0,0,0,0
MMR016008,2022-02-01,0,0,0,0,0
MMR016009,2022-02-01,0,0,0,0,0
MMR016010,2022-02-01,0,0,0,0,0
MMR016011,2022-02-01,0,0,0,0,0
MMR017001,2022-02-01,2,0,0,2,0
MMR017002,2022-02-01,0,0,0,0,0
MMR017003,2022-02-01,0,0,0,0,0
MMR017004,2022-02-01,0,0,0,0,0
MMR017005,2022-02-01,3,0,3,0,0
MMR017006,2022-02-01,0,0,0,0,0
MMR017007,2022-02-01,0,0,0,0,0
MMR017008,2022-02-01,1,0,1,0,0
MMR017009,2022-02-01,0,0,0,0,0
MMR017010,2022-02-01,0,0,0,0,0
MMR017011,2022-02-01,0,0,0,0,0
MMR017012,2022-02-01,0,0,0,0,0
MMR017013,2022-02-01,0,0,0,0,0
MMR017014,2022-02-01,0,0,0,0,0
MMR017015,2022-02-01,0,0,0,0,0
MMR017016,2022-02-01,2,0,2,0,0
MMR017017,2022-02-01,0,0,0,0,0
MMR017018,2022-02-01,0,0,0,0,0
MMR017019,2022-02-01,2,1,1,0,2
MMR017020,2022-02-01,0,0,0,0,0
MMR017021,2022-02-01,1,0,0,1,0
MMR017022,2022-02-01,0,0,0,0,0
MMR017023,2022-02-01,2,0,2,0,0
MMR017024,2022-02-01,1,0,1,0,0
MMR017025,2022-02-01,2,0,1,1,2
MMR017026,2022-02-01,0,0,0,0,0
MMR018001,2022-02-01,0,0,0,0,0
MMR018002,2022-02-01,2,0,2,0,2
MMR018003,2022-02-01,2,0,2,0,0
MMR018004,2022-02-01,0,0,0,0,0
MMR018005,2022-02-01,0,0,0,0,0
MMR018006,2022-02-01,3,0,3,0,4
MMR018007,2022-02-01,0,0,0,0,0
MMR018008,2022-02-01,0,0,0,0,0
MMR001001,2022-03-01,5,1,3,1,3
MMR001002,2022-03-01,1,0,1,0,0
MMR001003,2022-03-01,0,0,0,0,0
MMR001004,2022-03-01,2,1,1,0,5
MMR001005,2022-03-01,0,0,0,0,0
MMR001006,2022-03-01,0,0,0,0,0
MMR001007,2022-03-01,11,6,3,2,89
MMR001008,2022-03-01,1,1,0,0,7
MMR001009,2022-03-01,3,0,2,1,1
MMR001010,2022-03-01,4,0,4,0,2
MMR001011,2022-03-01,4,3,1,0,5
MMR001012,2022-03-01,1,0,0,1,1
MMR001013,2022-03-01,4,3,1,0,0
MMR001014,2022-03-01,5,3,1,1,2
MMR001015,2022-03-01,0,0,0,0,0
MMR001016,2022-03-01,0,0,0,0,0
MMR001017,2022-03-01,0,0,0,0,0
MMR001018,2022-03-01,0,0,0,0,0
MMR002001,2022-03-01,13,8,4,1,18
MMR002002,2022-03-01,43,23,18,2,149
MMR002003,2022-03-01,8,8,0,0,32
MMR002004,2022-03-01,1,1,0,0,0
MMR002005,2022-03-01,3,1,0,2,10
MMR002006,2022-03-01,0,0,0,0,0
MMR002007,2022-03-01,0,0,0,0,0
MMR003001,2022-03-01,3,0,3,0,0
MMR003002,2022-03-01,0,0,0,0,0
MMR003003,2022-03-01,14,10,4,0,22
MMR003004,2022-03-01,8,3,4,1,9
MMR003005,2022-03-01,31,20,9,2,107
MMR003006,2022-03-01,30,18,10,2,41
MMR003007,2022-03-01,6,5,1,0,11
MMR004001,2022-03-01,11,7,3,1,70
MMR004002,2022-03-01,4,1,2,1,1
MMR004003,2022-03-01,0,0,0,0,0
MMR004004,2022-03-01,1,1,0,0,1
MMR004005,2022-03-01,1,1,0,0,3
MMR004006,2022-03-01,6,6,0,0,25
MMR004007,2022-03-01,8,3,4,1,29
MMR004008,2022-03-01,10,9,1,0,31
MMR004009,2022-03-01,1,1,0,0,1
MMR005001,2022-03-01,4,1,3,0,3
MMR005002,2022-03-01,3,1,2,0,9
MMR005003,2022-03-01,6,1,5,0,22
MMR005004,2022-03-01,10,0,9,1,17
MMR005005,2022-03-01,16,6,7,3,29
MMR005006,2022-03-01,9,4,4,1,13
MMR005007,2022-03-01,10,1,3,6,18
MMR005008,2022-03-01,8,4,2,2,5
MMR005009,2022-03-01,8,3,4,1,14
MMR005010,2022-03-01,11,5,4,2,42
MMR005011,2022-03-01,6,3,1,2,39
MMR005012,2022-03-01,14,2,9,3,12
MMR005013,2022-03-01,8,2,5,1,6
MMR005014,2022-03-01,5,0,3,2,10
MMR005015,2022-03-01,8,2,4,2,47
MMR005016,2022-03-01,31,9,12,10,88
MMR005017,2022-03-01,3,3,0,0,3
MMR005018,2022-03-01,5,3,2,0,28
MMR005019,2022-03-01,15,10,5,0,49
MMR005020,2022-03-01,14,6,8,0,57
MMR005021,2022-03-01,3,3,0,0,23
MMR005022,2022-03-01,8,1,6,1,36
MMR005023,2022-03-01,0,0,0,0,0
MMR005024,2022-03-01,1,0,0,1,1
MMR005025,2022-03-01,0,0,0,0,0
MMR005026,2022-03-01,2,1,0,1,2
MMR005027,2022-03-01,28,14,9,5,50
MMR005028,2022-03-01,0,0,0,0,0
MMR005029,2022-03-01,15,7,3,5,61
MMR005030,2022-03-01,3,2,1,0,4
MMR005031,2022-03-01,1,1,0,0,4
MMR005032,2022-03-01,3,2,1,0,38
MMR005033,2022-03-01,0,0,0,0,0
MMR005034,2022-03-01,0,0,0,0,0
MMR005035,2022-03-01,0,0,0,0,0
MMR005036,2022-03-01,0,0,0,0,0
MMR005037,2022-03-01,0,0,0,0,0
MMR006001,2022-03-01,5,1,2,2,8
MMR006002,2022-03-01,1,1,0,0,1
MMR006003,2022-03-01,1,0,1,0,0
MMR006004,2022-03-01,5,2,2,1,1
MMR006005,2022-03-01,5,5,0,0,30
MMR006006,2022-03-01,0,0,0,0,0
MMR006007,2022-03-01,7,4,3,0,12
MMR006008,2022-03-01,5,4,1,0,8
MMR006009,2022-03-01,0,0,0,0,0
MMR006010,2022-03-01,0,0,0,0,0
MMR007001,2022-03-01,2,0,2,0,3
MMR007002,2022-03-01,0,0,0,0,0
MMR007003,2022-03-01,0,0,0,0,0
MMR007004,2022-03-01,1,0,0,1,1
MMR007005,2022-03-01,3,1,2,0,5
MMR007006,2022-03-01,0,0,0,0,0
MMR007007,2022-03-01,1,0,1,0,0
MMR007008,2022-03-01,1,0,0,1,0
MMR007009,2022-03-01,1,0,1,0,0
MMR007010,2022-03-01,6,1,2,3,10
MMR007011,2022-03-01,1,0,1,0,0
MMR007012,2022-03-01,0,0,0,0,0
MMR007013,2022-03-01,0,0,0,0,0
MMR007014,2022-03-01,0,0,0,0,0
MMR008001,2022-03-01,1,0,0,1,1
MMR008002,2022-03-01,0,0,0,0,0
MMR008003,2022-03-01,0,0,0,0,0
MMR008004,2022-03-01,2,1,0,1,0
MMR008005,2022-03-01,0,0,0,0,0
MMR008006,2022-03-01,1,0,0,1,1
MMR008007,2022-03-01,0,0,0,0,0
MMR008008,2022-03-01,0,0,0,0,0
MMR008009,2022-03-01,1,1,0,0,1
MMR008010,2022-03-01,1,0,0,1,1
MMR008011,2022-03-01,0,0,0,0,0
MMR008012,2022-03-01,3,1,0,2,4
MMR008013,2022-03-01,0,0,0,0,0
MMR008014,2022-03-01,1,0,0,1,0
MMR009001,2022-03-01,0,0,0,0,0
MMR009002,2022-03-01,0,0,0,0,0
MMR009003,2022-03-01,0,0,0,0,0
MMR009004,2022-03-01,1,0,0,1,2
MMR009005,2022-03-01,0,0,0,0,0
MMR009006,2022-03-01,1,1,0,0,0
MMR009007,2022-03-01,1,0,1,0,0
MMR009008,2022-03-01,1,1,0,0,3
MMR009009,2022-03-01,3,0,3,0,8
MMR009010,2022-03-01,0,0,0,0,0
MMR009011,2022-03-01,1,1,0,0,5
MMR009012,2022-03-01,0,0,0,0,0
MMR009013,2022-03-01,0,0,0,0,0
MMR009014,2022-03-01,0,0,0,0,0
MMR009015,2022-03-01,1,1,0,0,1
MMR009016,2022-03-01,0,0,0,0,0
MMR009017,2022-03-01,1,1,0,0,7
MMR009018,2022-03-01,18,2,11,5,27
MMR009019,2022-03-01,12,3,5,4,18
MMR009020,2022-03-01,12,7,2,3,36
MMR009021,2022-03-01,9,4,1,4,31
MMR009022,2022-03-01,0,0,0,0,0
MMR009023,2022-03-01,17,10,3,4,30
MMR009024,2022-03-01,2,1,1,0,16
MMR009025,2022-03-01,14,11,3,0,47
MMR010001,2022-03-01,2,0,1,1,2
MMR010002,2022-03-01,3,0,3,0,0
MMR010003,2022-03-01,9,3,4,2,1
MMR010004,2022-03-01,10,3,6,1,6
MMR010005,2022-03-01,6,0,5,1,1
MMR010006,2022-03-01,6,0,2,4,1
MMR010007,2022-03-01,3,1,2,0,1
MMR010008,2022-03-01,0,0,0,0,0
MMR010009,2022-03-01,7,2,2,3,37
MMR010010,2022-03-01,1,0,0,1,2
MMR010011,2022-03-01,6,1,2,3,5
MMR010012,2022-03-01,0,0,0,0,0
MMR010013,2022-03-01,3,1,2,0,12
MMR010014,2022-03-01,3,0,2,1,3
MMR010015,2022-03-01,0,0,0,0,0
MMR010016,2022-03-01,2,1,0,1,0
MMR010017,2022-03-01,4,2,0,2,27
MMR010018,2022-03-01,5,1,1,3,8
MMR010019,2022-03-01,8,2,3,3,25
MMR010020,2022-03-01,2,0,1,1,2
MMR010021,2022-03-01,2,1,1,0,2
MMR010022,2022-03-01,0,0,0,0,0
MMR010023,2022-03-01,0,0,0,0,0
MMR010024,2022-03-01,0,0,0,0,0
MMR010028,2022-03-01,1,0,0,1,0
MMR010029,2022-03-01,1,0,1,0,0
MMR010030,2022-03-01,0,0,0,0,0
MMR010031,2022-03-01,0,0,0,0,0
MMR011001,2022-03-01,0,0,0,0,0
MMR011002,2022-03-01,2,2,0,0,2
MMR011003,2022-03-01,0,0,0,0,0
MMR011004,2022-03-01,0,0,0,0,0
MMR011005,2022-03-01,0,0,0,0,0
MMR011006,2022-03-01,11,4,3,4,11
MMR011007,2022-03-01,8,3,4,1,11
MMR011008,2022-03-01,0,0,0,0,0
MMR011009,2022-03-01,8,5,3,0,24
MMR011010,2022-03-01,5,1,3,1,2
MMR012001,2022-03-01,0,0,0,0,0
MMR012002,2022-03-01,0,0,0,0,0
MMR012003,2022-03-01,1,0,0,1,1
MMR012004,2022-03-01,0,0,0,0,0
MMR012005,2022-03-01,0,0,0,0,0
MMR012006,2022-03-01,0,0,0,0,0
MMR012007,2022-03-01,1,0,0,1,0
MMR012008,2022-03-01,0,0,0,0,0
MMR012009,2022-03-01,2,1,0,1,1
MMR012010,2022-03-01,1,0,1,0,1
MMR012011,2022-03-01,0,0,0,0,0
MMR012012,2022-03-01,0,0,0,0,0
MMR012013,2022-03-01,0,0,0,0,0
MMR012014,2022-03-01,0,0,0,0,0
MMR012015,2022-03-01,0,0,0,0,0
MMR012016,2022-03-01,0,0,0,0,0
MMR012017,2022-03-01,0,0,0,0,0
MMR013001,2022-03-01,3,0,3,0,0
MMR013002,2022-03-01,2,0,1,1,0
MMR013003,2022-03-01,3,1,2,0,2
MMR013004,2022-03-01,0,0,0,0,0
MMR013005,2022-03-01,0,0,0,0,0
MMR013006,2022-03-01,0,0,0,0,0
MMR013007,2022-03-01,5,1,4,0,0
MMR013009,2022-03-01,1,0,1,0,0
MMR013010,2022-03-01,0,0,0,0,0
MMR013011,2022-03-01,0,0,0,0,0
MMR013012,2022-03-01,3,0,2,1,1
MMR013013,2022-03-01,1,0,1,0,0
MMR013014,2022-03-01,0,0,0,0,0
MMR013015,2022-03-01,0,0,0,0,0
MMR013016,2022-03-01,0,0,0,0,0
MMR013017,2022-03-01,2,0,1,1,0
MMR013018,2022-03-01,1,1,0,0,1
MMR013019,2022-03-01,3,0,3,0,0
MMR013020,2022-03-01,0,0,0,0,0
MMR013021,2022-03-01,2,0,1,1,2
MMR013022,2022-03-01,1,0,1,0,0
MMR013023,2022-03-01,5,1,1,3,3
MMR013024,2022-03-01,1,0,1,0,1
MMR013025,2022-03-01,2,0,1,1,2
MMR013026,2022-03-01,3,1,2,0,1
MMR013027,2022-03-01,0,0,0,0,0
MMR013028,2022-03-01,2,0,1,1,1
MMR013029,2022-03-01,0,0,0,0,0
MMR013030,2022-03-01,2,0,1,1,3
MMR013031,2022-03-01,1,0,1,0,0
MMR013032,2022-03-01,0,0,0,0,0
MMR013033,2022-03-01,0,0,0,0,0
MMR013034,2022-03-01,0,0,0,0,0
MMR013035,2022-03-01,0,0,0,0,0
MMR013036,2022-03-01,0,0,0,0,0
MMR013037,2022-03-01,1,0,1,0,0
MMR013038,2022-03-01,3,1,2,0,1
MMR013039,2022-03-01,0,0,0,0,0
MMR013040,2022-03-01,3,0,2,1,1
MMR013041,2022-03-01,0,0,0,0,0
MMR013042,2022-03-01,2,0,2,0,1
MMR013043,2022-03-01,0,0,0,0,0
MMR013044,2022-03-01,2,0,1,1,0
MMR013046,2022-03-01,5,0,4,1,1
MMR013047,2022-03-01,0,0,0,0,0
MMR014001,2022-03-01,3,0,2,1,0
MMR014002,2022-03-01,0,0,0,0,0
MMR014003,2022-03-01,0,0,0,0,0
MMR014004,2022-03-01,0,0,0,0,0
MMR014005,2022-03-01,4,0,3,1,1
MMR014006,2022-03-01,2,0,1,1,1
MMR014007,2022-03-01,5,0,1,4,3
MMR014008,2022-03-01,2,0,2,0,1
MMR014009,2022-03-01,0,0,0,0,0
MMR014010,2022-03-01,8,6,1,1,27
MMR014011,2022-03-01,1,0,1,0,1
MMR014012,2022-03-01,0,0,0,0,0
MMR014013,2022-03-01,0,0,0,0,0
MMR014014,2022-03-01,0,0,0,0,0
MMR014015,2022-03-01,0,0,0,0,0
MMR014016,2022-03-01,2,0,1,1,4
MMR014017,2022-03-01,0,0,0,0,0
MMR014018,2022-03-01,0,0,0,0,0
MMR014019,2022-03-01,1,0,0,1,1
MMR014020,2022-03-01,0,0,0,0,0
MMR014021,2022-03-01,0,0,0,0,0
MMR015001,2022-03-01,1,0,1,0,3
MMR015002,2022-03-01,1,0,1,0,0
MMR015003,2022-03-01,0,0,0,0,0
MMR015004,2022-03-01,0,0,0,0,0
MMR015005,2022-03-01,0,0,0,0,0
MMR015006,2022-03-01,0,0,0,0,0
MMR015007,2022-03-01,0,0,0,0,0
MMR015008,2022-03-01,0,0,0,0,0
MMR015009,2022-03-01,9,7,0,2,11
MMR015010,2022-03-01,1,0,0,1,0
MMR015011,2022-03-01,2,1,0,1,2
MMR015012,2022-03-01,5,0,3,2,3
MMR015013,2022-03-01,5,3,2,0,51
MMR015014,2022-03-01,4,1,3,0,7
MMR015015,2022-03-01,2,1,0,1,0
MMR015016,2022-03-01,0,0,0,0,0
MMR015017,2022-03-01,0,0,0,0,0
MMR015018,2022-03-01,0,0,0,0,0
MMR015019,2022-03-01,0,0,0,0,0
MMR015020,2022-03-01,0,0,0,0,0
MMR015021,2022-03-01,0,0,0,0,0
MMR015022,2022-03-01,0,0,0,0,0
MMR015023,2022-03-01,0,0,0,0,0
MMR015024,2022-03-01,0,0,0,0,0
MMR016001,2022-03-01,0,0,0,0,0
MMR016002,2022-03-01,0,0,0,0,0
MMR016003,2022-03-01,0,0,0,0,0
MMR016005,2022-03-01,0,0,0,0,0
MMR016006,2022-03-01,0,0,0,0,0
MMR016007,2022-03-01,0,0,0,0,0
MMR016008,2022-03-01,0,0,0,0,0
MMR016009,2022-03-01,0,0,0,0,0
MMR016010,2022-03-01,0,0,0,0,0
MMR016011,2022-03-01,0,0,0,0,0
MMR017001,2022-03-01,0,0,0,0,0
MMR017002,2022-03-01,2,0,1,1,0
MMR017003,2022-03-01,0,0,0,0,0
MMR017004,2022-03-01,0,0,0,0,0
MMR017005,2022-03-01,0,0,0,0,0
MMR017006,2022-03-01,0,0,0,0,0
MMR017007,2022-03-01,0,0,0,0,0
MMR017008,2022-03-01,1,0,0,1,1
MMR017009,2022-03-01,5,0,3,2,2
MMR017010,2022-03-01,0,0,0,0,0
MMR017011,2022-03-01,0,0,0,0,0
MMR017012,2022-03-01,0,0,0,0,0
MMR017013,2022-03-01,1,1,0,0,1
MMR017014,2022-03-01,0,0,0,0,0
MMR017015,2022-03-01,0,0,0,0,0
MMR017016,2022-03-01,2,0,1,1,1
MMR017017,2022-03-01,0,0,0,0,0
MMR017018,2022-03-01,0,0,0,0,0
MMR017019,2022-03-01,1,0,0,1,1
MMR017020,2022-03-01,0,0,0,0,0
MMR017021,2022-03-01,0,0,0,0,0
MMR017022,2022-03-01,0,0,0,0,0
MMR017023,2022-03-01,2,0,2,0,0
MMR017024,2022-03-01,0,0,0,0,0
MMR017025,2022-03-01,1,0,1,0,0
MMR017026,2022-03-01,0,0,0,0,0
MMR018001,2022-03-01,0,0,0,0,0
MMR018002,2022-03-01,0,0,0,0,0
MMR018003,2022-03-01,1,0,1,0,0
MMR018004,2022-03-01,0,0,0,0,0
MMR018005,2022-03-01,0,0,0,0,0
MMR018006,2022-03-01,0,0,0,0,0
MMR018007,2022-03-01,0,0,0,0,0
MMR018008,2022-03-01,0,0,0,0,0
MMR001001,2022-04-01,8,2,4,2,2
MMR001002,2022-04-01,0,0,0,0,0
MMR001003,2022-04-01,0,0,0,0,0
MMR001004,2022-04-01,1,1,0,0,0
MMR001005,2022-04-01,1,1,0,0,2
MMR001006,2022-04-01,3,3,0,0,5
MMR001007,2022-04-01,3,1,2,0,0
MMR001008,2022-04-01,1,0,1,0,0
MMR001009,2022-04-01,7,3,2,2,2
MMR001010,2022-04-01,2,0,1,1,0
MMR001011,2022-04-01,6,6,0,0,3
MMR001012,2022-04-01,1,1,0,0,20
MMR001013,2022-04-01,4,3,1,0,4
MMR001014,2022-04-01,1,1,0,0,0
MMR001015,2022-04-01,0,0,0,0,0
MMR001016,2022-04-01,0,0,0,0,0
MMR001017,2022-04-01,0,0,0,0,0
MMR001018,2022-04-01,0,0,0,0,0
MMR002001,2022-04-01,16,6,7,3,8
MMR002002,2022-04-01,24,10,12,2,21
MMR002003,2022-04-01,21,14,5,2,47
MMR002004,2022-04-01,0,0,0,0,0
MMR002005,2022-04-01,0,0,0,0,0
MMR002006,2022-04-01,0,0,0,0,0
MMR002007,2022-04-01,0,0,0,0,0
MMR003001,2022-04-01,6,1,3,2,6
MMR003002,2022-04-01,0,0,0,0,0
MMR003003,2022-04-01,19,8,11,0,32
MMR003004,2022-04-01,4,1,2,1,5
MMR003005,2022-04-01,23,15,6,2,79
MMR003006,2022-04-01,9,7,1,1,14
MMR003007,2022-04-01,11,6,3,2,7
MMR004001,2022-04-01,0,0,0,0,0
MMR004002,2022-04-01,6,6,0,0,57
MMR004003,2022-04-01,1,1,0,0,1
MMR004004,2022-04-01,3,1,0,2,4
MMR004005,2022-04-01,0,0,0,0,0
MMR004006,2022-04-01,3,2,1,0,54
MMR004007,2022-04-01,15,9,4,2,60
MMR004008,2022-04-01,2,2,0,0,1
MMR004009,2022-04-01,2,2,0,0,7
MMR005001,2022-04-01,13,4,4,5,69
MMR005002,2022-04-01,12,3,8,1,38
MMR005003,2022-04-01,3,0,3,0,0
MMR005004,2022-04-01,17,7,8,2,28
MMR005005,2022-04-01,20,6,9,5,43
MMR005006,2022-04-01,5,2,2,1,12
MMR005007,2022-04-01,2,0,2,0,0
MMR005008,2022-04-01,1,0,0,1,0
MMR005009,2022-04-01,3,3,0,0,8
MMR005010,2022-04-01,11,0,5,6,9
MMR005011,2022-04-01,10,2,8,0,49
MMR005012,2022-04-01,29,8,16,5,55
MMR005013,2022-04-01,5,3,1,1,28
MMR005014,2022-04-01,10,6,1,3,28
MMR005015,2022-04-01,10,4,5,1,63
MMR005016,2022-04-01,14,5,7,2,46
MMR005017,2022-04-01,7,2,4,1,18
MMR005018,2022-04-01,3,2,1,0,13
MMR005019,2022-04-01,13,10,2,1,51
MMR005020,2022-04-01,4,1,2,1,19
MMR005021,2022-04-01,4,3,0,1,9
MMR005022,2022-04-01,3,0,3,0,6
MMR005023,2022-04-01,1,1,0,0,3
MMR005024,2022-04-01,3,2,1,0,32
MMR005025,2022-04-01,3,2,0,1,19
MMR005026,2022-04-01,4,3,0,1,9
MMR005027,2022-04-01,50,22,16,12,127
MMR005028,2022-04-01,0,0,0,0,0
MMR005029,2022-04-01,15,8,6,1,75
MMR005030,2022-04-01,10,8,0,2,37
MMR005031,2022-04-01,1,0,1,0,0
MMR005032,2022-04-01,4,3,0,1,22
MMR005033,2022-04-01,1,1,0,0,2
MMR005034,2022-04-01,3,1,1,1,2
MMR005035,2022-04-01,0,0,0,0,0
MMR005036,2022-04-01,0,0,0,0,0
MMR005037,2022-04-01,0,0,0,0,0
MMR006001,2022-04-01,6,3,1,2,3
MMR006002,2022-04-01,11,2,2,7,7
MMR006003,2022-04-01,7,4,1,2,16
MMR006004,2022-04-01,4,1,2,1,1
MMR006005,2022-04-01,6,2,1,3,10
MMR006006,2022-04-01,0,0,0,0,0
MMR006007,2022-04-01,12,3,5,4,39
MMR006008,2022-04-01,4,3,0,1,7
MMR006009,2022-04-01,0,0,0,0,0
MMR006010,2022-04-01,1,1,0,0,1
MMR007001,2022-04-01,1,0,1,0,0
MMR007002,2022-04-01,0,0,0,0,0
MMR007003,2022-04-01,1,1,0,0,1
MMR007004,2022-04-01,0,0,0,0,0
MMR007005,2022-04-01,0,0,0,0,0
MMR007006,2022-04-01,0,0,0,0,0
MMR007007,2022-04-01,1,0,1,0,0
MMR007008,2022-04-01,0,0,0,0,0
MMR007009,2022-04-01,3,1,2,0,16
MMR007010,2022-04-01,1,1,0,0,4
MMR007011,2022-04-01,0,0,0,0,0
MMR007012,2022-04-01,0,0,0,0,0
MMR007013,2022-04-01,0,0,0,0,0
MMR007014,2022-04-01,1,1,0,0,1
MMR008001,2022-04-01,0,0,0,0,0
MMR008002,2022-04-01,0,0,0,0,0
MMR008003,2022-04-01,0,0,0,0,0
MMR008004,2022-04-01,5,4,1,0,10
MMR008005,2022-04-01,0,0,0,0,0
MMR008006,2022-04-01,1,1,0,0,0
MMR008007,2022-04-01,1,0,1,0,0
MMR008008,2022-04-01,0,0,0,0,0
MMR008009,2022-04-01,0,0,0,0,0
MMR008010,2022-04-01,0,0,0,0,0
MMR008011,2022-04-01,0,0,0,0,0
MMR008012,2022-04-01,2,1,1,0,9
MMR008013,2022-04-01,0,0,0,0,0
MMR008014,2022-04-01,1,0,0,1,2
MMR009001,2022-04-01,3,0,1,2,2
MMR009002,2022-04-01,0,0,0,0,0
MMR009003,2022-04-01,0,0,0,0,0
MMR009004,2022-04-01,1,0,0,1,2
MMR009005,2022-04-01,1,1,0,0,1
MMR009006,2022-04-01,4,2,1,1,2
MMR009007,2022-04-01,0,0,0,0,0
MMR009008,2022-04-01,1,0,1,0,0
MMR009009,2022-04-01,4,3,1,0,40
MMR009010,2022-04-01,1,0,1,0,3
MMR009011,2022-04-01,2,0,2,0,2
MMR009012,2022-04-01,0,0,0,0,0
MMR009013,2022-04-01,0,0,0,0,0
MMR009014,2022-04-01,4,0,4,0,0
MMR009015,2022-04-01,1,0,0,1,2
MMR009016,2022-04-01,0,0,0,0,0
MMR009017,2022-04-01,0,0,0,0,0
MMR009018,2022-04-01,23,6,6,11,51
MMR009019,2022-04-01,23,5,9,9,58
MMR009020,2022-04-01,12,7,5,0,41
MMR009021,2022-04-01,23,18,3,2,85
MMR009022,2022-04-01,2,0,1,1,2
MMR009023,2022-04-01,11,6,2,3,31
MMR009024,2022-04-01,14,12,2,0,86
MMR009025,2022-04-01,4,3,1,0,0
MMR010001,2022-04-01,7,0,2,5,4
MMR010002,2022-04-01,12,2,5,5,7
MMR010003,2022-04-01,10,1,2,7,9
MMR010004,2022-04-01,1,1,0,0,0
MMR010005,2022-04-01,1,0,0,1,2
MMR010006,2022-04-01,1,0,1,0,0
MMR010007,2022-04-01,6,1,3,2,2
MMR010008,2022-04-01,2,0,2,0,5
MMR010009,2022-04-01,6,0,3,3,31
MMR010010,2022-04-01,2,0,0,2,2
MMR010011,2022-04-01,1,0,0,1,2
MMR010012,2022-04-01,1,0,1,0,2
MMR010013,2022-04-01,7,3,2,2,17
MMR010014,2022-04-01,3,1,1,1,7
MMR010015,2022-04-01,0,0,0,0,0
MMR010016,2022-04-01,1,0,1,0,0
MMR010017,2022-04-01,6,2,2,2,7
MMR010018,2022-04-01,5,2,2,1,1
MMR010019,2022-04-01,7,1,6,0,11
MMR010020,2022-04-01,2,0,1,1,2
MMR010021,2022-04-01,1,0,1,0,0
MMR010022,2022-04-01,1,0,1,0,0
MMR010023,2022-04-01,0,0,0,0,0
MMR010024,2022-04-01,0,0,0,0,0
MMR010028,2022-04-01,1,0,1,0,0
MMR010029,2022-04-01,1,0,1,0,0
MMR010030,2022-04-01,0,0,0,0,0
MMR010031,2022-04-01,1,0,0,1,1
MMR011001,2022-04-01,1,0,1,0,0
MMR011002,2022-04-01,1,1,0,0,5
MMR011003,2022-04-01,1,0,0,1,2
MMR011004,2022-04-01,1,0,1,0,2
MMR011005,2022-04-01,0,0,0,0,0
MMR011006,2022-04-01,12,7,3,2,44
MMR011007,2022-04-01,4,2,1,1,7
MMR011008,2022-04-01,0,0,0,0,0
MMR011009,2022-04-01,2,1,0,1,6
MMR011010,2022-04-01,10,7,2,1,3
MMR012001,2022-04-01,0,0,0,0,0
MMR012002,2022-04-01,0,0,0,0,0
MMR012003,2022-04-01,0,0,0,0,0
MMR012004,2022-04-01,1,0,1,0,0
MMR012005,2022-04-01,0,0,0,0,0
MMR012006,2022-04-01,1,1,0,0,0
MMR012007,2022-04-01,0,0,0,0,0
MMR012008,2022-04-01,0,0,0,0,0
MMR012009,2022-04-01,1,0,1,0,0
MMR012010,2022-04-01,0,0,0,0,0
MMR012011,2022-04-01,0,0,0,0,0
MMR012012,2022-04-01,0,0,0,0,0
MMR012013,2022-04-01,0,0,0,0,0
MMR012014,2022-04-01,0,0,0,0,0
MMR012015,2022-04-01,0,0,0,0,0
MMR012016,2022-04-01,0,0,0,0,0
MMR012017,2022-04-01,0,0,0,0,0
MMR013001,2022-04-01,4,0,2,2,2
MMR013002,2022-04-01,4,0,3,1,1
MMR013003,2022-04-01,1,0,0,1,1
MMR013004,2022-04-01,0,0,0,0,0
MMR013005,2022-04-01,0,0,0,0,0
MMR013006,2022-04-01,2,0,2,0,0
MMR013007,2022-04-01,5,0,4,1,0
MMR013009,2022-04-01,0,0,0,0,0
MMR013010,2022-04-01,0,0,0,0,0
MMR013011,2022-04-01,4,0,3,1,0
MMR013012,2022-04-01,2,0,2,0,0
MMR013013,2022-04-01,1,0,1,0,2
MMR013014,2022-04-01,0,0,0,0,0
MMR013015,2022-04-01,2,0,0,2,2
MMR013016,2022-04-01,2,0,1,1,1
MMR013017,2022-04-01,0,0,0,0,0
MMR013018,2022-04-01,4,0,1,3,3
MMR013019,2022-04-01,2,0,1,1,0
MMR013020,2022-04-01,0,0,0,0,0
MMR013021,2022-04-01,1,0,0,1,0
MMR013022,2022-04-01,0,0,0,0,0
MMR013023,2022-04-01,5,0,2,3,2
MMR013024,2022-04-01,2,0,0,2,3
MMR013025,2022-04-01,1,0,1,0,0
MMR013026,2022-04-01,3,1,1,1,11
MMR013027,2022-04-01,2,0,1,1,1
MMR013028,2022-04-01,1,1,0,0,1
MMR013029,2022-04-01,1,0,1,0,0
MMR013030,2022-04-01,1,1,0,0,0
MMR013031,2022-04-01,0,0,0,0,0
MMR013032,2022-04-01,0,0,0,0,0
MMR013033,2022-04-01,2,0,2,0,0
MMR013034,2022-04-01,1,0,1,0,0
MMR013035,2022-04-01,2,0,0,2,1
MMR013036,2022-04-01,0,0,0,0,0
MMR013037,2022-04-01,2,0,2,0,0
MMR013038,2022-04-01,1,0,0,1,0
MMR013039,2022-04-01,1,0,1,0,0
MMR013040,2022-04-01,3,0,2,1,1
MMR013041,2022-04-01,3,2,0,1,4
MMR013042,2022-04-01,2,0,2,0,0
MMR013043,2022-04-01,0,0,0,0,0
MMR013044,2022-04-01,9,0,7,2,1
MMR013046,2022-04-01,7,0,6,1,1
MMR013047,2022-04-01,1,0,0,1,0
MMR014001,2022-04-01,0,0,0,0,0
MMR014002,2022-04-01,0,0,0,0,0
MMR014003,2022-04-01,1,0,1,0,1
MMR014004,2022-04-01,0,0,0,0,0
MMR014005,2022-04-01,1,0,0,1,0
MMR014006,2022-04-01,1,1,0,0,4
MMR014007,2022-04-01,14,6,2,6,36
MMR014008,2022-04-01,0,0,0,0,0
MMR014009,2022-04-01,2,2,0,0,13
MMR014010,2022-04-01,5,2,2,1,4
MMR014011,2022-04-01,0,0,0,0,0
MMR014012,2022-04-01,0,0,0,0,0
MMR014013,2022-04-01,0,0,0,0,0
MMR014014,2022-04-01,0,0,0,0,0
MMR014015,2022-04-01,0,0,0,0,0
MMR014016,2022-04-01,4,0,1,3,1
MMR014017,2022-04-01,0,0,0,0,0
MMR014018,2022-04-01,0,0,0,0,0
MMR014019,2022-04-01,0,0,0,0,0
MMR014020,2022-04-01,0,0,0,0,0
MMR014021,2022-04-01,0,0,0,0,0
MMR015001,2022-04-01,1,0,0,1,1
MMR015002,2022-04-01,0,0,0,0,0
MMR015003,2022-04-01,0,0,0,0,0
MMR015004,2022-04-01,0,0,0,0,0
MMR015005,2022-04-01,0,0,0,0,0
MMR015006,2022-04-01,0,0,0,0,0
MMR015007,2022-04-01,0,0,0,0,0
MMR015008,2022-04-01,0,0,0,0,0
MMR015009,2022-04-01,13,5,5,3,5
MMR015010,2022-04-01,2,1,1,0,3
MMR015011,2022-04-01,5,4,0,1,6
MMR015012,2022-04-01,2,0,0,2,1
MMR015013,2022-04-01,2,1,1,0,0
MMR015014,2022-04-01,1,0,1,0,0
MMR015015,2022-04-01,1,1,0,0,0
MMR015016,2022-04-01,2,0,0,2,0
MMR015017,2022-04-01,0,0,0,0,0
MMR015018,2022-04-01,0,0,0,0,0
MMR015019,2022-04-01,0,0,0,0,0
MMR015020,2022-04-01,0,0,0,0,0
MMR015021,2022-04-01,0,0,0,0,0
MMR015022,2022-04-01,0,0,0,0,0
MMR015023,2022-04-01,0,0,0,0,0
MMR015024,2022-04-01,0,0,0,0,0
MMR016001,2022-04-01,0,0,0,0,0
MMR016002,2022-04-01,0,0,0,0,0
MMR016003,2022-04-01,0,0,0,0,0
MMR016005,2022-04-01,0,0,0,0,0
MMR016006,2022-04-01,0,0,0,0,0
MMR016007,2022-04-01,0,0,0,0,0
MMR016008,2022-04-01,1,1,0,0,6
MMR016009,2022-04-01,0,0,0,0,0
MMR016010,2022-04-01,0,0,0,0,0
MMR016011,2022-04-01,0,0,0,0,0
MMR017001,2022-04-01,4,1,2,1,2
MMR017002,2022-04-01,0,0,0,0,0
MMR017003,2022-04-01,0,0,0,0,0
MMR017004,2022-04-01,1,1,0,0,1
MMR017005,2022-04-01,0,0,0,0,0
MMR017006,2022-04-01,1,0,1,0,0
MMR017007,2022-04-01,1,0,1,0,0
MMR017008,2022-04-01,2,0,2,0,0
MMR017009,2022-04-01,0,0,0,0,0
MMR017010,2022-04-01,0,0,0,0,0
MMR017011,2022-04-01,3,0,3,0,0
MMR017012,2022-04-01,1,0,1,0,0
MMR017013,2022-04-01,0,0,0,0,0
MMR017014,2022-04-01,0,0,0,0,0
MMR017015,2022-04-01,0,0,0,0,0
MMR017016,2022-04-01,0,0,0,0,0
MMR017017,2022-04-01,0,0,0,0,0
MMR017018,2022-04-01,2,0,1,1,1
MMR017019,2022-04-01,1,0,1,0,0
MMR017020,2022-04-01,0,0,0,0,0
MMR017021,2022-04-01,0,0,0,0,0
MMR017022,2022-04-01,0,0,0,0,0
MMR017023,2022-04-01,3,0,1,2,2
MMR017024,2022-04-01,4,0,2,2,2
MMR017025,2022-04-01,1,0,1,0,0
MMR017026,2022-04-01,0,0,0,0,0
MMR018001,2022-04-01,0,0,0,0,0
MMR018002,2022-04-01,0,0,0,0,0
MMR018003,2022-04-01,1,0,1,0,0
MMR018004,2022-04-01,1,0,1,0,0
MMR018005,2022-04-01,0,0,0,0,0
MMR018006,2022-04-01,0,0,0,0,0
MMR018007,2022-04-01,1,0,0,1,3
MMR018008,2022-04-01,0,0,0,0,0
MMR001001,2022-05-01,2,1,1,0,2
MMR001002,2022-05-01,0,0,0,0,0
MMR001003,2022-05-01,0,0,0,0,0
MMR001004,2022-05-01,0,0,0,0,0
MMR001005,2022-05-01,0,0,0,0,0
MMR001006,2022-05-01,1,1,0,0,0
MMR001007,2022-05-01,5,0,4,1,12
MMR001008,2022-05-01,1,0,1,0,0
MMR001009,2022-05-01,17,6,5,6,42
MMR001010,2022-05-01,1,0,1,0,0
MMR001011,2022-05-01,2,2,0,0,3
MMR001012,2022-05-01,0,0,0,0,0
MMR001013,2022-05-01,0,0,0,0,0
MMR001014,2022-05-01,2,1,1,0,20
MMR001015,2022-05-01,3,3,0,0,0
MMR001016,2022-05-01,0,0,0,0,0
MMR001017,2022-05-01,0,0,0,0,0
MMR001018,2022-05-01,0,0,0,0,0
MMR002001,2022-05-01,7,3,3,1,7
MMR002002,2022-05-01,18,13,5,0,41
MMR002003,2022-05-01,7,6,1,0,31
MMR002004,2022-05-01,2,2,0,0,9
MMR002005,2022-05-01,7,6,1,0,17
MMR002006,2022-05-01,0,0,0,0,0
MMR002007,2022-05-01,0,0,0,0,0
MMR003001,2022-05-01,4,0,0,4,6
MMR003002,2022-05-01,0,0,0,0,0
MMR003003,2022-05-01,7,0,6,1,2
MMR003004,2022-05-01,8,6,1,1,23
MMR003005,2022-05-01,9,2,6,1,9
MMR003006,2022-05-01,5,1,4,0,0
MMR003007,2022-05-01,6,5,1,0,3
MMR004001,2022-05-01,8,4,3,1,37
MMR004002,2022-05-01,1,1,0,0,7
MMR004003,2022-05-01,2,2,0,0,12
MMR004004,2022-05-01,3,0,1,2,4
MMR004005,2022-05-01,0,0,0,0,0
MMR004006,2022-05-01,15,10,4,1,42
MMR004007,2022-05-01,2,1,0,1,0
MMR004008,2022-05-01,0,0,0,0,0
MMR004009,2022-05-01,5,2,1,2,0
MMR005001,2022-05-01,6,1,4,1,0
MMR005002,2022-05-01,19,7,9,3,75
MMR005003,2022-05-01,20,5,12,3,61
MMR005004,2022-05-01,24,7,8,9,62
MMR005005,2022-05-01,40,5,25,10,68
MMR005006,2022-05-01,8,4,2,2,14
MMR005007,2022-05-01,12,6,3,3,53
MMR005008,2022-05-01,3,0,2,1,0
MMR005009,2022-05-01,10,4,3,3,70
MMR005010,2022-05-01,2,1,1,0,3
MMR005011,2022-05-01,14,1,12,1,45
MMR005012,2022-05-01,19,4,11,4,71
MMR005013,2022-05-01,10,4,2,4,59
MMR005014,2022-05-01,15,4,2,9,29
MMR005015,2022-05-01,11,3,6,2,67
MMR005016,2022-05-01,28,15,6,7,53
MMR005017,2022-05-01,21,12,3,6,134
MMR005018,2022-05-01,8,2,4,2,5
MMR005019,2022-05-01,16,12,3,1,77
MMR005020,2022-05-01,10,7,3,0,58
MMR005021,2022-05-01,3,0,2,1,1
MMR005022,2022-05-01,13,3,5,5,69
MMR005023,2022-05-01,0,0,0,0,0
MMR005024,2022-05-01,2,2,0,0,0
MMR005025,2022-05-01,1,0,1,0,0
MMR005026,2022-05-01,0,0,0,0,0
MMR005027,2022-05-01,30,12,16,2,63
MMR005028,2022-05-01,0,0,0,0,0
MMR005029,2022-05-01,12,8,3,1,28
MMR005030,2022-05-01,2,2,0,0,3
MMR005031,2022-05-01,3,1,1,1,13
MMR005032,2022-05-01,1,1,0,0,17
MMR005033,2022-05-01,0,0,0,0,0
MMR005034,2022-05-01,1,1,0,0,2
MMR005035,2022-05-01,1,0,1,0,0
MMR005036,2022-05-01,0,0,0,0,0
MMR005037,2022-05-01,0,0,0,0,0
MMR006001,2022-05-01,18,6,5,7,52
MMR006002,2022-05-01,10,5,0,5,5
MMR006003,2022-05-01,3,2,0,1,3
MMR006004,2022-05-01,7,2,3,2,13
MMR006005,2022-05-01,4,0,1,3,0
MMR006006,2022-05-01,0,0,0,0,0
MMR006007,2022-05-01,4,2,1,1,4
MMR006008,2022-05-01,13,10,1,2,17
MMR006009,2022-05-01,1,1,0,0,0
MMR006010,2022-05-01,2,2,0,0,8
MMR007001,2022-05-01,0,0,0,0,0
MMR007002,2022-05-01,0,0,0,0,0
MMR007003,2022-05-01,0,0,0,0,0
MMR007004,2022-05-01,1,1,0,0,1
MMR007005,2022-05-01,0,0,0,0,0
MMR007006,2022-05-01,1,0,0,1,1
MMR007007,2022-05-01,0,0,0,0,0
MMR007008,2022-05-01,0,0,0,0,0
MMR007009,2022-05-01,1,1,0,0,6
MMR007010,2022-05-01,2,1,1,0,4
MMR007011,2022-05-01,2,0,1,1,0
MMR007012,2022-05-01,0,0,0,0,0
MMR007013,2022-05-01,1,1,0,0,1
MMR007014,2022-05-01,6,4,0,2,6
MMR008001,2022-05-01,0,0,0,0,0
MMR008002,2022-05-01,0,0,0,0,0
MMR008003,2022-05-01,0,0,0,0,0
MMR008004,2022-05-01,3,0,1,2,2
MMR008005,2022-05-01,0,0,0,0,0
MMR008006,2022-05-01,1,0,0,1,1
MMR008007,2022-05-01,2,0,2,0,0
MMR008008,2022-05-01,1,1,0,0,10
MMR008009,2022-05-01,1,1,0,0,6
MMR008010,2022-05-01,1,0,0,1,1
MMR008011,2022-05-01,0,0,0,0,0
MMR008012,2022-05-01,4,3,1,0,12
MMR008013,2022-05-01,1,1,0,0,0
MMR008014,2022-05-01,0,0,0,0,0
MMR009001,2022-05-01,0,0,0,0,0
MMR009002,2022-05-01,0,0,0,0,0
MMR009003,2022-05-01,0,0,0,0,0
MMR009004,2022-05-01,0,0,0,0,0
MMR009005,2022-05-01,1,0,1,0,0
MMR009006,2022-05-01,2,0,1,1,0
MMR009007,2022-05-01,2,0,1,1,1
MMR009008,2022-05-01,2,0,1,1,1
MMR009009,2022-05-01,0,0,0,0,0
MMR009010,2022-05-01,4,1,3,0,14
MMR009011,2022-05-01,0,0,0,0,0
MMR009012,2022-05-01,1,0,0,1,1
MMR009013,2022-05-01,0,0,0,0,0
MMR009014,2022-05-01,0,0,0,0,0
MMR009015,2022-05-01,2,0,2,0,2
MMR009016,2022-05-01,0,0,0,0,0
MMR009017,2022-05-01,0,0,0,0,0
MMR009018,2022-05-01,21,5,9,7,68
MMR009019,2022-05-01,22,9,4,9,62
MMR009020,2022-05-01,31,14,5,12,121
MMR009021,2022-05-01,13,2,6,5,53
MMR009022,2022-05-01,2,1,1,0,8
MMR009023,2022-05-01,5,4,1,0,14
MMR009024,2022-05-01,8,6,1,1,33
MMR009025,2022-05-01,8,3,4,1,43
MMR010001,2022-05-01,0,0,0,0,0
MMR010002,2022-05-01,4,1,1,2,3
MMR010003,2022-05-01,6,0,1,5,5
MMR010004,2022-05-01,5,1,1,3,5
MMR010005,2022-05-01,2,0,2,0,0
MMR010006,2022-05-01,3,2,0,1,1
MMR010007,2022-05-01,3,2,1,0,3
MMR010008,2022-05-01,3,1,0,2,5
MMR010009,2022-05-01,5,2,1,2,27
MMR010010,2022-05-01,6,5,1,0,29
MMR010011,2022-05-01,4,1,0,3,0
MMR010012,2022-05-01,4,2,2,0,2
MMR010013,2022-05-01,2,1,0,1,3
MMR010014,2022-05-01,0,0,0,0,0
MMR010015,2022-05-01,0,0,0,0,0
MMR010016,2022-05-01,2,0,0,2,2
MMR010017,2022-05-01,4,2,2,0,4
MMR010018,2022-05-01,2,0,2,0,7
MMR010019,2022-05-01,4,1,3,0,8
MMR010020,2022-05-01,4,1,2,1,4
MMR010021,2022-05-01,0,0,0,0,0
MMR010022,2022-05-01,1,1,0,0,3
MMR010023,2022-05-01,0,0,0,0,0
MMR010024,2022-05-01,0,0,0,0,0
MMR010028,2022-05-01,0,0,0,0,0
MMR010029,2022-05-01,0,0,0,0,0
MMR010030,2022-05-01,0,0,0,0,0
MMR010031,2022-05-01,6,2,3,1,6
MMR011001,2022-05-01,4,0,4,0,0
MMR011002,2022-05-01,2,1,1,0,0
MMR011003,2022-05-01,0,0,0,0,0
MMR011004,2022-05-01,0,0,0,0,0
MMR011005,2022-05-01,3,1,2,0,0
MMR011006,2022-05-01,6,5,1,0,9
MMR011007,2022-05-01,6,3,2,1,6
MMR011008,2022-05-01,1,0,1,0,0
MMR011009,2022-05-01,10,6,2,2,9
MMR011010,2022-05-01,12,4,6,2,14
MMR012001,2022-05-01,0,0,0,0,0
MMR012002,2022-05-01,0,0,0,0,0
MMR012003,2022-05-01,0,0,0,0,0
MMR012004,2022-05-01,3,0,2,1,1
MMR012005,2022-05-01,1,0,1,0,1
MMR012006,2022-05-01,0,0,0,0,0
MMR012007,2022-05-01,0,0,0,0,0
MMR012008,2022-05-01,0,0,0,0,0
MMR012009,2022-05-01,0,0,0,0,0
MMR012010,2022-05-01,0,0,0,0,0
MMR012011,2022-05-01,0,0,0,0,0
MMR012012,2022-05-01,0,0,0,0,0
MMR012013,2022-05-01,0,0,0,0,0
MMR012014,2022-05-01,1,0,1,0,1
MMR012015,2022-05-01,0,0,0,0,0
MMR012016,2022-05-01,0,0,0,0,0
MMR012017,2022-05-01,0,0,0,0,0
MMR013001,2022-05-01,4,0,3,1,1
MMR013002,2022-05-01,3,0,2,1,2
MMR013003,2022-05-01,0,0,0,0,0
MMR013004,2022-05-01,0,0,0,0,0
MMR013005,2022-05-01,0,0,0,0,0
MMR013006,2022-05-01,1,0,0,1,1
MMR013007,2022-05-01,2,0,1,1,2
MMR013009,2022-05-01,0,0,0,0,0
MMR013010,2022-05-01,0,0,0,0,0
MMR013011,2022-05-01,2,0,2,0,0
MMR013012,2022-05-01,2,0,2,0,0
MMR013013,2022-05-01,1,0,0,1,1
MMR013014,2022-05-01,3,1,0,2,3
MMR013015,2022-05-01,0,0,0,0,0
MMR013016,2022-05-01,1,0,1,0,0
MMR013017,2022-05-01,0,0,0,0,0
MMR013018,2022-05-01,2,0,1,1,1
MMR013019,2022-05-01,2,0,1,1,1
MMR013020,2022-05-01,0,0,0,0,0
MMR013021,2022-05-01,0,0,0,0,0
MMR013022,2022-05-01,0,0,0,0,0
MMR013023,2022-05-01,8,2,1,5,4
MMR013024,2022-05-01,0,0,0,0,0
MMR013025,2022-05-01,0,0,0,0,0
MMR013026,2022-05-01,2,1,0,1,2
MMR013027,2022-05-01,5,2,0,3,5
MMR013028,2022-05-01,7,1,0,6,5
MMR013029,2022-05-01,1,0,0,1,0
MMR013030,2022-05-01,3,1,0,2,2
MMR013031,2022-05-01,0,0,0,0,0
MMR013032,2022-05-01,0,0,0,0,0
MMR013033,2022-05-01,1,0,1,0,1
MMR013034,2022-05-01,0,0,0,0,0
MMR013035,2022-05-01,0,0,0,0,0
MMR013036,2022-05-01,0,0,0,0,0
MMR013037,2022-05-01,1,0,0,1,1
MMR013038,2022-05-01,0,0,0,0,0
MMR013039,2022-05-01,2,0,1,1,0
MMR013040,2022-05-01,1,1,0,0,0
MMR013041,2022-05-01,1,1,0,0,1
MMR013042,2022-05-01,4,1,2,1,2
MMR013043,2022-05-01,0,0,0,0,0
MMR013044,2022-05-01,0,0,0,0,0
MMR013046,2022-05-01,2,0,2,0,1
MMR013047,2022-05-01,0,0,0,0,0
MMR014001,2022-05-01,1,1,0,0,1
MMR014002,2022-05-01,4,2,0,2,18
MMR014003,2022-05-01,0,0,0,0,0
MMR014004,2022-05-01,0,0,0,0,0
MMR014005,2022-05-01,0,0,0,0,0
MMR014006,2022-05-01,2,0,1,1,1
MMR014007,2022-05-01,2,1,0,1,2
MMR014008,2022-05-01,0,0,0,0,0
MMR014009,2022-05-01,2,1,0,1,5
MMR014010,2022-05-01,23,18,4,1,55
MMR014011,2022-05-01,0,0,0,0,0
MMR014012,2022-05-01,0,0,0,0,0
MMR014013,2022-05-01,0,0,0,0,0
MMR014014,2022-05-01,0,0,0,0,0
MMR014015,2022-05-01,0,0,0,0,0
MMR014016,2022-05-01,1,0,1,0,1
MMR014017,2022-05-01,0,0,0,0,0
MMR014018,2022-05-01,0,0,0,0,0
MMR014019,2022-05-01,0,0,0,0,0
MMR014020,2022-05-01,0,0,0,0,0
MMR014021,2022-05-01,0,0,0,0,0
MMR015001,2022-05-01,1,0,0,1,0
MMR015002,2022-05-01,2,2,0,0,0
MMR015003,2022-05-01,0,0,0,0,0
MMR015004,2022-05-01,0,0,0,0,0
MMR015005,2022-05-01,0,0,0,0,0
MMR015006,2022-05-01,0,0,0,0,0
MMR015007,2022-05-01,0,0,0,0,0
MMR015008,2022-05-01,0,0,0,0,0
MMR015009,2022-05-01,8,5,1,2,33
MMR015010,2022-05-01,2,1,0,1,3
MMR015011,2022-05-01,8,4,0,4,22
MMR015012,2022-05-01,1,0,1,0,0
MMR015013,2022-05-01,2,0,1,1,1
MMR015014,2022-05-01,1,0,0,1,0
MMR015015,2022-05-01,0,0,0,0,0
MMR015016,2022-05-01,2,0,0,2,0
MMR015017,2022-05-01,0,0,0,0,0
MMR015018,2022-05-01,1,1,0,0,0
MMR015019,2022-05-01,0,0,0,0,0
MMR015020,2022-05-01,0,0,0,0,0
MMR015021,2022-05-01,0,0,0,0,0
MMR015022,2022-05-01,0,0,0,0,0
MMR015023,2022-05-01,0,0,0,0,0
MMR015024,2022-05-01,0,0,0,0,0
MMR016001,2022-05-01,0,0,0,0,0
MMR016002,2022-05-01,0,0,0,0,0
MMR016003,2022-05-01,0,0,0,0,0
MMR016005,2022-05-01,0,0,0,0,0
MMR016006,2022-05-01,0,0,0,0,0
MMR016007,2022-05-01,0,0,0,0,0
MMR016008,2022-05-01,0,0,0,0,0
MMR016009,2022-05-01,2,0,1,1,0
MMR016010,2022-05-01,0,0,0,0,0
MMR016011,2022-05-01,0,0,0,0,0
MMR017001,2022-05-01,1,0,1,0,1
MMR017002,2022-05-01,0,0,0,0,0
MMR017003,2022-05-01,0,0,0,0,0
MMR017004,2022-05-01,2,0,1,1,1
MMR017005,2022-05-01,0,0,0,0,0
MMR017006,2022-05-01,1,1,0,0,1
MMR017007,2022-05-01,0,0,0,0,0
MMR017008,2022-05-01,0,0,0,0,0
MMR017009,2022-05-01,0,0,0,0,0
MMR017010,2022-05-01,0,0,0,0,0
MMR017011,2022-05-01,2,0,1,1,0
MMR017012,2022-05-01,1,1,0,0,2
MMR017013,2022-05-01,0,0,0,0,0
MMR017014,2022-05-01,0,0,0,0,0
MMR017015,2022-05-01,0,0,0,0,0
MMR017016,2022-05-01,0,0,0,0,0
MMR017017,2022-05-01,1,0,1,0,0
MMR017018,2022-05-01,1,0,1,0,0
MMR017019,2022-05-01,2,1,0,1,2
MMR017020,2022-05-01,0,0,0,0,0
MMR017021,2022-05-01,0,0,0,0,0
MMR017022,2022-05-01,1,0,1,0,0
MMR017023,2022-05-01,0,0,0,0,0
MMR017024,2022-05-01,2,1,1,0,0
MMR017025,2022-05-01,1,0,1,0,0
MMR017026,2022-05-01,0,0,0,0,0
MMR018001,2022-05-01,0,0,0,0,0
MMR018002,2022-05-01,1,0,1,0,0
MMR018003,2022-05-01,0,0,0,0,0
MMR018004,2022-05-01,0,0,0,0,0
MMR018005,2022-05-01,0,0,0,0,0
MMR018006,2022-05-01,0,0,0,0,0
MMR018007,2022-05-01,0,0,0,0,0
MMR018008,2022-05-01,0,0,0,0,0
MMR001001,2022-06-01,9,2,4,3,27
MMR001002,2022-06-01,1,1,0,0,1
MMR001003,2022-06-01,1,1,0,0,10
MMR001004,2022-06-01,2,2,0,0,0
MMR001005,2022-06-01,0,0,0,0,0
MMR001006,2022-06-01,0,0,0,0,0
MMR001007,2022-06-01,6,2,3,1,22
MMR001008,2022-06-01,2,1,0,1,1
MMR001009,2022-06-01,14,3,5,6,6
MMR001010,2022-06-01,1,1,0,0,0
MMR001011,2022-06-01,5,5,0,0,43
MMR001012,2022-06-01,2,0,1,1,0
MMR001013,2022-06-01,0,0,0,0,0
MMR001014,2022-06-01,0,0,0,0,0
MMR001015,2022-06-01,5,5,0,0,24
MMR001016,2022-06-01,0,0,0,0,0
MMR001017,2022-06-01,0,0,0,0,0
MMR001018,2022-06-01,0,0,0,0,0
MMR002001,2022-06-01,15,5,5,5,31
MMR002002,2022-06-01,23,15,7,1,13
MMR002003,2022-06-01,11,9,2,0,30
MMR002004,2022-06-01,1,1,0,0,1
MMR002005,2022-06-01,0,0,0,0,0
MMR002006,2022-06-01,0,0,0,0,0
MMR002007,2022-06-01,0,0,0,0,0
MMR003001,2022-06-01,4,1,1,2,4
MMR003002,2022-06-01,0,0,0,0,0
MMR003003,2022-06-01,2,1,1,0,2
MMR003004,2022-06-01,5,3,2,0,12
MMR003005,2022-06-01,14,8,4,2,23
MMR003006,2022-06-01,3,2,1,0,8
MMR003007,2022-06-01,0,0,0,0,0
MMR004001,2022-06-01,6,1,2,3,2
MMR004002,2022-06-01,0,0,0,0,0
MMR004003,2022-06-01,2,2,0,0,3
MMR004004,2022-06-01,2,2,0,0,7
MMR004005,2022-06-01,0,0,0,0,0
MMR004006,2022-06-01,9,4,3,2,29
MMR004007,2022-06-01,2,1,0,1,0
MMR004008,2022-06-01,8,7,0,1,39
MMR004009,2022-06-01,1,0,1,0,0
MMR005001,2022-06-01,7,1,6,0,13
MMR005002,2022-06-01,21,3,16,2,78
MMR005003,2022-06-01,11,6,4,1,25
MMR005004,2022-06-01,22,9,7,6,73
MMR005005,2022-06-01,15,4,6,5,32
MMR005006,2022-06-01,14,5,3,6,25
MMR005007,2022-06-01,17,4,8,5,60
MMR005008,2022-06-01,2,0,1,1,1
MMR005009,2022-06-01,3,2,0,1,9
MMR005010,2022-06-01,2,1,1,0,1
MMR005011,2022-06-01,7,3,3,1,24
MMR005012,2022-06-01,12,2,5,5,24
MMR005013,2022-06-01,11,6,1,4,25
MMR005014,2022-06-01,5,0,5,0,6
MMR005015,2022-06-01,23,3,13,7,89
MMR005016,2022-06-01,17,11,5,1,41
MMR005017,2022-06-01,9,4,1,4,41
MMR005018,2022-06-01,19,4,6,9,19
MMR005019,2022-06-01,9,4,4,1,29
MMR005020,2022-06-01,15,9,5,1,95
MMR005021,2022-06-01,14,8,5,1,89
MMR005022,2022-06-01,9,1,8,0,24
MMR005023,2022-06-01,10,8,1,1,63
MMR005024,2022-06-01,1,1,0,0,1
MMR005025,2022-06-01,5,4,0,1,1
MMR005026,2022-06-01,1,1,0,0,0
MMR005027,2022-06-01,14,8,5,1,30
MMR005028,2022-06-01,0,0,0,0,0
MMR005029,2022-06-01,6,5,0,1,18
MMR005030,2022-06-01,14,6,3,5,82
MMR005031,2022-06-01,7,4,1,2,19
MMR005032,2022-06-01,1,1,0,0,31
MMR005033,2022-06-01,0,0,0,0,0
MMR005034,2022-06-01,0,0,0,0,0
MMR005035,2022-06-01,0,0,0,0,0
MMR005036,2022-06-01,0,0,0,0,0
MMR005037,2022-06-01,0,0,0,0,0
MMR006001,2022-06-01,7,2,3,2,22
MMR006002,2022-06-01,13,2,2,9,12
MMR006003,2022-06-01,9,3,2,4,34
MMR006004,2022-06-01,5,0,2,3,2
MMR006005,2022-06-01,0,0,0,0,0
MMR006006,2022-06-01,0,0,0,0,0
MMR006007,2022-06-01,16,9,4,3,40
MMR006008,2022-06-01,5,3,1,1,6
MMR006009,2022-06-01,0,0,0,0,0
MMR006010,2022-06-01,0,0,0,0,0
MMR007001,2022-06-01,0,0,0,0,0
MMR007002,2022-06-01,0,0,0,0,0
MMR007003,2022-06-01,0,0,0,0,0
MMR007004,2022-06-01,0,0,0,0,0
MMR007005,2022-06-01,0,0,0,0,0
MMR007006,2022-06-01,2,2,0,0,1
MMR007007,2022-06-01,0,0,0,0,0
MMR007008,2022-06-01,1,0,1,0,0
MMR007009,2022-06-01,0,0,0,0,0
MMR007010,2022-06-01,5,2,0,3,11
MMR007011,2022-06-01,13,5,7,1,28
MMR007012,2022-06-01,0,0,0,0,0
MMR007013,2022-06-01,0,0,0,0,0
MMR007014,2022-06-01,2,2,0,0,6
MMR008001,2022-06-01,0,0,0,0,0
MMR008002,2022-06-01,1,1,0,0,9
MMR008003,2022-06-01,0,0,0,0,0
MMR008004,2022-06-01,1,1,0,0,10
MMR008005,2022-06-01,0,0,0,0,0
MMR008006,2022-06-01,0,0,0,0,0
MMR008007,2022-06-01,0,0,0,0,0
MMR008008,2022-06-01,0,0,0,0,0
MMR008009,2022-06-01,0,0,0,0,0
MMR008010,2022-06-01,0,0,0,0,0
MMR008011,2022-06-01,0,0,0,0,0
MMR008012,2022-06-01,0,0,0,0,0
MMR008013,2022-06-01,0,0,0,0,0
MMR008014,2022-06-01,1,0,0,1,4
MMR009001,2022-06-01,0,0,0,0,0
MMR009002,2022-06-01,0,0,0,0,0
MMR009003,2022-06-01,2,2,0,0,2
MMR009004,2022-06-01,0,0,0,0,0
MMR009005,2022-06-01,1,1,0,0,1
MMR009006,2022-06-01,0,0,0,0,0
MMR009007,2022-06-01,0,0,0,0,0
MMR009008,2022-06-01,1,1,0,0,12
MMR009009,2022-06-01,0,0,0,0,0
MMR009010,2022-06-01,0,0,0,0,0
MMR009011,2022-06-01,2,1,1,0,3
MMR009012,2022-06-01,3,0,3,0,0
MMR009013,2022-06-01,0,0,0,0,0
MMR009014,2022-06-01,2,0,1,1,1
MMR009015,2022-06-01,1,1,0,0,21
MMR009016,2022-06-01,3,1,0,2,3
MMR009017,2022-06-01,0,0,0,0,0
MMR009018,2022-06-01,11,3,3,5,7
MMR009019,2022-06-01,22,10,9,3,68
MMR009020,2022-06-01,11,4,4,3,45
MMR009021,2022-06-01,13,3,6,4,19
MMR009022,2022-06-01,3,1,0,2,13
MMR009023,2022-06-01,22,12,8,2,120
MMR009024,2022-06-01,4,3,1,0,4
MMR009025,2022-06-01,7,2,2,3,5
MMR010001,2022-06-01,2,1,1,0,0
MMR010002,2022-06-01,4,1,3,0,0
MMR010003,2022-06-01,8,1,1,6,3
MMR010004,2022-06-01,1,0,0,1,1
MMR010005,2022-06-01,5,1,3,1,4
MMR010006,2022-06-01,1,1,0,0,0
MMR010007,2022-06-01,7,1,2,4,7
MMR010008,2022-06-01,0,0,0,0,0
MMR010009,2022-06-01,1,1,0,0,0
MMR010010,2022-06-01,2,1,0,1,6
MMR010011,2022-06-01,5,2,3,0,0
MMR010012,2022-06-01,3,2,1,0,3
MMR010013,2022-06-01,2,0,2,0,0
MMR010014,2022-06-01,0,0,0,0,0
MMR010015,2022-06-01,1,0,0,1,1
MMR010016,2022-06-01,0,0,0,0,0
MMR010017,2022-06-01,10,7,1,2,26
MMR010018,2022-06-01,2,0,2,0,0
MMR010019,2022-06-01,1,1,0,0,0
MMR010020,2022-06-01,3,0,0,3,4
MMR010021,2022-06-01,1,0,1,0,1
MMR010022,2022-06-01,0,0,0,0,0
MMR010023,2022-06-01,0,0,0,0,0
MMR010024,2022-06-01,0,0,0,0,0
MMR010028,2022-06-01,0,0,0,0,0
MMR010029,2022-06-01,0,0,0,0,0
MMR010030,2022-06-01,3,0,0,3,1
MMR010031,2022-06-01,2,0,1,1,7
MMR011001,2022-06-01,1,0,0,1,1
MMR011002,2022-06-01,1,1,0,0,0
MMR011003,2022-06-01,0,0,0,0,0
MMR011004,2022-06-01,2,2,0,0,6
MMR011005,2022-06-01,3,0,1,2,0
MMR011006,2022-06-01,4,2,1,1,8
MMR011007,2022-06-01,16,10,5,1,32
MMR011008,2022-06-01,1,0,0,1,1
MMR011009,2022-06-01,20,11,6,3,23
MMR011010,2022-06-01,12,7,3,2,18
MMR012001,2022-06-01,2,1,0,1,0
MMR012002,2022-06-01,2,0,0,2,0
MMR012003,2022-06-01,4,1,1,2,0
MMR012004,2022-06-01,2,0,0,2,0
MMR012005,2022-06-01,0,0,0,0,0
MMR012006,2022-06-01,1,0,1,0,1
MMR012007,2022-06-01,0,0,0,0,0
MMR012008,2022-06-01,3,0,1,2,0
MMR012009,2022-06-01,2,0,0,2,0
MMR012010,2022-06-01,0,0,0,0,0
MMR012011,2022-06-01,0,0,0,0,0
MMR012012,2022-06-01,0,0,0,0,0
MMR012013,2022-06-01,1,1,0,0,0
MMR012014,2022-06-01,1,0,0,1,1
MMR012015,2022-06-01,0,0,0,0,0
MMR012016,2022-06-01,0,0,0,0,0
MMR012017,2022-06-01,0,0,0,0,0
MMR013001,2022-06-01,1,0,0,1,0
MMR013002,2022-06-01,1,0,0,1,0
MMR013003,2022-06-01,2,1,0,1,1
MMR013004,2022-06-01,1,1,0,0,1
MMR013005,2022-06-01,0,0,0,0,0
MMR013006,2022-06-01,0,0,0,0,0
MMR013007,2022-06-01,1,0,0,1,1
MMR013009,2022-06-01,0,0,0,0,0
MMR013010,2022-06-01,0,0,0,0,0
MMR013011,2022-06-01,1,0,1,0,0
MMR013012,2022-06-01,5,0,4,1,1
MMR013013,2022-06-01,3,0,3,0,0
MMR013014,2022-06-01,1,0,1,0,0
MMR013015,2022-06-01,3,0,0,3,0
MMR013016,2022-06-01,0,0,0,0,0
MMR013017,2022-06-01,0,0,0,0,0
MMR013018,2022-06-01,6,2,0,4,2
MMR013019,2022-06-01,2,0,0,2,3
MMR013020,2022-06-01,1,0,1,0,0
MMR013021,2022-06-01,2,0,0,2,2
MMR013022,2022-06-01,0,0,0,0,0
MMR013023,2022-06-01,2,0,2,0,1
MMR013024,2022-06-01,0,0,0,0,0
MMR013025,2022-06-01,1,1,0,0,0
MMR013026,2022-06-01,0,0,0,0,0
MMR013027,2022-06-01,0,0,0,0,0
MMR013028,2022-06-01,2,1,0,1,6
MMR013029,2022-06-01,0,0,0,0,0
MMR013030,2022-06-01,0,0,0,0,0
MMR013031,2022-06-01,1,0,1,0,0
MMR013032,2022-06-01,0,0,0,0,0
MMR013033,2022-06-01,0,0,0,0,0
MMR013034,2022-06-01,0,0,0,0,0
MMR013035,2022-06-01,0,0,0,0,0
MMR013036,2022-06-01,0,0,0,0,0
MMR013037,2022-06-01,0,0,0,0,0
MMR013038,2022-06-01,0,0,0,0,0
MMR013039,2022-06-01,1,0,0,1,0
MMR013040,2022-06-01,1,0,0,1,1
MMR013041,2022-06-01,1,0,0,1,0
MMR013042,2022-06-01,1,0,1,0,0
MMR013043,2022-06-01,1,0,1,0,0
MMR013044,2022-06-01,2,0,1,1,1
MMR013046,2022-06-01,6,0,3,3,0
MMR013047,2022-06-01,0,0,0,0,0
MMR014001,2022-06-01,3,0,1,2,2
MMR014002,2022-06-01,0,0,0,0,0
MMR014003,2022-06-01,0,0,0,0,0
MMR014004,2022-06-01,1,0,0,1,1
MMR014005,2022-06-01,0,0,0,0,0
MMR014006,2022-06-01,3,1,0,2,2
MMR014007,2022-06-01,3,2,0,1,1
MMR014008,2022-06-01,0,0,0,0,0
MMR014009,2022-06-01,0,0,0,0,0
MMR014010,2022-06-01,12,8,1,3,24
MMR014011,2022-06-01,0,0,0,0,0
MMR014012,2022-06-01,0,0,0,0,0
MMR014013,2022-06-01,3,0,0,3,0
MMR014014,2022-06-01,0,0,0,0,0
MMR014015,2022-06-01,0,0,0,0,0
MMR014016,2022-06-01,0,0,0,0,0
MMR014017,2022-06-01,1,0,0,1,0
MMR014018,2022-06-01,0,0,0,0,0
MMR014019,2022-06-01,0,0,0,0,0
MMR014020,2022-06-01,0,0,0,0,0
MMR014021,2022-06-01,0,0,0,0,0
MMR015001,2022-06-01,2,1,1,0,3
MMR015002,2022-06-01,0,0,0,0,0
MMR015003,2022-06-01,0,0,0,0,0
MMR015004,2022-06-01,1,1,0,0,1
MMR015005,2022-06-01,0,0,0,0,0
MMR015006,2022-06-01,0,0,0,0,0
MMR015007,2022-06-01,0,0,0,0,0
MMR015008,2022-06-01,0,0,0,0,0
MMR015009,2022-06-01,4,2,2,0,0
MMR015010,2022-06-01,0,0,0,0,0
MMR015011,2022-06-01,15,11,2,2,16
MMR015012,2022-06-01,0,0,0,0,0
MMR015013,2022-06-01,2,0,2,0,0
MMR015014,2022-06-01,1,0,1,0,1
MMR015015,2022-06-01,1,0,0,1,0
MMR015016,2022-06-01,1,0,0,1,0
MMR015017,2022-06-01,0,0,0,0,0
MMR015018,2022-06-01,1,0,1,0,15
MMR015019,2022-06-01,1,0,0,1,0
MMR015020,2022-06-01,0,0,0,0,0
MMR015021,2022-06-01,0,0,0,0,0
MMR015022,2022-06-01,0,0,0,0,0
MMR015023,2022-06-01,0,0,0,0,0
MMR015024,2022-06-01,0,0,0,0,0
MMR016001,2022-06-01,0,0,0,0,0
MMR016002,2022-06-01,0,0,0,0,0
MMR016003,2022-06-01,0,0,0,0,0
MMR016005,2022-06-01,0,0,0,0,0
MMR016006,2022-06-01,0,0,0,0,0
MMR016007,2022-06-01,0,0,0,0,0
MMR016008,2022-06-01,0,0,0,0,0
MMR016009,2022-06-01,0,0,0,0,0
MMR016010,2022-06-01,0,0,0,0,0
MMR016011,2022-06-01,1,0,0,1,0
MMR017001,2022-06-01,1,1,0,0,0
MMR017002,2022-06-01,0,0,0,0,0
MMR017003,2022-06-01,0,0,0,0,0
MMR017004,2022-06-01,2,1,0,1,1
MMR017005,2022-06-01,0,0,0,0,0
MMR017006,2022-06-01,0,0,0,0,0
MMR017007,2022-06-01,0,0,0,0,0
MMR017008,2022-06-01,2,0,1,1,4
MMR017009,2022-06-01,0,0,0,0,0
MMR017010,2022-06-01,0,0,0,0,0
MMR017011,2022-06-01,1,1,0,0,0
MMR017012,2022-06-01,1,0,0,1,0
MMR017013,2022-06-01,4,1,2,1,2
MMR017014,2022-06-01,0,0,0,0,0
MMR017015,2022-06-01,0,0,0,0,0
MMR017016,2022-06-01,0,0,0,0,0
MMR017017,2022-06-01,0,0,0,0,0
MMR017018,2022-06-01,0,0,0,0,0
MMR017019,2022-06-01,0,0,0,0,0
MMR017020,2022-06-01,0,0,0,0,0
MMR017021,2022-06-01,0,0,0,0,0
MMR017022,2022-06-01,0,0,0,0,0
MMR017023,2022-06-01,0,0,0,0,0
MMR017024,2022-06-01,0,0,0,0,0
MMR017025,2022-06-01,1,0,0,1,1
MMR017026,2022-06-01,0,0,0,0,0
MMR018001,2022-06-01,0,0,0,0,0
MMR018002,2022-06-01,0,0,0,0,0
MMR018003,2022-06-01,0,0,0,0,0
MMR018004,2022-06-01,0,0,0,0,0
MMR018005,2022-06-01,0,0,0,0,0
MMR018006,2022-06-01,1,0,0,1,1
MMR018007,2022-06-01,1,0,1,0,0
MMR018008,2022-06-01,0,0,0,0,0
MMR001001,2022-07-01,6,0,4,2,0
MMR001002,2022-07-01,11,8,3,0,6
MMR001003,2022-07-01,0,0,0,0,0
MMR001004,2022-07-01,2,1,1,0,2
MMR001005,2022-07-01,0,0,0,0,0
MMR001006,2022-07-01,0,0,0,0,0
MMR001007,2022-07-01,1,0,0,1,0
MMR001008,2022-07-01,4,0,3,1,1
MMR001009,2022-07-01,10,6,1,3,22
MMR001010,2022-07-01,1,1,0,0,1
MMR001011,2022-07-01,5,5,0,0,36
MMR001012,2022-07-01,2,1,0,1,1
MMR001013,2022-07-01,2,1,1,0,4
MMR001014,2022-07-01,1,0,0,1,0
MMR001015,2022-07-01,0,0,0,0,0
MMR001016,2022-07-01,0,0,0,0,0
MMR001017,2022-07-01,0,0,0,0,0
MMR001018,2022-07-01,0,0,0,0,0
MMR002001,2022-07-01,5,2,0,3,9
MMR002002,2022-07-01,14,10,3,1,23
MMR002003,2022-07-01,4,4,0,0,11
MMR002004,2022-07-01,0,0,0,0,0
MMR002005,2022-07-01,2,2,0,0,1
MMR002006,2022-07-01,0,0,0,0,0
MMR002007,2022-07-01,0,0,0,0,0
MMR003001,2022-07-01,0,0,0,0,0
MMR003002,2022-07-01,0,0,0,0,0
MMR003003,2022-07-01,4,1,3,0,9
MMR003004,2022-07-01,6,5,1,0,41
MMR003005,2022-07-01,21,12,9,0,128
MMR003006,2022-07-01,13,7,5,1,21
MMR003007,2022-07-01,3,1,2,0,1
MMR004001,2022-07-01,6,5,0,1,57
MMR004002,2022-07-01,5,4,0,1,7
MMR004003,2022-07-01,0,0,0,0,0
MMR004004,2022-07-01,0,0,0,0,0
MMR004005,2022-07-01,0,0,0,0,0
MMR004006,2022-07-01,7,0,7,0,6
MMR004007,2022-07-01,6,5,0,1,16
MMR004008,2022-07-01,3,3,0,0,6
MMR004009,2022-07-01,2,1,0,1,0
MMR005001,2022-07-01,14,4,9,1,43
MMR005002,2022-07-01,26,4,20,2,103
MMR005003,2022-07-01,13,6,7,0,13
MMR005004,2022-07-01,14,4,9,1,19
MMR005005,2022-07-01,38,7,20,11,87
MMR005006,2022-07-01,8,2,4,2,29
MMR005007,2022-07-01,9,2,4,3,25
MMR005008,2022-07-01,0,0,0,0,0
MMR005009,2022-07-01,13,5,6,2,38
MMR005010,2022-07-01,23,5,17,1,14
MMR005011,2022-07-01,9,4,5,0,24
MMR005012,2022-07-01,12,3,4,5,21
MMR005013,2022-07-01,4,2,0,2,10
MMR005014,2022-07-01,6,2,3,1,10
MMR005015,2022-07-01,15,2,11,2,114
MMR005016,2022-07-01,9,3,4,2,6
MMR005017,2022-07-01,7,6,1,0,11
MMR005018,2022-07-01,12,6,2,4,29
MMR005019,2022-07-01,10,4,1,5,45
MMR005020,2022-07-01,3,0,1,2,0
MMR005021,2022-07-01,8,4,2,2,51
MMR005022,2022-07-01,5,3,1,1,6
MMR005023,2022-07-01,4,2,1,1,4
MMR005024,2022-07-01,6,4,0,2,15
MMR005025,2022-07-01,5,4,0,1,20
MMR005026,2022-07-01,5,2,1,2,5
MMR005027,2022-07-01,25,13,5,7,117
MMR005028,2022-07-01,0,0,0,0,0
MMR005029,2022-07-01,5,3,2,0,11
MMR005030,2022-07-01,10,6,1,3,8
MMR005031,2022-07-01,7,3,4,0,11
MMR005032,2022-07-01,3,2,0,1,15
MMR005033,2022-07-01,0,0,0,0,0
MMR005034,2022-07-01,2,1,0,1,4
MMR005035,2022-07-01,0,0,0,0,0
MMR005036,2022-07-01,0,0,0,0,0
MMR005037,2022-07-01,0,0,0,0,0
MMR006001,2022-07-01,15,6,6,3,45
MMR006002,2022-07-01,12,6,0,6,12
MMR006003,2022-07-01,10,7,1,2,23
MMR006004,2022-07-01,9,5,2,2,41
MMR006005,2022-07-01,4,1,3,0,6
MMR006006,2022-07-01,0,0,0,0,0
MMR006007,2022-07-01,13,6,6,1,17
MMR006008,2022-07-01,1,0,0,1,1
MMR006009,2022-07-01,0,0,0,0,0
MMR006010,2022-07-01,0,0,0,0,0
MMR007001,2022-07-01,0,0,0,0,0
MMR007002,2022-07-01,0,0,0,0,0
MMR007003,2022-07-01,0,0,0,0,0
MMR007004,2022-07-01,0,0,0,0,0
MMR007005,2022-07-01,1,0,0,1,1
MMR007006,2022-07-01,0,0,0,0,0
MMR007007,2022-07-01,0,0,0,0,0
MMR007008,2022-07-01,1,0,1,0,0
MMR007009,2022-07-01,4,3,0,1,38
MMR007010,2022-07-01,8,7,1,0,30
MMR007011,2022-07-01,19,10,4,5,16
MMR007012,2022-07-01,0,0,0,0,0
MMR007013,2022-07-01,0,0,0,0,0
MMR007014,2022-07-01,0,0,0,0,0
MMR008001,2022-07-01,0,0,0,0,0
MMR008002,2022-07-01,1,0,1,0,0
MMR008003,2022-07-01,0,0,0,0,0
MMR008004,2022-07-01,2,1,1,0,4
MMR008005,2022-07-01,0,0,0,0,0
MMR008006,2022-07-01,0,0,0,0,0
MMR008007,2022-07-01,1,0,0,1,0
MMR008008,2022-07-01,1,0,0,1,2
MMR008009,2022-07-01,2,1,0,1,1
MMR008010,2022-07-01,1,0,0,1,1
MMR008011,2022-07-01,0,0,0,0,0
MMR008012,2022-07-01,2,1,1,0,6
MMR008013,2022-07-01,0,0,0,0,0
MMR008014,2022-07-01,1,0,0,1,2
MMR009001,2022-07-01,0,0,0,0,0
MMR009002,2022-07-01,1,0,1,0,0
MMR009003,2022-07-01,0,0,0,0,0
MMR009004,2022-07-01,0,0,0,0,0
MMR009005,2022-07-01,0,0,0,0,0
MMR009006,2022-07-01,1,0,1,0,0
MMR009007,2022-07-01,1,1,0,0,3
MMR009008,2022-07-01,0,0,0,0,0
MMR009009,2022-07-01,0,0,0,0,0
MMR009010,2022-07-01,5,2,3,0,35
MMR009011,2022-07-01,0,0,0,0,0
MMR009012,2022-07-01,0,0,0,0,0
MMR009013,2022-07-01,0,0,0,0,0
MMR009014,2022-07-01,2,0,0,2,0
MMR009015,2022-07-01,0,0,0,0,0
MMR009016,2022-07-01,2,0,0,2,4
MMR009017,2022-07-01,1,0,0,1,0
MMR009018,2022-07-01,8,5,2,1,11
MMR009019,2022-07-01,11,4,5,2,39
MMR009020,2022-07-01,18,8,5,5,48
MMR009021,2022-07-01,10,6,2,2,47
MMR009022,2022-07-01,7,5,1,1,32
MMR009023,2022-07-01,11,2,3,6,16
MMR009024,2022-07-01,7,6,0,1,22
MMR009025,2022-07-01,7,4,2,1,10
MMR010001,2022-07-01,6,1,3,2,0
MMR010002,2022-07-01,2,1,1,0,0
MMR010003,2022-07-01,3,1,1,1,1
MMR010004,2022-07-01,5,2,2,1,0
MMR010005,2022-07-01,6,4,1,1,2
MMR010006,2022-07-01,3,0,2,1,1
MMR010007,2022-07-01,2,0,1,1,0
MMR010008,2022-07-01,2,1,0,1,1
MMR010009,2022-07-01,3,0,1,2,7
MMR010010,2022-07-01,1,0,1,0,2
MMR010011,2022-07-01,1,0,0,1,1
MMR010012,2022-07-01,1,0,1,0,0
MMR010013,2022-07-01,0,0,0,0,0
MMR010014,2022-07-01,1,0,0,1,1
MMR010015,2022-07-01,2,1,0,1,2
MMR010016,2022-07-01,1,0,1,0,0
MMR010017,2022-07-01,3,2,1,0,5
MMR010018,2022-07-01,0,0,0,0,0
MMR010019,2022-07-01,6,1,4,1,12
MMR010020,2022-07-01,0,0,0,0,0
MMR010021,2022-07-01,1,0,1,0,3
MMR010022,2022-07-01,0,0,0,0,0
MMR010023,2022-07-01,0,0,0,0,0
MMR010024,2022-07-01,1,0,0,1,1
MMR010028,2022-07-01,0,0,0,0,0
MMR010029,2022-07-01,1,0,0,1,1
MMR010030,2022-07-01,3,2,0,1,14
MMR010031,2022-07-01,1,1,0,0,1
MMR011001,2022-07-01,2,0,2,0,6
MMR011002,2022-07-01,6,3,3,0,0
MMR011003,2022-07-01,1,0,0,1,1
MMR011004,2022-07-01,1,0,1,0,0
MMR011005,2022-07-01,1,0,1,0,0
MMR011006,2022-07-01,17,8,3,6,30
MMR011007,2022-07-01,8,2,5,1,23
MMR011008,2022-07-01,0,0,0,0,0
MMR011009,2022-07-01,19,11,6,2,13
MMR011010,2022-07-01,9,2,2,5,16
MMR012001,2022-07-01,1,0,0,1,0
MMR012002,2022-07-01,1,0,0,1,0
MMR012003,2022-07-01,1,0,1,0,0
MMR012004,2022-07-01,4,0,3,1,2
MMR012005,2022-07-01,1,0,1,0,0
MMR012006,2022-07-01,0,0,0,0,0
MMR012007,2022-07-01,0,0,0,0,0
MMR012008,2022-07-01,1,0,0,1,0
MMR012009,2022-07-01,2,1,1,0,10
MMR012010,2022-07-01,0,0,0,0,0
MMR012011,2022-07-01,2,1,0,1,1
MMR012012,2022-07-01,0,0,0,0,0
MMR012013,2022-07-01,0,0,0,0,0
MMR012014,2022-07-01,1,0,1,0,1
MMR012015,2022-07-01,0,0,0,0,0
MMR012016,2022-07-01,0,0,0,0,0
MMR012017,2022-07-01,0,0,0,0,0
MMR013001,2022-07-01,7,1,2,4,6
MMR013002,2022-07-01,0,0,0,0,0
MMR013003,2022-07-01,0,0,0,0,0
MMR013004,2022-07-01,1,1,0,0,2
MMR013005,2022-07-01,1,0,0,1,0
MMR013006,2022-07-01,0,0,0,0,0
MMR013007,2022-07-01,3,2,1,0,1
MMR013009,2022-07-01,3,0,2,1,4
MMR013010,2022-07-01,1,0,1,0,0
MMR013011,2022-07-01,1,0,1,0,0
MMR013012,2022-07-01,5,0,2,3,1
MMR013013,2022-07-01,3,1,1,1,1
MMR013014,2022-07-01,0,0,0,0,0
MMR013015,2022-07-01,2,0,2,0,1
MMR013016,2022-07-01,0,0,0,0,0
MMR013017,2022-07-01,1,0,0,1,0
MMR013018,2022-07-01,4,0,3,1,1
MMR013019,2022-07-01,3,2,1,0,4
MMR013020,2022-07-01,2,0,1,1,1
MMR013021,2022-07-01,0,0,0,0,0
MMR013022,2022-07-01,2,0,0,2,2
MMR013023,2022-07-01,0,0,0,0,0
MMR013024,2022-07-01,0,0,0,0,0
MMR013025,2022-07-01,0,0,0,0,0
MMR013026,2022-07-01,0,0,0,0,0
MMR013027,2022-07-01,4,0,1,3,3
MMR013028,2022-07-01,0,0,0,0,0
MMR013029,2022-07-01,1,0,1,0,0
MMR013030,2022-07-01,1,0,1,0,0
MMR013031,2022-07-01,0,0,0,0,0
MMR013032,2022-07-01,0,0,0,0,0
MMR013033,2022-07-01,2,0,2,0,0
MMR013034,2022-07-01,0,0,0,0,0
MMR013035,2022-07-01,0,0,0,0,0
MMR013036,2022-07-01,0,0,0,0,0
MMR013037,2022-07-01,0,0,0,0,0
MMR013038,2022-07-01,0,0,0,0,0
MMR013039,2022-07-01,4,0,3,1,1
MMR013040,2022-07-01,4,0,2,2,2
MMR013041,2022-07-01,2,0,1,1,1
MMR013042,2022-07-01,3,0,2,1,1
MMR013043,2022-07-01,0,0,0,0,0
MMR013044,2022-07-01,0,0,0,0,0
MMR013046,2022-07-01,8,0,3,5,6
MMR013047,2022-07-01,0,0,0,0,0
MMR014001,2022-07-01,0,0,0,0,0
MMR014002,2022-07-01,1,0,0,1,1
MMR014003,2022-07-01,0,0,0,0,0
MMR014004,2022-07-01,0,0,0,0,0
MMR014005,2022-07-01,0,0,0,0,0
MMR014006,2022-07-01,2,1,0,1,1
MMR014007,2022-07-01,4,1,2,1,14
MMR014008,2022-07-01,1,1,0,0,0
MMR014009,2022-07-01,0,0,0,0,0
MMR014010,2022-07-01,16,11,3,2,102
MMR014011,2022-07-01,2,0,1,1,0
MMR014012,2022-07-01,4,0,2,2,0
MMR014013,2022-07-01,0,0,0,0,0
MMR014014,2022-07-01,0,0,0,0,0
MMR014015,2022-07-01,1,1,0,0,0
MMR014016,2022-07-01,1,0,1,0,0
MMR014017,2022-07-01,1,0,0,1,3
MMR014018,2022-07-01,0,0,0,0,0
MMR014019,2022-07-01,0,0,0,0,0
MMR014020,2022-07-01,0,0,0,0,0
MMR014021,2022-07-01,0,0,0,0,0
MMR015001,2022-07-01,0,0,0,0,0
MMR015002,2022-07-01,0,0,0,0,0
MMR015003,2022-07-01,0,0,0,0,0
MMR015004,2022-07-01,0,0,0,0,0
MMR015005,2022-07-01,0,0,0,0,0
MMR015006,2022-07-01,0,0,0,0,0
MMR015007,2022-07-01,0,0,0,0,0
MMR015008,2022-07-01,0,0,0,0,0
MMR015009,2022-07-01,8,3,4,1,3
MMR015010,2022-07-01,2,0,1,1,0
MMR015011,2022-07-01,12,9,3,0,2
MMR015012,2022-07-01,2,0,0,2,0
MMR015013,2022-07-01,3,3,0,0,1
MMR015014,2022-07-01,0,0,0,0,0
MMR015015,2022-07-01,2,2,0,0,1
MMR015016,2022-07-01,1,1,0,0,0
MMR015017,2022-07-01,12,6,6,0,12
MMR015018,2022-07-01,0,0,0,0,0
MMR015019,2022-07-01,0,0,0,0,0
MMR015020,2022-07-01,0,0,0,0,0
MMR015021,2022-07-01,0,0,0,0,0
MMR015022,2022-07-01,0,0,0,0,0
MMR015023,2022-07-01,0,0,0,0,0
MMR015024,2022-07-01,0,0,0,0,0
MMR016001,2022-07-01,0,0,0,0,0
MMR016002,2022-07-01,0,0,0,0,0
MMR016003,2022-07-01,0,0,0,0,0
MMR016005,2022-07-01,0,0,0,0,0
MMR016006,2022-07-01,0,0,0,0,0
MMR016007,2022-07-01,0,0,0,0,0
MMR016008,2022-07-01,0,0,0,0,0
MMR016009,2022-07-01,0,0,0,0,0
MMR016010,2022-07-01,0,0,0,0,0
MMR016011,2022-07-01,0,0,0,0,0
MMR017001,2022-07-01,0,0,0,0,0
MMR017002,2022-07-01,0,0,0,0,0
MMR017003,2022-07-01,0,0,0,0,0
MMR017004,2022-07-01,0,0,0,0,0
MMR017005,2022-07-01,1,0,0,1,0
MMR017006,2022-07-01,0,0,0,0,0
MMR017007,2022-07-01,0,0,0,0,0
MMR017008,2022-07-01,1,1,0,0,0
MMR017009,2022-07-01,0,0,0,0,0
MMR017010,2022-07-01,0,0,0,0,0
MMR017011,2022-07-01,0,0,0,0,0
MMR017012,2022-07-01,2,1,1,0,12
MMR017013,2022-07-01,0,0,0,0,0
MMR017014,2022-07-01,0,0,0,0,0
MMR017015,2022-07-01,0,0,0,0,0
MMR017016,2022-07-01,0,0,0,0,0
MMR017017,2022-07-01,0,0,0,0,0
MMR017018,2022-07-01,0,0,0,0,0
MMR017019,2022-07-01,0,0,0,0,0
MMR017020,2022-07-01,0,0,0,0,0
MMR017021,2022-07-01,0,0,0,0,0
MMR017022,2022-07-01,0,0,0,0,0
MMR017023,2022-07-01,2,0,2,0,0
MMR017024,2022-07-01,0,0,0,0,0
MMR017025,2022-07-01,0,0,0,0,0
MMR017026,2022-07-01,1,0,1,0,0
MMR018001,2022-07-01,0,0,0,0,0
MMR018002,2022-07-01,0,0,0,0,0
MMR018003,2022-07-01,0,0,0,0,0
MMR018004,2022-07-01,0,0,0,0,0
MMR018005,2022-07-01,0,0,0,0,0
MMR018006,2022-07-01,0,0,0,0,0
MMR018007,2022-07-01,0,0,0,0,0
MMR018008,2022-07-01,0,0,0,0,0
MMR001001,2022-08-01,2,2,0,0,7
MMR001002,2022-08-01,5,3,1,1,10
MMR001003,2022-08-01,0,0,0,0,0
MMR001004,2022-08-01,1,1,0,0,0
MMR001005,2022-08-01,0,0,0,0,0
MMR001006,2022-08-01,0,0,0,0,0
MMR001007,2022-08-01,4,0,2,2,2
MMR001008,2022-08-01,5,0,3,2,1
MMR001009,2022-08-01,14,7,2,5,51
MMR001010,2022-08-01,2,0,1,1,2
MMR001011,2022-08-01,4,0,2,2,7
MMR001012,2022-08-01,0,0,0,0,0
MMR001013,2022-08-01,0,0,0,0,0
MMR001014,2022-08-01,0,0,0,0,0
MMR001015,2022-08-01,0,0,0,0,0
MMR001016,2022-08-01,0,0,0,0,0
MMR001017,2022-08-01,0,0,0,0,0
MMR001018,2022-08-01,0,0,0,0,0
MMR002001,2022-08-01,8,3,3,2,6
MMR002002,2022-08-01,25,20,5,0,40
MMR002003,2022-08-01,16,15,1,0,36
MMR002004,2022-08-01,8,8,0,0,12
MMR002005,2022-08-01,3,3,0,0,6
MMR002006,2022-08-01,0,0,0,0,0
MMR002007,2022-08-01,0,0,0,0,0
MMR003001,2022-08-01,0,0,0,0,0
MMR003002,2022-08-01,0,0,0,0,0
MMR003003,2022-08-01,11,5,5,1,15
MMR003004,2022-08-01,5,3,2,0,4
MMR003005,2022-08-01,13,8,5,0,62
MMR003006,2022-08-01,13,7,5,1,8
MMR003007,2022-08-01,4,0,4,0,1
MMR004001,2022-08-01,2,2,0,0,6
MMR004002,2022-08-01,18,14,2,2,39
MMR004003,2022-08-01,1,1,0,0,10
MMR004004,2022-08-01,2,0,1,1,2
MMR004005,2022-08-01,0,0,0,0,0
MMR004006,2022-08-01,0,0,0,0,0
MMR004007,2022-08-01,3,1,1,1,6
MMR004008,2022-08-01,2,1,0,1,1
MMR004009,2022-08-01,17,15,1,1,53
MMR005001,2022-08-01,8,3,4,1,10
MMR005002,2022-08-01,26,5,18,3,58
MMR005003,2022-08-01,3,1,2,0,3
MMR005004,2022-08-01,6,2,4,0,15
MMR005005,2022-08-01,13,5,6,2,38
MMR005006,2022-08-01,14,2,11,1,46
MMR005007,2022-08-01,9,2,7,0,47
MMR005008,2022-08-01,16,0,11,5,16
MMR005009,2022-08-01,10,4,6,0,51
MMR005010,2022-08-01,12,1,4,7,35
MMR005011,2022-08-01,17,14,3,0,77
MMR005012,2022-08-01,25,12,7,6,69
MMR005013,2022-08-01,3,1,2,0,5
MMR005014,2022-08-01,12,1,7,4,14
MMR005015,2022-08-01,15,2,11,2,118
MMR005016,2022-08-01,19,5,10,4,34
MMR005017,2022-08-01,22,11,5,6,89
MMR005018,2022-08-01,4,0,4,0,7
MMR005019,2022-08-01,21,15,3,3,66
MMR005020,2022-08-01,12,6,4,2,50
MMR005021,2022-08-01,10,9,0,1,18
MMR005022,2022-08-01,11,6,3,2,32
MMR005023,2022-08-01,14,8,3,3,18
MMR005024,2022-08-01,5,2,3,0,46
MMR005025,2022-08-01,1,1,0,0,4
MMR005026,2022-08-01,3,3,0,0,33
MMR005027,2022-08-01,30,12,11,7,155
MMR005028,2022-08-01,0,0,0,0,0
MMR005029,2022-08-01,10,5,4,1,10
MMR005030,2022-08-01,5,0,1,4,4
MMR005031,2022-08-01,3,2,0,1,14
MMR005032,2022-08-01,7,3,3,1,11
MMR005033,2022-08-01,1,1,0,0,0
MMR005034,2022-08-01,4,2,1,1,12
MMR005035,2022-08-01,0,0,0,0,0
MMR005036,2022-08-01,0,0,0,0,0
MMR005037,2022-08-01,0,0,0,0,0
MMR006001,2022-08-01,7,2,2,3,2
MMR006002,2022-08-01,4,1,1,2,4
MMR006003,2022-08-01,7,2,0,5,13
MMR006004,2022-08-01,18,2,6,10,16
MMR006005,2022-08-01,8,2,1,5,8
MMR006006,2022-08-01,0,0,0,0,0
MMR006007,2022-08-01,4,2,2,0,2
MMR006008,2022-08-01,4,3,0,1,10
MMR006009,2022-08-01,4,2,1,1,4
MMR006010,2022-08-01,0,0,0,0,0
MMR007001,2022-08-01,1,0,1,0,0
MMR007002,2022-08-01,0,0,0,0,0
MMR007003,2022-08-01,0,0,0,0,0
MMR007004,2022-08-01,0,0,0,0,0
MMR007005,2022-08-01,0,0,0,0,0
MMR007006,2022-08-01,0,0,0,0,0
MMR007007,2022-08-01,0,0,0,0,0
MMR007008,2022-08-01,1,1,0,0,2
MMR007009,2022-08-01,4,2,2,0,7
MMR007010,2022-08-01,0,0,0,0,0
MMR007011,2022-08-01,12,3,6,3,20
MMR007012,2022-08-01,2,0,1,1,0
MMR007013,2022-08-01,0,0,0,0,0
MMR007014,2022-08-01,1,1,0,0,0
MMR008001,2022-08-01,1,1,0,0,1
MMR008002,2022-08-01,1,0,1,0,0
MMR008003,2022-08-01,0,0,0,0,0
MMR008004,2022-08-01,2,0,0,2,2
MMR008005,2022-08-01,0,0,0,0,0
MMR008006,2022-08-01,0,0,0,0,0
MMR008007,2022-08-01,0,0,0,0,0
MMR008008,2022-08-01,2,0,0,2,1
MMR008009,2022-08-01,0,0,0,0,0
MMR008010,2022-08-01,1,0,1,0,3
MMR008011,2022-08-01,1,1,0,0,1
MMR008012,2022-08-01,4,1,1,2,1
MMR008013,2022-08-01,1,1,0,0,2
MMR008014,2022-08-01,2,1,1,0,0
MMR009001,2022-08-01,2,1,1,0,10
MMR009002,2022-08-01,0,0,0,0,0
MMR009003,2022-08-01,2,1,0,1,2
MMR009004,2022-08-01,0,0,0,0,0
MMR009005,2022-08-01,2,1,0,1,11
MMR009006,2022-08-01,0,0,0,0,0
MMR009007,2022-08-01,0,0,0,0,0
MMR009008,2022-08-01,0,0,0,0,0
MMR009009,2022-08-01,0,0,0,0,0
MMR009010,2022-08-01,0,0,0,0,0
MMR009011,2022-08-01,0,0,0,0,0
MMR009012,2022-08-01,3,0,3,0,4
MMR009013,2022-08-01,1,0,0,1,1
MMR009014,2022-08-01,1,0,0,1,0
MMR009015,2022-08-01,1,1,0,0,0
MMR009016,2022-08-01,0,0,0,0,0
MMR009017,2022-08-01,0,0,0,0,0
MMR009018,2022-08-01,5,2,1,2,8
MMR009019,2022-08-01,18,9,5,4,78
MMR009020,2022-08-01,19,13,2,4,74
MMR009021,2022-08-01,8,5,2,1,36
MMR009022,2022-08-01,1,0,0,1,1
MMR009023,2022-08-01,15,9,3,3,15
MMR009024,2022-08-01,8,4,3,1,6
MMR009025,2022-08-01,5,3,1,1,7
MMR010001,2022-08-01,4,0,1,3,5
MMR010002,2022-08-01,2,0,0,2,11
MMR010003,2022-08-01,2,0,2,0,0
MMR010004,2022-08-01,7,2,3,2,0
MMR010005,2022-08-01,5,0,2,3,2
MMR010006,2022-08-01,3,0,3,0,0
MMR010007,2022-08-01,4,1,2,1,1
MMR010008,2022-08-01,0,0,0,0,0
MMR010009,2022-08-01,7,0,4,3,16
MMR010010,2022-08-01,2,1,1,0,0
MMR010011,2022-08-01,2,1,1,0,7
MMR010012,2022-08-01,3,0,2,1,5
MMR010013,2022-08-01,0,0,0,0,0
MMR010014,2022-08-01,0,0,0,0,0
MMR010015,2022-08-01,0,0,0,0,0
MMR010016,2022-08-01,0,0,0,0,0
MMR010017,2022-08-01,4,1,1,2,2
MMR010018,2022-08-01,2,0,0,2,2
MMR010019,2022-08-01,2,0,2,0,7
MMR010020,2022-08-01,1,0,1,0,6
MMR010021,2022-08-01,3,0,1,2,1
MMR010022,2022-08-01,1,0,0,1,2
MMR010023,2022-08-01,0,0,0,0,0
MMR010024,2022-08-01,0,0,0,0,0
MMR010028,2022-08-01,0,0,0,0,0
MMR010029,2022-08-01,1,1,0,0,0
MMR010030,2022-08-01,1,0,0,1,0
MMR010031,2022-08-01,3,0,2,1,7
MMR011001,2022-08-01,2,0,2,0,0
MMR011002,2022-08-01,0,0,0,0,0
MMR011003,2022-08-01,0,0,0,0,0
MMR011004,2022-08-01,3,2,1,0,7
MMR011005,2022-08-01,1,0,0,1,1
MMR011006,2022-08-01,7,3,0,4,16
MMR011007,2022-08-01,1,0,1,0,0
MMR011008,2022-08-01,2,0,2,0,0
MMR011009,2022-08-01,9,7,2,0,40
MMR011010,2022-08-01,4,2,2,0,5
MMR012001,2022-08-01,4,0,0,4,0
MMR012002,2022-08-01,1,0,1,0,0
MMR012003,2022-08-01,5,2,3,0,20
MMR012004,2022-08-01,2,0,0,2,3
MMR012005,2022-08-01,1,0,1,0,0
MMR012006,2022-08-01,1,1,0,0,0
MMR012007,2022-08-01,0,0,0,0,0
MMR012008,2022-08-01,2,2,0,0,35
MMR012009,2022-08-01,22,16,2,4,32
MMR012010,2022-08-01,1,1,0,0,0
MMR012011,2022-08-01,0,0,0,0,0
MMR012012,2022-08-01,0,0,0,0,0
MMR012013,2022-08-01,0,0,0,0,0
MMR012014,2022-08-01,0,0,0,0,0
MMR012015,2022-08-01,0,0,0,0,0
MMR012016,2022-08-01,2,1,0,1,10
MMR012017,2022-08-01,0,0,0,0,0
MMR013001,2022-08-01,7,0,3,4,3
MMR013002,2022-08-01,6,0,3,3,3
MMR013003,2022-08-01,3,0,3,0,0
MMR013004,2022-08-01,0,0,0,0,0
MMR013005,2022-08-01,0,0,0,0,0
MMR013006,2022-08-01,0,0,0,0,0
MMR013007,2022-08-01,3,0,1,2,2
MMR013009,2022-08-01,2,0,1,1,1
MMR013010,2022-08-01,0,0,0,0,0
MMR013011,2022-08-01,0,0,0,0,0
MMR013012,2022-08-01,9,0,8,1,5
MMR013013,2022-08-01,6,2,4,0,1
MMR013014,2022-08-01,0,0,0,0,0
MMR013015,2022-08-01,1,0,0,1,1
MMR013016,2022-08-01,0,0,0,0,0
MMR013017,2022-08-01,0,0,0,0,0
MMR013018,2022-08-01,5,1,2,2,1
MMR013019,2022-08-01,4,0,4,0,0
MMR013020,2022-08-01,1,0,1,0,0
MMR013021,2022-08-01,4,0,4,0,0
MMR013022,2022-08-01,1,0,0,1,0
MMR013023,2022-08-01,3,1,1,1,8
MMR013024,2022-08-01,1,0,1,0,0
MMR013025,2022-08-01,0,0,0,0,0
MMR013026,2022-08-01,1,0,1,0,2
MMR013027,2022-08-01,6,1,1,4,12
MMR013028,2022-08-01,0,0,0,0,0
MMR013029,2022-08-01,3,0,2,1,1
MMR013030,2022-08-01,3,0,1,2,1
MMR013031,2022-08-01,0,0,0,0,0
MMR013032,2022-08-01,0,0,0,0,0
MMR013033,2022-08-01,1,0,1,0,0
MMR013034,2022-08-01,0,0,0,0,0
MMR013035,2022-08-01,0,0,0,0,0
MMR013036,2022-08-01,0,0,0,0,0
MMR013037,2022-08-01,2,1,1,0,0
MMR013038,2022-08-01,3,0,2,1,6
MMR013039,2022-08-01,0,0,0,0,0
MMR013040,2022-08-01,3,0,3,0,0
MMR013041,2022-08-01,0,0,0,0,0
MMR013042,2022-08-01,3,0,3,0,0
MMR013043,2022-08-01,0,0,0,0,0
MMR013044,2022-08-01,2,1,0,1,2
MMR013046,2022-08-01,3,0,2,1,0
MMR013047,2022-08-01,0,0,0,0,0
MMR014001,2022-08-01,0,0,0,0,0
MMR014002,2022-08-01,0,0,0,0,0
MMR014003,2022-08-01,0,0,0,0,0
MMR014004,2022-08-01,1,0,0,1,0
MMR014005,2022-08-01,0,0,0,0,0
MMR014006,2022-08-01,0,0,0,0,0
MMR014007,2022-08-01,1,0,0,1,3
MMR014008,2022-08-01,0,0,0,0,0
MMR014009,2022-08-01,2,1,0,1,2
MMR014010,2022-08-01,8,5,1,2,2
MMR014011,2022-08-01,3,1,1,1,3
MMR014012,2022-08-01,0,0,0,0,0
MMR014013,2022-08-01,0,0,0,0,0
MMR014014,2022-08-01,0,0,0,0,0
MMR014015,2022-08-01,1,0,0,1,0
MMR014016,2022-08-01,0,0,0,0,0
MMR014017,2022-08-01,0,0,0,0,0
MMR014018,2022-08-01,0,0,0,0,0
MMR014019,2022-08-01,0,0,0,0,0
MMR014020,2022-08-01,0,0,0,0,0
MMR014021,2022-08-01,0,0,0,0,0
MMR015001,2022-08-01,0,0,0,0,0
MMR015002,2022-08-01,0,0,0,0,0
MMR015003,2022-08-01,0,0,0,0,0
MMR015004,2022-08-01,0,0,0,0,0
MMR015005,2022-08-01,0,0,0,0,0
MMR015006,2022-08-01,0,0,0,0,0
MMR015007,2022-08-01,0,0,0,0,0
MMR015008,2022-08-01,0,0,0,0,0
MMR015009,2022-08-01,15,7,5,3,6
MMR015010,2022-08-01,2,0,1,1,1
MMR015011,2022-08-01,6,2,1,3,0
MMR015012,2022-08-01,0,0,0,0,0
MMR015013,2022-08-01,10,6,3,1,7
MMR015014,2022-08-01,0,0,0,0,0
MMR015015,2022-08-01,2,2,0,0,0
MMR015016,2022-08-01,1,0,0,1,0
MMR015017,2022-08-01,1,1,0,0,0
MMR015018,2022-08-01,0,0,0,0,0
MMR015019,2022-08-01,4,4,0,0,3
MMR015020,2022-08-01,0,0,0,0,0
MMR015021,2022-08-01,0,0,0,0,0
MMR015022,2022-08-01,0,0,0,0,0
MMR015023,2022-08-01,0,0,0,0,0
MMR015024,2022-08-01,0,0,0,0,0
MMR016001,2022-08-01,0,0,0,0,0
MMR016002,2022-08-01,0,0,0,0,0
MMR016003,2022-08-01,0,0,0,0,0
MMR016005,2022-08-01,0,0,0,0,0
MMR016006,2022-08-01,0,0,0,0,0
MMR016007,2022-08-01,0,0,0,0,0
MMR016008,2022-08-01,0,0,0,0,0
MMR016009,2022-08-01,0,0,0,0,0
MMR016010,2022-08-01,0,0,0,0,0
MMR016011,2022-08-01,0,0,0,0,0
MMR017001,2022-08-01,0,0,0,0,0
MMR017002,2022-08-01,1,0,1,0,0
MMR017003,2022-08-01,0,0,0,0,0
MMR017004,2022-08-01,0,0,0,0,0
MMR017005,2022-08-01,0,0,0,0,0
MMR017006,2022-08-01,0,0,0,0,0
MMR017007,2022-08-01,0,0,0,0,0
MMR017008,2022-08-01,1,0,1,0,1
MMR017009,2022-08-01,0,0,0,0,0
MMR017010,2022-08-01,1,0,0,1,1
MMR017011,2022-08-01,1,0,0,1,1
MMR017012,2022-08-01,0,0,0,0,0
MMR017013,2022-08-01,0,0,0,0,0
MMR017014,2022-08-01,1,0,1,0,0
MMR017015,2022-08-01,0,0,0,0,0
MMR017016,2022-08-01,0,0,0,0,0
MMR017017,2022-08-01,0,0,0,0,0
MMR017018,2022-08-01,0,0,0,0,0
MMR017019,2022-08-01,0,0,0,0,0
MMR017020,2022-08-01,0,0,0,0,0
MMR017021,2022-08-01,0,0,0,0,0
MMR017022,2022-08-01,0,0,0,0,0
MMR017023,2022-08-01,1,0,0,1,2
MMR017024,2022-08-01,0,0,0,0,0
MMR017025,2022-08-01,1,0,1,0,0
MMR017026,2022-08-01,1,0,0,1,0
MMR018001,2022-08-01,0,0,0,0,0
MMR018002,2022-08-01,1,0,1,0,0
MMR018003,2022-08-01,0,0,0,0,0
MMR018004,2022-08-01,1,0,0,1,1
MMR018005,2022-08-01,0,0,0,0,0
MMR018006,2022-08-01,0,0,0,0,0
MMR018007,2022-08-01,0,0,0,0,0
MMR018008,2022-08-01,0,0,0,0,0
MMR001001,2022-09-01,10,4,1,5,4
MMR001002,2022-09-01,2,1,0,1,3
MMR001003,2022-09-01,0,0,0,0,0
MMR001004,2022-09-01,0,0,0,0,0
MMR001005,2022-09-01,0,0,0,0,0
MMR001006,2022-09-01,0,0,0,0,0
MMR001007,2022-09-01,3,0,1,2,2
MMR001008,2022-09-01,2,1,0,1,2
MMR001009,2022-09-01,9,4,4,1,12
MMR001010,2022-09-01,0,0,0,0,0
MMR001011,2022-09-01,3,3,0,0,31
MMR001012,2022-09-01,0,0,0,0,0
MMR001013,2022-09-01,0,0,0,0,0
MMR001014,2022-09-01,0,0,0,0,0
MMR001015,2022-09-01,0,0,0,0,0
MMR001016,2022-09-01,0,0,0,0,0
MMR001017,2022-09-01,0,0,0,0,0
MMR001018,2022-09-01,0,0,0,0,0
MMR002001,2022-09-01,13,7,5,1,18
MMR002002,2022-09-01,15,7,7,1,27
MMR002003,2022-09-01,9,8,1,0,7
MMR002004,2022-09-01,2,2,0,0,3
MMR002005,2022-09-01,1,1,0,0,3
MMR002006,2022-09-01,0,0,0,0,0
MMR002007,2022-09-01,0,0,0,0,0
MMR003001,2022-09-01,3,0,2,1,1
MMR003002,2022-09-01,0,0,0,0,0
MMR003003,2022-09-01,23,20,3,0,31
MMR003004,2022-09-01,0,0,0,0,0
MMR003005,2022-09-01,26,18,8,0,44
MMR003006,2022-09-01,7,4,3,0,13
MMR003007,2022-09-01,8,6,2,0,19
MMR004001,2022-09-01,1,1,0,0,1
MMR004002,2022-09-01,2,2,0,0,1
MMR004003,2022-09-01,0,0,0,0,0
MMR004004,2022-09-01,0,0,0,0,0
MMR004005,2022-09-01,0,0,0,0,0
MMR004006,2022-09-01,4,2,2,0,3
MMR004007,2022-09-01,5,5,0,0,17
MMR004008,2022-09-01,2,1,1,0,5
MMR004009,2022-09-01,13,9,4,0,30
MMR005001,2022-09-01,6,2,3,1,6
MMR005002,2022-09-01,23,6,17,0,57
MMR005003,2022-09-01,30,10,8,12,39
MMR005004,2022-09-01,7,1,6,0,9
MMR005005,2022-09-01,22,9,6,7,87
MMR005006,2022-09-01,14,2,10,2,24
MMR005007,2022-09-01,11,2,4,5,11
MMR005008,2022-09-01,1,0,1,0,4
MMR005009,2022-09-01,8,2,6,0,10
MMR005010,2022-09-01,10,0,8,2,27
MMR005011,2022-09-01,18,11,6,1,88
MMR005012,2022-09-01,34,13,10,11,53
MMR005013,2022-09-01,10,5,4,1,34
MMR005014,2022-09-01,8,6,2,0,21
MMR005015,2022-09-01,10,4,6,0,44
MMR005016,2022-09-01,5,3,2,0,3
MMR005017,2022-09-01,4,2,1,1,4
MMR005018,2022-09-01,4,1,3,0,1
MMR005019,2022-09-01,8,4,3,1,27
MMR005020,2022-09-01,21,9,9,3,33
MMR005021,2022-09-01,18,9,3,6,32
MMR005022,2022-09-01,5,0,3,2,13
MMR005023,2022-09-01,4,2,1,1,1
MMR005024,2022-09-01,10,3,6,1,17
MMR005025,2022-09-01,0,0,0,0,0
MMR005026,2022-09-01,2,2,0,0,0
MMR005027,2022-09-01,19,6,10,3,8
MMR005028,2022-09-01,1,1,0,0,8
MMR005029,2022-09-01,10,6,4,0,24
MMR005030,2022-09-01,12,6,4,2,63
MMR005031,2022-09-01,2,2,0,0,9
MMR005032,2022-09-01,0,0,0,0,0
MMR005033,2022-09-01,0,0,0,0,0
MMR005034,2022-09-01,0,0,0,0,0
MMR005035,2022-09-01,0,0,0,0,0
MMR005036,2022-09-01,0,0,0,0,0
MMR005037,2022-09-01,0,0,0,0,0
MMR006001,2022-09-01,12,8,0,4,60
MMR006002,2022-09-01,12,9,0,3,14
MMR006003,2022-09-01,2,1,1,0,4
MMR006004,2022-09-01,12,8,1,3,14
MMR006005,2022-09-01,1,0,0,1,1
MMR006006,2022-09-01,1,1,0,0,2
MMR006007,2022-09-01,13,9,1,3,22
MMR006008,2022-09-01,5,4,0,1,13
MMR006009,2022-09-01,0,0,0,0,0
MMR006010,2022-09-01,7,5,1,1,5
MMR007001,2022-09-01,1,0,0,1,1
MMR007002,2022-09-01,0,0,0,0,0
MMR007003,2022-09-01,0,0,0,0,0
MMR007004,2022-09-01,0,0,0,0,0
MMR007005,2022-09-01,2,0,2,0,0
MMR007006,2022-09-01,1,0,1,0,3
MMR007007,2022-09-01,1,0,0,1,0
MMR007008,2022-09-01,2,1,1,0,2
MMR007009,2022-09-01,1,1,0,0,1
MMR007010,2022-09-01,0,0,0,0,0
MMR007011,2022-09-01,26,16,9,1,12
MMR007012,2022-09-01,0,0,0,0,0
MMR007013,2022-09-01,1,0,1,0,0
MMR007014,2022-09-01,0,0,0,0,0
MMR008001,2022-09-01,0,0,0,0,0
MMR008002,2022-09-01,1,0,1,0,0
MMR008003,2022-09-01,0,0,0,0,0
MMR008004,2022-09-01,2,0,1,1,6
MMR008005,2022-09-01,0,0,0,0,0
MMR008006,2022-09-01,0,0,0,0,0
MMR008007,2022-09-01,1,0,0,1,2
MMR008008,2022-09-01,0,0,0,0,0
MMR008009,2022-09-01,0,0,0,0,0
MMR008010,2022-09-01,0,0,0,0,0
MMR008011,2022-09-01,0,0,0,0,0
MMR008012,2022-09-01,3,3,0,0,7
MMR008013,2022-09-01,0,0,0,0,0
MMR008014,2022-09-01,1,0,1,0,0
MMR009001,2022-09-01,0,0,0,0,0
MMR009002,2022-09-01,0,0,0,0,0
MMR009003,2022-09-01,0,0,0,0,0
MMR009004,2022-09-01,0,0,0,0,0
MMR009005,2022-09-01,0,0,0,0,0
MMR009006,2022-09-01,0,0,0,0,0
MMR009007,2022-09-01,0,0,0,0,0
MMR009008,2022-09-01,0,0,0,0,0
MMR009009,2022-09-01,0,0,0,0,0
MMR009010,2022-09-01,1,0,0,1,0
MMR009011,2022-09-01,2,1,0,1,5
MMR009012,2022-09-01,0,0,0,0,0
MMR009013,2022-09-01,1,1,0,0,10
MMR009014,2022-09-01,1,0,0,1,1
MMR009015,2022-09-01,0,0,0,0,0
MMR009016,2022-09-01,1,0,1,0,0
MMR009017,2022-09-01,0,0,0,0,0
MMR009018,2022-09-01,21,17,3,1,28
MMR009019,2022-09-01,11,4,1,6,10
MMR009020,2022-09-01,18,8,7,3,27
MMR009021,2022-09-01,6,3,3,0,7
MMR009022,2022-09-01,2,0,0,2,1
MMR009023,2022-09-01,5,0,3,2,0
MMR009024,2022-09-01,3,1,0,2,6
MMR009025,2022-09-01,9,6,2,1,16
MMR010001,2022-09-01,2,0,0,2,2
MMR010002,2022-09-01,1,0,0,1,3
MMR010003,2022-09-01,4,1,3,0,0
MMR010004,2022-09-01,3,2,0,1,2
MMR010005,2022-09-01,2,0,1,1,2
MMR010006,2022-09-01,6,1,2,3,5
MMR010007,2022-09-01,0,0,0,0,0
MMR010008,2022-09-01,1,0,0,1,1
MMR010009,2022-09-01,7,4,2,1,33
MMR010010,2022-09-01,1,0,1,0,0
MMR010011,2022-09-01,1,0,0,1,0
MMR010012,2022-09-01,3,1,2,0,39
MMR010013,2022-09-01,1,0,1,0,0
MMR010014,2022-09-01,1,1,0,0,1
MMR010015,2022-09-01,1,0,0,1,1
MMR010016,2022-09-01,0,0,0,0,0
MMR010017,2022-09-01,6,4,1,1,9
MMR010018,2022-09-01,3,1,0,2,3
MMR010019,2022-09-01,3,2,0,1,7
MMR010020,2022-09-01,0,0,0,0,0
MMR010021,2022-09-01,4,2,0,2,6
MMR010022,2022-09-01,1,0,0,1,1
MMR010023,2022-09-01,1,0,0,1,1
MMR010024,2022-09-01,0,0,0,0,0
MMR010028,2022-09-01,0,0,0,0,0
MMR010029,2022-09-01,1,0,1,0,3
MMR010030,2022-09-01,0,0,0,0,0
MMR010031,2022-09-01,5,2,1,2,4
MMR011001,2022-09-01,2,1,1,0,2
MMR011002,2022-09-01,0,0,0,0,0
MMR011003,2022-09-01,0,0,0,0,0
MMR011004,2022-09-01,4,2,0,2,21
MMR011005,2022-09-01,0,0,0,0,0
MMR011006,2022-09-01,18,7,4,7,16
MMR011007,2022-09-01,8,3,4,1,9
MMR011008,2022-09-01,3,3,0,0,1
MMR011009,2022-09-01,6,3,3,0,3
MMR011010,2022-09-01,4,1,1,2,2
MMR012001,2022-09-01,2,0,0,2,2
MMR012002,2022-09-01,3,1,1,1,20
MMR012003,2022-09-01,8,0,5,3,1
MMR012004,2022-09-01,11,2,8,1,7
MMR012005,2022-09-01,15,1,12,2,1
MMR012006,2022-09-01,1,0,1,0,15
MMR012007,2022-09-01,0,0,0,0,0
MMR012008,2022-09-01,8,4,3,1,4
MMR012009,2022-09-01,28,10,18,0,35
MMR012010,2022-09-01,10,5,4,1,15
MMR012011,2022-09-01,1,1,0,0,1
MMR012012,2022-09-01,0,0,0,0,0
MMR012013,2022-09-01,0,0,0,0,0
MMR012014,2022-09-01,2,0,2,0,0
MMR012015,2022-09-01,0,0,0,0,0
MMR012016,2022-09-01,1,1,0,0,3
MMR012017,2022-09-01,0,0,0,0,0
MMR013001,2022-09-01,4,0,3,1,0
MMR013002,2022-09-01,7,0,7,0,2
MMR013003,2022-09-01,2,0,1,1,0
MMR013004,2022-09-01,1,0,0,1,1
MMR013005,2022-09-01,0,0,0,0,0
MMR013006,2022-09-01,1,0,0,1,0
MMR013007,2022-09-01,8,0,6,2,1
MMR013009,2022-09-01,1,0,1,0,0
MMR013010,2022-09-01,0,0,0,0,0
MMR013011,2022-09-01,3,0,3,0,0
MMR013012,2022-09-01,5,0,5,0,0
MMR013013,2022-09-01,5,0,2,3,3
MMR013014,2022-09-01,0,0,0,0,0
MMR013015,2022-09-01,3,0,2,1,1
MMR013016,2022-09-01,1,0,1,0,0
MMR013017,2022-09-01,0,0,0,0,0
MMR013018,2022-09-01,4,0,1,3,5
MMR013019,2022-09-01,4,1,2,1,1
MMR013020,2022-09-01,1,0,1,0,5
MMR013021,2022-09-01,0,0,0,0,0
MMR013022,2022-09-01,3,0,2,1,1
MMR013023,2022-09-01,5,1,3,1,2
MMR013024,2022-09-01,0,0,0,0,0
MMR013025,2022-09-01,2,0,2,0,0
MMR013026,2022-09-01,1,0,1,0,4
MMR013027,2022-09-01,0,0,0,0,0
MMR013028,2022-09-01,0,0,0,0,0
MMR013029,2022-09-01,1,0,0,1,1
MMR013030,2022-09-01,1,0,0,1,1
MMR013031,2022-09-01,0,0,0,0,0
MMR013032,2022-09-01,0,0,0,0,0
MMR013033,2022-09-01,1,0,1,0,0
MMR013034,2022-09-01,1,1,0,0,1
MMR013035,2022-09-01,0,0,0,0,0
MMR013036,2022-09-01,0,0,0,0,0
MMR013037,2022-09-01,3,0,2,1,0
MMR013038,2022-09-01,1,0,1,0,0
MMR013039,2022-09-01,1,0,1,0,0
MMR013040,2022-09-01,4,1,1,2,3
MMR013041,2022-09-01,1,0,1,0,0
MMR013042,2022-09-01,6,0,4,2,1
MMR013043,2022-09-01,0,0,0,0,0
MMR013044,2022-09-01,1,0,1,0,0
MMR013046,2022-09-01,2,1,1,0,1
MMR013047,2022-09-01,0,0,0,0,0
MMR014001,2022-09-01,3,0,0,3,3
MMR014002,2022-09-01,2,0,0,2,1
MMR014003,2022-09-01,0,0,0,0,0
MMR014004,2022-09-01,2,1,0,1,20
MMR014005,2022-09-01,1,1,0,0,0
MMR014006,2022-09-01,0,0,0,0,0
MMR014007,2022-09-01,0,0,0,0,0
MMR014008,2022-09-01,0,0,0,0,0
MMR014009,2022-09-01,1,0,0,1,5
MMR014010,2022-09-01,17,10,6,1,77
MMR014011,2022-09-01,2,1,1,0,2
MMR014012,2022-09-01,3,2,1,0,0
MMR014013,2022-09-01,0,0,0,0,0
MMR014014,2022-09-01,0,0,0,0,0
MMR014015,2022-09-01,1,1,0,0,0
MMR014016,2022-09-01,4,0,1,3,0
MMR014017,2022-09-01,0,0,0,0,0
MMR014018,2022-09-01,0,0,0,0,0
MMR014019,2022-09-01,0,0,0,0,0
MMR014020,2022-09-01,0,0,0,0,0
MMR014021,2022-09-01,0,0,0,0,0
MMR015001,2022-09-01,3,0,3,0,0
MMR015002,2022-09-01,2,2,0,0,0
MMR015003,2022-09-01,0,0,0,0,0
MMR015004,2022-09-01,0,0,0,0,0
MMR015005,2022-09-01,0,0,0,0,0
MMR015006,2022-09-01,0,0,0,0,0
MMR015007,2022-09-01,0,0,0,0,0
MMR015008,2022-09-01,0,0,0,0,0
MMR015009,2022-09-01,5,3,1,1,3
MMR015010,2022-09-01,1,0,1,0,3
MMR015011,2022-09-01,12,8,4,0,1
MMR015012,2022-09-01,3,0,0,3,0
MMR015013,2022-09-01,6,2,3,1,1
MMR015014,2022-09-01,1,0,1,0,0
MMR015015,2022-09-01,6,4,1,1,0
MMR015016,2022-09-01,0,0,0,0,0
MMR015017,2022-09-01,6,4,1,1,9
MMR015018,2022-09-01,0,0,0,0,0
MMR015019,2022-09-01,4,3,1,0,0
MMR015020,2022-09-01,0,0,0,0,0
MMR015021,2022-09-01,0,0,0,0,0
MMR015022,2022-09-01,0,0,0,0,0
MMR015023,2022-09-01,0,0,0,0,0
MMR015024,2022-09-01,0,0,0,0,0
MMR016001,2022-09-01,0,0,0,0,0
MMR016002,2022-09-01,0,0,0,0,0
MMR016003,2022-09-01,0,0,0,0,0
MMR016005,2022-09-01,0,0,0,0,0
MMR016006,2022-09-01,0,0,0,0,0
MMR016007,2022-09-01,0,0,0,0,0
MMR016008,2022-09-01,0,0,0,0,0
MMR016009,2022-09-01,0,0,0,0,0
MMR016010,2022-09-01,0,0,0,0,0
MMR016011,2022-09-01,0,0,0,0,0
MMR017001,2022-09-01,1,0,1,0,0
MMR017002,2022-09-01,0,0,0,0,0
MMR017003,2022-09-01,0,0,0,0,0
MMR017004,2022-09-01,0,0,0,0,0
MMR017005,2022-09-01,1,0,0,1,1
MMR017006,2022-09-01,2,0,0,2,2
MMR017007,2022-09-01,0,0,0,0,0
MMR017008,2022-09-01,0,0,0,0,0
MMR017009,2022-09-01,0,0,0,0,0
MMR017010,2022-09-01,0,0,0,0,0
MMR017011,2022-09-01,0,0,0,0,0
MMR017012,2022-09-01,0,0,0,0,0
MMR017013,2022-09-01,0,0,0,0,0
MMR017014,2022-09-01,0,0,0,0,0
MMR017015,2022-09-01,2,0,2,0,0
MMR017016,2022-09-01,0,0,0,0,0
MMR017017,2022-09-01,0,0,0,0,0
MMR017018,2022-09-01,0,0,0,0,0
MMR017019,2022-09-01,0,0,0,0,0
MMR017020,2022-09-01,0,0,0,0,0
MMR017021,2022-09-01,0,0,0,0,0
MMR017022,2022-09-01,0,0,0,0,0
MMR017023,2022-09-01,0,0,0,0,0
MMR017024,2022-09-01,0,0,0,0,0
MMR017025,2022-09-01,0,0,0,0,0
MMR017026,2022-09-01,1,0,1,0,0
MMR018001,2022-09-01,0,0,0,0,0
MMR018002,2022-09-01,0,0,0,0,0
MMR018003,2022-09-01,0,0,0,0,0
MMR018004,2022-09-01,0,0,0,0,0
MMR018005,2022-09-01,0,0,0,0,0
MMR018006,2022-09-01,0,0,0,0,0
MMR018007,2022-09-01,0,0,0,0,0
MMR018008,2022-09-01,0,0,0,0,0
MMR001001,2022-10-01,3,0,1,2,3
MMR001002,2022-10-01,1,1,0,0,3
MMR001003,2022-10-01,0,0,0,0,0
MMR001004,2022-10-01,0,0,0,0,0
MMR001005,2022-10-01,0,0,0,0,0
MMR001006,2022-10-01,1,1,0,0,3
MMR001007,2022-10-01,1,0,0,1,0
MMR001008,2022-10-01,2,0,1,1,2
MMR001009,2022-10-01,12,2,4,6,81
MMR001010,2022-10-01,2,0,2,0,0
MMR001011,2022-10-01,5,2,1,2,3
MMR001012,2022-10-01,20,8,12,0,88
MMR001013,2022-10-01,0,0,0,0,0
MMR001014,2022-10-01,0,0,0,0,0
MMR001015,2022-10-01,0,0,0,0,0
MMR001016,2022-10-01,0,0,0,0,0
MMR001017,2022-10-01,0,0,0,0,0
MMR001018,2022-10-01,0,0,0,0,0
MMR002001,2022-10-01,10,4,5,1,14
MMR002002,2022-10-01,2,2,0,0,3
MMR002003,2022-10-01,2,2,0,0,2
MMR002004,2022-10-01,4,3,1,0,3
MMR002005,2022-10-01,1,1,0,0,7
MMR002006,2022-10-01,0,0,0,0,0
MMR002007,2022-10-01,0,0,0,0,0
MMR003001,2022-10-01,5,2,1,2,10
MMR003002,2022-10-01,0,0,0,0,0
MMR003003,2022-10-01,16,8,6,2,29
MMR003004,2022-10-01,3,3,0,0,8
MMR003005,2022-10-01,21,15,6,0,23
MMR003006,2022-10-01,13,6,6,1,29
MMR003007,2022-10-01,20,10,10,0,24
MMR004001,2022-10-01,3,2,0,1,7
MMR004002,2022-10-01,7,5,2,0,22
MMR004003,2022-10-01,2,1,1,0,1
MMR004004,2022-10-01,8,3,2,3,2
MMR004005,2022-10-01,0,0,0,0,0
MMR004006,2022-10-01,3,2,0,1,0
MMR004007,2022-10-01,2,0,0,2,2
MMR004008,2022-10-01,4,3,0,1,6
MMR004009,2022-10-01,6,4,1,1,3
MMR005001,2022-10-01,13,3,8,2,19
MMR005002,2022-10-01,22,4,18,0,48
MMR005003,2022-10-01,18,8,7,3,22
MMR005004,2022-10-01,17,2,14,1,44
MMR005005,2022-10-01,8,4,3,1,12
MMR005006,2022-10-01,24,6,11,7,21
MMR005007,2022-10-01,20,5,12,3,37
MMR005008,2022-10-01,3,1,1,1,12
MMR005009,2022-10-01,0,0,0,0,0
MMR005010,2022-10-01,1,1,0,0,0
MMR005011,2022-10-01,14,9,3,2,56
MMR005012,2022-10-01,41,20,15,6,83
MMR005013,2022-10-01,9,3,2,4,16
MMR005014,2022-10-01,4,0,4,0,11
MMR005015,2022-10-01,20,5,9,6,65
MMR005016,2022-10-01,12,2,9,1,40
MMR005017,2022-10-01,7,6,1,0,25
MMR005018,2022-10-01,7,3,4,0,14
MMR005019,2022-10-01,10,5,2,3,31
MMR005020,2022-10-01,7,0,4,3,2
MMR005021,2022-10-01,7,2,4,1,5
MMR005022,2022-10-01,5,4,1,0,2
MMR005023,2022-10-01,23,9,13,1,17
MMR005024,2022-10-01,2,0,1,1,1
MMR005025,2022-10-01,0,0,0,0,0
MMR005026,2022-10-01,1,1,0,0,3
MMR005027,2022-10-01,9,2,6,1,7
MMR005028,2022-10-01,0,0,0,0,0
MMR005029,2022-10-01,10,4,6,0,17
MMR005030,2022-10-01,4,3,1,0,0
MMR005031,2022-10-01,0,0,0,0,0
MMR005032,2022-10-01,0,0,0,0,0
MMR005033,2022-10-01,1,0,0,1,1
MMR005034,2022-10-01,1,0,0,1,2
MMR005035,2022-10-01,0,0,0,0,0
MMR005036,2022-10-01,0,0,0,0,0
MMR005037,2022-10-01,0,0,0,0,0
MMR006001,2022-10-01,10,4,3,3,17
MMR006002,2022-10-01,11,4,1,6,13
MMR006003,2022-10-01,7,3,2,2,11
MMR006004,2022-10-01,5,4,0,1,12
MMR006005,2022-10-01,0,0,0,0,0
MMR006006,2022-10-01,0,0,0,0,0
MMR006007,2022-10-01,21,7,10,4,38
MMR006008,2022-10-01,12,8,1,3,20
MMR006009,2022-10-01,1,1,0,0,1
MMR006010,2022-10-01,5,2,2,1,2
MMR007001,2022-10-01,2,2,0,0,5
MMR007002,2022-10-01,0,0,0,0,0
MMR007003,2022-10-01,0,0,0,0,0
MMR007004,2022-10-01,1,0,0,1,0
MMR007005,2022-10-01,3,1,1,1,2
MMR007006,2022-10-01,1,1,0,0,0
MMR007007,2022-10-01,0,0,0,0,0
MMR007008,2022-10-01,1,0,1,0,0
MMR007009,2022-10-01,1,1,0,0,2
MMR007010,2022-10-01,2,0,0,2,2
MMR007011,2022-10-01,8,3,4,1,3
MMR007012,2022-10-01,1,0,1,0,0
MMR007013,2022-10-01,0,0,0,0,0
MMR007014,2022-10-01,0,0,0,0,0
MMR008001,2022-10-01,2,0,0,2,1
MMR008002,2022-10-01,2,1,0,1,2
MMR008003,2022-10-01,1,0,0,1,1
MMR008004,2022-10-01,7,3,3,1,12
MMR008005,2022-10-01,0,0,0,0,0
MMR008006,2022-10-01,0,0,0,0,0
MMR008007,2022-10-01,1,0,0,1,0
MMR008008,2022-10-01,1,0,0,1,1
MMR008009,2022-10-01,0,0,0,0,0
MMR008010,2022-10-01,3,1,1,1,5
MMR008011,2022-10-01,0,0,0,0,0
MMR008012,2022-10-01,6,2,4,0,20
MMR008013,2022-10-01,0,0,0,0,0
MMR008014,2022-10-01,0,0,0,0,0
MMR009001,2022-10-01,2,1,0,1,1
MMR009002,2022-10-01,1,0,1,0,0
MMR009003,2022-10-01,0,0,0,0,0
MMR009004,2022-10-01,0,0,0,0,0
MMR009005,2022-10-01,0,0,0,0,0
MMR009006,2022-10-01,7,1,0,6,8
MMR009007,2022-10-01,0,0,0,0,0
MMR009008,2022-10-01,0,0,0,0,0
MMR009009,2022-10-01,1,0,0,1,2
MMR009010,2022-10-01,3,0,2,1,1
MMR009011,2022-10-01,0,0,0,0,0
MMR009012,2022-10-01,0,0,0,0,0
MMR009013,2022-10-01,0,0,0,0,0
MMR009014,2022-10-01,0,0,0,0,0
MMR009015,2022-10-01,0,0,0,0,0
MMR009016,2022-10-01,1,1,0,0,2
MMR009017,2022-10-01,0,0,0,0,0
MMR009018,2022-10-01,6,0,3,3,4
MMR009019,2022-10-01,9,4,5,0,24
MMR009020,2022-10-01,20,10,3,7,32
MMR009021,2022-10-01,11,5,4,2,44
MMR009022,2022-10-01,1,0,1,0,7
MMR009023,2022-10-01,6,4,0,2,16
MMR009024,2022-10-01,7,5,1,1,37
MMR009025,2022-10-01,2,1,0,1,0
MMR010001,2022-10-01,2,1,0,1,0
MMR010002,2022-10-01,2,0,1,1,1
MMR010003,2022-10-01,2,1,0,1,1
MMR010004,2022-10-01,1,1,0,0,0
MMR010005,2022-10-01,4,0,2,2,2
MMR010006,2022-10-01,1,0,1,0,4
MMR010007,2022-10-01,6,2,2,2,5
MMR010008,2022-10-01,0,0,0,0,0
MMR010009,2022-10-01,13,3,5,5,28
MMR010010,2022-10-01,7,3,1,3,51
MMR010011,2022-10-01,0,0,0,0,0
MMR010012,2022-10-01,3,2,1,0,12
MMR010013,2022-10-01,2,1,0,1,2
MMR010014,2022-10-01,3,1,0,2,4
MMR010015,2022-10-01,0,0,0,0,0
MMR010016,2022-10-01,0,0,0,0,0
MMR010017,2022-10-01,7,1,3,3,14
MMR010018,2022-10-01,2,1,1,0,9
MMR010019,2022-10-01,5,0,3,2,12
MMR010020,2022-10-01,3,1,1,1,2
MMR010021,2022-10-01,11,3,3,5,36
MMR010022,2022-10-01,4,1,0,3,18
MMR010023,2022-10-01,0,0,0,0,0
MMR010024,2022-10-01,1,0,1,0,1
MMR010028,2022-10-01,0,0,0,0,0
MMR010029,2022-10-01,1,0,1,0,2
MMR010030,2022-10-01,0,0,0,0,0
MMR010031,2022-10-01,5,1,2,2,9
MMR011001,2022-10-01,0,0,0,0,0
MMR011002,2022-10-01,0,0,0,0,0
MMR011003,2022-10-01,0,0,0,0,0
MMR011004,2022-10-01,4,4,0,0,8
MMR011005,2022-10-01,1,1,0,0,0
MMR011006,2022-10-01,17,10,5,2,31
MMR011007,2022-10-01,5,1,1,3,7
MMR011008,2022-10-01,2,0,1,1,1
MMR011009,2022-10-01,11,5,2,4,11
MMR011010,2022-10-01,5,2,3,0,20
MMR012001,2022-10-01,7,0,0,7,3
MMR012002,2022-10-01,1,1,0,0,0
MMR012003,2022-10-01,4,1,2,1,0
MMR012004,2022-10-01,25,3,20,2,9
MMR012005,2022-10-01,11,3,7,1,13
MMR012006,2022-10-01,0,0,0,0,0
MMR012007,2022-10-01,0,0,0,0,0
MMR012008,2022-10-01,18,3,15,0,1
MMR012009,2022-10-01,6,3,2,1,9
MMR012010,2022-10-01,27,9,12,6,52
MMR012011,2022-10-01,2,0,0,2,0
MMR012012,2022-10-01,0,0,0,0,0
MMR012013,2022-10-01,2,0,0,2,1
MMR012014,2022-10-01,7,2,0,5,1
MMR012015,2022-10-01,1,0,0,1,1
MMR012016,2022-10-01,1,1,0,0,15
MMR012017,2022-10-01,0,0,0,0,0
MMR013001,2022-10-01,2,0,1,1,8
MMR013002,2022-10-01,5,0,3,2,2
MMR013003,2022-10-01,1,0,1,0,0
MMR013004,2022-10-01,1,0,0,1,1
MMR013005,2022-10-01,0,0,0,0,0
MMR013006,2022-10-01,0,0,0,0,0
MMR013007,2022-10-01,5,0,4,1,1
MMR013009,2022-10-01,1,0,0,1,0
MMR013010,2022-10-01,2,0,2,0,0
MMR013011,2022-10-01,2,0,1,1,0
MMR013012,2022-10-01,4,0,3,1,1
MMR013013,2022-10-01,0,0,0,0,0
MMR013014,2022-10-01,1,0,1,0,0
MMR013015,2022-10-01,0,0,0,0,0
MMR013016,2022-10-01,0,0,0,0,0
MMR013017,2022-10-01,0,0,0,0,0
MMR013018,2022-10-01,3,0,3,0,0
MMR013019,2022-10-01,3,0,2,1,1
MMR013020,2022-10-01,0,0,0,0,0
MMR013021,2022-10-01,1,0,0,1,0
MMR013022,2022-10-01,1,0,1,0,0
MMR013023,2022-10-01,0,0,0,0,0
MMR013024,2022-10-01,0,0,0,0,0
MMR013025,2022-10-01,0,0,0,0,0
MMR013026,2022-10-01,2,0,2,0,0
MMR013027,2022-10-01,3,0,0,3,3
MMR013028,2022-10-01,2,0,0,2,1
MMR013029,2022-10-01,0,0,0,0,0
MMR013030,2022-10-01,1,0,1,0,0
MMR013031,2022-10-01,0,0,0,0,0
MMR013032,2022-10-01,0,0,0,0,0
MMR013033,2022-10-01,1,0,0,1,0
MMR013034,2022-10-01,0,0,0,0,0
MMR013035,2022-10-01,0,0,0,0,0
MMR013036,2022-10-01,0,0,0,0,0
MMR013037,2022-10-01,0,0,0,0,0
MMR013038,2022-10-01,1,0,1,0,0
MMR013039,2022-10-01,3,0,3,0,0
MMR013040,2022-10-01,5,0,3,2,6
MMR013041,2022-10-01,1,0,1,0,0
MMR013042,2022-10-01,4,0,2,2,1
MMR013043,2022-10-01,0,0,0,0,0
MMR013044,2022-10-01,2,0,2,0,0
MMR013046,2022-10-01,2,0,1,1,0
MMR013047,2022-10-01,1,0,1,0,0
MMR014001,2022-10-01,0,0,0,0,0
MMR014002,2022-10-01,0,0,0,0,0
MMR014003,2022-10-01,0,0,0,0,0
MMR014004,2022-10-01,0,0,0,0,0
MMR014005,2022-10-01,0,0,0,0,0
MMR014006,2022-10-01,0,0,0,0,0
MMR014007,2022-10-01,0,0,0,0,0
MMR014008,2022-10-01,4,1,0,3,1
MMR014009,2022-10-01,1,0,0,1,0
MMR014010,2022-10-01,12,8,2,2,7
MMR014011,2022-10-01,0,0,0,0,0
MMR014012,2022-10-01,0,0,0,0,0
MMR014013,2022-10-01,0,0,0,0,0
MMR014014,2022-10-01,0,0,0,0,0
MMR014015,2022-10-01,0,0,0,0,0
MMR014016,2022-10-01,4,0,3,1,0
MMR014017,2022-10-01,0,0,0,0,0
MMR014018,2022-10-01,0,0,0,0,0
MMR014019,2022-10-01,0,0,0,0,0
MMR014020,2022-10-01,2,2,0,0,0
MMR014021,2022-10-01,0,0,0,0,0
MMR015001,2022-10-01,0,0,0,0,0
MMR015002,2022-10-01,1,1,0,0,1
MMR015003,2022-10-01,0,0,0,0,0
MMR015004,2022-10-01,0,0,0,0,0
MMR015005,2022-10-01,0,0,0,0,0
MMR015006,2022-10-01,0,0,0,0,0
MMR015007,2022-10-01,0,0,0,0,0
MMR015008,2022-10-01,0,0,0,0,0
MMR015009,2022-10-01,10,7,1,2,6
MMR015010,2022-10-01,0,0,0,0,0
MMR015011,2022-10-01,5,2,1,2,8
MMR015012,2022-10-01,3,0,2,1,0
MMR015013,2022-10-01,2,1,1,0,0
MMR015014,2022-10-01,1,0,0,1,0
MMR015015,2022-10-01,3,1,1,1,0
MMR015016,2022-10-01,0,0,0,0,0
MMR015017,2022-10-01,0,0,0,0,0
MMR015018,2022-10-01,0,0,0,0,0
MMR015019,2022-10-01,5,4,1,0,0
MMR015020,2022-10-01,2,0,0,2,1
MMR015021,2022-10-01,0,0,0,0,0
MMR015022,2022-10-01,0,0,0,0,0
MMR015023,2022-10-01,0,0,0,0,0
MMR015024,2022-10-01,0,0,0,0,0
MMR016001,2022-10-01,0,0,0,0,0
MMR016002,2022-10-01,0,0,0,0,0
MMR016003,2022-10-01,0,0,0,0,0
MMR016005,2022-10-01,0,0,0,0,0
MMR016006,2022-10-01,0,0,0,0,0
MMR016007,2022-10-01,1,0,1,0,0
MMR016008,2022-10-01,1,1,0,0,0
MMR016009,2022-10-01,0,0,0,0,0
MMR016010,2022-10-01,0,0,0,0,0
MMR016011,2022-10-01,0,0,0,0,0
MMR017001,2022-10-01,2,0,2,0,0
MMR017002,2022-10-01,0,0,0,0,0
MMR017003,2022-10-01,0,0,0,0,0
MMR017004,2022-10-01,0,0,0,0,0
MMR017005,2022-10-01,0,0,0,0,0
MMR017006,2022-10-01,0,0,0,0,0
MMR017007,2022-10-01,0,0,0,0,0
MMR017008,2022-10-01,1,0,1,0,3
MMR017009,2022-10-01,1,0,0,1,1
MMR017010,2022-10-01,0,0,0,0,0
MMR017011,2022-10-01,0,0,0,0,0
MMR017012,2022-10-01,2,0,2,0,0
MMR017013,2022-10-01,0,0,0,0,0
MMR017014,2022-10-01,0,0,0,0,0
MMR017015,2022-10-01,0,0,0,0,0
MMR017016,2022-10-01,0,0,0,0,0
MMR017017,2022-10-01,1,0,1,0,0
MMR017018,2022-10-01,1,1,0,0,1
MMR017019,2022-10-01,0,0,0,0,0
MMR017020,2022-10-01,0,0,0,0,0
MMR017021,2022-10-01,0,0,0,0,0
MMR017022,2022-10-01,0,0,0,0,0
MMR017023,2022-10-01,0,0,0,0,0
MMR017024,2022-10-01,0,0,0,0,0
MMR017025,2022-10-01,1,0,1,0,0
MMR017026,2022-10-01,0,0,0,0,0
MMR018001,2022-10-01,0,0,0,0,0
MMR018002,2022-10-01,0,0,0,0,0
MMR018003,2022-10-01,0,0,0,0,0
MMR018004,2022-10-01,0,0,0,0,0
MMR018005,2022-10-01,0,0,0,0,0
MMR018006,2022-10-01,0,0,0,0,0
MMR018007,2022-10-01,0,0,0,0,0
MMR018008,2022-10-01,0,0,0,0,0
MMR001001,2022-11-01,3,0,3,0,3
MMR001002,2022-11-01,1,1,0,0,0
MMR001003,2022-11-01,0,0,0,0,0
MMR001004,2022-11-01,1,1,0,0,10
MMR001005,2022-11-01,0,0,0,0,0
MMR001006,2022-11-01,1,1,0,0,0
MMR001007,2022-11-01,4,1,3,0,0
MMR001008,2022-11-01,3,0,1,2,0
MMR001009,2022-11-01,25,6,11,8,26
MMR001010,2022-11-01,1,0,1,0,0
MMR001011,2022-11-01,5,3,2,0,0
MMR001012,2022-11-01,5,4,1,0,0
MMR001013,2022-11-01,0,0,0,0,0
MMR001014,2022-11-01,0,0,0,0,0
MMR001015,2022-11-01,0,0,0,0,0
MMR001016,2022-11-01,0,0,0,0,0
MMR001017,2022-11-01,0,0,0,0,0
MMR001018,2022-11-01,0,0,0,0,0
MMR002001,2022-11-01,21,2,19,0,16
MMR002002,2022-11-01,13,6,6,1,23
MMR002003,2022-11-01,6,6,0,0,12
MMR002004,2022-11-01,0,0,0,0,0
MMR002005,2022-11-01,2,2,0,0,1
MMR002006,2022-11-01,0,0,0,0,0
MMR002007,2022-11-01,0,0,0,0,0
MMR003001,2022-11-01,6,2,4,0,5
MMR003002,2022-11-01,0,0,0,0,0
MMR003003,2022-11-01,11,9,2,0,14
MMR003004,2022-11-01,4,3,1,0,22
MMR003005,2022-11-01,16,11,5,0,20
MMR003006,2022-11-01,8,3,4,1,30
MMR003007,2022-11-01,7,1,4,2,3
MMR004001,2022-11-01,11,9,1,1,39
MMR004002,2022-11-01,7,4,2,1,7
MMR004003,2022-11-01,0,0,0,0,0
MMR004004,2022-11-01,0,0,0,0,0
MMR004005,2022-11-01,0,0,0,0,0
MMR004006,2022-11-01,4,1,0,3,5
MMR004007,2022-11-01,1,0,1,0,1
MMR004008,2022-11-01,0,0,0,0,0
MMR004009,2022-11-01,4,2,1,1,4
MMR005001,2022-11-01,14,3,8,3,18
MMR005002,2022-11-01,21,5,16,0,67
MMR005003,2022-11-01,13,5,7,1,19
MMR005004,2022-11-01,26,11,10,5,60
MMR005005,2022-11-01,26,8,11,7,86
MMR005006,2022-11-01,27,13,10,4,68
MMR005007,2022-11-01,15,3,7,5,82
MMR005008,2022-11-01,8,0,7,1,0
MMR005009,2022-11-01,10,1,7,2,16
MMR005010,2022-11-01,2,1,1,0,25
MMR005011,2022-11-01,17,7,9,1,41
MMR005012,2022-11-01,36,15,16,5,90
MMR005013,2022-11-01,4,1,0,3,5
MMR005014,2022-11-01,6,3,1,2,24
MMR005015,2022-11-01,12,1,11,0,43
MMR005016,2022-11-01,4,1,2,1,6
MMR005017,2022-11-01,3,2,1,0,2
MMR005018,2022-11-01,9,5,3,1,20
MMR005019,2022-11-01,6,5,1,0,13
MMR005020,2022-11-01,7,4,2,1,7
MMR005021,2022-11-01,14,7,4,3,39
MMR005022,2022-11-01,13,4,8,1,22
MMR005023,2022-11-01,5,1,4,0,2
MMR005024,2022-11-01,8,2,3,3,6
MMR005025,2022-11-01,1,0,1,0,2
MMR005026,2022-11-01,0,0,0,0,0
MMR005027,2022-11-01,10,3,6,1,7
MMR005028,2022-11-01,0,0,0,0,0
MMR005029,2022-11-01,9,7,1,1,10
MMR005030,2022-11-01,4,3,0,1,13
MMR005031,2022-11-01,3,0,3,0,11
MMR005032,2022-11-01,0,0,0,0,0
MMR005033,2022-11-01,0,0,0,0,0
MMR005034,2022-11-01,4,4,0,0,30
MMR005035,2022-11-01,0,0,0,0,0
MMR005036,2022-11-01,0,0,0,0,0
MMR005037,2022-11-01,0,0,0,0,0
MMR006001,2022-11-01,9,4,1,4,20
MMR006002,2022-11-01,12,6,1,5,15
MMR006003,2022-11-01,9,4,2,3,17
MMR006004,2022-11-01,6,3,1,2,3
MMR006005,2022-11-01,5,3,0,2,3
MMR006006,2022-11-01,1,1,0,0,4
MMR006007,2022-11-01,27,16,8,3,80
MMR006008,2022-11-01,14,12,1,1,51
MMR006009,2022-11-01,1,1,0,0,1
MMR006010,2022-11-01,7,4,1,2,1
MMR007001,2022-11-01,1,0,1,0,0
MMR007002,2022-11-01,0,0,0,0,0
MMR007003,2022-11-01,0,0,0,0,0
MMR007004,2022-11-01,0,0,0,0,0
MMR007005,2022-11-01,1,0,1,0,0
MMR007006,2022-11-01,0,0,0,0,0
MMR007007,2022-11-01,0,0,0,0,0
MMR007008,2022-11-01,6,4,2,0,11
MMR007009,2022-11-01,6,5,1,0,12
MMR007010,2022-11-01,3,1,1,1,3
MMR007011,2022-11-01,2,1,1,0,0
MMR007012,2022-11-01,0,0,0,0,0
MMR007013,2022-11-01,0,0,0,0,0
MMR007014,2022-11-01,1,0,0,1,1
MMR008001,2022-11-01,2,0,1,1,4
MMR008002,2022-11-01,0,0,0,0,0
MMR008003,2022-11-01,0,0,0,0,0
MMR008004,2022-11-01,3,0,1,2,3
MMR008005,2022-11-01,0,0,0,0,0
MMR008006,2022-11-01,0,0,0,0,0
MMR008007,2022-11-01,3,1,0,2,3
MMR008008,2022-11-01,0,0,0,0,0
MMR008009,2022-11-01,0,0,0,0,0
MMR008010,2022-11-01,3,2,1,0,4
MMR008011,2022-11-01,0,0,0,0,0
MMR008012,2022-11-01,0,0,0,0,0
MMR008013,2022-11-01,1,0,1,0,0
MMR008014,2022-11-01,0,0,0,0,0
MMR009001,2022-11-01,4,0,3,1,8
MMR009002,2022-11-01,1,0,1,0,3
MMR009003,2022-11-01,0,0,0,0,0
MMR009004,2022-11-01,0,0,0,0,0
MMR009005,2022-11-01,0,0,0,0,0
MMR009006,2022-11-01,1,0,0,1,0
MMR009007,2022-11-01,0,0,0,0,0
MMR009008,2022-11-01,0,0,0,0,0
MMR009009,2022-11-01,0,0,0,0,0
MMR009010,2022-11-01,1,0,1,0,2
MMR009011,2022-11-01,0,0,0,0,0
MMR009012,2022-11-01,0,0,0,0,0
MMR009013,2022-11-01,0,0,0,0,0
MMR009014,2022-11-01,0,0,0,0,0
MMR009015,2022-11-01,0,0,0,0,0
MMR009016,2022-11-01,0,0,0,0,0
MMR009017,2022-11-01,0,0,0,0,0
MMR009018,2022-11-01,18,5,7,6,74
MMR009019,2022-11-01,11,5,3,3,17
MMR009020,2022-11-01,30,13,11,6,59
MMR009021,2022-11-01,16,14,1,1,47
MMR009022,2022-11-01,0,0,0,0,0
MMR009023,2022-11-01,6,2,2,2,5
MMR009024,2022-11-01,4,2,1,1,5
MMR009025,2022-11-01,7,2,3,2,21
MMR010001,2022-11-01,1,0,1,0,0
MMR010002,2022-11-01,3,1,0,2,2
MMR010003,2022-11-01,3,0,1,2,2
MMR010004,2022-11-01,3,0,3,0,2
MMR010005,2022-11-01,3,1,1,1,2
MMR010006,2022-11-01,3,2,0,1,3
MMR010007,2022-11-01,5,1,3,1,10
MMR010008,2022-11-01,0,0,0,0,0
MMR010009,2022-11-01,19,5,11,3,66
MMR010010,2022-11-01,3,1,1,1,1
MMR010011,2022-11-01,1,0,0,1,0
MMR010012,2022-11-01,3,0,2,1,0
MMR010013,2022-11-01,0,0,0,0,0
MMR010014,2022-11-01,0,0,0,0,0
MMR010015,2022-11-01,0,0,0,0,0
MMR010016,2022-11-01,0,0,0,0,0
MMR010017,2022-11-01,11,5,3,3,42
MMR010018,2022-11-01,2,1,0,1,2
MMR010019,2022-11-01,5,1,1,3,10
MMR010020,2022-11-01,0,0,0,0,0
MMR010021,2022-11-01,5,1,1,3,7
MMR010022,2022-11-01,1,1,0,0,1
MMR010023,2022-11-01,1,0,1,0,0
MMR010024,2022-11-01,0,0,0,0,0
MMR010028,2022-11-01,0,0,0,0,0
MMR010029,2022-11-01,0,0,0,0,0
MMR010030,2022-11-01,1,0,0,1,1
MMR010031,2022-11-01,0,0,0,0,0
MMR011001,2022-11-01,1,1,0,0,2
MMR011002,2022-11-01,6,3,2,1,23
MMR011003,2022-11-01,0,0,0,0,0
MMR011004,2022-11-01,8,7,1,0,16
MMR011005,2022-11-01,2,0,2,0,1
MMR011006,2022-11-01,11,6,4,1,17
MMR011007,2022-11-01,6,2,3,1,6
MMR011008,2022-11-01,2,0,0,2,2
MMR011009,2022-11-01,9,2,5,2,5
MMR011010,2022-11-01,13,3,9,1,21
MMR012001,2022-11-01,5,1,0,4,0
MMR012002,2022-11-01,23,3,14,6,27
MMR012003,2022-11-01,2,0,1,1,0
MMR012004,2022-11-01,18,2,14,2,12
MMR012005,2022-11-01,8,4,4,0,2
MMR012006,2022-11-01,2,0,0,2,0
MMR012007,2022-11-01,0,0,0,0,0
MMR012008,2022-11-01,1,1,0,0,0
MMR012009,2022-11-01,16,7,8,1,30
MMR012010,2022-11-01,8,2,5,1,3
MMR012011,2022-11-01,0,0,0,0,0
MMR012012,2022-11-01,0,0,0,0,0
MMR012013,2022-11-01,0,0,0,0,0
MMR012014,2022-11-01,5,3,0,2,4
MMR012015,2022-11-01,0,0,0,0,0
MMR012016,2022-11-01,1,1,0,0,3
MMR012017,2022-11-01,0,0,0,0,0
MMR013001,2022-11-01,3,0,3,0,0
MMR013002,2022-11-01,5,0,5,0,0
MMR013003,2022-11-01,1,0,1,0,0
MMR013004,2022-11-01,0,0,0,0,0
MMR013005,2022-11-01,0,0,0,0,0
MMR013006,2022-11-01,0,0,0,0,0
MMR013007,2022-11-01,0,0,0,0,0
MMR013009,2022-11-01,2,0,0,2,1
MMR013010,2022-11-01,0,0,0,0,0
MMR013011,2022-11-01,2,0,2,0,0
MMR013012,2022-11-01,2,0,2,0,0
MMR013013,2022-11-01,1,0,1,0,0
MMR013014,2022-11-01,1,0,1,0,0
MMR013015,2022-11-01,1,0,1,0,0
MMR013016,2022-11-01,0,0,0,0,0
MMR013017,2022-11-01,1,0,0,1,0
MMR013018,2022-11-01,0,0,0,0,0
MMR013019,2022-11-01,2,0,2,0,0
MMR013020,2022-11-01,2,0,2,0,0
MMR013021,2022-11-01,2,0,1,1,1
MMR013022,2022-11-01,1,0,1,0,0
MMR013023,2022-11-01,1,0,1,0,0
MMR013024,2022-11-01,0,0,0,0,0
MMR013025,2022-11-01,0,0,0,0,0
MMR013026,2022-11-01,2,0,0,2,2
MMR013027,2022-11-01,8,2,0,6,9
MMR013028,2022-11-01,0,0,0,0,0
MMR013029,2022-11-01,0,0,0,0,0
MMR013030,2022-11-01,0,0,0,0,0
MMR013031,2022-11-01,0,0,0,0,0
MMR013032,2022-11-01,0,0,0,0,0
MMR013033,2022-11-01,0,0,0,0,0
MMR013034,2022-11-01,0,0,0,0,0
MMR013035,2022-11-01,0,0,0,0,0
MMR013036,2022-11-01,0,0,0,0,0
MMR013037,2022-11-01,1,0,1,0,0
MMR013038,2022-11-01,0,0,0,0,0
MMR013039,2022-11-01,2,0,2,0,1
MMR013040,2022-11-01,2,0,1,1,3
MMR013041,2022-11-01,0,0,0,0,0
MMR013042,2022-11-01,2,0,1,1,0
MMR013043,2022-11-01,0,0,0,0,0
MMR013044,2022-11-01,1,0,1,0,0
MMR013046,2022-11-01,3,0,2,1,0
MMR013047,2022-11-01,0,0,0,0,0
MMR014001,2022-11-01,1,0,0,1,0
MMR014002,2022-11-01,0,0,0,0,0
MMR014003,2022-11-01,0,0,0,0,0
MMR014004,2022-11-01,0,0,0,0,0
MMR014005,2022-11-01,0,0,0,0,0
MMR014006,2022-11-01,0,0,0,0,0
MMR014007,2022-11-01,1,0,0,1,0
MMR014008,2022-11-01,0,0,0,0,0
MMR014009,2022-11-01,0,0,0,0,0
MMR014010,2022-11-01,9,0,8,1,1
MMR014011,2022-11-01,0,0,0,0,0
MMR014012,2022-11-01,0,0,0,0,0
MMR014013,2022-11-01,0,0,0,0,0
MMR014014,2022-11-01,0,0,0,0,0
MMR014015,2022-11-01,0,0,0,0,0
MMR014016,2022-11-01,1,0,0,1,0
MMR014017,2022-11-01,0,0,0,0,0
MMR014018,2022-11-01,0,0,0,0,0
MMR014019,2022-11-01,0,0,0,0,0
MMR014020,2022-11-01,0,0,0,0,0
MMR014021,2022-11-01,0,0,0,0,0
MMR015001,2022-11-01,6,3,2,1,14
MMR015002,2022-11-01,3,3,0,0,7
MMR015003,2022-11-01,0,0,0,0,0
MMR015004,2022-11-01,0,0,0,0,0
MMR015005,2022-11-01,1,0,1,0,0
MMR015006,2022-11-01,0,0,0,0,0
MMR015007,2022-11-01,0,0,0,0,0
MMR015008,2022-11-01,0,0,0,0,0
MMR015009,2022-11-01,8,3,3,2,8
MMR015010,2022-11-01,2,1,0,1,7
MMR015011,2022-11-01,8,4,3,1,2
MMR015012,2022-11-01,2,0,2,0,0
MMR015013,2022-11-01,3,3,0,0,6
MMR015014,2022-11-01,2,2,0,0,5
MMR015015,2022-11-01,0,0,0,0,0
MMR015016,2022-11-01,0,0,0,0,0
MMR015017,2022-11-01,2,2,0,0,0
MMR015018,2022-11-01,0,0,0,0,0
MMR015019,2022-11-01,0,0,0,0,0
MMR015020,2022-11-01,0,0,0,0,0
MMR015021,2022-11-01,0,0,0,0,0
MMR015022,2022-11-01,4,4,0,0,12
MMR015023,2022-11-01,0,0,0,0,0
MMR015024,2022-11-01,0,0,0,0,0
MMR016001,2022-11-01,0,0,0,0,0
MMR016002,2022-11-01,0,0,0,0,0
MMR016003,2022-11-01,0,0,0,0,0
MMR016005,2022-11-01,0,0,0,0,0
MMR016006,2022-11-01,0,0,0,0,0
MMR016007,2022-11-01,0,0,0,0,0
MMR016008,2022-11-01,0,0,0,0,0
MMR016009,2022-11-01,0,0,0,0,0
MMR016010,2022-11-01,0,0,0,0,0
MMR016011,2022-11-01,0,0,0,0,0
MMR017001,2022-11-01,3,0,3,0,0
MMR017002,2022-11-01,0,0,0,0,0
MMR017003,2022-11-01,0,0,0,0,0
MMR017004,2022-11-01,0,0,0,0,0
MMR017005,2022-11-01,0,0,0,0,0
MMR017006,2022-11-01,0,0,0,0,0
MMR017007,2022-11-01,0,0,0,0,0
MMR017008,2022-11-01,0,0,0,0,0
MMR017009,2022-11-01,1,0,1,0,0
MMR017010,2022-11-01,0,0,0,0,0
MMR017011,2022-11-01,2,1,0,1,0
MMR017012,2022-11-01,0,0,0,0,0
MMR017013,2022-11-01,0,0,0,0,0
MMR017014,2022-11-01,0,0,0,0,0
MMR017015,2022-11-01,0,0,0,0,0
MMR017016,2022-11-01,0,0,0,0,0
MMR017017,2022-11-01,0,0,0,0,0
MMR017018,2022-11-01,1,0,1,0,0
MMR017019,2022-11-01,0,0,0,0,0
MMR017020,2022-11-01,0,0,0,0,0
MMR017021,2022-11-01,0,0,0,0,0
MMR017022,2022-11-01,0,0,0,0,0
MMR017023,2022-11-01,1,0,1,0,0
MMR017024,2022-11-01,1,0,0,1,0
MMR017025,2022-11-01,1,1,0,0,0
MMR017026,2022-11-01,0,0,0,0,0
MMR018001,2022-11-01,0,0,0,0,0
MMR018002,2022-11-01,0,0,0,0,0
MMR018003,2022-11-01,0,0,0,0,0
MMR018004,2022-11-01,0,0,0,0,0
MMR018005,2022-11-01,0,0,0,0,0
MMR018006,2022-11-01,0,0,0,0,0
MMR018007,2022-11-01,0,0,0,0,0
MMR018008,2022-11-01,0,0,0,0,0
MMR001001,2022-12-01,2,0,1,1,0
MMR001002,2022-12-01,2,1,1,0,1
MMR001003,2022-12-01,0,0,0,0,0
MMR001004,2022-12-01,3,1,2,0,4
MMR001005,2022-12-01,0,0,0,0,0
MMR001006,2022-12-01,0,0,0,0,0
MMR001007,2022-12-01,1,1,0,0,0
MMR001008,2022-12-01,2,2,0,0,0
MMR001009,2022-12-01,15,5,7,3,53
MMR001010,2022-12-01,1,0,1,0,1
MMR001011,2022-12-01,0,0,0,0,0
MMR001012,2022-12-01,4,0,4,0,0
MMR001013,2022-12-01,0,0,0,0,0
MMR001014,2022-12-01,0,0,0,0,0
MMR001015,2022-12-01,0,0,0,0,0
MMR001016,2022-12-01,0,0,0,0,0
MMR001017,2022-12-01,0,0,0,0,0
MMR001018,2022-12-01,0,0,0,0,0
MMR002001,2022-12-01,2,0,2,0,0
MMR002002,2022-12-01,13,7,5,1,33
MMR002003,2022-12-01,5,3,2,0,12
MMR002004,2022-12-01,0,0,0,0,0
MMR002005,2022-12-01,1,1,0,0,11
MMR002006,2022-12-01,0,0,0,0,0
MMR002007,2022-12-01,0,0,0,0,0
MMR003001,2022-12-01,1,0,0,1,0
MMR003002,2022-12-01,0,0,0,0,0
MMR003003,2022-12-01,16,13,3,0,9
MMR003004,2022-12-01,1,0,0,1,0
MMR003005,2022-12-01,0,0,0,0,0
MMR003006,2022-12-01,40,12,27,1,27
MMR003007,2022-12-01,9,1,8,0,14
MMR004001,2022-12-01,0,0,0,0,0
MMR004002,2022-12-01,0,0,0,0,0
MMR004003,2022-12-01,0,0,0,0,0
MMR004004,2022-12-01,1,1,0,0,3
MMR004005,2022-12-01,0,0,0,0,0
MMR004006,2022-12-01,2,1,1,0,3
MMR004007,2022-12-01,0,0,0,0,0
MMR004008,2022-12-01,1,0,0,1,0
MMR004009,2022-12-01,2,1,1,0,2
MMR005001,2022-12-01,17,6,6,5,32
MMR005002,2022-12-01,10,4,6,0,10
MMR005003,2022-12-01,18,11,7,0,36
MMR005004,2022-12-01,20,3,12,5,23
MMR005005,2022-12-01,12,1,6,5,30
MMR005006,2022-12-01,7,4,3,0,12
MMR005007,2022-12-01,27,10,11,6,15
MMR005008,2022-12-01,1,0,1,0,0
MMR005009,2022-12-01,6,3,1,2,21
MMR005010,2022-12-01,12,2,6,4,13
MMR005011,2022-12-01,9,5,4,0,12
MMR005012,2022-12-01,29,16,10,3,54
MMR005013,2022-12-01,6,3,2,1,9
MMR005014,2022-12-01,12,5,5,2,19
MMR005015,2022-12-01,13,3,10,0,17
MMR005016,2022-12-01,7,3,4,0,24
MMR005017,2022-12-01,14,8,5,1,43
MMR005018,2022-12-01,10,6,2,2,17
MMR005019,2022-12-01,13,10,3,0,32
MMR005020,2022-12-01,3,2,0,1,8
MMR005021,2022-12-01,10,5,2,3,73
MMR005022,2022-12-01,10,5,2,3,15
MMR005023,2022-12-01,0,0,0,0,0
MMR005024,2022-12-01,10,5,2,3,20
MMR005025,2022-12-01,0,0,0,0,0
MMR005026,2022-12-01,0,0,0,0,0
MMR005027,2022-12-01,18,5,7,6,39
MMR005028,2022-12-01,0,0,0,0,0
MMR005029,2022-12-01,8,7,1,0,14
MMR005030,2022-12-01,4,3,0,1,11
MMR005031,2022-12-01,11,2,2,7,15
MMR005032,2022-12-01,1,0,0,1,1
MMR005033,2022-12-01,0,0,0,0,0
MMR005034,2022-12-01,0,0,0,0,0
MMR005035,2022-12-01,0,0,0,0,0
MMR005036,2022-12-01,0,0,0,0,0
MMR005037,2022-12-01,0,0,0,0,0
MMR006001,2022-12-01,6,3,2,1,10
MMR006002,2022-12-01,16,9,4,3,8
MMR006003,2022-12-01,12,6,4,2,26
MMR006004,2022-12-01,4,2,1,1,4
MMR006005,2022-12-01,0,0,0,0,0
MMR006006,2022-12-01,0,0,0,0,0
MMR006007,2022-12-01,26,18,6,2,49
MMR006008,2022-12-01,6,3,3,0,10
MMR006009,2022-12-01,0,0,0,0,0
MMR006010,2022-12-01,3,3,0,0,3
MMR007001,2022-12-01,3,1,2,0,3
MMR007002,2022-12-01,1,0,0,1,1
MMR007003,2022-12-01,0,0,0,0,0
MMR007004,2022-12-01,1,0,1,0,0
MMR007005,2022-12-01,0,0,0,0,0
MMR007006,2022-12-01,0,0,0,0,0
MMR007007,2022-12-01,0,0,0,0,0
MMR007008,2022-12-01,4,1,2,1,1
MMR007009,2022-12-01,3,1,2,0,5
MMR007010,2022-12-01,6,3,3,0,19
MMR007011,2022-12-01,3,1,2,0,1
MMR007012,2022-12-01,1,1,0,0,2
MMR007013,2022-12-01,2,0,0,2,2
MMR007014,2022-12-01,1,0,0,1,1
MMR008001,2022-12-01,0,0,0,0,0
MMR008002,2022-12-01,0,0,0,0,0
MMR008003,2022-12-01,0,0,0,0,0
MMR008004,2022-12-01,1,1,0,0,0
MMR008005,2022-12-01,0,0,0,0,0
MMR008006,2022-12-01,1,1,0,0,1
MMR008007,2022-12-01,2,1,1,0,0
MMR008008,2022-12-01,0,0,0,0,0
MMR008009,2022-12-01,0,0,0,0,0
MMR008010,2022-12-01,1,1,0,0,1
MMR008011,2022-12-01,1,0,0,1,1
MMR008012,2022-12-01,1,0,0,1,1
MMR008013,2022-12-01,0,0,0,0,0
MMR008014,2022-12-01,0,0,0,0,0
MMR009001,2022-12-01,0,0,0,0,0
MMR009002,2022-12-01,2,0,2,0,0
MMR009003,2022-12-01,1,0,1,0,0
MMR009004,2022-12-01,0,0,0,0,0
MMR009005,2022-12-01,0,0,0,0,0
MMR009006,2022-12-01,1,0,1,0,14
MMR009007,2022-12-01,0,0,0,0,0
MMR009008,2022-12-01,3,0,1,2,1
MMR009009,2022-12-01,0,0,0,0,0
MMR009010,2022-12-01,1,1,0,0,0
MMR009011,2022-12-01,0,0,0,0,0
MMR009012,2022-12-01,0,0,0,0,0
MMR009013,2022-12-01,1,1,0,0,4
MMR009014,2022-12-01,2,0,1,1,2
MMR009015,2022-12-01,0,0,0,0,0
MMR009016,2022-12-01,1,0,1,0,0
MMR009017,2022-12-01,1,0,0,1,1
MMR009018,2022-12-01,14,6,5,3,32
MMR009019,2022-12-01,20,11,4,5,57
MMR009020,2022-12-01,31,10,16,5,35
MMR009021,2022-12-01,17,8,4,5,19
MMR009022,2022-12-01,1,0,0,1,1
MMR009023,2022-12-01,9,1,5,3,11
MMR009024,2022-12-01,2,2,0,0,4
MMR009025,2022-12-01,5,2,2,1,15
MMR010001,2022-12-01,2,0,2,0,1
MMR010002,2022-12-01,2,0,1,1,1
MMR010003,2022-12-01,2,0,1,1,1
MMR010004,2022-12-01,1,1,0,0,0
MMR010005,2022-12-01,5,2,3,0,5
MMR010006,2022-12-01,4,1,2,1,2
MMR010007,2022-12-01,2,0,2,0,2
MMR010008,2022-12-01,0,0,0,0,0
MMR010009,2022-12-01,14,2,7,5,11
MMR010010,2022-12-01,1,1,0,0,1
MMR010011,2022-12-01,1,0,0,1,1
MMR010012,2022-12-01,10,5,4,1,29
MMR010013,2022-12-01,3,0,3,0,8
MMR010014,2022-12-01,1,0,1,0,0
MMR010015,2022-12-01,0,0,0,0,0
MMR010016,2022-12-01,0,0,0,0,0
MMR010017,2022-12-01,11,2,2,7,28
MMR010018,2022-12-01,1,1,0,0,0
MMR010019,2022-12-01,4,1,0,3,8
MMR010020,2022-12-01,1,0,0,1,1
MMR010021,2022-12-01,8,3,1,4,14
MMR010022,2022-12-01,3,2,0,1,6
MMR010023,2022-12-01,0,0,0,0,0
MMR010024,2022-12-01,0,0,0,0,0
MMR010028,2022-12-01,0,0,0,0,0
MMR010029,2022-12-01,0,0,0,0,0
MMR010030,2022-12-01,0,0,0,0,0
MMR010031,2022-12-01,3,1,1,1,3
MMR011001,2022-12-01,1,0,0,1,0
MMR011002,2022-12-01,2,0,2,0,4
MMR011003,2022-12-01,0,0,0,0,0
MMR011004,2022-12-01,2,0,2,0,14
MMR011005,2022-12-01,1,0,1,0,1
MMR011006,2022-12-01,10,5,4,1,16
MMR011007,2022-12-01,2,0,2,0,12
MMR011008,2022-12-01,2,2,0,0,2
MMR011009,2022-12-01,8,0,5,3,6
MMR011010,2022-12-01,5,2,2,1,9
MMR012001,2022-12-01,0,0,0,0,0
MMR012002,2022-12-01,0,0,0,0,0
MMR012003,2022-12-01,0,0,0,0,0
MMR012004,2022-12-01,0,0,0,0,0
MMR012005,2022-12-01,1,0,0,1,0
MMR012006,2022-12-01,0,0,0,0,0
MMR012007,2022-12-01,0,0,0,0,0
MMR012008,2022-12-01,0,0,0,0,0
MMR012009,2022-12-01,2,0,1,1,2
MMR012010,2022-12-01,1,0,1,0,0
MMR012011,2022-12-01,0,0,0,0,0
MMR012012,2022-12-01,0,0,0,0,0
MMR012013,2022-12-01,0,0,0,0,0
MMR012014,2022-12-01,0,0,0,0,0
MMR012015,2022-12-01,0,0,0,0,0
MMR012016,2022-12-01,1,0,0,1,0
MMR012017,2022-12-01,0,0,0,0,0
MMR013001,2022-12-01,2,0,1,1,0
MMR013002,2022-12-01,4,0,3,1,13
MMR013003,2022-12-01,1,0,1,0,0
MMR013004,2022-12-01,2,0,1,1,13
MMR013005,2022-12-01,0,0,0,0,0
MMR013006,2022-12-01,0,0,0,0,0
MMR013007,2022-12-01,1,0,1,0,3
MMR013009,2022-12-01,0,0,0,0,0
MMR013010,2022-12-01,0,0,0,0,0
MMR013011,2022-12-01,3,0,3,0,0
MMR013012,2022-12-01,2,0,2,0,1
MMR013013,2022-12-01,2,0,0,2,1
MMR013014,2022-12-01,0,0,0,0,0
MMR013015,2022-12-01,2,0,2,0,0
MMR013016,2022-12-01,0,0,0,0,0
MMR013017,2022-12-01,1,0,1,0,0
MMR013018,2022-12-01,2,0,2,0,0
MMR013019,2022-12-01,4,0,4,0,0
MMR013020,2022-12-01,2,0,2,0,0
MMR013021,2022-12-01,0,0,0,0,0
MMR013022,2022-12-01,0,0,0,0,0
MMR013023,2022-12-01,0,0,0,0,0
MMR013024,2022-12-01,0,0,0,0,0
MMR013025,2022-12-01,0,0,0,0,0
MMR013026,2022-12-01,0,0,0,0,0
MMR013027,2022-12-01,1,0,0,1,0
MMR013028,2022-12-01,0,0,0,0,0
MMR013029,2022-12-01,0,0,0,0,0
MMR013030,2022-12-01,0,0,0,0,0
MMR013031,2022-12-01,0,0,0,0,0
MMR013032,2022-12-01,0,0,0,0,0
MMR013033,2022-12-01,0,0,0,0,0
MMR013034,2022-12-01,0,0,0,0,0
MMR013035,2022-12-01,0,0,0,0,0
MMR013036,2022-12-01,1,0,1,0,0
MMR013037,2022-12-01,0,0,0,0,0
MMR013038,2022-12-01,1,0,1,0,0
MMR013039,2022-12-01,1,0,0,1,2
MMR013040,2022-12-01,3,1,2,0,0
MMR013041,2022-12-01,2,0,1,1,0
MMR013042,2022-12-01,0,0,0,0,0
MMR013043,2022-12-01,0,0,0,0,0
MMR013044,2022-12-01,1,0,1,0,0
MMR013046,2022-12-01,2,0,2,0,0
MMR013047,2022-12-01,0,0,0,0,0
MMR014001,2022-12-01,1,0,1,0,0
MMR014002,2022-12-01,1,0,0,1,0
MMR014003,2022-12-01,0,0,0,0,0
MMR014004,2022-12-01,1,1,0,0,0
MMR014005,2022-12-01,0,0,0,0,0
MMR014006,2022-12-01,0,0,0,0,0
MMR014007,2022-12-01,1,1,0,0,0
MMR014008,2022-12-01,0,0,0,0,0
MMR014009,2022-12-01,0,0,0,0,0
MMR014010,2022-12-01,3,1,1,1,2
MMR014011,2022-12-01,0,0,0,0,0
MMR014012,2022-12-01,0,0,0,0,0
MMR014013,2022-12-01,0,0,0,0,0
MMR014014,2022-12-01,0,0,0,0,0
MMR014015,2022-12-01,1,0,0,1,0
MMR014016,2022-12-01,0,0,0,0,0
MMR014017,2022-12-01,0,0,0,0,0
MMR014018,2022-12-01,0,0,0,0,0
MMR014019,2022-12-01,0,0,0,0,0
MMR014020,2022-12-01,0,0,0,0,0
MMR014021,2022-12-01,0,0,0,0,0
MMR015001,2022-12-01,0,0,0,0,0
MMR015002,2022-12-01,3,1,1,1,5
MMR015003,2022-12-01,0,0,0,0,0
MMR015004,2022-12-01,0,0,0,0,0
MMR015005,2022-12-01,0,0,0,0,0
MMR015006,2022-12-01,0,0,0,0,0
MMR015007,2022-12-01,0,0,0,0,0
MMR015008,2022-12-01,0,0,0,0,0
MMR015009,2022-12-01,6,5,1,0,6
MMR015010,2022-12-01,0,0,0,0,0
MMR015011,2022-12-01,1,0,1,0,0
MMR015012,2022-12-01,0,0,0,0,0
MMR015013,2022-12-01,1,1,0,0,8
MMR015014,2022-12-01,0,0,0,0,0
MMR015015,2022-12-01,0,0,0,0,0
MMR015016,2022-12-01,13,7,6,0,49
MMR015017,2022-12-01,11,8,3,0,1
MMR015018,2022-12-01,0,0,0,0,0
MMR015019,2022-12-01,0,0,0,0,0
MMR015020,2022-12-01,0,0,0,0,0
MMR015021,2022-12-01,0,0,0,0,0
MMR015022,2022-12-01,1,1,0,0,0
MMR015023,2022-12-01,0,0,0,0,0
MMR015024,2022-12-01,0,0,0,0,0
MMR016001,2022-12-01,0,0,0,0,0
MMR016002,2022-12-01,0,0,0,0,0
MMR016003,2022-12-01,0,0,0,0,0
MMR016005,2022-12-01,0,0,0,0,0
MMR016006,2022-12-01,0,0,0,0,0
MMR016007,2022-12-01,0,0,0,0,0
MMR016008,2022-12-01,0,0,0,0,0
MMR016009,2022-12-01,0,0,0,0,0
MMR016010,2022-12-01,0,0,0,0,0
MMR016011,2022-12-01,0,0,0,0,0
MMR017001,2022-12-01,1,0,0,1,0
MMR017002,2022-12-01,1,0,1,0,0
MMR017003,2022-12-01,0,0,0,0,0
MMR017004,2022-12-01,0,0,0,0,0
MMR017005,2022-12-01,0,0,0,0,0
MMR017006,2022-12-01,0,0,0,0,0
MMR017007,2022-12-01,0,0,0,0,0
MMR017008,2022-12-01,0,0,0,0,0
MMR017009,2022-12-01,0,0,0,0,0
MMR017010,2022-12-01,0,0,0,0,0
MMR017011,2022-12-01,0,0,0,0,0
MMR017012,2022-12-01,0,0,0,0,0
MMR017013,2022-12-01,0,0,0,0,0
MMR017014,2022-12-01,0,0,0,0,0
MMR017015,2022-12-01,0,0,0,0,0
MMR017016,2022-12-01,0,0,0,0,0
MMR017017,2022-12-01,0,0,0,0,0
MMR017018,2022-12-01,2,1,1,0,2
MMR017019,2022-12-01,0,0,0,0,0
MMR017020,2022-12-01,0,0,0,0,0
MMR017021,2022-12-01,0,0,0,0,0
MMR017022,2022-12-01,0,0,0,0,0
MMR017023,2022-12-01,0,0,0,0,0
MMR017024,2022-12-01,0,0,0,0,0
MMR017025,2022-12-01,0,0,0,0,0
MMR017026,2022-12-01,2,0,1,1,0
MMR018001,2022-12-01,0,0,0,0,0
MMR018002,2022-12-01,0,0,0,0,0
MMR018003,2022-12-01,0,0,0,0,0
MMR018004,2022-12-01,0,0,0,0,0
MMR018005,2022-12-01,2,1,0,1,3
MMR018006,2022-12-01,1,0,1,0,0
MMR018007,2022-12-01,1,0,1,0,0
MMR018008,2022-12-01,1,0,1,0,0
MMR001001,2023-01-01,5,1,3,1,2
MMR001002,2023-01-01,3,2,1,0,1
MMR001003,2023-01-01,0,0,0,0,0
MMR001004,2023-01-01,2,0,2,0,4
MMR001005,2023-01-01,0,0,0,0,0
MMR001006,2023-01-01,0,0,0,0,0
MMR001007,2023-01-01,5,1,1,3,3
MMR001008,2023-01-01,2,0,1,1,1
MMR001009,2023-01-01,21,7,8,6,17
MMR001010,2023-01-01,1,1,0,0,0
MMR001011,2023-01-01,0,0,0,0,0
MMR001012,2023-01-01,2,2,0,0,0
MMR001013,2023-01-01,0,0,0,0,0
MMR001014,2023-01-01,0,0,0,0,0
MMR001015,2023-01-01,1,1,0,0,7
MMR001016,2023-01-01,0,0,0,0,0
MMR001017,2023-01-01,0,0,0,0,0
MMR001018,2023-01-01,0,0,0,0,0
MMR002001,2023-01-01,11,4,7,0,4
MMR002002,2023-01-01,14,10,4,0,16
MMR002003,2023-01-01,4,2,2,0,2
MMR002004,2023-01-01,0,0,0,0,0
MMR002005,2023-01-01,2,2,0,0,7
MMR002006,2023-01-01,0,0,0,0,0
MMR002007,2023-01-01,0,0,0,0,0
MMR003001,2023-01-01,1,0,0,1,1
MMR003002,2023-01-01,0,0,0,0,0
MMR003003,2023-01-01,4,2,2,0,28
MMR003004,2023-01-01,12,4,3,5,11
MMR003005,2023-01-01,2,0,2,0,4
MMR003006,2023-01-01,23,12,9,2,102
MMR003007,2023-01-01,22,11,8,3,77
MMR004001,2023-01-01,2,2,0,0,1
MMR004002,2023-01-01,4,4,0,0,8
MMR004003,2023-01-01,4,1,3,0,5
MMR004004,2023-01-01,1,1,0,0,2
MMR004005,2023-01-01,1,1,0,0,2
MMR004006,2023-01-01,12,2,7,3,3
MMR004007,2023-01-01,7,6,0,1,27
MMR004008,2023-01-01,0,0,0,0,0
MMR004009,2023-01-01,2,2,0,0,10
MMR005001,2023-01-01,16,8,4,4,31
MMR005002,2023-01-01,15,6,9,0,65
MMR005003,2023-01-01,18,4,10,4,27
MMR005004,2023-01-01,21,9,7,5,63
MMR005005,2023-01-01,13,5,4,4,13
MMR005006,2023-01-01,18,13,2,3,37
MMR005007,2023-01-01,25,10,11,4,27
MMR005008,2023-01-01,1,0,0,1,2
MMR005009,2023-01-01,5,1,3,1,8
MMR005010,2023-01-01,10,5,1,4,23
MMR005011,2023-01-01,4,3,1,0,26
MMR005012,2023-01-01,19,9,8,2,20
MMR005013,2023-01-01,8,2,4,2,9
MMR005014,2023-01-01,12,2,7,3,48
MMR005015,2023-01-01,6,2,2,2,5
MMR005016,2023-01-01,8,4,2,2,5
MMR005017,2023-01-01,10,9,0,1,53
MMR005018,2023-01-01,19,9,4,6,38
MMR005019,2023-01-01,19,16,2,1,55
MMR005020,2023-01-01,12,8,3,1,50
MMR005021,2023-01-01,8,4,2,2,7
MMR005022,2023-01-01,13,4,7,2,12
MMR005023,2023-01-01,0,0,0,0,0
MMR005024,2023-01-01,8,3,4,1,6
MMR005025,2023-01-01,3,2,0,1,12
MMR005026,2023-01-01,0,0,0,0,0
MMR005027,2023-01-01,7,5,1,1,21
MMR005028,2023-01-01,1,1,0,0,6
MMR005029,2023-01-01,4,3,1,0,9
MMR005030,2023-01-01,2,0,0,2,4
MMR005031,2023-01-01,0,0,0,0,0
MMR005032,2023-01-01,1,0,1,0,1
MMR005033,2023-01-01,0,0,0,0,0
MMR005034,2023-01-01,7,6,0,1,9
MMR005035,2023-01-01,0,0,0,0,0
MMR005036,2023-01-01,0,0,0,0,0
MMR005037,2023-01-01,0,0,0,0,0
MMR006001,2023-01-01,9,4,3,2,31
MMR006002,2023-01-01,7,5,0,2,6
MMR006003,2023-01-01,2,0,2,0,0
MMR006004,2023-01-01,11,1,2,8,4
MMR006005,2023-01-01,0,0,0,0,0
MMR006006,2023-01-01,0,0,0,0,0
MMR006007,2023-01-01,26,15,3,8,33
MMR006008,2023-01-01,20,14,4,2,44
MMR006009,2023-01-01,2,0,0,2,0
MMR006010,2023-01-01,3,1,0,2,11
MMR007001,2023-01-01,1,0,0,1,1
MMR007002,2023-01-01,0,0,0,0,0
MMR007003,2023-01-01,0,0,0,0,0
MMR007004,2023-01-01,0,0,0,0,0
MMR007005,2023-01-01,5,2,2,1,5
MMR007006,2023-01-01,6,1,4,1,2
MMR007007,2023-01-01,1,0,0,1,0
MMR007008,2023-01-01,0,0,0,0,0
MMR007009,2023-01-01,3,2,0,1,7
MMR007010,2023-01-01,3,2,1,0,50
MMR007011,2023-01-01,27,4,23,0,40
MMR007012,2023-01-01,3,1,2,0,1
MMR007013,2023-01-01,0,0,0,0,0
MMR007014,2023-01-01,3,1,0,2,7
MMR008001,2023-01-01,0,0,0,0,0
MMR008002,2023-01-01,0,0,0,0,0
MMR008003,2023-01-01,0,0,0,0,0
MMR008004,2023-01-01,2,1,1,0,5
MMR008005,2023-01-01,3,0,2,1,2
MMR008006,2023-01-01,0,0,0,0,0
MMR008007,2023-01-01,0,0,0,0,0
MMR008008,2023-01-01,0,0,0,0,0
MMR008009,2023-01-01,2,1,1,0,6
MMR008010,2023-01-01,5,1,3,1,2
MMR008011,2023-01-01,0,0,0,0,0
MMR008012,2023-01-01,4,2,1,1,7
MMR008013,2023-01-01,1,0,1,0,0
MMR008014,2023-01-01,2,1,1,0,0
MMR009001,2023-01-01,0,0,0,0,0
MMR009002,2023-01-01,3,1,1,1,1
MMR009003,2023-01-01,3,0,2,1,1
MMR009004,2023-01-01,0,0,0,0,0
MMR009005,2023-01-01,0,0,0,0,0
MMR009006,2023-01-01,4,0,1,3,12
MMR009007,2023-01-01,0,0,0,0,0
MMR009008,2023-01-01,2,0,0,2,1
MMR009009,2023-01-01,1,0,1,0,0
MMR009010,2023-01-01,2,0,1,1,6
MMR009011,2023-01-01,0,0,0,0,0
MMR009012,2023-01-01,2,0,2,0,0
MMR009013,2023-01-01,0,0,0,0,0
MMR009014,2023-01-01,4,2,2,0,0
MMR009015,2023-01-01,2,0,2,0,0
MMR009016,2023-01-01,0,0,0,0,0
MMR009017,2023-01-01,3,0,2,1,1
MMR009018,2023-01-01,15,6,5,4,31
MMR009019,2023-01-01,13,6,4,3,22
MMR009020,2023-01-01,27,12,13,2,69
MMR009021,2023-01-01,16,8,6,2,10
MMR009022,2023-01-01,6,2,4,0,17
MMR009023,2023-01-01,4,3,1,0,0
MMR009024,2023-01-01,0,0,0,0,0
MMR009025,2023-01-01,5,2,2,1,19
MMR010001,2023-01-01,2,0,2,0,0
MMR010002,2023-01-01,4,0,4,0,0
MMR010003,2023-01-01,7,1,4,2,4
MMR010004,2023-01-01,1,1,0,0,0
MMR010005,2023-01-01,5,2,1,2,3
MMR010006,2023-01-01,2,0,2,0,0
MMR010007,2023-01-01,2,0,1,1,1
MMR010008,2023-01-01,1,1,0,0,1
MMR010009,2023-01-01,15,2,9,4,22
MMR010010,2023-01-01,5,2,3,0,5
MMR010011,2023-01-01,5,1,4,0,1
MMR010012,2023-01-01,12,3,5,4,12
MMR010013,2023-01-01,2,0,0,2,2
MMR010014,2023-01-01,0,0,0,0,0
MMR010015,2023-01-01,1,0,0,1,1
MMR010016,2023-01-01,1,0,0,1,1
MMR010017,2023-01-01,6,2,2,2,12
MMR010018,2023-01-01,0,0,0,0,0
MMR010019,2023-01-01,12,4,6,2,9
MMR010020,2023-01-01,0,0,0,0,0
MMR010021,2023-01-01,8,4,1,3,37
MMR010022,2023-01-01,1,0,0,1,1
MMR010023,2023-01-01,0,0,0,0,0
MMR010024,2023-01-01,1,0,1,0,0
MMR010028,2023-01-01,0,0,0,0,0
MMR010029,2023-01-01,0,0,0,0,0
MMR010030,2023-01-01,0,0,0,0,0
MMR010031,2023-01-01,0,0,0,0,0
MMR011001,2023-01-01,0,0,0,0,0
MMR011002,2023-01-01,3,0,2,1,0
MMR011003,2023-01-01,0,0,0,0,0
MMR011004,2023-01-01,2,1,1,0,3
MMR011005,2023-01-01,1,0,1,0,0
MMR011006,2023-01-01,29,11,14,4,32
MMR011007,2023-01-01,9,3,4,2,7
MMR011008,2023-01-01,1,0,1,0,0
MMR011009,2023-01-01,12,1,6,5,14
MMR011010,2023-01-01,6,4,2,0,19
MMR012001,2023-01-01,1,1,0,0,3
MMR012002,2023-01-01,1,0,0,1,0
MMR012003,2023-01-01,1,0,1,0,0
MMR012004,2023-01-01,0,0,0,0,0
MMR012005,2023-01-01,2,0,2,0,6
MMR012006,2023-01-01,1,0,0,1,0
MMR012007,2023-01-01,0,0,0,0,0
MMR012008,2023-01-01,0,0,0,0,0
MMR012009,2023-01-01,1,1,0,0,2
MMR012010,2023-01-01,1,0,1,0,1
MMR012011,2023-01-01,0,0,0,0,0
MMR012012,2023-01-01,0,0,0,0,0
MMR012013,2023-01-01,0,0,0,0,0
MMR012014,2023-01-01,0,0,0,0,0
MMR012015,2023-01-01,0,0,0,0,0
MMR012016,2023-01-01,0,0,0,0,0
MMR012017,2023-01-01,0,0,0,0,0
MMR013001,2023-01-01,0,0,0,0,0
MMR013002,2023-01-01,2,0,2,0,0
MMR013003,2023-01-01,1,0,1,0,0
MMR013004,2023-01-01,0,0,0,0,0
MMR013005,2023-01-01,0,0,0,0,0
MMR013006,2023-01-01,0,0,0,0,0
MMR013007,2023-01-01,3,0,0,3,0
MMR013009,2023-01-01,0,0,0,0,0
MMR013010,2023-01-01,0,0,0,0,0
MMR013011,2023-01-01,2,1,1,0,1
MMR013012,2023-01-01,0,0,0,0,0
MMR013013,2023-01-01,3,0,1,2,2
MMR013014,2023-01-01,0,0,0,0,0
MMR013015,2023-01-01,2,0,2,0,0
MMR013016,2023-01-01,0,0,0,0,0
MMR013017,2023-01-01,0,0,0,0,0
MMR013018,2023-01-01,0,0,0,0,0
MMR013019,2023-01-01,1,0,0,1,0
MMR013020,2023-01-01,0,0,0,0,0
MMR013021,2023-01-01,1,0,0,1,0
MMR013022,2023-01-01,1,1,0,0,0
MMR013023,2023-01-01,0,0,0,0,0
MMR013024,2023-01-01,0,0,0,0,0
MMR013025,2023-01-01,1,1,0,0,1
MMR013026,2023-01-01,0,0,0,0,0
MMR013027,2023-01-01,0,0,0,0,0
MMR013028,2023-01-01,0,0,0,0,0
MMR013029,2023-01-01,0,0,0,0,0
MMR013030,2023-01-01,0,0,0,0,0
MMR013031,2023-01-01,0,0,0,0,0
MMR013032,2023-01-01,0,0,0,0,0
MMR013033,2023-01-01,0,0,0,0,0
MMR013034,2023-01-01,0,0,0,0,0
MMR013035,2023-01-01,0,0,0,0,0
MMR013036,2023-01-01,0,0,0,0,0
MMR013037,2023-01-01,0,0,0,0,0
MMR013038,2023-01-01,0,0,0,0,0
MMR013039,2023-01-01,0,0,0,0,0
MMR013040,2023-01-01,1,0,0,1,1
MMR013041,2023-01-01,1,0,1,0,0
MMR013042,2023-01-01,2,0,1,1,2
MMR013043,2023-01-01,0,0,0,0,0
MMR013044,2023-01-01,0,0,0,0,0
MMR013046,2023-01-01,3,0,2,1,1
MMR013047,2023-01-01,0,0,0,0,0
MMR014001,2023-01-01,0,0,0,0,0
MMR014002,2023-01-01,5,2,0,3,18
MMR014003,2023-01-01,0,0,0,0,0
MMR014004,2023-01-01,0,0,0,0,0
MMR014005,2023-01-01,0,0,0,0,0
MMR014006,2023-01-01,0,0,0,0,0
MMR014007,2023-01-01,0,0,0,0,0
MMR014008,2023-01-01,0,0,0,0,0
MMR014009,2023-01-01,3,0,1,2,1
MMR014010,2023-01-01,8,4,4,0,2
MMR014011,2023-01-01,0,0,0,0,0
MMR014012,2023-01-01,0,0,0,0,0
MMR014013,2023-01-01,0,0,0,0,0
MMR014014,2023-01-01,0,0,0,0,0
MMR014015,2023-01-01,0,0,0,0,0
MMR014016,2023-01-01,0,0,0,0,0
MMR014017,2023-01-01,0,0,0,0,0
MMR014018,2023-01-01,0,0,0,0,0
MMR014019,2023-01-01,0,0,0,0,0
MMR014020,2023-01-01,0,0,0,0,0
MMR014021,2023-01-01,0,0,0,0,0
MMR015001,2023-01-01,6,5,1,0,2
MMR015002,2023-01-01,4,3,1,0,34
MMR015003,2023-01-01,1,0,0,1,0
MMR015004,2023-01-01,0,0,0,0,0
MMR015005,2023-01-01,0,0,0,0,0
MMR015006,2023-01-01,0,0,0,0,0
MMR015007,2023-01-01,0,0,0,0,0
MMR015008,2023-01-01,0,0,0,0,0
MMR015009,2023-01-01,1,0,1,0,0
MMR015010,2023-01-01,0,0,0,0,0
MMR015011,2023-01-01,4,3,1,0,0
MMR015012,2023-01-01,0,0,0,0,0
MMR015013,2023-01-01,0,0,0,0,0
MMR015014,2023-01-01,2,0,0,2,0
MMR015015,2023-01-01,0,0,0,0,0
MMR015016,2023-01-01,0,0,0,0,0
MMR015017,2023-01-01,0,0,0,0,0
MMR015018,2023-01-01,0,0,0,0,0
MMR015019,2023-01-01,0,0,0,0,0
MMR015020,2023-01-01,0,0,0,0,0
MMR015021,2023-01-01,0,0,0,0,0
MMR015022,2023-01-01,0,0,0,0,0
MMR015023,2023-01-01,0,0,0,0,0
MMR015024,2023-01-01,0,0,0,0,0
MMR016001,2023-01-01,0,0,0,0,0
MMR016002,2023-01-01,0,0,0,0,0
MMR016003,2023-01-01,0,0,0,0,0
MMR016005,2023-01-01,0,0,0,0,0
MMR016006,2023-01-01,0,0,0,0,0
MMR016007,2023-01-01,0,0,0,0,0
MMR016008,2023-01-01,0,0,0,0,0
MMR016009,2023-01-01,0,0,0,0,0
MMR016010,2023-01-01,0,0,0,0,0
MMR016011,2023-01-01,0,0,0,0,0
MMR017001,2023-01-01,2,0,0,2,1
MMR017002,2023-01-01,0,0,0,0,0
MMR017003,2023-01-01,0,0,0,0,0
MMR017004,2023-01-01,0,0,0,0,0
MMR017005,2023-01-01,1,0,1,0,0
MMR017006,2023-01-01,0,0,0,0,0
MMR017007,2023-01-01,0,0,0,0,0
MMR017008,2023-01-01,1,0,0,1,1
MMR017009,2023-01-01,0,0,0,0,0
MMR017010,2023-01-01,0,0,0,0,0
MMR017011,2023-01-01,0,0,0,0,0
MMR017012,2023-01-01,0,0,0,0,0
MMR017013,2023-01-01,1,0,1,0,0
MMR017014,2023-01-01,0,0,0,0,0
MMR017015,2023-01-01,0,0,0,0,0
MMR017016,2023-01-01,0,0,0,0,0
MMR017017,2023-01-01,0,0,0,0,0
MMR017018,2023-01-01,0,0,0,0,0
MMR017019,2023-01-01,0,0,0,0,0
MMR017020,2023-01-01,0,0,0,0,0
MMR017021,2023-01-01,0,0,0,0,0
MMR017022,2023-01-01,0,0,0,0,0
MMR017023,2023-01-01,0,0,0,0,0
MMR017024,2023-01-01,0,0,0,0,0
MMR017025,2023-01-01,0,0,0,0,0
MMR017026,2023-01-01,0,0,0,0,0
MMR018001,2023-01-01,0,0,0,0,0
MMR018002,2023-01-01,0,0,0,0,0
MMR018003,2023-01-01,0,0,0,0,0
MMR018004,2023-01-01,0,0,0,0,0
MMR018005,2023-01-01,0,0,0,0,0
MMR018006,2023-01-01,0,0,0,0,0
MMR018007,2023-01-01,1,0,1,0,6
MMR018008,2023-01-01,0,0,0,0,0
MMR001001,2023-02-01,3,1,0,2,1
MMR001002,2023-02-01,5,3,0,2,0
MMR001003,2023-02-01,0,0,0,0,0
MMR001004,2023-02-01,3,0,3,0,0
MMR001005,2023-02-01,0,0,0,0,0
MMR001006,2023-02-01,0,0,0,0,0
MMR001007,2023-02-01,6,1,3,2,6
MMR001008,2023-02-01,0,0,0,0,0
MMR001009,2023-02-01,14,5,3,6,5
MMR001010,2023-02-01,0,0,0,0,0
MMR001011,2023-02-01,1,0,1,0,2
MMR001012,2023-02-01,2,1,1,0,0
MMR001013,2023-02-01,6,6,0,0,10
MMR001014,2023-02-01,0,0,0,0,0
MMR001015,2023-02-01,0,0,0,0,0
MMR001016,2023-02-01,0,0,0,0,0
MMR001017,2023-02-01,0,0,0,0,0
MMR001018,2023-02-01,0,0,0,0,0
MMR002001,2023-02-01,12,4,8,0,14
MMR002002,2023-02-01,6,1,4,1,9
MMR002003,2023-02-01,4,3,1,0,2
MMR002004,2023-02-01,4,4,0,0,10
MMR002005,2023-02-01,1,1,0,0,20
MMR002006,2023-02-01,1,1,0,0,0
MMR002007,2023-02-01,2,2,0,0,6
MMR003001,2023-02-01,1,0,1,0,0
MMR003002,2023-02-01,2,0,2,0,2
MMR003003,2023-02-01,5,2,3,0,1
MMR003004,2023-02-01,10,6,4,0,16
MMR003005,2023-02-01,15,11,4,0,21
MMR003006,2023-02-01,8,1,7,0,7
MMR003007,2023-02-01,5,2,2,1,13
MMR004001,2023-02-01,1,0,1,0,0
MMR004002,2023-02-01,2,0,2,0,0
MMR004003,2023-02-01,10,4,6,0,11
MMR004004,2023-02-01,0,0,0,0,0
MMR004005,2023-02-01,0,0,0,0,0
MMR004006,2023-02-01,3,1,2,0,5
MMR004007,2023-02-01,3,2,0,1,14
MMR004008,2023-02-01,0,0,0,0,0
MMR004009,2023-02-01,2,2,0,0,0
MMR005001,2023-02-01,14,5,6,3,28
MMR005002,2023-02-01,18,6,9,3,55
MMR005003,2023-02-01,4,1,3,0,6
MMR005004,2023-02-01,27,13,12,2,50
MMR005005,2023-02-01,12,5,3,4,41
MMR005006,2023-02-01,16,8,6,2,32
MMR005007,2023-02-01,21,11,7,3,85
MMR005008,2023-02-01,0,0,0,0,0
MMR005009,2023-02-01,3,2,1,0,12
MMR005010,2023-02-01,1,1,0,0,0
MMR005011,2023-02-01,10,4,6,0,58
MMR005012,2023-02-01,23,13,7,3,35
MMR005013,2023-02-01,5,4,1,0,29
MMR005014,2023-02-01,23,13,8,2,48
MMR005015,2023-02-01,3,0,3,0,0
MMR005016,2023-02-01,12,4,3,5,22
MMR005017,2023-02-01,6,5,1,0,6
MMR005018,2023-02-01,7,4,3,0,24
MMR005019,2023-02-01,14,10,4,0,15
MMR005020,2023-02-01,4,1,0,3,20
MMR005021,2023-02-01,3,0,1,2,1
MMR005022,2023-02-01,6,1,4,1,10
MMR005023,2023-02-01,1,1,0,0,0
MMR005024,2023-02-01,9,2,4,3,39
MMR005025,2023-02-01,7,3,2,2,4
MMR005026,2023-02-01,0,0,0,0,0
MMR005027,2023-02-01,13,5,5,3,29
MMR005028,2023-02-01,0,0,0,0,0
MMR005029,2023-02-01,7,3,3,1,3
MMR005030,2023-02-01,1,0,1,0,1
MMR005031,2023-02-01,0,0,0,0,0
MMR005032,2023-02-01,1,0,0,1,1
MMR005033,2023-02-01,0,0,0,0,0
MMR005034,2023-02-01,11,8,0,3,66
MMR005035,2023-02-01,0,0,0,0,0
MMR005036,2023-02-01,0,0,0,0,0
MMR005037,2023-02-01,0,0,0,0,0
MMR006001,2023-02-01,8,7,1,0,14
MMR006002,2023-02-01,11,6,3,2,8
MMR006003,2023-02-01,7,3,0,4,11
MMR006004,2023-02-01,4,2,2,0,18
MMR006005,2023-02-01,2,1,1,0,3
MMR006006,2023-02-01,1,0,0,1,1
MMR006007,2023-02-01,20,11,6,3,34
MMR006008,2023-02-01,4,1,2,1,2
MMR006009,2023-02-01,5,3,1,1,15
MMR006010,2023-02-01,4,0,1,3,3
MMR007001,2023-02-01,1,0,1,0,0
MMR007002,2023-02-01,0,0,0,0,0
MMR007003,2023-02-01,0,0,0,0,0
MMR007004,2023-02-01,1,1,0,0,2
MMR007005,2023-02-01,7,1,6,0,16
MMR007006,2023-02-01,4,1,3,0,1
MMR007007,2023-02-01,2,0,2,0,2
MMR007008,2023-02-01,4,1,2,1,5
MMR007009,2023-02-01,1,0,0,1,0
MMR007010,2023-02-01,10,6,1,3,35
MMR007011,2023-02-01,11,4,5,2,7
MMR007012,2023-02-01,4,2,1,1,2
MMR007013,2023-02-01,0,0,0,0,0
MMR007014,2023-02-01,4,2,1,1,7
MMR008001,2023-02-01,0,0,0,0,0
MMR008002,2023-02-01,1,0,1,0,0
MMR008003,2023-02-01,0,0,0,0,0
MMR008004,2023-02-01,3,1,0,2,3
MMR008005,2023-02-01,0,0,0,0,0
MMR008006,2023-02-01,0,0,0,0,0
MMR008007,2023-02-01,0,0,0,0,0
MMR008008,2023-02-01,1,1,0,0,0
MMR008009,2023-02-01,1,0,0,1,1
MMR008010,2023-02-01,3,1,1,1,2
MMR008011,2023-02-01,0,0,0,0,0
MMR008012,2023-02-01,3,1,2,0,0
MMR008013,2023-02-01,0,0,0,0,0
MMR008014,2023-02-01,0,0,0,0,0
MMR009001,2023-02-01,2,1,1,0,1
MMR009002,2023-02-01,1,1,0,0,3
MMR009003,2023-02-01,5,2,2,1,5
MMR009004,2023-02-01,1,0,0,1,1
MMR009005,2023-02-01,0,0,0,0,0
MMR009006,2023-02-01,0,0,0,0,0
MMR009007,2023-02-01,0,0,0,0,0
MMR009008,2023-02-01,0,0,0,0,0
MMR009009,2023-02-01,2,0,1,1,1
MMR009010,2023-02-01,2,1,0,1,20
MMR009011,2023-02-01,0,0,0,0,0
MMR009012,2023-02-01,5,1,4,0,8
MMR009013,2023-02-01,1,1,0,0,2
MMR009014,2023-02-01,5,2,2,1,5
MMR009015,2023-02-01,1,0,1,0,0
MMR009016,2023-02-01,2,1,0,1,5
MMR009017,2023-02-01,1,0,0,1,1
MMR009018,2023-02-01,23,12,4,7,44
MMR009019,2023-02-01,23,16,6,1,55
MMR009020,2023-02-01,23,6,15,2,31
MMR009021,2023-02-01,13,10,2,1,14
MMR009022,2023-02-01,8,2,6,0,27
MMR009023,2023-02-01,6,5,1,0,7
MMR009024,2023-02-01,2,1,0,1,6
MMR009025,2023-02-01,7,3,3,1,30
MMR010001,2023-02-01,4,0,3,1,0
MMR010002,2023-02-01,2,1,0,1,3
MMR010003,2023-02-01,5,0,1,4,2
MMR010004,2023-02-01,5,0,3,2,2
MMR010005,2023-02-01,3,1,1,1,1
MMR010006,2023-02-01,0,0,0,0,0
MMR010007,2023-02-01,4,1,0,3,2
MMR010008,2023-02-01,0,0,0,0,0
MMR010009,2023-02-01,23,3,17,3,59
MMR010010,2023-02-01,7,2,0,5,10
MMR010011,2023-02-01,2,2,0,0,3
MMR010012,2023-02-01,5,3,2,0,10
MMR010013,2023-02-01,0,0,0,0,0
MMR010014,2023-02-01,4,2,2,0,13
MMR010015,2023-02-01,1,0,0,1,1
MMR010016,2023-02-01,4,0,1,3,5
MMR010017,2023-02-01,11,4,6,1,42
MMR010018,2023-02-01,1,0,0,1,1
MMR010019,2023-02-01,3,1,2,0,6
MMR010020,2023-02-01,0,0,0,0,0
MMR010021,2023-02-01,4,3,1,0,14
MMR010022,2023-02-01,2,1,0,1,2
MMR010023,2023-02-01,0,0,0,0,0
MMR010024,2023-02-01,0,0,0,0,0
MMR010028,2023-02-01,0,0,0,0,0
MMR010029,2023-02-01,0,0,0,0,0
MMR010030,2023-02-01,0,0,0,0,0
MMR010031,2023-02-01,0,0,0,0,0
MMR011001,2023-02-01,2,0,2,0,0
MMR011002,2023-02-01,0,0,0,0,0
MMR011003,2023-02-01,0,0,0,0,0
MMR011004,2023-02-01,5,1,3,1,2
MMR011005,2023-02-01,0,0,0,0,0
MMR011006,2023-02-01,18,8,8,2,22
MMR011007,2023-02-01,11,6,3,2,24
MMR011008,2023-02-01,2,1,0,1,2
MMR011009,2023-02-01,2,1,0,1,4
MMR011010,2023-02-01,8,2,6,0,7
MMR012001,2023-02-01,1,0,0,1,0
MMR012002,2023-02-01,1,0,1,0,2
MMR012003,2023-02-01,0,0,0,0,0
MMR012004,2023-02-01,2,0,2,0,2
MMR012005,2023-02-01,1,0,0,1,0
MMR012006,2023-02-01,2,0,0,2,1
MMR012007,2023-02-01,0,0,0,0,0
MMR012008,2023-02-01,0,0,0,0,0
MMR012009,2023-02-01,2,0,2,0,2
MMR012010,2023-02-01,0,0,0,0,0
MMR012011,2023-02-01,0,0,0,0,0
MMR012012,2023-02-01,0,0,0,0,0
MMR012013,2023-02-01,0,0,0,0,0
MMR012014,2023-02-01,1,0,1,0,0
MMR012015,2023-02-01,0,0,0,0,0
MMR012016,2023-02-01,1,0,0,1,0
MMR012017,2023-02-01,0,0,0,0,0
MMR013001,2023-02-01,5,0,3,2,7
MMR013002,2023-02-01,0,0,0,0,0
MMR013003,2023-02-01,1,0,1,0,0
MMR013004,2023-02-01,1,0,0,1,5
MMR013005,2023-02-01,0,0,0,0,0
MMR013006,2023-02-01,0,0,0,0,0
MMR013007,2023-02-01,0,0,0,0,0
MMR013009,2023-02-01,0,0,0,0,0
MMR013010,2023-02-01,0,0,0,0,0
MMR013011,2023-02-01,0,0,0,0,0
MMR013012,2023-02-01,3,1,1,1,10
MMR013013,2023-02-01,2,1,0,1,1
MMR013014,2023-02-01,0,0,0,0,0
MMR013015,2023-02-01,0,0,0,0,0
MMR013016,2023-02-01,0,0,0,0,0
MMR013017,2023-02-01,0,0,0,0,0
MMR013018,2023-02-01,2,0,1,1,0
MMR013019,2023-02-01,0,0,0,0,0
MMR013020,2023-02-01,0,0,0,0,0
MMR013021,2023-02-01,2,0,0,2,2
MMR013022,2023-02-01,0,0,0,0,0
MMR013023,2023-02-01,1,0,0,1,1
MMR013024,2023-02-01,1,0,1,0,0
MMR013025,2023-02-01,0,0,0,0,0
MMR013026,2023-02-01,1,0,0,1,1
MMR013027,2023-02-01,1,0,0,1,1
MMR013028,2023-02-01,0,0,0,0,0
MMR013029,2023-02-01,0,0,0,0,0
MMR013030,2023-02-01,0,0,0,0,0
MMR013031,2023-02-01,0,0,0,0,0
MMR013032,2023-02-01,0,0,0,0,0
MMR013033,2023-02-01,0,0,0,0,0
MMR013034,2023-02-01,0,0,0,0,0
MMR013035,2023-02-01,0,0,0,0,0
MMR013036,2023-02-01,0,0,0,0,0
MMR013037,2023-02-01,0,0,0,0,0
MMR013038,2023-02-01,0,0,0,0,0
MMR013039,2023-02-01,1,0,0,1,0
MMR013040,2023-02-01,2,0,0,2,1
MMR013041,2023-02-01,0,0,0,0,0
MMR013042,2023-02-01,0,0,0,0,0
MMR013043,2023-02-01,0,0,0,0,0
MMR013044,2023-02-01,1,0,1,0,0
MMR013046,2023-02-01,1,0,1,0,0
MMR013047,2023-02-01,0,0,0,0,0
MMR014001,2023-02-01,0,0,0,0,0
MMR014002,2023-02-01,0,0,0,0,0
MMR014003,2023-02-01,0,0,0,0,0
MMR014004,2023-02-01,0,0,0,0,0
MMR014005,2023-02-01,0,0,0,0,0
MMR014006,2023-02-01,0,0,0,0,0
MMR014007,2023-02-01,0,0,0,0,0
MMR014008,2023-02-01,0,0,0,0,0
MMR014009,2023-02-01,10,4,5,1,13
MMR014010,2023-02-01,13,6,6,1,18
MMR014011,2023-02-01,0,0,0,0,0
MMR014012,2023-02-01,0,0,0,0,0
MMR014013,2023-02-01,0,0,0,0,0
MMR014014,2023-02-01,0,0,0,0,0
MMR014015,2023-02-01,0,0,0,0,0
MMR014016,2023-02-01,0,0,0,0,0
MMR014017,2023-02-01,0,0,0,0,0
MMR014018,2023-02-01,1,1,0,0,3
MMR014019,2023-02-01,0,0,0,0,0
MMR014020,2023-02-01,0,0,0,0,0
MMR014021,2023-02-01,0,0,0,0,0
MMR015001,2023-02-01,1,1,0,0,0
MMR015002,2023-02-01,0,0,0,0,0
MMR015003,2023-02-01,0,0,0,0,0
MMR015004,2023-02-01,2,0,1,1,4
MMR015005,2023-02-01,0,0,0,0,0
MMR015006,2023-02-01,0,0,0,0,0
MMR015007,2023-02-01,0,0,0,0,0
MMR015008,2023-02-01,0,0,0,0,0
MMR015009,2023-02-01,8,3,4,1,2
MMR015010,2023-02-01,0,0,0,0,0
MMR015011,2023-02-01,20,17,3,0,0
MMR015012,2023-02-01,1,1,0,0,15
MMR015013,2023-02-01,3,2,0,1,30
MMR015014,2023-02-01,0,0,0,0,0
MMR015015,2023-02-01,1,0,0,1,0
MMR015016,2023-02-01,1,0,0,1,1
MMR015017,2023-02-01,1,0,1,0,0
MMR015018,2023-02-01,0,0,0,0,0
MMR015019,2023-02-01,0,0,0,0,0
MMR015020,2023-02-01,0,0,0,0,0
MMR015021,2023-02-01,0,0,0,0,0
MMR015022,2023-02-01,0,0,0,0,0
MMR015023,2023-02-01,0,0,0,0,0
MMR015024,2023-02-01,0,0,0,0,0
MMR016001,2023-02-01,0,0,0,0,0
MMR016002,2023-02-01,0,0,0,0,0
MMR016003,2023-02-01,0,0,0,0,0
MMR016005,2023-02-01,0,0,0,0,0
MMR016006,2023-02-01,0,0,0,0,0
MMR016007,2023-02-01,0,0,0,0,0
MMR016008,2023-02-01,0,0,0,0,0
MMR016009,2023-02-01,1,0,1,0,0
MMR016010,2023-02-01,0,0,0,0,0
MMR016011,2023-02-01,0,0,0,0,0
MMR017001,2023-02-01,0,0,0,0,0
MMR017002,2023-02-01,0,0,0,0,0
MMR017003,2023-02-01,0,0,0,0,0
MMR017004,2023-02-01,1,1,0,0,1
MMR017005,2023-02-01,0,0,0,0,0
MMR017006,2023-02-01,0,0,0,0,0
MMR017007,2023-02-01,0,0,0,0,0
MMR017008,2023-02-01,1,0,1,0,0
MMR017009,2023-02-01,0,0,0,0,0
MMR017010,2023-02-01,0,0,0,0,0
MMR017011,2023-02-01,0,0,0,0,0
MMR017012,2023-02-01,0,0,0,0,0
MMR017013,2023-02-01,0,0,0,0,0
MMR017014,2023-02-01,0,0,0,0,0
MMR017015,2023-02-01,0,0,0,0,0
MMR017016,2023-02-01,0,0,0,0,0
MMR017017,2023-02-01,0,0,0,0,0
MMR017018,2023-02-01,1,1,0,0,1
MMR017019,2023-02-01,0,0,0,0,0
MMR017020,2023-02-01,0,0,0,0,0
MMR017021,2023-02-01,1,0,0,1,1
MMR017022,2023-02-01,0,0,0,0,0
MMR017023,2023-02-01,0,0,0,0,0
MMR017024,2023-02-01,0,0,0,0,0
MMR017025,2023-02-01,0,0,0,0,0
MMR017026,2023-02-01,0,0,0,0,0
MMR018001,2023-02-01,1,0,1,0,0
MMR018002,2023-02-01,2,0,2,0,0
MMR018003,2023-02-01,0,0,0,0,0
MMR018004,2023-02-01,0,0,0,0,0
MMR018005,2023-02-01,0,0,0,0,0
MMR018006,2023-02-01,0,0,0,0,0
MMR018007,2023-02-01,1,1,0,0,0
MMR018008,2023-02-01,0,0,0,0,0
MMR001001,2023-03-01,4,3,0,1,1
MMR001002,2023-03-01,0,0,0,0,0
MMR001003,2023-03-01,0,0,0,0,0
MMR001004,2023-03-01,0,0,0,0,0
MMR001005,2023-03-01,0,0,0,0,0
MMR001006,2023-03-01,0,0,0,0,0
MMR001007,2023-03-01,5,2,2,1,5
MMR001008,2023-03-01,1,1,0,0,1
MMR001009,2023-03-01,18,6,3,9,19
MMR001010,2023-03-01,1,0,1,0,0
MMR001011,2023-03-01,24,11,12,1,15
MMR001012,2023-03-01,0,0,0,0,0
MMR001013,2023-03-01,0,0,0,0,0
MMR001014,2023-03-01,3,2,1,0,13
MMR001015,2023-03-01,6,4,0,2,0
MMR001016,2023-03-01,0,0,0,0,0
MMR001017,2023-03-01,0,0,0,0,0
MMR001018,2023-03-01,0,0,0,0,0
MMR002001,2023-03-01,3,2,1,0,5
MMR002002,2023-03-01,35,19,14,2,149
MMR002003,2023-03-01,3,0,3,0,1
MMR002004,2023-03-01,4,4,0,0,11
MMR002005,2023-03-01,6,2,3,1,11
MMR002006,2023-03-01,1,1,0,0,3
MMR002007,2023-03-01,0,0,0,0,0
MMR003001,2023-03-01,5,2,3,0,15
MMR003002,2023-03-01,2,0,1,1,0
MMR003003,2023-03-01,9,6,3,0,30
MMR003004,2023-03-01,11,7,4,0,17
MMR003005,2023-03-01,7,6,1,0,22
MMR003006,2023-03-01,9,3,6,0,18
MMR003007,2023-03-01,5,5,0,0,50
MMR004001,2023-03-01,8,4,4,0,35
MMR004002,2023-03-01,2,1,1,0,0
MMR004003,2023-03-01,2,0,2,0,9
MMR004004,2023-03-01,6,2,3,1,16
MMR004005,2023-03-01,0,0,0,0,0
MMR004006,2023-03-01,3,0,3,0,0
MMR004007,2023-03-01,10,7,3,0,61
MMR004008,2023-03-01,1,1,0,0,5
MMR004009,2023-03-01,2,2,0,0,13
MMR005001,2023-03-01,17,3,6,8,30
MMR005002,2023-03-01,16,3,11,2,38
MMR005003,2023-03-01,28,12,11,5,80
MMR005004,2023-03-01,27,9,16,2,45
MMR005005,2023-03-01,15,5,7,3,11
MMR005006,2023-03-01,17,9,4,4,37
MMR005007,2023-03-01,8,2,2,4,8
MMR005008,2023-03-01,0,0,0,0,0
MMR005009,2023-03-01,2,0,0,2,5
MMR005010,2023-03-01,6,2,2,2,22
MMR005011,2023-03-01,3,2,0,1,10
MMR005012,2023-03-01,19,13,3,3,56
MMR005013,2023-03-01,11,3,5,3,14
MMR005014,2023-03-01,4,2,2,0,1
MMR005015,2023-03-01,9,0,9,0,15
MMR005016,2023-03-01,11,6,2,3,19
MMR005017,2023-03-01,3,2,1,0,5
MMR005018,2023-03-01,12,6,5,1,11
MMR005019,2023-03-01,7,4,3,0,31
MMR005020,2023-03-01,5,2,1,2,11
MMR005021,2023-03-01,13,4,4,5,14
MMR005022,2023-03-01,9,3,6,0,39
MMR005023,2023-03-01,8,2,3,3,11
MMR005024,2023-03-01,0,0,0,0,0
MMR005025,2023-03-01,0,0,0,0,0
MMR005026,2023-03-01,0,0,0,0,0
MMR005027,2023-03-01,11,5,2,4,15
MMR005028,2023-03-01,1,0,1,0,1
MMR005029,2023-03-01,3,1,2,0,5
MMR005030,2023-03-01,3,2,1,0,2
MMR005031,2023-03-01,0,0,0,0,0
MMR005032,2023-03-01,0,0,0,0,0
MMR005033,2023-03-01,0,0,0,0,0
MMR005034,2023-03-01,0,0,0,0,0
MMR005035,2023-03-01,0,0,0,0,0
MMR005036,2023-03-01,0,0,0,0,0
MMR005037,2023-03-01,0,0,0,0,0
MMR006001,2023-03-01,4,2,1,1,9
MMR006002,2023-03-01,19,7,4,8,23
MMR006003,2023-03-01,3,1,0,2,24
MMR006004,2023-03-01,10,4,2,4,6
MMR006005,2023-03-01,0,0,0,0,0
MMR006006,2023-03-01,5,1,1,3,6
MMR006007,2023-03-01,10,4,5,1,28
MMR006008,2023-03-01,15,8,5,2,50
MMR006009,2023-03-01,2,2,0,0,10
MMR006010,2023-03-01,0,0,0,0,0
MMR007001,2023-03-01,1,0,1,0,0
MMR007002,2023-03-01,0,0,0,0,0
MMR007003,2023-03-01,3,3,0,0,2
MMR007004,2023-03-01,0,0,0,0,0
MMR007005,2023-03-01,4,0,4,0,6
MMR007006,2023-03-01,4,0,3,1,1
MMR007007,2023-03-01,0,0,0,0,0
MMR007008,2023-03-01,10,4,4,2,4
MMR007009,2023-03-01,5,1,3,1,4
MMR007010,2023-03-01,5,2,1,2,12
MMR007011,2023-03-01,14,2,10,2,11
MMR007012,2023-03-01,0,0,0,0,0
MMR007013,2023-03-01,1,0,1,0,0
MMR007014,2023-03-01,0,0,0,0,0
MMR008001,2023-03-01,1,0,1,0,2
MMR008002,2023-03-01,0,0,0,0,0
MMR008003,2023-03-01,0,0,0,0,0
MMR008004,2023-03-01,3,3,0,0,7
MMR008005,2023-03-01,0,0,0,0,0
MMR008006,2023-03-01,0,0,0,0,0
MMR008007,2023-03-01,2,0,0,2,0
MMR008008,2023-03-01,0,0,0,0,0
MMR008009,2023-03-01,5,1,0,4,2
MMR008010,2023-03-01,7,3,3,1,14
MMR008011,2023-03-01,0,0,0,0,0
MMR008012,2023-03-01,1,1,0,0,1
MMR008013,2023-03-01,1,0,1,0,3
MMR008014,2023-03-01,1,0,1,0,3
MMR009001,2023-03-01,1,0,0,1,0
MMR009002,2023-03-01,1,1,0,0,0
MMR009003,2023-03-01,0,0,0,0,0
MMR009004,2023-03-01,0,0,0,0,0
MMR009005,2023-03-01,0,0,0,0,0
MMR009006,2023-03-01,1,0,0,1,1
MMR009007,2023-03-01,0,0,0,0,0
MMR009008,2023-03-01,0,0,0,0,0
MMR009009,2023-03-01,0,0,0,0,0
MMR009010,2023-03-01,1,1,0,0,0
MMR009011,2023-03-01,1,0,1,0,0
MMR009012,2023-03-01,1,0,1,0,0
MMR009013,2023-03-01,0,0,0,0,0
MMR009014,2023-03-01,2,2,0,0,0
MMR009015,2023-03-01,0,0,0,0,0
MMR009016,2023-03-01,0,0,0,0,0
MMR009017,2023-03-01,0,0,0,0,0
MMR009018,2023-03-01,12,4,6,2,19
MMR009019,2023-03-01,38,19,11,8,53
MMR009020,2023-03-01,24,9,13,2,36
MMR009021,2023-03-01,18,8,6,4,26
MMR009022,2023-03-01,1,0,0,1,3
MMR009023,2023-03-01,6,3,2,1,56
MMR009024,2023-03-01,11,4,4,3,64
MMR009025,2023-03-01,10,7,2,1,24
MMR010001,2023-03-01,2,0,1,1,15
MMR010002,2023-03-01,1,0,1,0,0
MMR010003,2023-03-01,2,0,1,1,3
MMR010004,2023-03-01,3,1,1,1,2
MMR010005,2023-03-01,3,0,0,3,3
MMR010006,2023-03-01,2,1,1,0,1
MMR010007,2023-03-01,1,0,0,1,1
MMR010008,2023-03-01,0,0,0,0,0
MMR010009,2023-03-01,37,8,11,18,71
MMR010010,2023-03-01,7,4,2,1,17
MMR010011,2023-03-01,1,0,0,1,0
MMR010012,2023-03-01,9,4,5,0,69
MMR010013,2023-03-01,0,0,0,0,0
MMR010014,2023-03-01,0,0,0,0,0
MMR010015,2023-03-01,0,0,0,0,0
MMR010016,2023-03-01,0,0,0,0,0
MMR010017,2023-03-01,14,3,6,5,32
MMR010018,2023-03-01,7,1,5,1,11
MMR010019,2023-03-01,8,0,8,0,5
MMR010020,2023-03-01,1,0,0,1,1
MMR010021,2023-03-01,1,0,1,0,4
MMR010022,2023-03-01,2,0,0,2,3
MMR010023,2023-03-01,0,0,0,0,0
MMR010024,2023-03-01,1,1,0,0,0
MMR010028,2023-03-01,0,0,0,0,0
MMR010029,2023-03-01,1,0,0,1,1
MMR010030,2023-03-01,1,0,1,0,0
MMR010031,2023-03-01,0,0,0,0,0
MMR011001,2023-03-01,1,0,1,0,0
MMR011002,2023-03-01,0,0,0,0,0
MMR011003,2023-03-01,0,0,0,0,0
MMR011004,2023-03-01,4,3,1,0,1
MMR011005,2023-03-01,0,0,0,0,0
MMR011006,2023-03-01,9,4,3,2,11
MMR011007,2023-03-01,13,1,11,1,12
MMR011008,2023-03-01,2,0,1,1,1
MMR011009,2023-03-01,20,4,14,2,22
MMR011010,2023-03-01,10,2,6,2,19
MMR012001,2023-03-01,1,0,0,1,0
MMR012002,2023-03-01,0,0,0,0,0
MMR012003,2023-03-01,0,0,0,0,0
MMR012004,2023-03-01,0,0,0,0,0
MMR012005,2023-03-01,0,0,0,0,0
MMR012006,2023-03-01,0,0,0,0,0
MMR012007,2023-03-01,0,0,0,0,0
MMR012008,2023-03-01,1,0,1,0,0
MMR012009,2023-03-01,0,0,0,0,0
MMR012010,2023-03-01,0,0,0,0,0
MMR012011,2023-03-01,0,0,0,0,0
MMR012012,2023-03-01,0,0,0,0,0
MMR012013,2023-03-01,0,0,0,0,0
MMR012014,2023-03-01,0,0,0,0,0
MMR012015,2023-03-01,0,0,0,0,0
MMR012016,2023-03-01,0,0,0,0,0
MMR012017,2023-03-01,0,0,0,0,0
MMR013001,2023-03-01,3,1,1,1,0
MMR013002,2023-03-01,1,0,1,0,0
MMR013003,2023-03-01,3,0,3,0,0
MMR013004,2023-03-01,2,0,2,0,0
MMR013005,2023-03-01,2,1,1,0,2
MMR013006,2023-03-01,1,0,1,0,0
MMR013007,2023-03-01,0,0,0,0,0
MMR013009,2023-03-01,0,0,0,0,0
MMR013010,2023-03-01,1,0,1,0,0
MMR013011,2023-03-01,1,0,1,0,0
MMR013012,2023-03-01,3,0,2,1,0
MMR013013,2023-03-01,3,1,1,1,4
MMR013014,2023-03-01,0,0,0,0,0
MMR013015,2023-03-01,1,0,1,0,0
MMR013016,2023-03-01,0,0,0,0,0
MMR013017,2023-03-01,0,0,0,0,0
MMR013018,2023-03-01,0,0,0,0,0
MMR013019,2023-03-01,2,1,1,0,1
MMR013020,2023-03-01,0,0,0,0,0
MMR013021,2023-03-01,0,0,0,0,0
MMR013022,2023-03-01,0,0,0,0,0
MMR013023,2023-03-01,1,0,0,1,1
MMR013024,2023-03-01,0,0,0,0,0
MMR013025,2023-03-01,1,1,0,0,2
MMR013026,2023-03-01,2,0,0,2,2
MMR013027,2023-03-01,1,1,0,0,2
MMR013028,2023-03-01,0,0,0,0,0
MMR013029,2023-03-01,0,0,0,0,0
MMR013030,2023-03-01,0,0,0,0,0
MMR013031,2023-03-01,0,0,0,0,0
MMR013032,2023-03-01,0,0,0,0,0
MMR013033,2023-03-01,0,0,0,0,0
MMR013034,2023-03-01,0,0,0,0,0
MMR013035,2023-03-01,0,0,0,0,0
MMR013036,2023-03-01,0,0,0,0,0
MMR013037,2023-03-01,0,0,0,0,0
MMR013038,2023-03-01,1,0,1,0,0
MMR013039,2023-03-01,1,0,0,1,1
MMR013040,2023-03-01,0,0,0,0,0
MMR013041,2023-03-01,0,0,0,0,0
MMR013042,2023-03-01,1,0,1,0,0
MMR013043,2023-03-01,0,0,0,0,0
MMR013044,2023-03-01,0,0,0,0,0
MMR013046,2023-03-01,2,0,2,0,0
MMR013047,2023-03-01,0,0,0,0,0
MMR014001,2023-03-01,0,0,0,0,0
MMR014002,2023-03-01,1,1,0,0,1
MMR014003,2023-03-01,0,0,0,0,0
MMR014004,2023-03-01,1,0,0,1,1
MMR014005,2023-03-01,0,0,0,0,0
MMR014006,2023-03-01,0,0,0,0,0
MMR014007,2023-03-01,1,0,0,1,1
MMR014008,2023-03-01,0,0,0,0,0
MMR014009,2023-03-01,14,8,6,0,64
MMR014010,2023-03-01,11,10,0,1,70
MMR014011,2023-03-01,0,0,0,0,0
MMR014012,2023-03-01,0,0,0,0,0
MMR014013,2023-03-01,1,0,0,1,0
MMR014014,2023-03-01,1,1,0,0,0
MMR014015,2023-03-01,0,0,0,0,0
MMR014016,2023-03-01,0,0,0,0,0
MMR014017,2023-03-01,0,0,0,0,0
MMR014018,2023-03-01,0,0,0,0,0
MMR014019,2023-03-01,0,0,0,0,0
MMR014020,2023-03-01,2,2,0,0,0
MMR014021,2023-03-01,0,0,0,0,0
MMR015001,2023-03-01,5,1,2,2,3
MMR015002,2023-03-01,0,0,0,0,0
MMR015003,2023-03-01,1,1,0,0,0
MMR015004,2023-03-01,0,0,0,0,0
MMR015005,2023-03-01,0,0,0,0,0
MMR015006,2023-03-01,0,0,0,0,0
MMR015007,2023-03-01,0,0,0,0,0
MMR015008,2023-03-01,0,0,0,0,0
MMR015009,2023-03-01,3,1,2,0,2
MMR015010,2023-03-01,2,0,0,2,0
MMR015011,2023-03-01,2,0,0,2,2
MMR015012,2023-03-01,2,0,1,1,0
MMR015013,2023-03-01,0,0,0,0,0
MMR015014,2023-03-01,1,0,0,1,0
MMR015015,2023-03-01,0,0,0,0,0
MMR015016,2023-03-01,0,0,0,0,0
MMR015017,2023-03-01,0,0,0,0,0
MMR015018,2023-03-01,0,0,0,0,0
MMR015019,2023-03-01,0,0,0,0,0
MMR015020,2023-03-01,1,1,0,0,1
MMR015021,2023-03-01,0,0,0,0,0
MMR015022,2023-03-01,1,1,0,0,6
MMR015023,2023-03-01,0,0,0,0,0
MMR015024,2023-03-01,0,0,0,0,0
MMR016001,2023-03-01,0,0,0,0,0
MMR016002,2023-03-01,0,0,0,0,0
MMR016003,2023-03-01,0,0,0,0,0
MMR016005,2023-03-01,0,0,0,0,0
MMR016006,2023-03-01,0,0,0,0,0
MMR016007,2023-03-01,0,0,0,0,0
MMR016008,2023-03-01,0,0,0,0,0
MMR016009,2023-03-01,0,0,0,0,0
MMR016010,2023-03-01,0,0,0,0,0
MMR016011,2023-03-01,0,0,0,0,0
MMR017001,2023-03-01,1,0,0,1,1
MMR017002,2023-03-01,0,0,0,0,0
MMR017003,2023-03-01,0,0,0,0,0
MMR017004,2023-03-01,1,0,0,1,0
MMR017005,2023-03-01,1,0,0,1,1
MMR017006,2023-03-01,0,0,0,0,0
MMR017007,2023-03-01,0,0,0,0,0
MMR017008,2023-03-01,0,0,0,0,0
MMR017009,2023-03-01,0,0,0,0,0
MMR017010,2023-03-01,0,0,0,0,0
MMR017011,2023-03-01,0,0,0,0,0
MMR017012,2023-03-01,0,0,0,0,0
MMR017013,2023-03-01,1,0,1,0,4
MMR017014,2023-03-01,0,0,0,0,0
MMR017015,2023-03-01,0,0,0,0,0
MMR017016,2023-03-01,0,0,0,0,0
MMR017017,2023-03-01,0,0,0,0,0
MMR017018,2023-03-01,0,0,0,0,0
MMR017019,2023-03-01,1,0,1,0,0
MMR017020,2023-03-01,0,0,0,0,0
MMR017021,2023-03-01,0,0,0,0,0
MMR017022,2023-03-01,0,0,0,0,0
MMR017023,2023-03-01,0,0,0,0,0
MMR017024,2023-03-01,0,0,0,0,0
MMR017025,2023-03-01,0,0,0,0,0
MMR017026,2023-03-01,0,0,0,0,0
MMR018001,2023-03-01,1,0,1,0,0
MMR018002,2023-03-01,2,0,2,0,0
MMR018003,2023-03-01,2,2,0,0,2
MMR018004,2023-03-01,1,0,1,0,4
MMR018005,2023-03-01,0,0,0,0,0
MMR018006,2023-03-01,0,0,0,0,0
MMR018007,2023-03-01,2,1,1,0,0
MMR018008,2023-03-01,0,0,0,0,0
MMR001001,2023-04-01,2,1,1,0,0
MMR001002,2023-04-01,1,0,0,1,1
MMR001003,2023-04-01,0,0,0,0,0
MMR001004,2023-04-01,0,0,0,0,0
MMR001005,2023-04-01,0,0,0,0,0
MMR001006,2023-04-01,0,0,0,0,0
MMR001007,2023-04-01,4,0,2,2,2
MMR001008,2023-04-01,4,0,3,1,1
MMR001009,2023-04-01,13,6,1,6,14
MMR001010,2023-04-01,1,0,1,0,0
MMR001011,2023-04-01,11,2,9,0,1
MMR001012,2023-04-01,0,0,0,0,0
MMR001013,2023-04-01,1,1,0,0,0
MMR001014,2023-04-01,1,1,0,0,0
MMR001015,2023-04-01,0,0,0,0,0
MMR001016,2023-04-01,0,0,0,0,0
MMR001017,2023-04-01,0,0,0,0,0
MMR001018,2023-04-01,0,0,0,0,0
MMR002001,2023-04-01,7,2,4,1,5
MMR002002,2023-04-01,12,6,6,0,51
MMR002003,2023-04-01,1,0,1,0,0
MMR002004,2023-04-01,0,0,0,0,0
MMR002005,2023-04-01,1,0,1,0,0
MMR002006,2023-04-01,0,0,0,0,0
MMR002007,2023-04-01,0,0,0,0,0
MMR003001,2023-04-01,3,1,1,1,7
MMR003002,2023-04-01,0,0,0,0,0
MMR003003,2023-04-01,1,0,1,0,1
MMR003004,2023-04-01,5,3,1,1,16
MMR003005,2023-04-01,34,21,12,1,178
MMR003006,2023-04-01,15,5,7,3,8
MMR003007,2023-04-01,2,0,2,0,0
MMR004001,2023-04-01,12,3,9,0,49
MMR004002,2023-04-01,10,7,2,1,16
MMR004003,2023-04-01,1,0,1,0,2
MMR004004,2023-04-01,8,3,3,2,8
MMR004005,2023-04-01,0,0,0,0,0
MMR004006,2023-04-01,11,4,7,0,21
MMR004007,2023-04-01,2,1,1,0,0
MMR004008,2023-04-01,3,3,0,0,5
MMR004009,2023-04-01,0,0,0,0,0
MMR005001,2023-04-01,19,6,8,5,23
MMR005002,2023-04-01,5,2,3,0,20
MMR005003,2023-04-01,3,1,2,0,4
MMR005004,2023-04-01,13,4,8,1,26
MMR005005,2023-04-01,9,1,7,1,25
MMR005006,2023-04-01,13,3,7,3,20
MMR005007,2023-04-01,15,6,3,6,238
MMR005008,2023-04-01,3,1,2,0,7
MMR005009,2023-04-01,1,1,0,0,3
MMR005010,2023-04-01,3,2,0,1,21
MMR005011,2023-04-01,4,1,2,1,14
MMR005012,2023-04-01,12,7,4,1,13
MMR005013,2023-04-01,6,4,1,1,15
MMR005014,2023-04-01,5,2,3,0,9
MMR005015,2023-04-01,3,1,1,1,2
MMR005016,2023-04-01,7,2,4,1,8
MMR005017,2023-04-01,5,3,2,0,26
MMR005018,2023-04-01,12,4,3,5,25
MMR005019,2023-04-01,15,6,6,3,39
MMR005020,2023-04-01,7,3,3,1,3
MMR005021,2023-04-01,4,2,0,2,39
MMR005022,2023-04-01,13,5,4,4,66
MMR005023,2023-04-01,6,2,2,2,17
MMR005024,2023-04-01,3,0,1,2,12
MMR005025,2023-04-01,0,0,0,0,0
MMR005026,2023-04-01,0,0,0,0,0
MMR005027,2023-04-01,17,10,6,1,31
MMR005028,2023-04-01,0,0,0,0,0
MMR005029,2023-04-01,6,6,0,0,13
MMR005030,2023-04-01,2,1,0,1,3
MMR005031,2023-04-01,0,0,0,0,0
MMR005032,2023-04-01,1,1,0,0,6
MMR005033,2023-04-01,1,0,0,1,1
MMR005034,2023-04-01,7,6,1,0,12
MMR005035,2023-04-01,0,0,0,0,0
MMR005036,2023-04-01,0,0,0,0,0
MMR005037,2023-04-01,0,0,0,0,0
MMR006001,2023-04-01,8,6,0,2,26
MMR006002,2023-04-01,10,4,0,6,6
MMR006003,2023-04-01,12,5,1,6,10
MMR006004,2023-04-01,5,1,2,2,6
MMR006005,2023-04-01,2,0,1,1,2
MMR006006,2023-04-01,0,0,0,0,0
MMR006007,2023-04-01,15,4,8,3,18
MMR006008,2023-04-01,23,13,4,6,72
MMR006009,2023-04-01,2,1,0,1,3
MMR006010,2023-04-01,2,2,0,0,4
MMR007001,2023-04-01,0,0,0,0,0
MMR007002,2023-04-01,0,0,0,0,0
MMR007003,2023-04-01,1,1,0,0,1
MMR007004,2023-04-01,1,1,0,0,1
MMR007005,2023-04-01,2,0,1,1,4
MMR007006,2023-04-01,0,0,0,0,0
MMR007007,2023-04-01,0,0,0,0,0
MMR007008,2023-04-01,0,0,0,0,0
MMR007009,2023-04-01,2,0,2,0,2
MMR007010,2023-04-01,9,6,2,1,38
MMR007011,2023-04-01,6,2,3,1,17
MMR007012,2023-04-01,4,1,0,3,12
MMR007013,2023-04-01,0,0,0,0,0
MMR007014,2023-04-01,1,1,0,0,0
MMR008001,2023-04-01,0,0,0,0,0
MMR008002,2023-04-01,1,0,0,1,1
MMR008003,2023-04-01,0,0,0,0,0
MMR008004,2023-04-01,6,5,0,1,8
MMR008005,2023-04-01,2,1,1,0,1
MMR008006,2023-04-01,0,0,0,0,0
MMR008007,2023-04-01,2,0,2,0,1
MMR008008,2023-04-01,3,0,3,0,0
MMR008009,2023-04-01,0,0,0,0,0
MMR008010,2023-04-01,4,2,2,0,4
MMR008011,2023-04-01,0,0,0,0,0
MMR008012,2023-04-01,3,1,0,2,4
MMR008013,2023-04-01,0,0,0,0,0
MMR008014,2023-04-01,2,2,0,0,2
MMR009001,2023-04-01,1,0,0,1,1
MMR009002,2023-04-01,0,0,0,0,0
MMR009003,2023-04-01,0,0,0,0,0
MMR009004,2023-04-01,0,0,0,0,0
MMR009005,2023-04-01,0,0,0,0,0
MMR009006,2023-04-01,1,0,1,0,0
MMR009007,2023-04-01,0,0,0,0,0
MMR009008,2023-04-01,0,0,0,0,0
MMR009009,2023-04-01,0,0,0,0,0
MMR009010,2023-04-01,0,0,0,0,0
MMR009011,2023-04-01,0,0,0,0,0
MMR009012,2023-04-01,0,0,0,0,0
MMR009013,2023-04-01,2,0,2,0,12
MMR009014,2023-04-01,1,1,0,0,2
MMR009015,2023-04-01,1,0,1,0,0
MMR009016,2023-04-01,0,0,0,0,0
MMR009017,2023-04-01,0,0,0,0,0
MMR009018,2023-04-01,7,4,2,1,18
MMR009019,2023-04-01,20,9,11,0,55
MMR009020,2023-04-01,20,5,12,3,28
MMR009021,2023-04-01,15,9,5,1,14
MMR009022,2023-04-01,6,3,2,1,5
MMR009023,2023-04-01,7,3,4,0,2
MMR009024,2023-04-01,3,2,1,0,9
MMR009025,2023-04-01,7,2,4,1,23
MMR010001,2023-04-01,2,0,0,2,2
MMR010002,2023-04-01,1,0,1,0,0
MMR010003,2023-04-01,0,0,0,0,0
MMR010004,2023-04-01,2,0,1,1,2
MMR010005,2023-04-01,4,3,0,1,3
MMR010006,2023-04-01,0,0,0,0,0
MMR010007,2023-04-01,3,2,0,1,3
MMR010008,2023-04-01,0,0,0,0,0
MMR010009,2023-04-01,23,5,16,2,23
MMR010010,2023-04-01,4,1,1,2,5
MMR010011,2023-04-01,7,6,1,0,16
MMR010012,2023-04-01,10,6,4,0,41
MMR010013,2023-04-01,0,0,0,0,0
MMR010014,2023-04-01,0,0,0,0,0
MMR010015,2023-04-01,0,0,0,0,0
MMR010016,2023-04-01,0,0,0,0,0
MMR010017,2023-04-01,11,4,0,7,32
MMR010018,2023-04-01,3,2,0,1,17
MMR010019,2023-04-01,9,4,4,1,19
MMR010020,2023-04-01,1,0,0,1,0
MMR010021,2023-04-01,3,0,1,2,7
MMR010022,2023-04-01,2,1,0,1,1
MMR010023,2023-04-01,0,0,0,0,0
MMR010024,2023-04-01,0,0,0,0,0
MMR010028,2023-04-01,0,0,0,0,0
MMR010029,2023-04-01,1,1,0,0,14
MMR010030,2023-04-01,0,0,0,0,0
MMR010031,2023-04-01,0,0,0,0,0
MMR011001,2023-04-01,0,0,0,0,0
MMR011002,2023-04-01,0,0,0,0,0
MMR011003,2023-04-01,0,0,0,0,0
MMR011004,2023-04-01,5,3,1,1,15
MMR011005,2023-04-01,0,0,0,0,0
MMR011006,2023-04-01,10,5,2,3,20
MMR011007,2023-04-01,9,2,6,1,3
MMR011008,2023-04-01,0,0,0,0,0
MMR011009,2023-04-01,6,2,4,0,4
MMR011010,2023-04-01,12,6,6,0,17
MMR012001,2023-04-01,0,0,0,0,0
MMR012002,2023-04-01,0,0,0,0,0
MMR012003,2023-04-01,0,0,0,0,0
MMR012004,2023-04-01,0,0,0,0,0
MMR012005,2023-04-01,0,0,0,0,0
MMR012006,2023-04-01,0,0,0,0,0
MMR012007,2023-04-01,1,0,0,1,0
MMR012008,2023-04-01,1,1,0,0,0
MMR012009,2023-04-01,1,1,0,0,1
MMR012010,2023-04-01,0,0,0,0,0
MMR012011,2023-04-01,0,0,0,0,0
MMR012012,2023-04-01,0,0,0,0,0
MMR012013,2023-04-01,0,0,0,0,0
MMR012014,2023-04-01,0,0,0,0,0
MMR012015,2023-04-01,0,0,0,0,0
MMR012016,2023-04-01,0,0,0,0,0
MMR012017,2023-04-01,0,0,0,0,0
MMR013001,2023-04-01,1,0,1,0,0
MMR013002,2023-04-01,3,0,3,0,0
MMR013003,2023-04-01,0,0,0,0,0
MMR013004,2023-04-01,0,0,0,0,0
MMR013005,2023-04-01,0,0,0,0,0
MMR013006,2023-04-01,0,0,0,0,0
MMR013007,2023-04-01,1,0,1,0,0
MMR013009,2023-04-01,2,0,1,1,1
MMR013010,2023-04-01,0,0,0,0,0
MMR013011,2023-04-01,0,0,0,0,0
MMR013012,2023-04-01,1,0,1,0,0
MMR013013,2023-04-01,1,0,1,0,0
MMR013014,2023-04-01,0,0,0,0,0
MMR013015,2023-04-01,0,0,0,0,0
MMR013016,2023-04-01,0,0,0,0,0
MMR013017,2023-04-01,0,0,0,0,0
MMR013018,2023-04-01,0,0,0,0,0
MMR013019,2023-04-01,1,0,1,0,0
MMR013020,2023-04-01,1,0,1,0,0
MMR013021,2023-04-01,0,0,0,0,0
MMR013022,2023-04-01,0,0,0,0,0
MMR013023,2023-04-01,2,0,0,2,4
MMR013024,2023-04-01,0,0,0,0,0
MMR013025,2023-04-01,0,0,0,0,0
MMR013026,2023-04-01,5,1,4,0,6
MMR013027,2023-04-01,0,0,0,0,0
MMR013028,2023-04-01,0,0,0,0,0
MMR013029,2023-04-01,0,0,0,0,0
MMR013030,2023-04-01,0,0,0,0,0
MMR013031,2023-04-01,0,0,0,0,0
MMR013032,2023-04-01,0,0,0,0,0
MMR013033,2023-04-01,0,0,0,0,0
MMR013034,2023-04-01,0,0,0,0,0
MMR013035,2023-04-01,0,0,0,0,0
MMR013036,2023-04-01,0,0,0,0,0
MMR013037,2023-04-01,0,0,0,0,0
MMR013038,2023-04-01,0,0,0,0,0
MMR013039,2023-04-01,1,0,1,0,0
MMR013040,2023-04-01,0,0,0,0,0
MMR013041,2023-04-01,0,0,0,0,0
MMR013042,2023-04-01,1,1,0,0,1
MMR013043,2023-04-01,2,0,2,0,0
MMR013044,2023-04-01,1,0,0,1,1
MMR013046,2023-04-01,1,0,1,0,1
MMR013047,2023-04-01,0,0,0,0,0
MMR014001,2023-04-01,0,0,0,0,0
MMR014002,2023-04-01,1,0,0,1,0
MMR014003,2023-04-01,0,0,0,0,0
MMR014004,2023-04-01,0,0,0,0,0
MMR014005,2023-04-01,0,0,0,0,0
MMR014006,2023-04-01,0,0,0,0,0
MMR014007,2023-04-01,2,0,0,2,0
MMR014008,2023-04-01,0,0,0,0,0
MMR014009,2023-04-01,7,3,1,3,23
MMR014010,2023-04-01,16,4,11,1,26
MMR014011,2023-04-01,0,0,0,0,0
MMR014012,2023-04-01,4,3,1,0,1
MMR014013,2023-04-01,0,0,0,0,0
MMR014014,2023-04-01,3,3,0,0,0
MMR014015,2023-04-01,1,1,0,0,0
MMR014016,2023-04-01,0,0,0,0,0
MMR014017,2023-04-01,0,0,0,0,0
MMR014018,2023-04-01,0,0,0,0,0
MMR014019,2023-04-01,0,0,0,0,0
MMR014020,2023-04-01,2,1,1,0,0
MMR014021,2023-04-01,0,0,0,0,0
MMR015001,2023-04-01,2,0,2,0,4
MMR015002,2023-04-01,1,0,1,0,1
MMR015003,2023-04-01,0,0,0,0,0
MMR015004,2023-04-01,0,0,0,0,0
MMR015005,2023-04-01,0,0,0,0,0
MMR015006,2023-04-01,0,0,0,0,0
MMR015007,2023-04-01,0,0,0,0,0
MMR015008,2023-04-01,0,0,0,0,0
MMR015009,2023-04-01,2,2,0,0,1
MMR015010,2023-04-01,0,0,0,0,0
MMR015011,2023-04-01,4,1,1,2,1
MMR015012,2023-04-01,5,2,1,2,0
MMR015013,2023-04-01,16,9,7,0,38
MMR015014,2023-04-01,0,0,0,0,0
MMR015015,2023-04-01,1,0,0,1,0
MMR015016,2023-04-01,0,0,0,0,0
MMR015017,2023-04-01,2,1,1,0,1
MMR015018,2023-04-01,4,2,1,1,0
MMR015019,2023-04-01,1,0,0,1,0
MMR015020,2023-04-01,0,0,0,0,0
MMR015021,2023-04-01,0,0,0,0,0
MMR015022,2023-04-01,0,0,0,0,0
MMR015023,2023-04-01,0,0,0,0,0
MMR015024,2023-04-01,0,0,0,0,0
MMR016001,2023-04-01,0,0,0,0,0
MMR016002,2023-04-01,0,0,0,0,0
MMR016003,2023-04-01,0,0,0,0,0
MMR016005,2023-04-01,0,0,0,0,0
MMR016006,2023-04-01,0,0,0,0,0
MMR016007,2023-04-01,0,0,0,0,0
MMR016008,2023-04-01,0,0,0,0,0
MMR016009,2023-04-01,0,0,0,0,0
MMR016010,2023-04-01,0,0,0,0,0
MMR016011,2023-04-01,0,0,0,0,0
MMR017001,2023-04-01,4,1,3,0,0
MMR017002,2023-04-01,0,0,0,0,0
MMR017003,2023-04-01,0,0,0,0,0
MMR017004,2023-04-01,2,0,0,2,0
MMR017005,2023-04-01,0,0,0,0,0
MMR017006,2023-04-01,1,0,0,1,1
MMR017007,2023-04-01,0,0,0,0,0
MMR017008,2023-04-01,0,0,0,0,0
MMR017009,2023-04-01,0,0,0,0,0
MMR017010,2023-04-01,0,0,0,0,0
MMR017011,2023-04-01,0,0,0,0,0
MMR017012,2023-04-01,1,0,1,0,0
MMR017013,2023-04-01,1,0,1,0,0
MMR017014,2023-04-01,0,0,0,0,0
MMR017015,2023-04-01,0,0,0,0,0
MMR017016,2023-04-01,0,0,0,0,0
MMR017017,2023-04-01,1,0,1,0,0
MMR017018,2023-04-01,2,0,2,0,0
MMR017019,2023-04-01,0,0,0,0,0
MMR017020,2023-04-01,0,0,0,0,0
MMR017021,2023-04-01,0,0,0,0,0
MMR017022,2023-04-01,0,0,0,0,0
MMR017023,2023-04-01,0,0,0,0,0
MMR017024,2023-04-01,0,0,0,0,0
MMR017025,2023-04-01,0,0,0,0,0
MMR017026,2023-04-01,0,0,0,0,0
MMR018001,2023-04-01,0,0,0,0,0
MMR018002,2023-04-01,2,0,2,0,6
MMR018003,2023-04-01,0,0,0,0,0
MMR018004,2023-04-01,1,0,1,0,0
MMR018005,2023-04-01,0,0,0,0,0
MMR018006,2023-04-01,0,0,0,0,0
MMR018007,2023-04-01,0,0,0,0,0
MMR018008,2023-04-01,0,0,0,0,0
MMR001001,2023-05-01,3,0,1,2,3
MMR001002,2023-05-01,4,3,0,1,6
MMR001003,2023-05-01,0,0,0,0,0
MMR001004,2023-05-01,0,0,0,0,0
MMR001005,2023-05-01,1,0,0,1,0
MMR001006,2023-05-01,0,0,0,0,0
MMR001007,2023-05-01,6,4,2,0,3
MMR001008,2023-05-01,3,2,1,0,1
MMR001009,2023-05-01,19,7,3,9,15
MMR001010,2023-05-01,1,1,0,0,1
MMR001011,2023-05-01,1,1,0,0,0
MMR001012,2023-05-01,0,0,0,0,0
MMR001013,2023-05-01,0,0,0,0,0
MMR001014,2023-05-01,1,1,0,0,1
MMR001015,2023-05-01,0,0,0,0,0
MMR001016,2023-05-01,0,0,0,0,0
MMR001017,2023-05-01,0,0,0,0,0
MMR001018,2023-05-01,0,0,0,0,0
MMR002001,2023-05-01,5,2,3,0,7
MMR002002,2023-05-01,29,19,9,1,70
MMR002003,2023-05-01,0,0,0,0,0
MMR002004,2023-05-01,0,0,0,0,0
MMR002005,2023-05-01,6,3,2,1,16
MMR002006,2023-05-01,0,0,0,0,0
MMR002007,2023-05-01,0,0,0,0,0
MMR003001,2023-05-01,1,0,1,0,0
MMR003002,2023-05-01,0,0,0,0,0
MMR003003,2023-05-01,8,6,2,0,37
MMR003004,2023-05-01,7,2,5,0,15
MMR003005,2023-05-01,15,6,8,1,45
MMR003006,2023-05-01,27,2,25,0,16
MMR003007,2023-05-01,7,3,3,1,13
MMR004001,2023-05-01,0,0,0,0,0
MMR004002,2023-05-01,17,9,7,1,51
MMR004003,2023-05-01,0,0,0,0,0
MMR004004,2023-05-01,1,0,1,0,0
MMR004005,2023-05-01,0,0,0,0,0
MMR004006,2023-05-01,8,4,4,0,24
MMR004007,2023-05-01,1,1,0,0,3
MMR004008,2023-05-01,0,0,0,0,0
MMR004009,2023-05-01,0,0,0,0,0
MMR005001,2023-05-01,25,8,9,8,38
MMR005002,2023-05-01,12,5,6,1,11
MMR005003,2023-05-01,9,3,5,1,11
MMR005004,2023-05-01,24,9,11,4,54
MMR005005,2023-05-01,10,3,6,1,27
MMR005006,2023-05-01,13,7,5,1,33
MMR005007,2023-05-01,16,5,7,4,25
MMR005008,2023-05-01,2,1,0,1,6
MMR005009,2023-05-01,7,0,4,3,18
MMR005010,2023-05-01,0,0,0,0,0
MMR005011,2023-05-01,2,1,1,0,2
MMR005012,2023-05-01,17,6,6,5,29
MMR005013,2023-05-01,6,5,1,0,4
MMR005014,2023-05-01,9,5,1,3,12
MMR005015,2023-05-01,15,3,5,7,31
MMR005016,2023-05-01,10,4,3,3,55
MMR005017,2023-05-01,12,6,5,1,53
MMR005018,2023-05-01,5,4,1,0,21
MMR005019,2023-05-01,8,5,2,1,11
MMR005020,2023-05-01,4,2,1,1,2
MMR005021,2023-05-01,6,5,0,1,41
MMR005022,2023-05-01,0,0,0,0,0
MMR005023,2023-05-01,12,10,2,0,48
MMR005024,2023-05-01,5,2,0,3,4
MMR005025,2023-05-01,1,1,0,0,7
MMR005026,2023-05-01,0,0,0,0,0
MMR005027,2023-05-01,12,3,8,1,19
MMR005028,2023-05-01,0,0,0,0,0
MMR005029,2023-05-01,1,0,1,0,7
MMR005030,2023-05-01,1,0,0,1,0
MMR005031,2023-05-01,19,15,2,2,9
MMR005032,2023-05-01,1,0,1,0,0
MMR005033,2023-05-01,1,0,0,1,2
MMR005034,2023-05-01,5,5,0,0,29
MMR005035,2023-05-01,0,0,0,0,0
MMR005036,2023-05-01,0,0,0,0,0
MMR005037,2023-05-01,0,0,0,0,0
MMR006001,2023-05-01,18,7,5,6,43
MMR006002,2023-05-01,7,1,2,4,3
MMR006003,2023-05-01,4,1,1,2,6
MMR006004,2023-05-01,11,6,3,2,12
MMR006005,2023-05-01,2,0,2,0,0
MMR006006,2023-05-01,2,2,0,0,0
MMR006007,2023-05-01,20,11,7,2,16
MMR006008,2023-05-01,5,2,3,0,0
MMR006009,2023-05-01,3,1,1,1,4
MMR006010,2023-05-01,2,2,0,0,3
MMR007001,2023-05-01,0,0,0,0,0
MMR007002,2023-05-01,0,0,0,0,0
MMR007003,2023-05-01,0,0,0,0,0
MMR007004,2023-05-01,2,0,0,2,0
MMR007005,2023-05-01,3,1,2,0,3
MMR007006,2023-05-01,0,0,0,0,0
MMR007007,2023-05-01,2,0,0,2,1
MMR007008,2023-05-01,0,0,0,0,0
MMR007009,2023-05-01,4,3,0,1,3
MMR007010,2023-05-01,6,0,1,5,7
MMR007011,2023-05-01,20,1,16,3,3
MMR007012,2023-05-01,3,1,0,2,6
MMR007013,2023-05-01,0,0,0,0,0
MMR007014,2023-05-01,9,2,4,3,27
MMR008001,2023-05-01,1,0,0,1,2
MMR008002,2023-05-01,0,0,0,0,0
MMR008003,2023-05-01,0,0,0,0,0
MMR008004,2023-05-01,8,6,1,1,8
MMR008005,2023-05-01,0,0,0,0,0
MMR008006,2023-05-01,0,0,0,0,0
MMR008007,2023-05-01,1,0,0,1,1
MMR008008,2023-05-01,0,0,0,0,0
MMR008009,2023-05-01,0,0,0,0,0
MMR008010,2023-05-01,3,2,0,1,7
MMR008011,2023-05-01,0,0,0,0,0
MMR008012,2023-05-01,0,0,0,0,0
MMR008013,2023-05-01,0,0,0,0,0
MMR008014,2023-05-01,1,0,0,1,1
MMR009001,2023-05-01,0,0,0,0,0
MMR009002,2023-05-01,0,0,0,0,0
MMR009003,2023-05-01,0,0,0,0,0
MMR009004,2023-05-01,0,0,0,0,0
MMR009005,2023-05-01,0,0,0,0,0
MMR009006,2023-05-01,2,1,0,1,4
MMR009007,2023-05-01,0,0,0,0,0
MMR009008,2023-05-01,0,0,0,0,0
MMR009009,2023-05-01,0,0,0,0,0
MMR009010,2023-05-01,3,3,0,0,29
MMR009011,2023-05-01,2,1,1,0,6
MMR009012,2023-05-01,0,0,0,0,0
MMR009013,2023-05-01,1,1,0,0,8
MMR009014,2023-05-01,0,0,0,0,0
MMR009015,2023-05-01,1,0,1,0,2
MMR009016,2023-05-01,0,0,0,0,0
MMR009017,2023-05-01,0,0,0,0,0
MMR009018,2023-05-01,19,5,13,1,50
MMR009019,2023-05-01,23,8,6,9,44
MMR009020,2023-05-01,22,7,14,1,30
MMR009021,2023-05-01,7,6,1,0,16
MMR009022,2023-05-01,5,0,5,0,3
MMR009023,2023-05-01,11,8,1,2,12
MMR009024,2023-05-01,6,2,3,1,12
MMR009025,2023-05-01,3,1,1,1,1
MMR010001,2023-05-01,5,1,4,0,0
MMR010002,2023-05-01,1,0,0,1,1
MMR010003,2023-05-01,0,0,0,0,0
MMR010004,2023-05-01,3,1,1,1,2
MMR010005,2023-05-01,4,1,3,0,5
MMR010006,2023-05-01,1,1,0,0,0
MMR010007,2023-05-01,4,0,2,2,2
MMR010008,2023-05-01,0,0,0,0,0
MMR010009,2023-05-01,15,4,10,1,23
MMR010010,2023-05-01,16,9,4,3,90
MMR010011,2023-05-01,3,3,0,0,17
MMR010012,2023-05-01,18,5,10,3,54
MMR010013,2023-05-01,0,0,0,0,0
MMR010014,2023-05-01,1,0,0,1,1
MMR010015,2023-05-01,0,0,0,0,0
MMR010016,2023-05-01,2,2,0,0,6
MMR010017,2023-05-01,10,2,3,5,28
MMR010018,2023-05-01,4,2,0,2,6
MMR010019,2023-05-01,7,3,3,1,12
MMR010020,2023-05-01,2,2,0,0,6
MMR010021,2023-05-01,6,0,2,4,11
MMR010022,2023-05-01,0,0,0,0,0
MMR010023,2023-05-01,0,0,0,0,0
MMR010024,2023-05-01,0,0,0,0,0
MMR010028,2023-05-01,0,0,0,0,0
MMR010029,2023-05-01,0,0,0,0,0
MMR010030,2023-05-01,3,2,0,1,1
MMR010031,2023-05-01,0,0,0,0,0
MMR011001,2023-05-01,0,0,0,0,0
MMR011002,2023-05-01,1,0,1,0,0
MMR011003,2023-05-01,0,0,0,0,0
MMR011004,2023-05-01,3,1,1,1,5
MMR011005,2023-05-01,0,0,0,0,0
MMR011006,2023-05-01,7,3,3,1,34
MMR011007,2023-05-01,6,1,5,0,1
MMR011008,2023-05-01,3,1,0,2,1
MMR011009,2023-05-01,13,3,9,1,8
MMR011010,2023-05-01,16,3,12,1,42
MMR012001,2023-05-01,0,0,0,0,0
MMR012002,2023-05-01,0,0,0,0,0
MMR012003,2023-05-01,0,0,0,0,0
MMR012004,2023-05-01,0,0,0,0,0
MMR012005,2023-05-01,0,0,0,0,0
MMR012006,2023-05-01,0,0,0,0,0
MMR012007,2023-05-01,0,0,0,0,0
MMR012008,2023-05-01,0,0,0,0,0
MMR012009,2023-05-01,1,0,1,0,1
MMR012010,2023-05-01,0,0,0,0,0
MMR012011,2023-05-01,0,0,0,0,0
MMR012012,2023-05-01,0,0,0,0,0
MMR012013,2023-05-01,0,0,0,0,0
MMR012014,2023-05-01,0,0,0,0,0
MMR012015,2023-05-01,0,0,0,0,0
MMR012016,2023-05-01,0,0,0,0,0
MMR012017,2023-05-01,0,0,0,0,0
MMR013001,2023-05-01,1,0,1,0,0
MMR013002,2023-05-01,3,0,2,1,1
MMR013003,2023-05-01,3,0,3,0,0
MMR013004,2023-05-01,0,0,0,0,0
MMR013005,2023-05-01,0,0,0,0,0
MMR013006,2023-05-01,0,0,0,0,0
MMR013007,2023-05-01,0,0,0,0,0
MMR013009,2023-05-01,0,0,0,0,0
MMR013010,2023-05-01,1,0,0,1,1
MMR013011,2023-05-01,0,0,0,0,0
MMR013012,2023-05-01,0,0,0,0,0
MMR013013,2023-05-01,0,0,0,0,0
MMR013014,2023-05-01,0,0,0,0,0
MMR013015,2023-05-01,0,0,0,0,0
MMR013016,2023-05-01,0,0,0,0,0
MMR013017,2023-05-01,0,0,0,0,0
MMR013018,2023-05-01,1,0,0,1,5
MMR013019,2023-05-01,2,0,1,1,1
MMR013020,2023-05-01,0,0,0,0,0
MMR013021,2023-05-01,1,0,0,1,0
MMR013022,2023-05-01,0,0,0,0,0
MMR013023,2023-05-01,0,0,0,0,0
MMR013024,2023-05-01,0,0,0,0,0
MMR013025,2023-05-01,0,0,0,0,0
MMR013026,2023-05-01,0,0,0,0,0
MMR013027,2023-05-01,0,0,0,0,0
MMR013028,2023-05-01,0,0,0,0,0
MMR013029,2023-05-01,0,0,0,0,0
MMR013030,2023-05-01,0,0,0,0,0
MMR013031,2023-05-01,0,0,0,0,0
MMR013032,2023-05-01,0,0,0,0,0
MMR013033,2023-05-01,0,0,0,0,0
MMR013034,2023-05-01,0,0,0,0,0
MMR013035,2023-05-01,0,0,0,0,0
MMR013036,2023-05-01,0,0,0,0,0
MMR013037,2023-05-01,1,0,1,0,0
MMR013038,2023-05-01,1,0,1,0,0
MMR013039,2023-05-01,0,0,0,0,0
MMR013040,2023-05-01,1,0,1,0,0
MMR013041,2023-05-01,0,0,0,0,0
MMR013042,2023-05-01,0,0,0,0,0
MMR013043,2023-05-01,1,1,0,0,0
MMR013044,2023-05-01,2,0,2,0,0
MMR013046,2023-05-01,1,0,0,1,1
MMR013047,2023-05-01,0,0,0,0,0
MMR014001,2023-05-01,0,0,0,0,0
MMR014002,2023-05-01,0,0,0,0,0
MMR014003,2023-05-01,0,0,0,0,0
MMR014004,2023-05-01,2,0,0,2,0
MMR014005,2023-05-01,0,0,0,0,0
MMR014006,2023-05-01,0,0,0,0,0
MMR014007,2023-05-01,5,2,1,2,0
MMR014008,2023-05-01,2,1,0,1,0
MMR014009,2023-05-01,9,6,3,0,34
MMR014010,2023-05-01,19,5,12,2,10
MMR014011,2023-05-01,0,0,0,0,0
MMR014012,2023-05-01,4,2,0,2,0
MMR014013,2023-05-01,0,0,0,0,0
MMR014014,2023-05-01,2,1,0,1,1
MMR014015,2023-05-01,1,1,0,0,0
MMR014016,2023-05-01,3,0,1,2,1
MMR014017,2023-05-01,0,0,0,0,0
MMR014018,2023-05-01,0,0,0,0,0
MMR014019,2023-05-01,0,0,0,0,0
MMR014020,2023-05-01,1,1,0,0,2
MMR014021,2023-05-01,0,0,0,0,0
MMR015001,2023-05-01,7,1,3,3,5
MMR015002,2023-05-01,1,0,1,0,1
MMR015003,2023-05-01,0,0,0,0,0
MMR015004,2023-05-01,0,0,0,0,0
MMR015005,2023-05-01,0,0,0,0,0
MMR015006,2023-05-01,0,0,0,0,0
MMR015007,2023-05-01,0,0,0,0,0
MMR015008,2023-05-01,0,0,0,0,0
MMR015009,2023-05-01,1,1,0,0,1
MMR015010,2023-05-01,0,0,0,0,0
MMR015011,2023-05-01,4,2,1,1,3
MMR015012,2023-05-01,0,0,0,0,0
MMR015013,2023-05-01,1,0,1,0,0
MMR015014,2023-05-01,0,0,0,0,0
MMR015015,2023-05-01,0,0,0,0,0
MMR015016,2023-05-01,2,0,1,1,0
MMR015017,2023-05-01,1,1,0,0,4
MMR015018,2023-05-01,0,0,0,0,0
MMR015019,2023-05-01,0,0,0,0,0
MMR015020,2023-05-01,0,0,0,0,0
MMR015021,2023-05-01,0,0,0,0,0
MMR015022,2023-05-01,1,1,0,0,1
MMR015023,2023-05-01,0,0,0,0,0
MMR015024,2023-05-01,0,0,0,0,0
MMR016001,2023-05-01,0,0,0,0,0
MMR016002,2023-05-01,0,0,0,0,0
MMR016003,2023-05-01,0,0,0,0,0
MMR016005,2023-05-01,0,0,0,0,0
MMR016006,2023-05-01,0,0,0,0,0
MMR016007,2023-05-01,0,0,0,0,0
MMR016008,2023-05-01,0,0,0,0,0
MMR016009,2023-05-01,0,0,0,0,0
MMR016010,2023-05-01,0,0,0,0,0
MMR016011,2023-05-01,0,0,0,0,0
MMR017001,2023-05-01,0,0,0,0,0
MMR017002,2023-05-01,0,0,0,0,0
MMR017003,2023-05-01,0,0,0,0,0
MMR017004,2023-05-01,0,0,0,0,0
MMR017005,2023-05-01,2,0,2,0,1
MMR017006,2023-05-01,1,1,0,0,0
MMR017007,2023-05-01,0,0,0,0,0
MMR017008,2023-05-01,3,1,2,0,1
MMR017009,2023-05-01,0,0,0,0,0
MMR017010,2023-05-01,0,0,0,0,0
MMR017011,2023-05-01,0,0,0,0,0
MMR017012,2023-05-01,0,0,0,0,0
MMR017013,2023-05-01,0,0,0,0,0
MMR017014,2023-05-01,0,0,0,0,0
MMR017015,2023-05-01,0,0,0,0,0
MMR017016,2023-05-01,0,0,0,0,0
MMR017017,2023-05-01,0,0,0,0,0
MMR017018,2023-05-01,0,0,0,0,0
MMR017019,2023-05-01,0,0,0,0,0
MMR017020,2023-05-01,0,0,0,0,0
MMR017021,2023-05-01,0,0,0,0,0
MMR017022,2023-05-01,0,0,0,0,0
MMR017023,2023-05-01,0,0,0,0,0
MMR017024,2023-05-01,2,2,0,0,1
MMR017025,2023-05-01,0,0,0,0,0
MMR017026,2023-05-01,0,0,0,0,0
MMR018001,2023-05-01,0,0,0,0,0
MMR018002,2023-05-01,0,0,0,0,0
MMR018003,2023-05-01,0,0,0,0,0
MMR018004,2023-05-01,0,0,0,0,0
MMR018005,2023-05-01,0,0,0,0,0
MMR018006,2023-05-01,0,0,0,0,0
MMR018007,2023-05-01,0,0,0,0,0
MMR018008,2023-05-01,1,1,0,0,0
MMR001001,2023-06-01,4,1,1,2,1
MMR001002,2023-06-01,6,6,0,0,0
MMR001003,2023-06-01,0,0,0,0,0
MMR001004,2023-06-01,1,0,1,0,0
MMR001005,2023-06-01,0,0,0,0,0
MMR001006,2023-06-01,0,0,0,0,0
MMR001007,2023-06-01,2,1,1,0,1
MMR001008,2023-06-01,0,0,0,0,0
MMR001009,2023-06-01,10,2,5,3,8
MMR001010,2023-06-01,0,0,0,0,0
MMR001011,2023-06-01,0,0,0,0,0
MMR001012,2023-06-01,0,0,0,0,0
MMR001013,2023-06-01,0,0,0,0,0
MMR001014,2023-06-01,0,0,0,0,0
MMR001015,2023-06-01,0,0,0,0,0
MMR001016,2023-06-01,0,0,0,0,0
MMR001017,2023-06-01,0,0,0,0,0
MMR001018,2023-06-01,0,0,0,0,0
MMR002001,2023-06-01,5,3,1,1,5
MMR002002,2023-06-01,3,0,3,0,1
MMR002003,2023-06-01,5,0,5,0,4
MMR002004,2023-06-01,1,1,0,0,7
MMR002005,2023-06-01,9,4,3,2,15
MMR002006,2023-06-01,9,4,5,0,18
MMR002007,2023-06-01,8,6,1,1,5
MMR003001,2023-06-01,3,0,3,0,11
MMR003002,2023-06-01,0,0,0,0,0
MMR003003,2023-06-01,5,3,2,0,8
MMR003004,2023-06-01,4,2,2,0,3
MMR003005,2023-06-01,6,3,3,0,0
MMR003006,2023-06-01,9,3,6,0,14
MMR003007,2023-06-01,23,9,14,0,23
MMR004001,2023-06-01,2,0,0,2,0
MMR004002,2023-06-01,9,9,0,0,14
MMR004003,2023-06-01,1,0,1,0,0
MMR004004,2023-06-01,1,0,1,0,0
MMR004005,2023-06-01,0,0,0,0,0
MMR004006,2023-06-01,10,7,2,1,22
MMR004007,2023-06-01,1,1,0,0,0
MMR004008,2023-06-01,2,1,1,0,3
MMR004009,2023-06-01,0,0,0,0,0
MMR005001,2023-06-01,45,18,16,11,96
MMR005002,2023-06-01,6,2,4,0,18
MMR005003,2023-06-01,10,4,3,3,20
MMR005004,2023-06-01,18,6,10,2,99
MMR005005,2023-06-01,26,7,14,5,34
MMR005006,2023-06-01,25,5,12,8,66
MMR005007,2023-06-01,11,4,4,3,14
MMR005008,2023-06-01,0,0,0,0,0
MMR005009,2023-06-01,6,2,4,0,0
MMR005010,2023-06-01,3,2,0,1,7
MMR005011,2023-06-01,1,1,0,0,4
MMR005012,2023-06-01,18,9,5,4,33
MMR005013,2023-06-01,1,0,0,1,0
MMR005014,2023-06-01,6,2,2,2,18
MMR005015,2023-06-01,10,6,3,1,14
MMR005016,2023-06-01,8,7,0,1,9
MMR005017,2023-06-01,4,1,3,0,5
MMR005018,2023-06-01,23,5,9,9,26
MMR005019,2023-06-01,23,7,14,2,30
MMR005020,2023-06-01,12,5,3,4,3
MMR005021,2023-06-01,10,2,6,2,5
MMR005022,2023-06-01,2,2,0,0,30
MMR005023,2023-06-01,2,2,0,0,1
MMR005024,2023-06-01,6,5,0,1,13
MMR005025,2023-06-01,2,2,0,0,3
MMR005026,2023-06-01,0,0,0,0,0
MMR005027,2023-06-01,22,6,16,0,84
MMR005028,2023-06-01,2,1,1,0,3
MMR005029,2023-06-01,3,3,0,0,13
MMR005030,2023-06-01,6,4,2,0,12
MMR005031,2023-06-01,1,1,0,0,10
MMR005032,2023-06-01,6,6,0,0,25
MMR005033,2023-06-01,0,0,0,0,0
MMR005034,2023-06-01,1,0,0,1,0
MMR005035,2023-06-01,0,0,0,0,0
MMR005036,2023-06-01,0,0,0,0,0
MMR005037,2023-06-01,0,0,0,0,0
MMR006001,2023-06-01,6,5,1,0,11
MMR006002,2023-06-01,9,6,1,2,2
MMR006003,2023-06-01,18,11,2,5,27
MMR006004,2023-06-01,10,4,4,2,22
MMR006005,2023-06-01,2,0,0,2,1
MMR006006,2023-06-01,0,0,0,0,0
MMR006007,2023-06-01,22,11,8,3,23
MMR006008,2023-06-01,16,9,6,1,22
MMR006009,2023-06-01,2,2,0,0,6
MMR006010,2023-06-01,0,0,0,0,0
MMR007001,2023-06-01,0,0,0,0,0
MMR007002,2023-06-01,0,0,0,0,0
MMR007003,2023-06-01,0,0,0,0,0
MMR007004,2023-06-01,1,0,0,1,5
MMR007005,2023-06-01,0,0,0,0,0
MMR007006,2023-06-01,8,0,7,1,7
MMR007007,2023-06-01,1,0,0,1,8
MMR007008,2023-06-01,7,0,7,0,0
MMR007009,2023-06-01,2,1,1,0,20
MMR007010,2023-06-01,6,2,2,2,3
MMR007011,2023-06-01,22,7,14,1,79
MMR007012,2023-06-01,6,3,3,0,11
MMR007013,2023-06-01,0,0,0,0,0
MMR007014,2023-06-01,4,1,3,0,1
MMR008001,2023-06-01,0,0,0,0,0
MMR008002,2023-06-01,0,0,0,0,0
MMR008003,2023-06-01,0,0,0,0,0
MMR008004,2023-06-01,11,9,0,2,10
MMR008005,2023-06-01,1,1,0,0,1
MMR008006,2023-06-01,0,0,0,0,0
MMR008007,2023-06-01,0,0,0,0,0
MMR008008,2023-06-01,0,0,0,0,0
MMR008009,2023-06-01,1,0,0,1,2
MMR008010,2023-06-01,2,2,0,0,5
MMR008011,2023-06-01,0,0,0,0,0
MMR008012,2023-06-01,1,1,0,0,3
MMR008013,2023-06-01,0,0,0,0,0
MMR008014,2023-06-01,0,0,0,0,0
MMR009001,2023-06-01,1,0,1,0,2
MMR009002,2023-06-01,1,0,1,0,3
MMR009003,2023-06-01,1,1,0,0,1
MMR009004,2023-06-01,0,0,0,0,0
MMR009005,2023-06-01,0,0,0,0,0
MMR009006,2023-06-01,2,1,0,1,2
MMR009007,2023-06-01,1,1,0,0,1
MMR009008,2023-06-01,0,0,0,0,0
MMR009009,2023-06-01,0,0,0,0,0
MMR009010,2023-06-01,3,3,0,0,16
MMR009011,2023-06-01,1,1,0,0,0
MMR009012,2023-06-01,0,0,0,0,0
MMR009013,2023-06-01,0,0,0,0,0
MMR009014,2023-06-01,0,0,0,0,0
MMR009015,2023-06-01,1,1,0,0,3
MMR009016,2023-06-01,2,0,0,2,2
MMR009017,2023-06-01,0,0,0,0,0
MMR009018,2023-06-01,20,6,10,4,39
MMR009019,2023-06-01,13,3,9,1,22
MMR009020,2023-06-01,22,9,13,0,31
MMR009021,2023-06-01,5,4,1,0,19
MMR009022,2023-06-01,4,1,2,1,26
MMR009023,2023-06-01,11,5,3,3,10
MMR009024,2023-06-01,7,3,3,1,12
MMR009025,2023-06-01,6,3,3,0,2
MMR010001,2023-06-01,5,0,3,2,0
MMR010002,2023-06-01,2,0,1,1,0
MMR010003,2023-06-01,2,0,0,2,2
MMR010004,2023-06-01,2,0,1,1,1
MMR010005,2023-06-01,0,0,0,0,0
MMR010006,2023-06-01,1,0,0,1,2
MMR010007,2023-06-01,9,1,6,2,4
MMR010008,2023-06-01,0,0,0,0,0
MMR010009,2023-06-01,13,3,8,2,16
MMR010010,2023-06-01,2,0,1,1,0
MMR010011,2023-06-01,2,1,1,0,30
MMR010012,2023-06-01,5,1,3,1,6
MMR010013,2023-06-01,0,0,0,0,0
MMR010014,2023-06-01,0,0,0,0,0
MMR010015,2023-06-01,0,0,0,0,0
MMR010016,2023-06-01,0,0,0,0,0
MMR010017,2023-06-01,9,3,3,3,27
MMR010018,2023-06-01,3,2,0,1,9
MMR010019,2023-06-01,7,0,2,5,12
MMR010020,2023-06-01,0,0,0,0,0
MMR010021,2023-06-01,3,2,0,1,9
MMR010022,2023-06-01,1,0,0,1,2
MMR010023,2023-06-01,0,0,0,0,0
MMR010024,2023-06-01,0,0,0,0,0
MMR010028,2023-06-01,0,0,0,0,0
MMR010029,2023-06-01,1,0,1,0,5
MMR010030,2023-06-01,0,0,0,0,0
MMR010031,2023-06-01,0,0,0,0,0
MMR011001,2023-06-01,2,1,1,0,0
MMR011002,2023-06-01,1,0,1,0,4
MMR011003,2023-06-01,0,0,0,0,0
MMR011004,2023-06-01,2,0,2,0,1
MMR011005,2023-06-01,1,0,1,0,1
MMR011006,2023-06-01,20,10,6,4,43
MMR011007,2023-06-01,13,5,8,0,32
MMR011008,2023-06-01,0,0,0,0,0
MMR011009,2023-06-01,7,1,5,1,12
MMR011010,2023-06-01,8,1,7,0,7
MMR012001,2023-06-01,1,0,0,1,0
MMR012002,2023-06-01,0,0,0,0,0
MMR012003,2023-06-01,0,0,0,0,0
MMR012004,2023-06-01,0,0,0,0,0
MMR012005,2023-06-01,0,0,0,0,0
MMR012006,2023-06-01,0,0,0,0,0
MMR012007,2023-06-01,0,0,0,0,0
MMR012008,2023-06-01,0,0,0,0,0
MMR012009,2023-06-01,0,0,0,0,0
MMR012010,2023-06-01,0,0,0,0,0
MMR012011,2023-06-01,1,0,0,1,0
MMR012012,2023-06-01,0,0,0,0,0
MMR012013,2023-06-01,0,0,0,0,0
MMR012014,2023-06-01,0,0,0,0,0
MMR012015,2023-06-01,0,0,0,0,0
MMR012016,2023-06-01,0,0,0,0,0
MMR012017,2023-06-01,0,0,0,0,0
MMR013001,2023-06-01,1,1,0,0,0
MMR013002,2023-06-01,2,0,1,1,1
MMR013003,2023-06-01,0,0,0,0,0
MMR013004,2023-06-01,0,0,0,0,0
MMR013005,2023-06-01,0,0,0,0,0
MMR013006,2023-06-01,2,0,0,2,3
MMR013007,2023-06-01,0,0,0,0,0
MMR013009,2023-06-01,1,0,0,1,0
MMR013010,2023-06-01,0,0,0,0,0
MMR013011,2023-06-01,0,0,0,0,0
MMR013012,2023-06-01,2,0,2,0,0
MMR013013,2023-06-01,2,0,1,1,1
MMR013014,2023-06-01,1,0,1,0,0
MMR013015,2023-06-01,1,0,1,0,0
MMR013016,2023-06-01,0,0,0,0,0
MMR013017,2023-06-01,0,0,0,0,0
MMR013018,2023-06-01,0,0,0,0,0
MMR013019,2023-06-01,2,0,2,0,0
MMR013020,2023-06-01,1,0,1,0,0
MMR013021,2023-06-01,3,2,0,1,1
MMR013022,2023-06-01,0,0,0,0,0
MMR013023,2023-06-01,0,0,0,0,0
MMR013024,2023-06-01,0,0,0,0,0
MMR013025,2023-06-01,0,0,0,0,0
MMR013026,2023-06-01,0,0,0,0,0
MMR013027,2023-06-01,0,0,0,0,0
MMR013028,2023-06-01,0,0,0,0,0
MMR013029,2023-06-01,0,0,0,0,0
MMR013030,2023-06-01,0,0,0,0,0
MMR013031,2023-06-01,0,0,0,0,0
MMR013032,2023-06-01,0,0,0,0,0
MMR013033,2023-06-01,1,0,1,0,0
MMR013034,2023-06-01,0,0,0,0,0
MMR013035,2023-06-01,0,0,0,0,0
MMR013036,2023-06-01,0,0,0,0,0
MMR013037,2023-06-01,0,0,0,0,0
MMR013038,2023-06-01,0,0,0,0,0
MMR013039,2023-06-01,0,0,0,0,0
MMR013040,2023-06-01,1,0,1,0,0
MMR013041,2023-06-01,1,0,0,1,0
MMR013042,2023-06-01,1,0,1,0,0
MMR013043,2023-06-01,0,0,0,0,0
MMR013044,2023-06-01,0,0,0,0,0
MMR013046,2023-06-01,3,0,3,0,0
MMR013047,2023-06-01,0,0,0,0,0
MMR014001,2023-06-01,0,0,0,0,0
MMR014002,2023-06-01,0,0,0,0,0
MMR014003,2023-06-01,0,0,0,0,0
MMR014004,2023-06-01,0,0,0,0,0
MMR014005,2023-06-01,0,0,0,0,0
MMR014006,2023-06-01,0,0,0,0,0
MMR014007,2023-06-01,1,0,0,1,1
MMR014008,2023-06-01,0,0,0,0,0
MMR014009,2023-06-01,13,11,2,0,29
MMR014010,2023-06-01,23,6,10,7,69
MMR014011,2023-06-01,0,0,0,0,0
MMR014012,2023-06-01,1,0,0,1,1
MMR014013,2023-06-01,0,0,0,0,0
MMR014014,2023-06-01,0,0,0,0,0
MMR014015,2023-06-01,0,0,0,0,0
MMR014016,2023-06-01,0,0,0,0,0
MMR014017,2023-06-01,0,0,0,0,0
MMR014018,2023-06-01,0,0,0,0,0
MMR014019,2023-06-01,0,0,0,0,0
MMR014020,2023-06-01,0,0,0,0,0
MMR014021,2023-06-01,0,0,0,0,0
MMR015001,2023-06-01,7,4,3,0,1
MMR015002,2023-06-01,5,3,1,1,2
MMR015003,2023-06-01,0,0,0,0,0
MMR015004,2023-06-01,0,0,0,0,0
MMR015005,2023-06-01,0,0,0,0,0
MMR015006,2023-06-01,0,0,0,0,0
MMR015007,2023-06-01,0,0,0,0,0
MMR015008,2023-06-01,0,0,0,0,0
MMR015009,2023-06-01,11,6,0,5,13
MMR015010,2023-06-01,0,0,0,0,0
MMR015011,2023-06-01,8,3,2,3,2
MMR015012,2023-06-01,0,0,0,0,0
MMR015013,2023-06-01,0,0,0,0,0
MMR015014,2023-06-01,0,0,0,0,0
MMR015015,2023-06-01,2,0,1,1,0
MMR015016,2023-06-01,0,0,0,0,0
MMR015017,2023-06-01,0,0,0,0,0
MMR015018,2023-06-01,6,2,2,2,20
MMR015019,2023-06-01,0,0,0,0,0
MMR015020,2023-06-01,0,0,0,0,0
MMR015021,2023-06-01,0,0,0,0,0
MMR015022,2023-06-01,6,4,1,1,22
MMR015023,2023-06-01,0,0,0,0,0
MMR015024,2023-06-01,0,0,0,0,0
MMR016001,2023-06-01,0,0,0,0,0
MMR016002,2023-06-01,0,0,0,0,0
MMR016003,2023-06-01,0,0,0,0,0
MMR016005,2023-06-01,0,0,0,0,0
MMR016006,2023-06-01,0,0,0,0,0
MMR016007,2023-06-01,0,0,0,0,0
MMR016008,2023-06-01,0,0,0,0,0
MMR016009,2023-06-01,0,0,0,0,0
MMR016010,2023-06-01,0,0,0,0,0
MMR016011,2023-06-01,0,0,0,0,0
MMR017001,2023-06-01,0,0,0,0,0
MMR017002,2023-06-01,0,0,0,0,0
MMR017003,2023-06-01,0,0,0,0,0
MMR017004,2023-06-01,0,0,0,0,0
MMR017005,2023-06-01,0,0,0,0,0
MMR017006,2023-06-01,0,0,0,0,0
MMR017007,2023-06-01,0,0,0,0,0
MMR017008,2023-06-01,3,0,0,3,0
MMR017009,2023-06-01,0,0,0,0,0
MMR017010,2023-06-01,0,0,0,0,0
MMR017011,2023-06-01,1,0,0,1,0
MMR017012,2023-06-01,0,0,0,0,0
MMR017013,2023-06-01,0,0,0,0,0
MMR017014,2023-06-01,0,0,0,0,0
MMR017015,2023-06-01,0,0,0,0,0
MMR017016,2023-06-01,0,0,0,0,0
MMR017017,2023-06-01,0,0,0,0,0
MMR017018,2023-06-01,0,0,0,0,0
MMR017019,2023-06-01,1,0,0,1,0
MMR017020,2023-06-01,0,0,0,0,0
MMR017021,2023-06-01,0,0,0,0,0
MMR017022,2023-06-01,0,0,0,0,0
MMR017023,2023-06-01,0,0,0,0,0
MMR017024,2023-06-01,0,0,0,0,0
MMR017025,2023-06-01,0,0,0,0,0
MMR017026,2023-06-01,0,0,0,0,0
MMR018001,2023-06-01,0,0,0,0,0
MMR018002,2023-06-01,1,0,1,0,2
MMR018003,2023-06-01,0,0,0,0,0
MMR018004,2023-06-01,0,0,0,0,0
MMR018005,2023-06-01,0,0,0,0,0
MMR018006,2023-06-01,1,1,0,0,5
MMR018007,2023-06-01,1,0,1,0,2
MMR018008,2023-06-01,0,0,0,0,0
MMR001001,2023-07-01,1,0,1,0,0
MMR001002,2023-07-01,23,18,3,2,40
MMR001003,2023-07-01,0,0,0,0,0
MMR001004,2023-07-01,0,0,0,0,0
MMR001005,2023-07-01,0,0,0,0,0
MMR001006,2023-07-01,0,0,0,0,0
MMR001007,2023-07-01,0,0,0,0,0
MMR001008,2023-07-01,3,1,0,2,0
MMR001009,2023-07-01,6,3,0,3,16
MMR001010,2023-07-01,0,0,0,0,0
MMR001011,2023-07-01,15,6,8,1,14
MMR001012,2023-07-01,13,9,3,1,4
MMR001013,2023-07-01,0,0,0,0,0
MMR001014,2023-07-01,0,0,0,0,0
MMR001015,2023-07-01,0,0,0,0,0
MMR001016,2023-07-01,0,0,0,0,0
MMR001017,2023-07-01,0,0,0,0,0
MMR001018,2023-07-01,0,0,0,0,0
MMR002001,2023-07-01,19,11,5,3,5
MMR002002,2023-07-01,1,0,1,0,0
MMR002003,2023-07-01,2,1,1,0,0
MMR002004,2023-07-01,1,0,1,0,1
MMR002005,2023-07-01,1,1,0,0,0
MMR002006,2023-07-01,12,8,4,0,1
MMR002007,2023-07-01,6,1,4,1,4
MMR003001,2023-07-01,4,0,3,1,2
MMR003002,2023-07-01,0,0,0,0,0
MMR003003,2023-07-01,0,0,0,0,0
MMR003004,2023-07-01,10,4,4,2,4
MMR003005,2023-07-01,22,18,4,0,19
MMR003006,2023-07-01,16,4,12,0,21
MMR003007,2023-07-01,32,22,9,1,66
MMR004001,2023-07-01,0,0,0,0,0
MMR004002,2023-07-01,7,6,1,0,41
MMR004003,2023-07-01,8,8,0,0,20
MMR004004,2023-07-01,3,2,0,1,19
MMR004005,2023-07-01,1,1,0,0,1
MMR004006,2023-07-01,11,6,3,2,23
MMR004007,2023-07-01,4,2,1,1,5
MMR004008,2023-07-01,10,9,1,0,41
MMR004009,2023-07-01,1,1,0,0,0
MMR005001,2023-07-01,13,3,9,1,10
MMR005002,2023-07-01,25,7,9,9,79
MMR005003,2023-07-01,16,7,9,0,13
MMR005004,2023-07-01,30,10,17,3,129
MMR005005,2023-07-01,16,2,9,5,15
MMR005006,2023-07-01,21,11,0,10,55
MMR005007,2023-07-01,6,2,2,2,1
MMR005008,2023-07-01,0,0,0,0,0
MMR005009,2023-07-01,9,0,8,1,5
MMR005010,2023-07-01,1,1,0,0,6
MMR005011,2023-07-01,10,7,3,0,59
MMR005012,2023-07-01,15,5,8,2,35
MMR005013,2023-07-01,6,3,2,1,13
MMR005014,2023-07-01,10,7,1,2,26
MMR005015,2023-07-01,9,5,3,1,16
MMR005016,2023-07-01,16,6,8,2,31
MMR005017,2023-07-01,4,2,2,0,0
MMR005018,2023-07-01,22,8,6,8,37
MMR005019,2023-07-01,6,4,2,0,4
MMR005020,2023-07-01,6,4,0,2,6
MMR005021,2023-07-01,5,3,1,1,2
MMR005022,2023-07-01,2,0,2,0,1
MMR005023,2023-07-01,0,0,0,0,0
MMR005024,2023-07-01,2,1,1,0,1
MMR005025,2023-07-01,0,0,0,0,0
MMR005026,2023-07-01,0,0,0,0,0
MMR005027,2023-07-01,17,0,15,2,5
MMR005028,2023-07-01,1,1,0,0,1
MMR005029,2023-07-01,2,1,0,1,0
MMR005030,2023-07-01,11,4,2,5,13
MMR005031,2023-07-01,7,1,4,2,0
MMR005032,2023-07-01,0,0,0,0,0
MMR005033,2023-07-01,0,0,0,0,0
MMR005034,2023-07-01,2,2,0,0,0
MMR005035,2023-07-01,0,0,0,0,0
MMR005036,2023-07-01,0,0,0,0,0
MMR005037,2023-07-01,0,0,0,0,0
MMR006001,2023-07-01,14,6,3,5,14
MMR006002,2023-07-01,24,11,5,8,46
MMR006003,2023-07-01,10,4,3,3,17
MMR006004,2023-07-01,11,5,3,3,50
MMR006005,2023-07-01,1,1,0,0,0
MMR006006,2023-07-01,3,2,0,1,0
MMR006007,2023-07-01,13,5,6,2,7
MMR006008,2023-07-01,8,4,4,0,0
MMR006009,2023-07-01,0,0,0,0,0
MMR006010,2023-07-01,4,3,0,1,5
MMR007001,2023-07-01,3,1,1,1,1
MMR007002,2023-07-01,0,0,0,0,0
MMR007003,2023-07-01,0,0,0,0,0
MMR007004,2023-07-01,0,0,0,0,0
MMR007005,2023-07-01,22,7,15,0,23
MMR007006,2023-07-01,23,11,9,3,104
MMR007007,2023-07-01,3,1,0,2,2
MMR007008,2023-07-01,1,1,0,0,30
MMR007009,2023-07-01,1,0,0,1,1
MMR007010,2023-07-01,9,7,2,0,20
MMR007011,2023-07-01,13,5,3,5,24
MMR007012,2023-07-01,16,4,12,0,26
MMR007013,2023-07-01,0,0,0,0,0
MMR007014,2023-07-01,7,3,3,1,7
MMR008001,2023-07-01,0,0,0,0,0
MMR008002,2023-07-01,1,0,0,1,1
MMR008003,2023-07-01,0,0,0,0,0
MMR008004,2023-07-01,9,5,1,3,4
MMR008005,2023-07-01,1,0,0,1,0
MMR008006,2023-07-01,0,0,0,0,0
MMR008007,2023-07-01,1,0,0,1,2
MMR008008,2023-07-01,2,2,0,0,4
MMR008009,2023-07-01,2,1,0,1,4
MMR008010,2023-07-01,3,1,1,1,0
MMR008011,2023-07-01,0,0,0,0,0
MMR008012,2023-07-01,0,0,0,0,0
MMR008013,2023-07-01,1,0,1,0,2
MMR008014,2023-07-01,0,0,0,0,0
MMR009001,2023-07-01,1,0,1,0,0
MMR009002,2023-07-01,0,0,0,0,0
MMR009003,2023-07-01,2,1,1,0,1
MMR009004,2023-07-01,1,0,0,1,1
MMR009005,2023-07-01,0,0,0,0,0
MMR009006,2023-07-01,3,2,1,0,10
MMR009007,2023-07-01,0,0,0,0,0
MMR009008,2023-07-01,0,0,0,0,0
MMR009009,2023-07-01,0,0,0,0,0
MMR009010,2023-07-01,0,0,0,0,0
MMR009011,2023-07-01,1,1,0,0,0
MMR009012,2023-07-01,0,0,0,0,0
MMR009013,2023-07-01,0,0,0,0,0
MMR009014,2023-07-01,0,0,0,0,0
MMR009015,2023-07-01,2,1,0,1,16
MMR009016,2023-07-01,2,1,0,1,5
MMR009017,2023-07-01,0,0,0,0,0
MMR009018,2023-07-01,17,9,4,4,37
MMR009019,2023-07-01,19,8,9,2,27
MMR009020,2023-07-01,34,15,16,3,11
MMR009021,2023-07-01,8,4,4,0,23
MMR009022,2023-07-01,6,3,3,0,23
MMR009023,2023-07-01,5,4,1,0,0
MMR009024,2023-07-01,4,1,3,0,9
MMR009025,2023-07-01,14,10,3,1,63
MMR010001,2023-07-01,2,2,0,0,1
MMR010002,2023-07-01,0,0,0,0,0
MMR010003,2023-07-01,2,0,0,2,1
MMR010004,2023-07-01,0,0,0,0,0
MMR010005,2023-07-01,1,0,1,0,0
MMR010006,2023-07-01,0,0,0,0,0
MMR010007,2023-07-01,1,0,0,1,1
MMR010008,2023-07-01,0,0,0,0,0
MMR010009,2023-07-01,26,8,13,5,25
MMR010010,2023-07-01,2,0,2,0,0
MMR010011,2023-07-01,9,8,1,0,8
MMR010012,2023-07-01,7,2,4,1,52
MMR010013,2023-07-01,1,0,0,1,1
MMR010014,2023-07-01,2,1,0,1,1
MMR010015,2023-07-01,0,0,0,0,0
MMR010016,2023-07-01,1,0,1,0,1
MMR010017,2023-07-01,8,1,1,6,26
MMR010018,2023-07-01,1,0,0,1,1
MMR010019,2023-07-01,6,1,3,2,6
MMR010020,2023-07-01,1,1,0,0,0
MMR010021,2023-07-01,0,0,0,0,0
MMR010022,2023-07-01,2,1,1,0,8
MMR010023,2023-07-01,0,0,0,0,0
MMR010024,2023-07-01,1,1,0,0,20
MMR010028,2023-07-01,0,0,0,0,0
MMR010029,2023-07-01,2,1,0,1,8
MMR010030,2023-07-01,1,0,0,1,1
MMR010031,2023-07-01,1,1,0,0,1
MMR011001,2023-07-01,0,0,0,0,0
MMR011002,2023-07-01,1,1,0,0,6
MMR011003,2023-07-01,0,0,0,0,0
MMR011004,2023-07-01,5,4,1,0,15
MMR011005,2023-07-01,3,0,3,0,2
MMR011006,2023-07-01,10,7,3,0,11
MMR011007,2023-07-01,17,2,13,2,4
MMR011008,2023-07-01,2,2,0,0,2
MMR011009,2023-07-01,20,6,11,3,34
MMR011010,2023-07-01,27,9,15,3,21
MMR012001,2023-07-01,2,1,0,1,3
MMR012002,2023-07-01,0,0,0,0,0
MMR012003,2023-07-01,0,0,0,0,0
MMR012004,2023-07-01,0,0,0,0,0
MMR012005,2023-07-01,0,0,0,0,0
MMR012006,2023-07-01,0,0,0,0,0
MMR012007,2023-07-01,0,0,0,0,0
MMR012008,2023-07-01,0,0,0,0,0
MMR012009,2023-07-01,1,0,0,1,0
MMR012010,2023-07-01,2,2,0,0,5
MMR012011,2023-07-01,0,0,0,0,0
MMR012012,2023-07-01,0,0,0,0,0
MMR012013,2023-07-01,0,0,0,0,0
MMR012014,2023-07-01,1,0,0,1,1
MMR012015,2023-07-01,0,0,0,0,0
MMR012016,2023-07-01,1,0,0,1,1
MMR012017,2023-07-01,0,0,0,0,0
MMR013001,2023-07-01,2,0,1,1,0
MMR013002,2023-07-01,1,0,1,0,0
MMR013003,2023-07-01,0,0,0,0,0
MMR013004,2023-07-01,0,0,0,0,0
MMR013005,2023-07-01,0,0,0,0,0
MMR013006,2023-07-01,0,0,0,0,0
MMR013007,2023-07-01,3,0,1,2,1
MMR013009,2023-07-01,0,0,0,0,0
MMR013010,2023-07-01,0,0,0,0,0
MMR013011,2023-07-01,2,1,1,0,1
MMR013012,2023-07-01,0,0,0,0,0
MMR013013,2023-07-01,0,0,0,0,0
MMR013014,2023-07-01,0,0,0,0,0
MMR013015,2023-07-01,0,0,0,0,0
MMR013016,2023-07-01,0,0,0,0,0
MMR013017,2023-07-01,0,0,0,0,0
MMR013018,2023-07-01,0,0,0,0,0
MMR013019,2023-07-01,2,0,0,2,3
MMR013020,2023-07-01,2,0,1,1,1
MMR013021,2023-07-01,0,0,0,0,0
MMR013022,2023-07-01,0,0,0,0,0
MMR013023,2023-07-01,2,0,2,0,0
MMR013024,2023-07-01,0,0,0,0,0
MMR013025,2023-07-01,0,0,0,0,0
MMR013026,2023-07-01,0,0,0,0,0
MMR013027,2023-07-01,0,0,0,0,0
MMR013028,2023-07-01,0,0,0,0,0
MMR013029,2023-07-01,0,0,0,0,0
MMR013030,2023-07-01,0,0,0,0,0
MMR013031,2023-07-01,0,0,0,0,0
MMR013032,2023-07-01,0,0,0,0,0
MMR013033,2023-07-01,0,0,0,0,0
MMR013034,2023-07-01,0,0,0,0,0
MMR013035,2023-07-01,0,0,0,0,0
MMR013036,2023-07-01,0,0,0,0,0
MMR013037,2023-07-01,0,0,0,0,0
MMR013038,2023-07-01,0,0,0,0,0
MMR013039,2023-07-01,0,0,0,0,0
MMR013040,2023-07-01,1,0,1,0,0
MMR013041,2023-07-01,0,0,0,0,0
MMR013042,2023-07-01,0,0,0,0,0
MMR013043,2023-07-01,0,0,0,0,0
MMR013044,2023-07-01,1,0,1,0,0
MMR013046,2023-07-01,3,0,3,0,0
MMR013047,2023-07-01,0,0,0,0,0
MMR014001,2023-07-01,0,0,0,0,0
MMR014002,2023-07-01,1,0,0,1,1
MMR014003,2023-07-01,0,0,0,0,0
MMR014004,2023-07-01,0,0,0,0,0
MMR014005,2023-07-01,0,0,0,0,0
MMR014006,2023-07-01,0,0,0,0,0
MMR014007,2023-07-01,2,0,0,2,1
MMR014008,2023-07-01,2,0,1,1,1
MMR014009,2023-07-01,9,9,0,0,13
MMR014010,2023-07-01,7,2,2,3,6
MMR014011,2023-07-01,1,0,1,0,0
MMR014012,2023-07-01,1,0,1,0,3
MMR014013,2023-07-01,0,0,0,0,0
MMR014014,2023-07-01,0,0,0,0,0
MMR014015,2023-07-01,0,0,0,0,0
MMR014016,2023-07-01,0,0,0,0,0
MMR014017,2023-07-01,0,0,0,0,0
MMR014018,2023-07-01,0,0,0,0,0
MMR014019,2023-07-01,0,0,0,0,0
MMR014020,2023-07-01,1,0,1,0,1
MMR014021,2023-07-01,0,0,0,0,0
MMR015001,2023-07-01,6,2,3,1,9
MMR015002,2023-07-01,2,0,1,1,1
MMR015003,2023-07-01,0,0,0,0,0
MMR015004,2023-07-01,0,0,0,0,0
MMR015005,2023-07-01,0,0,0,0,0
MMR015006,2023-07-01,0,0,0,0,0
MMR015007,2023-07-01,0,0,0,0,0
MMR015008,2023-07-01,0,0,0,0,0
MMR015009,2023-07-01,23,11,9,3,12
MMR015010,2023-07-01,0,0,0,0,0
MMR015011,2023-07-01,27,11,13,3,13
MMR015012,2023-07-01,1,1,0,0,0
MMR015013,2023-07-01,0,0,0,0,0
MMR015014,2023-07-01,0,0,0,0,0
MMR015015,2023-07-01,1,0,0,1,0
MMR015016,2023-07-01,0,0,0,0,0
MMR015017,2023-07-01,0,0,0,0,0
MMR015018,2023-07-01,0,0,0,0,0
MMR015019,2023-07-01,0,0,0,0,0
MMR015020,2023-07-01,1,1,0,0,0
MMR015021,2023-07-01,0,0,0,0,0
MMR015022,2023-07-01,0,0,0,0,0
MMR015023,2023-07-01,0,0,0,0,0
MMR015024,2023-07-01,0,0,0,0,0
MMR016001,2023-07-01,0,0,0,0,0
MMR016002,2023-07-01,0,0,0,0,0
MMR016003,2023-07-01,0,0,0,0,0
MMR016005,2023-07-01,0,0,0,0,0
MMR016006,2023-07-01,0,0,0,0,0
MMR016007,2023-07-01,0,0,0,0,0
MMR016008,2023-07-01,0,0,0,0,0
MMR016009,2023-07-01,1,0,0,1,1
MMR016010,2023-07-01,0,0,0,0,0
MMR016011,2023-07-01,0,0,0,0,0
MMR017001,2023-07-01,1,0,0,1,1
MMR017002,2023-07-01,0,0,0,0,0
MMR017003,2023-07-01,0,0,0,0,0
MMR017004,2023-07-01,0,0,0,0,0
MMR017005,2023-07-01,0,0,0,0,0
MMR017006,2023-07-01,0,0,0,0,0
MMR017007,2023-07-01,0,0,0,0,0
MMR017008,2023-07-01,0,0,0,0,0
MMR017009,2023-07-01,0,0,0,0,0
MMR017010,2023-07-01,0,0,0,0,0
MMR017011,2023-07-01,0,0,0,0,0
MMR017012,2023-07-01,0,0,0,0,0
MMR017013,2023-07-01,0,0,0,0,0
MMR017014,2023-07-01,0,0,0,0,0
MMR017015,2023-07-01,0,0,0,0,0
MMR017016,2023-07-01,0,0,0,0,0
MMR017017,2023-07-01,0,0,0,0,0
MMR017018,2023-07-01,0,0,0,0,0
MMR017019,2023-07-01,1,1,0,0,2
MMR017020,2023-07-01,0,0,0,0,0
MMR017021,2023-07-01,0,0,0,0,0
MMR017022,2023-07-01,0,0,0,0,0
MMR017023,2023-07-01,0,0,0,0,0
MMR017024,2023-07-01,0,0,0,0,0
MMR017025,2023-07-01,0,0,0,0,0
MMR017026,2023-07-01,0,0,0,0,0
MMR018001,2023-07-01,0,0,0,0,0
MMR018002,2023-07-01,1,0,1,0,0
MMR018003,2023-07-01,0,0,0,0,0
MMR018004,2023-07-01,0,0,0,0,0
MMR018005,2023-07-01,0,0,0,0,0
MMR018006,2023-07-01,2,2,0,0,4
MMR018007,2023-07-01,0,0,0,0,0
MMR018008,2023-07-01,0,0,0,0,0
MMR001001,2023-08-01,3,2,0,1,3
MMR001002,2023-08-01,12,6,6,0,0
MMR001003,2023-08-01,0,0,0,0,0
MMR001004,2023-08-01,0,0,0,0,0
MMR001005,2023-08-01,0,0,0,0,0
MMR001006,2023-08-01,0,0,0,0,0
MMR001007,2023-08-01,2,1,1,0,3
MMR001008,2023-08-01,2,1,0,1,3
MMR001009,2023-08-01,17,4,6,7,40
MMR001010,2023-08-01,14,1,11,2,4
MMR001011,2023-08-01,10,2,3,5,13
MMR001012,2023-08-01,7,3,2,2,3
MMR001013,2023-08-01,1,0,0,1,0
MMR001014,2023-08-01,0,0,0,0,0
MMR001015,2023-08-01,0,0,0,0,0
MMR001016,2023-08-01,0,0,0,0,0
MMR001017,2023-08-01,0,0,0,0,0
MMR001018,2023-08-01,0,0,0,0,0
MMR002001,2023-08-01,4,2,1,1,15
MMR002002,2023-08-01,11,7,4,0,23
MMR002003,2023-08-01,26,22,4,0,43
MMR002004,2023-08-01,3,2,1,0,17
MMR002005,2023-08-01,0,0,0,0,0
MMR002006,2023-08-01,1,1,0,0,0
MMR002007,2023-08-01,6,3,3,0,5
MMR003001,2023-08-01,0,0,0,0,0
MMR003002,2023-08-01,1,1,0,0,0
MMR003003,2023-08-01,8,3,4,1,7
MMR003004,2023-08-01,1,0,1,0,0
MMR003005,2023-08-01,14,11,1,2,26
MMR003006,2023-08-01,20,11,7,2,31
MMR003007,2023-08-01,5,1,2,2,5
MMR004001,2023-08-01,3,1,2,0,7
MMR004002,2023-08-01,1,0,1,0,0
MMR004003,2023-08-01,5,3,2,0,52
MMR004004,2023-08-01,1,1,0,0,0
MMR004005,2023-08-01,4,3,0,1,9
MMR004006,2023-08-01,3,3,0,0,2
MMR004007,2023-08-01,0,0,0,0,0
MMR004008,2023-08-01,2,0,2,0,2
MMR004009,2023-08-01,0,0,0,0,0
MMR005001,2023-08-01,31,10,12,9,47
MMR005002,2023-08-01,14,3,10,1,27
MMR005003,2023-08-01,4,3,1,0,3
MMR005004,2023-08-01,38,12,20,6,62
MMR005005,2023-08-01,16,9,4,3,20
MMR005006,2023-08-01,27,9,9,9,20
MMR005007,2023-08-01,17,5,5,7,37
MMR005008,2023-08-01,0,0,0,0,0
MMR005009,2023-08-01,8,4,3,1,13
MMR005010,2023-08-01,9,4,2,3,16
MMR005011,2023-08-01,1,0,1,0,2
MMR005012,2023-08-01,21,12,9,0,22
MMR005013,2023-08-01,12,6,3,3,19
MMR005014,2023-08-01,9,3,5,1,40
MMR005015,2023-08-01,4,3,1,0,5
MMR005016,2023-08-01,22,12,8,2,68
MMR005017,2023-08-01,19,10,9,0,32
MMR005018,2023-08-01,22,11,10,1,16
MMR005019,2023-08-01,11,6,2,3,20
MMR005020,2023-08-01,15,6,6,3,20
MMR005021,2023-08-01,4,4,0,0,10
MMR005022,2023-08-01,6,2,0,4,4
MMR005023,2023-08-01,1,0,1,0,1
MMR005024,2023-08-01,1,1,0,0,2
MMR005025,2023-08-01,2,1,0,1,4
MMR005026,2023-08-01,2,1,0,1,4
MMR005027,2023-08-01,22,10,5,7,29
MMR005028,2023-08-01,0,0,0,0,0
MMR005029,2023-08-01,4,1,3,0,10
MMR005030,2023-08-01,7,4,1,2,15
MMR005031,2023-08-01,2,1,1,0,0
MMR005032,2023-08-01,0,0,0,0,0
MMR005033,2023-08-01,0,0,0,0,0
MMR005034,2023-08-01,0,0,0,0,0
MMR005035,2023-08-01,0,0,0,0,0
MMR005036,2023-08-01,0,0,0,0,0
MMR005037,2023-08-01,0,0,0,0,0
MMR006001,2023-08-01,12,8,0,4,11
MMR006002,2023-08-01,9,7,0,2,6
MMR006003,2023-08-01,4,3,0,1,25
MMR006004,2023-08-01,17,7,2,8,15
MMR006005,2023-08-01,1,0,0,1,0
MMR006006,2023-08-01,1,0,0,1,0
MMR006007,2023-08-01,22,1,17,4,4
MMR006008,2023-08-01,12,2,6,4,7
MMR006009,2023-08-01,3,1,0,2,8
MMR006010,2023-08-01,0,0,0,0,0
MMR007001,2023-08-01,0,0,0,0,0
MMR007002,2023-08-01,0,0,0,0,0
MMR007003,2023-08-01,0,0,0,0,0
MMR007004,2023-08-01,0,0,0,0,0
MMR007005,2023-08-01,16,2,13,1,3
MMR007006,2023-08-01,11,4,7,0,40
MMR007007,2023-08-01,2,1,1,0,0
MMR007008,2023-08-01,14,1,13,0,2
MMR007009,2023-08-01,4,1,1,2,6
MMR007010,2023-08-01,9,1,8,0,2
MMR007011,2023-08-01,28,3,24,1,21
MMR007012,2023-08-01,22,6,14,2,25
MMR007013,2023-08-01,0,0,0,0,0
MMR007014,2023-08-01,4,1,3,0,14
MMR008001,2023-08-01,0,0,0,0,0
MMR008002,2023-08-01,1,0,0,1,1
MMR008003,2023-08-01,0,0,0,0,0
MMR008004,2023-08-01,1,0,0,1,2
MMR008005,2023-08-01,0,0,0,0,0
MMR008006,2023-08-01,0,0,0,0,0
MMR008007,2023-08-01,0,0,0,0,0
MMR008008,2023-08-01,1,0,0,1,2
MMR008009,2023-08-01,3,2,0,1,4
MMR008010,2023-08-01,6,3,1,2,4
MMR008011,2023-08-01,0,0,0,0,0
MMR008012,2023-08-01,4,3,1,0,8
MMR008013,2023-08-01,0,0,0,0,0
MMR008014,2023-08-01,0,0,0,0,0
MMR009001,2023-08-01,0,0,0,0,0
MMR009002,2023-08-01,1,1,0,0,1
MMR009003,2023-08-01,0,0,0,0,0
MMR009004,2023-08-01,0,0,0,0,0
MMR009005,2023-08-01,0,0,0,0,0
MMR009006,2023-08-01,5,1,3,1,19
MMR009007,2023-08-01,0,0,0,0,0
MMR009008,2023-08-01,0,0,0,0,0
MMR009009,2023-08-01,1,1,0,0,2
MMR009010,2023-08-01,3,1,1,1,16
MMR009011,2023-08-01,0,0,0,0,0
MMR009012,2023-08-01,0,0,0,0,0
MMR009013,2023-08-01,0,0,0,0,0
MMR009014,2023-08-01,5,2,1,2,30
MMR009015,2023-08-01,3,2,1,0,3
MMR009016,2023-08-01,0,0,0,0,0
MMR009017,2023-08-01,0,0,0,0,0
MMR009018,2023-08-01,17,7,8,2,47
MMR009019,2023-08-01,21,12,3,6,36
MMR009020,2023-08-01,44,18,22,4,27
MMR009021,2023-08-01,14,8,6,0,15
MMR009022,2023-08-01,0,0,0,0,0
MMR009023,2023-08-01,16,5,6,5,19
MMR009024,2023-08-01,2,0,1,1,9
MMR009025,2023-08-01,2,1,1,0,6
MMR010001,2023-08-01,4,1,2,1,2
MMR010002,2023-08-01,2,0,1,1,0
MMR010003,2023-08-01,1,0,1,0,0
MMR010004,2023-08-01,3,1,2,0,0
MMR010005,2023-08-01,1,0,0,1,1
MMR010006,2023-08-01,1,0,1,0,0
MMR010007,2023-08-01,0,0,0,0,0
MMR010008,2023-08-01,1,0,0,1,1
MMR010009,2023-08-01,9,2,3,4,8
MMR010010,2023-08-01,4,0,4,0,4
MMR010011,2023-08-01,1,1,0,0,5
MMR010012,2023-08-01,10,2,7,1,13
MMR010013,2023-08-01,0,0,0,0,0
MMR010014,2023-08-01,0,0,0,0,0
MMR010015,2023-08-01,0,0,0,0,0
MMR010016,2023-08-01,0,0,0,0,0
MMR010017,2023-08-01,7,1,4,2,17
MMR010018,2023-08-01,1,0,0,1,1
MMR010019,2023-08-01,8,3,3,2,12
MMR010020,2023-08-01,1,0,0,1,1
MMR010021,2023-08-01,4,1,2,1,8
MMR010022,2023-08-01,1,0,0,1,1
MMR010023,2023-08-01,0,0,0,0,0
MMR010024,2023-08-01,0,0,0,0,0
MMR010028,2023-08-01,0,0,0,0,0
MMR010029,2023-08-01,1,0,0,1,0
MMR010030,2023-08-01,2,1,0,1,3
MMR010031,2023-08-01,1,1,0,0,2
MMR011001,2023-08-01,0,0,0,0,0
MMR011002,2023-08-01,2,0,1,1,6
MMR011003,2023-08-01,0,0,0,0,0
MMR011004,2023-08-01,1,0,1,0,2
MMR011005,2023-08-01,0,0,0,0,0
MMR011006,2023-08-01,7,2,1,4,12
MMR011007,2023-08-01,1,1,0,0,0
MMR011008,2023-08-01,6,2,3,1,6
MMR011009,2023-08-01,11,8,3,0,15
MMR011010,2023-08-01,14,8,5,1,26
MMR012001,2023-08-01,0,0,0,0,0
MMR012002,2023-08-01,0,0,0,0,0
MMR012003,2023-08-01,0,0,0,0,0
MMR012004,2023-08-01,0,0,0,0,0
MMR012005,2023-08-01,0,0,0,0,0
MMR012006,2023-08-01,0,0,0,0,0
MMR012007,2023-08-01,0,0,0,0,0
MMR012008,2023-08-01,0,0,0,0,0
MMR012009,2023-08-01,1,0,0,1,0
MMR012010,2023-08-01,0,0,0,0,0
MMR012011,2023-08-01,0,0,0,0,0
MMR012012,2023-08-01,0,0,0,0,0
MMR012013,2023-08-01,1,0,0,1,0
MMR012014,2023-08-01,0,0,0,0,0
MMR012015,2023-08-01,0,0,0,0,0
MMR012016,2023-08-01,0,0,0,0,0
MMR012017,2023-08-01,0,0,0,0,0
MMR013001,2023-08-01,1,0,1,0,0
MMR013002,2023-08-01,1,0,1,0,0
MMR013003,2023-08-01,0,0,0,0,0
MMR013004,2023-08-01,0,0,0,0,0
MMR013005,2023-08-01,0,0,0,0,0
MMR013006,2023-08-01,0,0,0,0,0
MMR013007,2023-08-01,0,0,0,0,0
MMR013009,2023-08-01,0,0,0,0,0
MMR013010,2023-08-01,1,0,1,0,0
MMR013011,2023-08-01,1,0,1,0,0
MMR013012,2023-08-01,4,0,4,0,0
MMR013013,2023-08-01,0,0,0,0,0
MMR013014,2023-08-01,0,0,0,0,0
MMR013015,2023-08-01,0,0,0,0,0
MMR013016,2023-08-01,0,0,0,0,0
MMR013017,2023-08-01,0,0,0,0,0
MMR013018,2023-08-01,0,0,0,0,0
MMR013019,2023-08-01,1,0,1,0,0
MMR013020,2023-08-01,1,0,1,0,0
MMR013021,2023-08-01,0,0,0,0,0
MMR013022,2023-08-01,0,0,0,0,0
MMR013023,2023-08-01,1,0,0,1,1
MMR013024,2023-08-01,0,0,0,0,0
MMR013025,2023-08-01,0,0,0,0,0
MMR013026,2023-08-01,0,0,0,0,0
MMR013027,2023-08-01,0,0,0,0,0
MMR013028,2023-08-01,0,0,0,0,0
MMR013029,2023-08-01,0,0,0,0,0
MMR013030,2023-08-01,0,0,0,0,0
MMR013031,2023-08-01,0,0,0,0,0
MMR013032,2023-08-01,0,0,0,0,0
MMR013033,2023-08-01,0,0,0,0,0
MMR013034,2023-08-01,0,0,0,0,0
MMR013035,2023-08-01,0,0,0,0,0
MMR013036,2023-08-01,0,0,0,0,0
MMR013037,2023-08-01,0,0,0,0,0
MMR013038,2023-08-01,0,0,0,0,0
MMR013039,2023-08-01,0,0,0,0,0
MMR013040,2023-08-01,0,0,0,0,0
MMR013041,2023-08-01,0,0,0,0,0
MMR013042,2023-08-01,0,0,0,0,0
MMR013043,2023-08-01,0,0,0,0,0
MMR013044,2023-08-01,0,0,0,0,0
MMR013046,2023-08-01,0,0,0,0,0
MMR013047,2023-08-01,0,0,0,0,0
MMR014001,2023-08-01,0,0,0,0,0
MMR014002,2023-08-01,0,0,0,0,0
MMR014003,2023-08-01,0,0,0,0,0
MMR014004,2023-08-01,0,0,0,0,0
MMR014005,2023-08-01,0,0,0,0,0
MMR014006,2023-08-01,3,0,0,3,0
MMR014007,2023-08-01,6,2,0,4,5
MMR014008,2023-08-01,2,0,0,2,1
MMR014009,2023-08-01,2,2,0,0,1
MMR014010,2023-08-01,2,1,0,1,1
MMR014011,2023-08-01,0,0,0,0,0
MMR014012,2023-08-01,3,2,0,1,11
MMR014013,2023-08-01,0,0,0,0,0
MMR014014,2023-08-01,0,0,0,0,0
MMR014015,2023-08-01,0,0,0,0,0
MMR014016,2023-08-01,0,0,0,0,0
MMR014017,2023-08-01,0,0,0,0,0
MMR014018,2023-08-01,0,0,0,0,0
MMR014019,2023-08-01,0,0,0,0,0
MMR014020,2023-08-01,0,0,0,0,0
MMR014021,2023-08-01,0,0,0,0,0
MMR015001,2023-08-01,11,7,4,0,4
MMR015002,2023-08-01,1,1,0,0,0
MMR015003,2023-08-01,0,0,0,0,0
MMR015004,2023-08-01,0,0,0,0,0
MMR015005,2023-08-01,0,0,0,0,0
MMR015006,2023-08-01,0,0,0,0,0
MMR015007,2023-08-01,0,0,0,0,0
MMR015008,2023-08-01,0,0,0,0,0
MMR015009,2023-08-01,27,13,11,3,19
MMR015010,2023-08-01,1,1,0,0,1
MMR015011,2023-08-01,14,10,3,1,5
MMR015012,2023-08-01,1,0,0,1,2
MMR015013,2023-08-01,4,3,1,0,38
MMR015014,2023-08-01,0,0,0,0,0
MMR015015,2023-08-01,2,1,1,0,3
MMR015016,2023-08-01,0,0,0,0,0
MMR015017,2023-08-01,0,0,0,0,0
MMR015018,2023-08-01,0,0,0,0,0
MMR015019,2023-08-01,0,0,0,0,0
MMR015020,2023-08-01,0,0,0,0,0
MMR015021,2023-08-01,0,0,0,0,0
MMR015022,2023-08-01,0,0,0,0,0
MMR015023,2023-08-01,0,0,0,0,0
MMR015024,2023-08-01,0,0,0,0,0
MMR016001,2023-08-01,0,0,0,0,0
MMR016002,2023-08-01,0,0,0,0,0
MMR016003,2023-08-01,0,0,0,0,0
MMR016005,2023-08-01,0,0,0,0,0
MMR016006,2023-08-01,0,0,0,0,0
MMR016007,2023-08-01,0,0,0,0,0
MMR016008,2023-08-01,0,0,0,0,0
MMR016009,2023-08-01,0,0,0,0,0
MMR016010,2023-08-01,0,0,0,0,0
MMR016011,2023-08-01,0,0,0,0,0
MMR017001,2023-08-01,0,0,0,0,0
MMR017002,2023-08-01,0,0,0,0,0
MMR017003,2023-08-01,0,0,0,0,0
MMR017004,2023-08-01,0,0,0,0,0
MMR017005,2023-08-01,0,0,0,0,0
MMR017006,2023-08-01,1,1,0,0,0
MMR017007,2023-08-01,0,0,0,0,0
MMR017008,2023-08-01,0,0,0,0,0
MMR017009,2023-08-01,0,0,0,0,0
MMR017010,2023-08-01,0,0,0,0,0
MMR017011,2023-08-01,1,1,0,0,0
MMR017012,2023-08-01,0,0,0,0,0
MMR017013,2023-08-01,0,0,0,0,0
MMR017014,2023-08-01,0,0,0,0,0
MMR017015,2023-08-01,0,0,0,0,0
MMR017016,2023-08-01,0,0,0,0,0
MMR017017,2023-08-01,0,0,0,0,0
MMR017018,2023-08-01,0,0,0,0,0
MMR017019,2023-08-01,0,0,0,0,0
MMR017020,2023-08-01,0,0,0,0,0
MMR017021,2023-08-01,0,0,0,0,0
MMR017022,2023-08-01,0,0,0,0,0
MMR017023,2023-08-01,0,0,0,0,0
MMR017024,2023-08-01,0,0,0,0,0
MMR017025,2023-08-01,0,0,0,0,0
MMR017026,2023-08-01,0,0,0,0,0
MMR018001,2023-08-01,0,0,0,0,0
MMR018002,2023-08-01,0,0,0,0,0
MMR018003,2023-08-01,1,1,0,0,0
MMR018004,2023-08-01,0,0,0,0,0
MMR018005,2023-08-01,0,0,0,0,0
MMR018006,2023-08-01,15,11,3,1,75
MMR018007,2023-08-01,0,0,0,0,0
MMR018008,2023-08-01,0,0,0,0,0
MMR001001,2023-09-01,4,1,1,2,0
MMR001002,2023-09-01,27,17,9,1,33
MMR001003,2023-09-01,0,0,0,0,0
MMR001004,2023-09-01,0,0,0,0,0
MMR001005,2023-09-01,0,0,0,0,0
MMR001006,2023-09-01,0,0,0,0,0
MMR001007,2023-09-01,7,2,3,2,11
MMR001008,2023-09-01,1,0,0,1,1
MMR001009,2023-09-01,13,9,2,2,8
MMR001010,2023-09-01,6,0,5,1,1
MMR001011,2023-09-01,15,6,6,3,24
MMR001012,2023-09-01,11,9,2,0,3
MMR001013,2023-09-01,0,0,0,0,0
MMR001014,2023-09-01,0,0,0,0,0
MMR001015,2023-09-01,2,2,0,0,27
MMR001016,2023-09-01,0,0,0,0,0
MMR001017,2023-09-01,0,0,0,0,0
MMR001018,2023-09-01,0,0,0,0,0
MMR002001,2023-09-01,3,1,2,0,10
MMR002002,2023-09-01,7,4,3,0,37
MMR002003,2023-09-01,6,2,4,0,3
MMR002004,2023-09-01,0,0,0,0,0
MMR002005,2023-09-01,4,4,0,0,3
MMR002006,2023-09-01,0,0,0,0,0
MMR002007,2023-09-01,0,0,0,0,0
MMR003001,2023-09-01,8,8,0,0,2
MMR003002,2023-09-01,0,0,0,0,0
MMR003003,2023-09-01,15,7,7,1,24
MMR003004,2023-09-01,7,2,3,2,2
MMR003005,2023-09-01,7,4,3,0,15
MMR003006,2023-09-01,16,9,6,1,52
MMR003007,2023-09-01,26,11,13,2,32
MMR004001,2023-09-01,1,0,1,0,1
MMR004002,2023-09-01,0,0,0,0,0
MMR004003,2023-09-01,1,1,0,0,1
MMR004004,2023-09-01,1,0,1,0,0
MMR004005,2023-09-01,2,2,0,0,1
MMR004006,2023-09-01,5,3,2,0,4
MMR004007,2023-09-01,3,3,0,0,0
MMR004008,2023-09-01,1,1,0,0,3
MMR004009,2023-09-01,1,1,0,0,0
MMR005001,2023-09-01,23,6,6,11,74
MMR005002,2023-09-01,11,5,3,3,36
MMR005003,2023-09-01,14,7,6,1,40
MMR005004,2023-09-01,31,8,18,5,27
MMR005005,2023-09-01,5,1,3,1,8
MMR005006,2023-09-01,19,8,6,5,46
MMR005007,2023-09-01,2,0,0,2,3
MMR005008,2023-09-01,0,0,0,0,0
MMR005009,2023-09-01,6,2,4,0,9
MMR005010,2023-09-01,16,6,7,3,16
MMR005011,2023-09-01,6,2,3,1,27
MMR005012,2023-09-01,21,12,6,3,25
MMR005013,2023-09-01,4,3,1,0,10
MMR005014,2023-09-01,4,2,2,0,18
MMR005015,2023-09-01,13,3,4,6,20
MMR005016,2023-09-01,9,5,4,0,6
MMR005017,2023-09-01,5,5,0,0,7
MMR005018,2023-09-01,20,11,7,2,24
MMR005019,2023-09-01,24,15,7,2,27
MMR005020,2023-09-01,15,8,1,6,16
MMR005021,2023-09-01,5,2,3,0,4
MMR005022,2023-09-01,0,0,0,0,0
MMR005023,2023-09-01,0,0,0,0,0
MMR005024,2023-09-01,5,4,0,1,7
MMR005025,2023-09-01,3,1,2,0,5
MMR005026,2023-09-01,0,0,0,0,0
MMR005027,2023-09-01,18,4,12,2,21
MMR005028,2023-09-01,1,0,1,0,2
MMR005029,2023-09-01,6,4,1,1,2
MMR005030,2023-09-01,15,12,1,2,13
MMR005031,2023-09-01,1,0,1,0,0
MMR005032,2023-09-01,0,0,0,0,0
MMR005033,2023-09-01,0,0,0,0,0
MMR005034,2023-09-01,8,5,0,3,6
MMR005035,2023-09-01,0,0,0,0,0
MMR005036,2023-09-01,1,1,0,0,3
MMR005037,2023-09-01,0,0,0,0,0
MMR006001,2023-09-01,9,5,2,2,18
MMR006002,2023-09-01,5,3,0,2,3
MMR006003,2023-09-01,8,3,4,1,10
MMR006004,2023-09-01,9,7,1,1,7
MMR006005,2023-09-01,3,1,2,0,3
MMR006006,2023-09-01,1,0,1,0,0
MMR006007,2023-09-01,29,12,8,9,57
MMR006008,2023-09-01,22,4,17,1,12
MMR006009,2023-09-01,3,1,1,1,1
MMR006010,2023-09-01,1,1,0,0,2
MMR007001,2023-09-01,0,0,0,0,0
MMR007002,2023-09-01,0,0,0,0,0
MMR007003,2023-09-01,0,0,0,0,0
MMR007004,2023-09-01,5,2,3,0,3
MMR007005,2023-09-01,12,5,6,1,68
MMR007006,2023-09-01,1,0,0,1,2
MMR007007,2023-09-01,0,0,0,0,0
MMR007008,2023-09-01,5,0,5,0,0
MMR007009,2023-09-01,3,2,1,0,17
MMR007010,2023-09-01,6,3,1,2,25
MMR007011,2023-09-01,21,4,17,0,12
MMR007012,2023-09-01,5,1,3,1,6
MMR007013,2023-09-01,0,0,0,0,0
MMR007014,2023-09-01,0,0,0,0,0
MMR008001,2023-09-01,0,0,0,0,0
MMR008002,2023-09-01,4,1,1,2,7
MMR008003,2023-09-01,0,0,0,0,0
MMR008004,2023-09-01,2,1,1,0,2
MMR008005,2023-09-01,0,0,0,0,0
MMR008006,2023-09-01,1,0,1,0,0
MMR008007,2023-09-01,3,0,0,3,4
MMR008008,2023-09-01,0,0,0,0,0
MMR008009,2023-09-01,7,6,1,0,27
MMR008010,2023-09-01,3,2,0,1,3
MMR008011,2023-09-01,0,0,0,0,0
MMR008012,2023-09-01,3,2,1,0,2
MMR008013,2023-09-01,0,0,0,0,0
MMR008014,2023-09-01,2,2,0,0,6
MMR009001,2023-09-01,2,0,1,1,0
MMR009002,2023-09-01,0,0,0,0,0
MMR009003,2023-09-01,2,1,1,0,0
MMR009004,2023-09-01,0,0,0,0,0
MMR009005,2023-09-01,0,0,0,0,0
MMR009006,2023-09-01,1,0,1,0,0
MMR009007,2023-09-01,0,0,0,0,0
MMR009008,2023-09-01,0,0,0,0,0
MMR009009,2023-09-01,0,0,0,0,0
MMR009010,2023-09-01,0,0,0,0,0
MMR009011,2023-09-01,0,0,0,0,0
MMR009012,2023-09-01,0,0,0,0,0
MMR009013,2023-09-01,1,1,0,0,5
MMR009014,2023-09-01,0,0,0,0,0
MMR009015,2023-09-01,0,0,0,0,0
MMR009016,2023-09-01,2,0,2,0,1
MMR009017,2023-09-01,0,0,0,0,0
MMR009018,2023-09-01,23,13,9,1,14
MMR009019,2023-09-01,10,7,2,1,8
MMR009020,2023-09-01,40,12,20,8,21
MMR009021,2023-09-01,3,0,3,0,0
MMR009022,2023-09-01,1,1,0,0,8
MMR009023,2023-09-01,18,9,7,2,27
MMR009024,2023-09-01,1,1,0,0,5
MMR009025,2023-09-01,3,2,1,0,0
MMR010001,2023-09-01,0,0,0,0,0
MMR010002,2023-09-01,2,0,1,1,0
MMR010003,2023-09-01,2,1,1,0,0
MMR010004,2023-09-01,3,1,1,1,1
MMR010005,2023-09-01,0,0,0,0,0
MMR010006,2023-09-01,1,0,0,1,0
MMR010007,2023-09-01,1,0,1,0,0
MMR010008,2023-09-01,1,0,0,1,0
MMR010009,2023-09-01,26,7,9,10,34
MMR010010,2023-09-01,5,1,2,2,13
MMR010011,2023-09-01,30,18,12,0,30
MMR010012,2023-09-01,7,2,3,2,2
MMR010013,2023-09-01,0,0,0,0,0
MMR010014,2023-09-01,1,1,0,0,0
MMR010015,2023-09-01,0,0,0,0,0
MMR010016,2023-09-01,1,1,0,0,0
MMR010017,2023-09-01,9,1,2,6,16
MMR010018,2023-09-01,1,0,0,1,1
MMR010019,2023-09-01,8,3,4,1,16
MMR010020,2023-09-01,0,0,0,0,0
MMR010021,2023-09-01,14,3,6,5,41
MMR010022,2023-09-01,2,1,1,0,2
MMR010023,2023-09-01,0,0,0,0,0
MMR010024,2023-09-01,1,0,0,1,1
MMR010028,2023-09-01,0,0,0,0,0
MMR010029,2023-09-01,0,0,0,0,0
MMR010030,2023-09-01,1,0,1,0,0
MMR010031,2023-09-01,0,0,0,0,0
MMR011001,2023-09-01,0,0,0,0,0
MMR011002,2023-09-01,1,0,1,0,0
MMR011003,2023-09-01,0,0,0,0,0
MMR011004,2023-09-01,2,2,0,0,3
MMR011005,2023-09-01,0,0,0,0,0
MMR011006,2023-09-01,13,10,1,2,15
MMR011007,2023-09-01,9,2,6,1,5
MMR011008,2023-09-01,8,4,3,1,4
MMR011009,2023-09-01,11,2,8,1,8
MMR011010,2023-09-01,7,3,3,1,4
MMR012001,2023-09-01,1,1,0,0,1
MMR012002,2023-09-01,0,0,0,0,0
MMR012003,2023-09-01,0,0,0,0,0
MMR012004,2023-09-01,0,0,0,0,0
MMR012005,2023-09-01,0,0,0,0,0
MMR012006,2023-09-01,0,0,0,0,0
MMR012007,2023-09-01,0,0,0,0,0
MMR012008,2023-09-01,1,0,0,1,1
MMR012009,2023-09-01,2,2,0,0,0
MMR012010,2023-09-01,5,0,0,5,1
MMR012011,2023-09-01,1,1,0,0,0
MMR012012,2023-09-01,0,0,0,0,0
MMR012013,2023-09-01,0,0,0,0,0
MMR012014,2023-09-01,0,0,0,0,0
MMR012015,2023-09-01,0,0,0,0,0
MMR012016,2023-09-01,0,0,0,0,0
MMR012017,2023-09-01,0,0,0,0,0
MMR013001,2023-09-01,3,0,2,1,0
MMR013002,2023-09-01,0,0,0,0,0
MMR013003,2023-09-01,0,0,0,0,0
MMR013004,2023-09-01,0,0,0,0,0
MMR013005,2023-09-01,0,0,0,0,0
MMR013006,2023-09-01,0,0,0,0,0
MMR013007,2023-09-01,1,1,0,0,1
MMR013009,2023-09-01,0,0,0,0,0
MMR013010,2023-09-01,0,0,0,0,0
MMR013011,2023-09-01,1,0,1,0,0
MMR013012,2023-09-01,1,1,0,0,0
MMR013013,2023-09-01,0,0,0,0,0
MMR013014,2023-09-01,0,0,0,0,0
MMR013015,2023-09-01,0,0,0,0,0
MMR013016,2023-09-01,0,0,0,0,0
MMR013017,2023-09-01,0,0,0,0,0
MMR013018,2023-09-01,0,0,0,0,0
MMR013019,2023-09-01,1,0,1,0,0
MMR013020,2023-09-01,0,0,0,0,0
MMR013021,2023-09-01,0,0,0,0,0
MMR013022,2023-09-01,0,0,0,0,0
MMR013023,2023-09-01,0,0,0,0,0
MMR013024,2023-09-01,0,0,0,0,0
MMR013025,2023-09-01,0,0,0,0,0
MMR013026,2023-09-01,0,0,0,0,0
MMR013027,2023-09-01,1,1,0,0,2
MMR013028,2023-09-01,0,0,0,0,0
MMR013029,2023-09-01,0,0,0,0,0
MMR013030,2023-09-01,0,0,0,0,0
MMR013031,2023-09-01,0,0,0,0,0
MMR013032,2023-09-01,0,0,0,0,0
MMR013033,2023-09-01,0,0,0,0,0
MMR013034,2023-09-01,0,0,0,0,0
MMR013035,2023-09-01,0,0,0,0,0
MMR013036,2023-09-01,0,0,0,0,0
MMR013037,2023-09-01,0,0,0,0,0
MMR013038,2023-09-01,1,0,1,0,0
MMR013039,2023-09-01,1,0,1,0,0
MMR013040,2023-09-01,0,0,0,0,0
MMR013041,2023-09-01,0,0,0,0,0
MMR013042,2023-09-01,0,0,0,0,0
MMR013043,2023-09-01,0,0,0,0,0
MMR013044,2023-09-01,0,0,0,0,0
MMR013046,2023-09-01,0,0,0,0,0
MMR013047,2023-09-01,0,0,0,0,0
MMR014001,2023-09-01,0,0,0,0,0
MMR014002,2023-09-01,0,0,0,0,0
MMR014003,2023-09-01,0,0,0,0,0
MMR014004,2023-09-01,0,0,0,0,0
MMR014005,2023-09-01,0,0,0,0,0
MMR014006,2023-09-01,1,0,1,0,0
MMR014007,2023-09-01,2,2,0,0,2
MMR014008,2023-09-01,1,1,0,0,3
MMR014009,2023-09-01,0,0,0,0,0
MMR014010,2023-09-01,4,0,3,1,0
MMR014011,2023-09-01,0,0,0,0,0
MMR014012,2023-09-01,0,0,0,0,0
MMR014013,2023-09-01,0,0,0,0,0
MMR014014,2023-09-01,0,0,0,0,0
MMR014015,2023-09-01,0,0,0,0,0
MMR014016,2023-09-01,0,0,0,0,0
MMR014017,2023-09-01,0,0,0,0,0
MMR014018,2023-09-01,0,0,0,0,0
MMR014019,2023-09-01,0,0,0,0,0
MMR014020,2023-09-01,0,0,0,0,0
MMR014021,2023-09-01,0,0,0,0,0
MMR015001,2023-09-01,6,3,3,0,4
MMR015002,2023-09-01,4,3,0,1,0
MMR015003,2023-09-01,0,0,0,0,0
MMR015004,2023-09-01,0,0,0,0,0
MMR015005,2023-09-01,0,0,0,0,0
MMR015006,2023-09-01,0,0,0,0,0
MMR015007,2023-09-01,0,0,0,0,0
MMR015008,2023-09-01,0,0,0,0,0
MMR015009,2023-09-01,29,19,8,2,11
MMR015010,2023-09-01,0,0,0,0,0
MMR015011,2023-09-01,26,14,12,0,13
MMR015012,2023-09-01,1,1,0,0,9
MMR015013,2023-09-01,4,3,0,1,12
MMR015014,2023-09-01,0,0,0,0,0
MMR015015,2023-09-01,2,0,0,2,0
MMR015016,2023-09-01,1,0,1,0,1
MMR015017,2023-09-01,0,0,0,0,0
MMR015018,2023-09-01,0,0,0,0,0
MMR015019,2023-09-01,1,0,0,1,0
MMR015020,2023-09-01,0,0,0,0,0
MMR015021,2023-09-01,0,0,0,0,0
MMR015022,2023-09-01,0,0,0,0,0
MMR015023,2023-09-01,0,0,0,0,0
MMR015024,2023-09-01,0,0,0,0,0
MMR016001,2023-09-01,0,0,0,0,0
MMR016002,2023-09-01,0,0,0,0,0
MMR016003,2023-09-01,0,0,0,0,0
MMR016005,2023-09-01,0,0,0,0,0
MMR016006,2023-09-01,0,0,0,0,0
MMR016007,2023-09-01,0,0,0,0,0
MMR016008,2023-09-01,0,0,0,0,0
MMR016009,2023-09-01,0,0,0,0,0
MMR016010,2023-09-01,0,0,0,0,0
MMR016011,2023-09-01,0,0,0,0,0
MMR017001,2023-09-01,0,0,0,0,0
MMR017002,2023-09-01,0,0,0,0,0
MMR017003,2023-09-01,0,0,0,0,0
MMR017004,2023-09-01,0,0,0,0,0
MMR017005,2023-09-01,0,0,0,0,0
MMR017006,2023-09-01,1,0,0,1,1
MMR017007,2023-09-01,0,0,0,0,0
MMR017008,2023-09-01,0,0,0,0,0
MMR017009,2023-09-01,0,0,0,0,0
MMR017010,2023-09-01,0,0,0,0,0
MMR017011,2023-09-01,0,0,0,0,0
MMR017012,2023-09-01,0,0,0,0,0
MMR017013,2023-09-01,0,0,0,0,0
MMR017014,2023-09-01,0,0,0,0,0
MMR017015,2023-09-01,0,0,0,0,0
MMR017016,2023-09-01,0,0,0,0,0
MMR017017,2023-09-01,0,0,0,0,0
MMR017018,2023-09-01,0,0,0,0,0
MMR017019,2023-09-01,0,0,0,0,0
MMR017020,2023-09-01,0,0,0,0,0
MMR017021,2023-09-01,0,0,0,0,0
MMR017022,2023-09-01,0,0,0,0,0
MMR017023,2023-09-01,0,0,0,0,0
MMR017024,2023-09-01,0,0,0,0,0
MMR017025,2023-09-01,0,0,0,0,0
MMR017026,2023-09-01,1,1,0,0,1
MMR018001,2023-09-01,0,0,0,0,0
MMR018002,2023-09-01,0,0,0,0,0
MMR018003,2023-09-01,0,0,0,0,0
MMR018004,2023-09-01,0,0,0,0,0
MMR018005,2023-09-01,0,0,0,0,0
MMR018006,2023-09-01,0,0,0,0,0
MMR018007,2023-09-01,1,0,1,0,0
MMR018008,2023-09-01,0,0,0,0,0
MMR001001,2023-10-01,3,2,0,1,1
MMR001002,2023-10-01,18,12,4,2,32
MMR001003,2023-10-01,0,0,0,0,0
MMR001004,2023-10-01,0,0,0,0,0
MMR001005,2023-10-01,0,0,0,0,0
MMR001006,2023-10-01,0,0,0,0,0
MMR001007,2023-10-01,1,0,0,1,0
MMR001008,2023-10-01,1,0,0,1,1
MMR001009,2023-10-01,22,4,5,13,24
MMR001010,2023-10-01,2,1,1,0,0
MMR001011,2023-10-01,3,2,1,0,2
MMR001012,2023-10-01,11,6,3,2,20
MMR001013,2023-10-01,1,1,0,0,0
MMR001014,2023-10-01,1,0,0,1,0
MMR001015,2023-10-01,0,0,0,0,0
MMR001016,2023-10-01,0,0,0,0,0
MMR001017,2023-10-01,0,0,0,0,0
MMR001018,2023-10-01,0,0,0,0,0
MMR002001,2023-10-01,3,1,2,0,1
MMR002002,2023-10-01,2,0,2,0,0
MMR002003,2023-10-01,14,4,10,0,2
MMR002004,2023-10-01,0,0,0,0,0
MMR002005,2023-10-01,0,0,0,0,0
MMR002006,2023-10-01,1,1,0,0,7
MMR002007,2023-10-01,0,0,0,0,0
MMR003001,2023-10-01,2,2,0,0,0
MMR003002,2023-10-01,0,0,0,0,0
MMR003003,2023-10-01,6,4,2,0,7
MMR003004,2023-10-01,1,1,0,0,1
MMR003005,2023-10-01,6,2,0,4,8
MMR003006,2023-10-01,33,11,21,1,77
MMR003007,2023-10-01,5,3,2,0,11
MMR004001,2023-10-01,1,0,1,0,1
MMR004002,2023-10-01,0,0,0,0,0
MMR004003,2023-10-01,1,1,0,0,0
MMR004004,2023-10-01,1,1,0,0,0
MMR004005,2023-10-01,0,0,0,0,0
MMR004006,2023-10-01,0,0,0,0,0
MMR004007,2023-10-01,4,2,1,1,4
MMR004008,2023-10-01,1,1,0,0,2
MMR004009,2023-10-01,0,0,0,0,0
MMR005001,2023-10-01,31,3,21,7,15
MMR005002,2023-10-01,3,2,1,0,0
MMR005003,2023-10-01,28,7,20,1,33
MMR005004,2023-10-01,35,9,22,4,58
MMR005005,2023-10-01,20,6,7,7,29
MMR005006,2023-10-01,19,2,15,2,22
MMR005007,2023-10-01,21,9,8,4,27
MMR005008,2023-10-01,0,0,0,0,0
MMR005009,2023-10-01,14,3,9,2,19
MMR005010,2023-10-01,19,4,6,9,17
MMR005011,2023-10-01,1,0,1,0,2
MMR005012,2023-10-01,19,13,5,1,32
MMR005013,2023-10-01,10,3,7,0,10
MMR005014,2023-10-01,7,6,1,0,23
MMR005015,2023-10-01,5,4,1,0,2
MMR005016,2023-10-01,25,9,7,9,35
MMR005017,2023-10-01,6,3,3,0,9
MMR005018,2023-10-01,15,9,3,3,13
MMR005019,2023-10-01,18,8,4,6,23
MMR005020,2023-10-01,1,0,0,1,0
MMR005021,2023-10-01,6,4,0,2,6
MMR005022,2023-10-01,15,9,5,1,10
MMR005023,2023-10-01,3,3,0,0,15
MMR005024,2023-10-01,8,3,2,3,5
MMR005025,2023-10-01,2,0,2,0,0
MMR005026,2023-10-01,0,0,0,0,0
MMR005027,2023-10-01,7,1,3,3,7
MMR005028,2023-10-01,0,0,0,0,0
MMR005029,2023-10-01,1,0,1,0,4
MMR005030,2023-10-01,1,0,0,1,1
MMR005031,2023-10-01,4,3,0,1,4
MMR005032,2023-10-01,0,0,0,0,0
MMR005033,2023-10-01,0,0,0,0,0
MMR005034,2023-10-01,1,1,0,0,0
MMR005035,2023-10-01,0,0,0,0,0
MMR005036,2023-10-01,0,0,0,0,0
MMR005037,2023-10-01,0,0,0,0,0
MMR006001,2023-10-01,8,2,5,1,22
MMR006002,2023-10-01,4,3,0,1,6
MMR006003,2023-10-01,10,5,2,3,22
MMR006004,2023-10-01,9,4,2,3,39
MMR006005,2023-10-01,7,3,2,2,49
MMR006006,2023-10-01,2,2,0,0,0
MMR006007,2023-10-01,6,2,2,2,8
MMR006008,2023-10-01,16,8,7,1,14
MMR006009,2023-10-01,0,0,0,0,0
MMR006010,2023-10-01,2,1,1,0,4
MMR007001,2023-10-01,3,1,2,0,3
MMR007002,2023-10-01,0,0,0,0,0
MMR007003,2023-10-01,0,0,0,0,0
MMR007004,2023-10-01,2,0,1,1,0
MMR007005,2023-10-01,18,1,16,1,17
MMR007006,2023-10-01,11,3,7,1,10
MMR007007,2023-10-01,1,0,1,0,0
MMR007008,2023-10-01,4,0,4,0,0
MMR007009,2023-10-01,1,1,0,0,10
MMR007010,2023-10-01,2,0,2,0,0
MMR007011,2023-10-01,14,0,14,0,2
MMR007012,2023-10-01,17,2,15,0,16
MMR007013,2023-10-01,0,0,0,0,0
MMR007014,2023-10-01,1,0,1,0,0
MMR008001,2023-10-01,0,0,0,0,0
MMR008002,2023-10-01,1,1,0,0,1
MMR008003,2023-10-01,0,0,0,0,0
MMR008004,2023-10-01,5,5,0,0,3
MMR008005,2023-10-01,1,1,0,0,1
MMR008006,2023-10-01,1,0,1,0,0
MMR008007,2023-10-01,0,0,0,0,0
MMR008008,2023-10-01,0,0,0,0,0
MMR008009,2023-10-01,6,4,0,2,5
MMR008010,2023-10-01,3,2,0,1,3
MMR008011,2023-10-01,0,0,0,0,0
MMR008012,2023-10-01,8,4,2,2,9
MMR008013,2023-10-01,0,0,0,0,0
MMR008014,2023-10-01,2,2,0,0,2
MMR009001,2023-10-01,1,0,1,0,0
MMR009002,2023-10-01,1,1,0,0,0
MMR009003,2023-10-01,0,0,0,0,0
MMR009004,2023-10-01,1,0,0,1,1
MMR009005,2023-10-01,0,0,0,0,0
MMR009006,2023-10-01,1,1,0,0,2
MMR009007,2023-10-01,0,0,0,0,0
MMR009008,2023-10-01,2,0,2,0,0
MMR009009,2023-10-01,0,0,0,0,0
MMR009010,2023-10-01,3,3,0,0,14
MMR009011,2023-10-01,0,0,0,0,0
MMR009012,2023-10-01,0,0,0,0,0
MMR009013,2023-10-01,0,0,0,0,0
MMR009014,2023-10-01,1,1,0,0,1
MMR009015,2023-10-01,0,0,0,0,0
MMR009016,2023-10-01,0,0,0,0,0
MMR009017,2023-10-01,1,0,1,0,5
MMR009018,2023-10-01,17,3,13,1,33
MMR009019,2023-10-01,24,13,5,6,87
MMR009020,2023-10-01,25,8,16,1,17
MMR009021,2023-10-01,38,19,13,6,33
MMR009022,2023-10-01,3,2,0,1,12
MMR009023,2023-10-01,15,11,4,0,3
MMR009024,2023-10-01,0,0,0,0,0
MMR009025,2023-10-01,1,0,0,1,0
MMR010001,2023-10-01,3,2,1,0,2
MMR010002,2023-10-01,4,0,1,3,3
MMR010003,2023-10-01,1,0,0,1,1
MMR010004,2023-10-01,0,0,0,0,0
MMR010005,2023-10-01,0,0,0,0,0
MMR010006,2023-10-01,0,0,0,0,0
MMR010007,2023-10-01,2,0,1,1,1
MMR010008,2023-10-01,2,2,0,0,0
MMR010009,2023-10-01,14,2,5,7,33
MMR010010,2023-10-01,8,2,3,3,6
MMR010011,2023-10-01,22,15,6,1,12
MMR010012,2023-10-01,12,8,3,1,18
MMR010013,2023-10-01,0,0,0,0,0
MMR010014,2023-10-01,0,0,0,0,0
MMR010015,2023-10-01,0,0,0,0,0
MMR010016,2023-10-01,0,0,0,0,0
MMR010017,2023-10-01,11,5,4,2,52
MMR010018,2023-10-01,2,2,0,0,3
MMR010019,2023-10-01,7,2,4,1,16
MMR010020,2023-10-01,0,0,0,0,0
MMR010021,2023-10-01,10,1,6,3,22
MMR010022,2023-10-01,1,0,1,0,0
MMR010023,2023-10-01,0,0,0,0,0
MMR010024,2023-10-01,0,0,0,0,0
MMR010028,2023-10-01,0,0,0,0,0
MMR010029,2023-10-01,1,0,1,0,0
MMR010030,2023-10-01,1,0,0,1,1
MMR010031,2023-10-01,0,0,0,0,0
MMR011001,2023-10-01,2,0,2,0,0
MMR011002,2023-10-01,0,0,0,0,0
MMR011003,2023-10-01,0,0,0,0,0
MMR011004,2023-10-01,0,0,0,0,0
MMR011005,2023-10-01,0,0,0,0,0
MMR011006,2023-10-01,8,5,0,3,20
MMR011007,2023-10-01,2,1,1,0,1
MMR011008,2023-10-01,0,0,0,0,0
MMR011009,2023-10-01,9,2,4,3,9
MMR011010,2023-10-01,3,2,1,0,12
MMR012001,2023-10-01,1,0,0,1,1
MMR012002,2023-10-01,1,0,1,0,1
MMR012003,2023-10-01,0,0,0,0,0
MMR012004,2023-10-01,0,0,0,0,0
MMR012005,2023-10-01,1,0,0,1,0
MMR012006,2023-10-01,0,0,0,0,0
MMR012007,2023-10-01,0,0,0,0,0
MMR012008,2023-10-01,0,0,0,0,0
MMR012009,2023-10-01,1,0,1,0,0
MMR012010,2023-10-01,0,0,0,0,0
MMR012011,2023-10-01,3,0,2,1,1
MMR012012,2023-10-01,0,0,0,0,0
MMR012013,2023-10-01,0,0,0,0,0
MMR012014,2023-10-01,0,0,0,0,0
MMR012015,2023-10-01,0,0,0,0,0
MMR012016,2023-10-01,1,0,1,0,0
MMR012017,2023-10-01,0,0,0,0,0
MMR013001,2023-10-01,2,0,2,0,0
MMR013002,2023-10-01,2,0,2,0,0
MMR013003,2023-10-01,1,0,1,0,0
MMR013004,2023-10-01,1,0,1,0,0
MMR013005,2023-10-01,0,0,0,0,0
MMR013006,2023-10-01,0,0,0,0,0
MMR013007,2023-10-01,0,0,0,0,0
MMR013009,2023-10-01,0,0,0,0,0
MMR013010,2023-10-01,0,0,0,0,0
MMR013011,2023-10-01,1,0,1,0,0
MMR013012,2023-10-01,1,0,1,0,0
MMR013013,2023-10-01,1,0,1,0,0
MMR013014,2023-10-01,0,0,0,0,0
MMR013015,2023-10-01,0,0,0,0,0
MMR013016,2023-10-01,0,0,0,0,0
MMR013017,2023-10-01,0,0,0,0,0
MMR013018,2023-10-01,2,0,2,0,0
MMR013019,2023-10-01,4,0,4,0,0
MMR013020,2023-10-01,2,0,2,0,0
MMR013021,2023-10-01,0,0,0,0,0
MMR013022,2023-10-01,0,0,0,0,0
MMR013023,2023-10-01,0,0,0,0,0
MMR013024,2023-10-01,0,0,0,0,0
MMR013025,2023-10-01,0,0,0,0,0
MMR013026,2023-10-01,0,0,0,0,0
MMR013027,2023-10-01,0,0,0,0,0
MMR013028,2023-10-01,0,0,0,0,0
MMR013029,2023-10-01,0,0,0,0,0
MMR013030,2023-10-01,0,0,0,0,0
MMR013031,2023-10-01,0,0,0,0,0
MMR013032,2023-10-01,0,0,0,0,0
MMR013033,2023-10-01,0,0,0,0,0
MMR013034,2023-10-01,0,0,0,0,0
MMR013035,2023-10-01,0,0,0,0,0
MMR013036,2023-10-01,1,0,0,1,1
MMR013037,2023-10-01,0,0,0,0,0
MMR013038,2023-10-01,1,0,0,1,1
MMR013039,2023-10-01,0,0,0,0,0
MMR013040,2023-10-01,1,0,1,0,0
MMR013041,2023-10-01,1,0,1,0,0
MMR013042,2023-10-01,1,0,1,0,0
MMR013043,2023-10-01,0,0,0,0,0
MMR013044,2023-10-01,0,0,0,0,0
MMR013046,2023-10-01,1,0,1,0,0
MMR013047,2023-10-01,0,0,0,0,0
MMR014001,2023-10-01,1,1,0,0,2
MMR014002,2023-10-01,0,0,0,0,0
MMR014003,2023-10-01,0,0,0,0,0
MMR014004,2023-10-01,0,0,0,0,0
MMR014005,2023-10-01,0,0,0,0,0
MMR014006,2023-10-01,0,0,0,0,0
MMR014007,2023-10-01,2,1,0,1,1
MMR014008,2023-10-01,0,0,0,0,0
MMR014009,2023-10-01,0,0,0,0,0
MMR014010,2023-10-01,2,1,1,0,12
MMR014011,2023-10-01,0,0,0,0,0
MMR014012,2023-10-01,1,0,0,1,1
MMR014013,2023-10-01,0,0,0,0,0
MMR014014,2023-10-01,0,0,0,0,0
MMR014015,2023-10-01,0,0,0,0,0
MMR014016,2023-10-01,1,0,0,1,1
MMR014017,2023-10-01,0,0,0,0,0
MMR014018,2023-10-01,0,0,0,0,0
MMR014019,2023-10-01,0,0,0,0,0
MMR014020,2023-10-01,0,0,0,0,0
MMR014021,2023-10-01,0,0,0,0,0
MMR015001,2023-10-01,23,14,8,1,83
MMR015002,2023-10-01,34,17,17,0,19
MMR015003,2023-10-01,0,0,0,0,0
MMR015004,2023-10-01,0,0,0,0,0
MMR015005,2023-10-01,0,0,0,0,0
MMR015006,2023-10-01,0,0,0,0,0
MMR015007,2023-10-01,0,0,0,0,0
MMR015008,2023-10-01,0,0,0,0,0
MMR015009,2023-10-01,23,20,3,0,13
MMR015010,2023-10-01,8,7,0,1,27
MMR015011,2023-10-01,18,11,7,0,33
MMR015012,2023-10-01,2,1,1,0,0
MMR015013,2023-10-01,12,9,3,0,30
MMR015014,2023-10-01,0,0,0,0,0
MMR015015,2023-10-01,2,1,1,0,0
MMR015016,2023-10-01,0,0,0,0,0
MMR015017,2023-10-01,0,0,0,0,0
MMR015018,2023-10-01,0,0,0,0,0
MMR015019,2023-10-01,3,3,0,0,20
MMR015020,2023-10-01,6,3,3,0,1
MMR015021,2023-10-01,2,2,0,0,0
MMR015022,2023-10-01,17,11,4,2,136
MMR015023,2023-10-01,3,3,0,0,34
MMR015024,2023-10-01,0,0,0,0,0
MMR016001,2023-10-01,0,0,0,0,0
MMR016002,2023-10-01,0,0,0,0,0
MMR016003,2023-10-01,0,0,0,0,0
MMR016005,2023-10-01,0,0,0,0,0
MMR016006,2023-10-01,5,5,0,0,0
MMR016007,2023-10-01,0,0,0,0,0
MMR016008,2023-10-01,0,0,0,0,0
MMR016009,2023-10-01,0,0,0,0,0
MMR016010,2023-10-01,0,0,0,0,0
MMR016011,2023-10-01,0,0,0,0,0
MMR017001,2023-10-01,0,0,0,0,0
MMR017002,2023-10-01,0,0,0,0,0
MMR017003,2023-10-01,0,0,0,0,0
MMR017004,2023-10-01,0,0,0,0,0
MMR017005,2023-10-01,0,0,0,0,0
MMR017006,2023-10-01,0,0,0,0,0
MMR017007,2023-10-01,0,0,0,0,0
MMR017008,2023-10-01,0,0,0,0,0
MMR017009,2023-10-01,0,0,0,0,0
MMR017010,2023-10-01,0,0,0,0,0
MMR017011,2023-10-01,0,0,0,0,0
MMR017012,2023-10-01,0,0,0,0,0
MMR017013,2023-10-01,0,0,0,0,0
MMR017014,2023-10-01,0,0,0,0,0
MMR017015,2023-10-01,0,0,0,0,0
MMR017016,2023-10-01,0,0,0,0,0
MMR017017,2023-10-01,0,0,0,0,0
MMR017018,2023-10-01,0,0,0,0,0
MMR017019,2023-10-01,0,0,0,0,0
MMR017020,2023-10-01,0,0,0,0,0
MMR017021,2023-10-01,0,0,0,0,0
MMR017022,2023-10-01,0,0,0,0,0
MMR017023,2023-10-01,0,0,0,0,0
MMR017024,2023-10-01,0,0,0,0,0
MMR017025,2023-10-01,0,0,0,0,0
MMR017026,2023-10-01,1,0,1,0,0
MMR018001,2023-10-01,0,0,0,0,0
MMR018002,2023-10-01,0,0,0,0,0
MMR018003,2023-10-01,0,0,0,0,0
MMR018004,2023-10-01,0,0,0,0,0
MMR018005,2023-10-01,0,0,0,0,0
MMR018006,2023-10-01,1,1,0,0,0
MMR018007,2023-10-01,0,0,0,0,0
MMR018008,2023-10-01,0,0,0,0,0
MMR001001,2023-11-01,2,1,1,0,0
MMR001002,2023-11-01,9,5,4,0,10
MMR001003,2023-11-01,3,2,1,0,0
MMR001004,2023-11-01,2,1,1,0,0
MMR001005,2023-11-01,0,0,0,0,0
MMR001006,2023-11-01,0,0,0,0,0
MMR001007,2023-11-01,3,2,1,0,0
MMR001008,2023-11-01,4,3,1,0,3
MMR001009,2023-11-01,4,3,0,1,0
MMR001010,2023-11-01,1,0,0,1,3
MMR001011,2023-11-01,2,0,2,0,1
MMR001012,2023-11-01,3,1,2,0,1
MMR001013,2023-11-01,0,0,0,0,0
MMR001014,2023-11-01,0,0,0,0,0
MMR001015,2023-11-01,0,0,0,0,0
MMR001016,2023-11-01,0,0,0,0,0
MMR001017,2023-11-01,0,0,0,0,0
MMR001018,2023-11-01,0,0,0,0,0
MMR002001,2023-11-01,33,17,12,4,170
MMR002002,2023-11-01,12,7,5,0,20
MMR002003,2023-11-01,4,3,1,0,0
MMR002004,2023-11-01,0,0,0,0,0
MMR002005,2023-11-01,0,0,0,0,0
MMR002006,2023-11-01,3,3,0,0,20
MMR002007,2023-11-01,4,4,0,0,18
MMR003001,2023-11-01,1,0,1,0,0
MMR003002,2023-11-01,0,0,0,0,0
MMR003003,2023-11-01,1,1,0,0,11
MMR003004,2023-11-01,4,3,1,0,4
MMR003005,2023-11-01,4,2,2,0,1
MMR003006,2023-11-01,22,5,17,0,6
MMR003007,2023-11-01,3,2,1,0,6
MMR004001,2023-11-01,8,5,3,0,24
MMR004002,2023-11-01,2,2,0,0,7
MMR004003,2023-11-01,0,0,0,0,0
MMR004004,2023-11-01,3,2,1,0,4
MMR004005,2023-11-01,0,0,0,0,0
MMR004006,2023-11-01,3,1,2,0,2
MMR004007,2023-11-01,14,12,1,1,24
MMR004008,2023-11-01,0,0,0,0,0
MMR004009,2023-11-01,11,8,3,0,6
MMR005001,2023-11-01,20,5,14,1,16
MMR005002,2023-11-01,6,0,6,0,3
MMR005003,2023-11-01,12,2,9,1,19
MMR005004,2023-11-01,27,12,15,0,82
MMR005005,2023-11-01,2,1,1,0,0
MMR005006,2023-11-01,9,2,6,1,6
MMR005007,2023-11-01,12,9,3,0,111
MMR005008,2023-11-01,7,1,2,4,39
MMR005009,2023-11-01,5,1,3,1,13
MMR005010,2023-11-01,5,3,2,0,10
MMR005011,2023-11-01,8,6,2,0,37
MMR005012,2023-11-01,26,14,11,1,56
MMR005013,2023-11-01,2,0,2,0,2
MMR005014,2023-11-01,1,1,0,0,4
MMR005015,2023-11-01,5,1,4,0,23
MMR005016,2023-11-01,9,7,2,0,17
MMR005017,2023-11-01,14,14,0,0,43
MMR005018,2023-11-01,6,2,2,2,9
MMR005019,2023-11-01,13,7,6,0,65
MMR005020,2023-11-01,5,3,1,1,13
MMR005021,2023-11-01,7,2,5,0,3
MMR005022,2023-11-01,23,11,10,2,31
MMR005023,2023-11-01,4,4,0,0,8
MMR005024,2023-11-01,14,7,6,1,78
MMR005025,2023-11-01,2,2,0,0,4
MMR005026,2023-11-01,1,1,0,0,0
MMR005027,2023-11-01,20,11,9,0,34
MMR005028,2023-11-01,2,2,0,0,10
MMR005029,2023-11-01,3,3,0,0,36
MMR005030,2023-11-01,22,19,1,2,24
MMR005031,2023-11-01,0,0,0,0,0
MMR005032,2023-11-01,27,6,20,1,0
MMR005033,2023-11-01,0,0,0,0,0
MMR005034,2023-11-01,28,11,17,0,4
MMR005035,2023-11-01,0,0,0,0,0
MMR005036,2023-11-01,0,0,0,0,0
MMR005037,2023-11-01,0,0,0,0,0
MMR006001,2023-11-01,12,6,5,1,29
MMR006002,2023-11-01,7,3,1,3,22
MMR006003,2023-11-01,4,1,0,3,4
MMR006004,2023-11-01,0,0,0,0,0
MMR006005,2023-11-01,1,1,0,0,5
MMR006006,2023-11-01,3,3,0,0,6
MMR006007,2023-11-01,5,1,3,1,1
MMR006008,2023-11-01,8,6,2,0,6
MMR006009,2023-11-01,2,2,0,0,4
MMR006010,2023-11-01,0,0,0,0,0
MMR007001,2023-11-01,0,0,0,0,0
MMR007002,2023-11-01,0,0,0,0,0
MMR007003,2023-11-01,0,0,0,0,0
MMR007004,2023-11-01,3,1,2,0,12
MMR007005,2023-11-01,8,3,5,0,3
MMR007006,2023-11-01,2,0,2,0,2
MMR007007,2023-11-01,0,0,0,0,0
MMR007008,2023-11-01,10,5,5,0,6
MMR007009,2023-11-01,7,3,4,0,5
MMR007010,2023-11-01,8,4,3,1,45
MMR007011,2023-11-01,23,3,20,0,11
MMR007012,2023-11-01,16,2,13,1,24
MMR007013,2023-11-01,0,0,0,0,0
MMR007014,2023-11-01,1,0,1,0,0
MMR008001,2023-11-01,1,0,1,0,2
MMR008002,2023-11-01,6,6,0,0,21
MMR008003,2023-11-01,0,0,0,0,0
MMR008004,2023-11-01,6,3,3,0,3
MMR008005,2023-11-01,0,0,0,0,0
MMR008006,2023-11-01,0,0,0,0,0
MMR008007,2023-11-01,1,1,0,0,1
MMR008008,2023-11-01,1,0,0,1,1
MMR008009,2023-11-01,4,3,0,1,7
MMR008010,2023-11-01,0,0,0,0,0
MMR008011,2023-11-01,0,0,0,0,0
MMR008012,2023-11-01,0,0,0,0,0
MMR008013,2023-11-01,0,0,0,0,0
MMR008014,2023-11-01,6,3,0,3,3
MMR009001,2023-11-01,0,0,0,0,0
MMR009002,2023-11-01,0,0,0,0,0
MMR009003,2023-11-01,4,1,2,1,13
MMR009004,2023-11-01,2,0,1,1,3
MMR009005,2023-11-01,1,0,0,1,1
MMR009006,2023-11-01,1,1,0,0,0
MMR009007,2023-11-01,0,0,0,0,0
MMR009008,2023-11-01,1,0,1,0,0
MMR009009,2023-11-01,0,0,0,0,0
MMR009010,2023-11-01,3,2,1,0,32
MMR009011,2023-11-01,1,0,1,0,0
MMR009012,2023-11-01,0,0,0,0,0
MMR009013,2023-11-01,0,0,0,0,0
MMR009014,2023-11-01,0,0,0,0,0
MMR009015,2023-11-01,1,0,1,0,2
MMR009016,2023-11-01,3,0,3,0,11
MMR009017,2023-11-01,2,0,1,1,2
MMR009018,2023-11-01,22,10,12,0,30
MMR009019,2023-11-01,18,7,8,3,30
MMR009020,2023-11-01,17,5,11,1,16
MMR009021,2023-11-01,8,4,3,1,63
MMR009022,2023-11-01,0,0,0,0,0
MMR009023,2023-11-01,9,8,0,1,20
MMR009024,2023-11-01,0,0,0,0,0
MMR009025,2023-11-01,4,0,3,1,4
MMR010001,2023-11-01,0,0,0,0,0
MMR010002,2023-11-01,2,0,1,1,0
MMR010003,2023-11-01,0,0,0,0,0
MMR010004,2023-11-01,4,0,2,2,0
MMR010005,2023-11-01,3,0,3,0,0
MMR010006,2023-11-01,2,0,2,0,0
MMR010007,2023-11-01,1,0,0,1,6
MMR010008,2023-11-01,0,0,0,0,0
MMR010009,2023-11-01,25,8,8,9,102
MMR010010,2023-11-01,1,0,0,1,0
MMR010011,2023-11-01,3,1,2,0,2
MMR010012,2023-11-01,2,2,0,0,10
MMR010013,2023-11-01,1,0,0,1,0
MMR010014,2023-11-01,0,0,0,0,0
MMR010015,2023-11-01,0,0,0,0,0
MMR010016,2023-11-01,0,0,0,0,0
MMR010017,2023-11-01,18,4,11,3,42
MMR010018,2023-11-01,2,1,1,0,2
MMR010019,2023-11-01,14,2,11,1,35
MMR010020,2023-11-01,0,0,0,0,0
MMR010021,2023-11-01,11,1,8,2,29
MMR010022,2023-11-01,0,0,0,0,0
MMR010023,2023-11-01,1,1,0,0,1
MMR010024,2023-11-01,1,0,0,1,1
MMR010028,2023-11-01,0,0,0,0,0
MMR010029,2023-11-01,0,0,0,0,0
MMR010030,2023-11-01,1,1,0,0,1
MMR010031,2023-11-01,0,0,0,0,0
MMR011001,2023-11-01,2,0,2,0,1
MMR011002,2023-11-01,29,20,8,1,45
MMR011003,2023-11-01,0,0,0,0,0
MMR011004,2023-11-01,0,0,0,0,0
MMR011005,2023-11-01,1,0,1,0,0
MMR011006,2023-11-01,5,1,3,1,1
MMR011007,2023-11-01,9,2,7,0,6
MMR011008,2023-11-01,0,0,0,0,0
MMR011009,2023-11-01,11,3,8,0,11
MMR011010,2023-11-01,4,1,3,0,1
MMR012001,2023-11-01,5,0,2,3,0
MMR012002,2023-11-01,13,1,11,1,0
MMR012003,2023-11-01,4,1,1,2,4
MMR012004,2023-11-01,2,0,1,1,2
MMR012005,2023-11-01,11,2,8,1,8
MMR012006,2023-11-01,2,1,1,0,10
MMR012007,2023-11-01,24,17,5,2,123
MMR012008,2023-11-01,7,3,4,0,1
MMR012009,2023-11-01,12,10,2,0,27
MMR012010,2023-11-01,8,7,1,0,5
MMR012011,2023-11-01,0,0,0,0,0
MMR012012,2023-11-01,0,0,0,0,0
MMR012013,2023-11-01,1,1,0,0,0
MMR012014,2023-11-01,3,0,3,0,2
MMR012015,2023-11-01,0,0,0,0,0
MMR012016,2023-11-01,0,0,0,0,0
MMR012017,2023-11-01,0,0,0,0,0
MMR013001,2023-11-01,2,0,2,0,0
MMR013002,2023-11-01,0,0,0,0,0
MMR013003,2023-11-01,0,0,0,0,0
MMR013004,2023-11-01,0,0,0,0,0
MMR013005,2023-11-01,0,0,0,0,0
MMR013006,2023-11-01,0,0,0,0,0
MMR013007,2023-11-01,0,0,0,0,0
MMR013009,2023-11-01,0,0,0,0,0
MMR013010,2023-11-01,0,0,0,0,0
MMR013011,2023-11-01,1,0,1,0,2
MMR013012,2023-11-01,5,1,4,0,0
MMR013013,2023-11-01,0,0,0,0,0
MMR013014,2023-11-01,0,0,0,0,0
MMR013015,2023-11-01,1,0,1,0,0
MMR013016,2023-11-01,0,0,0,0,0
MMR013017,2023-11-01,0,0,0,0,0
MMR013018,2023-11-01,0,0,0,0,0
MMR013019,2023-11-01,0,0,0,0,0
MMR013020,2023-11-01,0,0,0,0,0
MMR013021,2023-11-01,1,0,0,1,1
MMR013022,2023-11-01,0,0,0,0,0
MMR013023,2023-11-01,1,0,1,0,0
MMR013024,2023-11-01,0,0,0,0,0
MMR013025,2023-11-01,1,0,1,0,0
MMR013026,2023-11-01,2,1,1,0,0
MMR013027,2023-11-01,1,1,0,0,0
MMR013028,2023-11-01,0,0,0,0,0
MMR013029,2023-11-01,0,0,0,0,0
MMR013030,2023-11-01,0,0,0,0,0
MMR013031,2023-11-01,0,0,0,0,0
MMR013032,2023-11-01,0,0,0,0,0
MMR013033,2023-11-01,0,0,0,0,0
MMR013034,2023-11-01,0,0,0,0,0
MMR013035,2023-11-01,0,0,0,0,0
MMR013036,2023-11-01,0,0,0,0,0
MMR013037,2023-11-01,0,0,0,0,0
MMR013038,2023-11-01,0,0,0,0,0
MMR013039,2023-11-01,0,0,0,0,0
MMR013040,2023-11-01,3,0,2,1,0
MMR013041,2023-11-01,0,0,0,0,0
MMR013042,2023-11-01,1,0,1,0,0
MMR013043,2023-11-01,0,0,0,0,0
MMR013044,2023-11-01,0,0,0,0,0
MMR013046,2023-11-01,0,0,0,0,0
MMR013047,2023-11-01,0,0,0,0,0
MMR014001,2023-11-01,0,0,0,0,0
MMR014002,2023-11-01,0,0,0,0,0
MMR014003,2023-11-01,0,0,0,0,0
MMR014004,2023-11-01,0,0,0,0,0
MMR014005,2023-11-01,0,0,0,0,0
MMR014006,2023-11-01,2,0,1,1,0
MMR014007,2023-11-01,0,0,0,0,0
MMR014008,2023-11-01,0,0,0,0,0
MMR014009,2023-11-01,1,0,0,1,1
MMR014010,2023-11-01,10,6,3,1,11
MMR014011,2023-11-01,0,0,0,0,0
MMR014012,2023-11-01,0,0,0,0,0
MMR014013,2023-11-01,0,0,0,0,0
MMR014014,2023-11-01,0,0,0,0,0
MMR014015,2023-11-01,0,0,0,0,0
MMR014016,2023-11-01,0,0,0,0,0
MMR014017,2023-11-01,0,0,0,0,0
MMR014018,2023-11-01,0,0,0,0,0
MMR014019,2023-11-01,0,0,0,0,0
MMR014020,2023-11-01,0,0,0,0,0
MMR014021,2023-11-01,0,0,0,0,0
MMR015001,2023-11-01,42,12,21,9,21
MMR015002,2023-11-01,34,11,21,2,30
MMR015003,2023-11-01,0,0,0,0,0
MMR015004,2023-11-01,1,1,0,0,0
MMR015005,2023-11-01,0,0,0,0,0
MMR015006,2023-11-01,0,0,0,0,0
MMR015007,2023-11-01,0,0,0,0,0
MMR015008,2023-11-01,0,0,0,0,0
MMR015009,2023-11-01,65,32,29,4,80
MMR015010,2023-11-01,57,33,24,0,20
MMR015011,2023-11-01,30,12,16,2,41
MMR015012,2023-11-01,35,14,19,2,7
MMR015013,2023-11-01,55,32,13,10,17
MMR015014,2023-11-01,17,8,9,0,14
MMR015015,2023-11-01,2,1,1,0,0
MMR015016,2023-11-01,3,1,2,0,6
MMR015017,2023-11-01,2,2,0,0,0
MMR015018,2023-11-01,0,0,0,0,0
MMR015019,2023-11-01,8,2,6,0,0
MMR015020,2023-11-01,11,9,2,0,21
MMR015021,2023-11-01,1,0,1,0,1
MMR015022,2023-11-01,60,43,12,5,81
MMR015023,2023-11-01,9,9,0,0,52
MMR015024,2023-11-01,0,0,0,0,0
MMR016001,2023-11-01,0,0,0,0,0
MMR016002,2023-11-01,0,0,0,0,0
MMR016003,2023-11-01,1,0,1,0,2
MMR016005,2023-11-01,0,0,0,0,0
MMR016006,2023-11-01,1,0,1,0,0
MMR016007,2023-11-01,0,0,0,0,0
MMR016008,2023-11-01,0,0,0,0,0
MMR016009,2023-11-01,0,0,0,0,0
MMR016010,2023-11-01,0,0,0,0,0
MMR016011,2023-11-01,0,0,0,0,0
MMR017001,2023-11-01,0,0,0,0,0
MMR017002,2023-11-01,0,0,0,0,0
MMR017003,2023-11-01,0,0,0,0,0
MMR017004,2023-11-01,0,0,0,0,0
MMR017005,2023-11-01,0,0,0,0,0
MMR017006,2023-11-01,0,0,0,0,0
MMR017007,2023-11-01,0,0,0,0,0
MMR017008,2023-11-01,0,0,0,0,0
MMR017009,2023-11-01,0,0,0,0,0
MMR017010,2023-11-01,0,0,0,0,0
MMR017011,2023-11-01,0,0,0,0,0
MMR017012,2023-11-01,0,0,0,0,0
MMR017013,2023-11-01,0,0,0,0,0
MMR017014,2023-11-01,0,0,0,0,0
MMR017015,2023-11-01,0,0,0,0,0
MMR017016,2023-11-01,0,0,0,0,0
MMR017017,2023-11-01,0,0,0,0,0
MMR017018,2023-11-01,0,0,0,0,0
MMR017019,2023-11-01,0,0,0,0,0
MMR017020,2023-11-01,0,0,0,0,0
MMR017021,2023-11-01,0,0,0,0,0
MMR017022,2023-11-01,0,0,0,0,0
MMR017023,2023-11-01,0,0,0,0,0
MMR017024,2023-11-01,0,0,0,0,0
MMR017025,2023-11-01,0,0,0,0,0
MMR017026,2023-11-01,0,0,0,0,0
MMR018001,2023-11-01,0,0,0,0,0
MMR018002,2023-11-01,0,0,0,0,0
MMR018003,2023-11-01,0,0,0,0,0
MMR018004,2023-11-01,0,0,0,0,0
MMR018005,2023-11-01,0,0,0,0,0
MMR018006,2023-11-01,0,0,0,0,0
MMR018007,2023-11-01,1,0,0,1,0
MMR018008,2023-11-01,0,0,0,0,0
MMR001001,2023-12-01,5,2,3,0,4
MMR001002,2023-12-01,12,8,3,1,3
MMR001003,2023-12-01,0,0,0,0,0
MMR001004,2023-12-01,0,0,0,0,0
MMR001005,2023-12-01,0,0,0,0,0
MMR001006,2023-12-01,0,0,0,0,0
MMR001007,2023-12-01,4,3,1,0,1
MMR001008,2023-12-01,1,0,0,1,1
MMR001009,2023-12-01,3,2,1,0,1
MMR001010,2023-12-01,2,0,2,0,2
MMR001011,2023-12-01,2,1,1,0,3
MMR001012,2023-12-01,4,3,1,0,0
MMR001013,2023-12-01,0,0,0,0,0
MMR001014,2023-12-01,0,0,0,0,0
MMR001015,2023-12-01,0,0,0,0,0
MMR001016,2023-12-01,0,0,0,0,0
MMR001017,2023-12-01,0,0,0,0,0
MMR001018,2023-12-01,0,0,0,0,0
MMR002001,2023-12-01,18,4,13,1,47
MMR002002,2023-12-01,1,0,1,0,0
MMR002003,2023-12-01,0,0,0,0,0
MMR002004,2023-12-01,1,1,0,0,0
MMR002005,2023-12-01,1,0,0,1,6
MMR002006,2023-12-01,0,0,0,0,0
MMR002007,2023-12-01,0,0,0,0,0
MMR003001,2023-12-01,2,0,2,0,0
MMR003002,2023-12-01,0,0,0,0,0
MMR003003,2023-12-01,3,2,1,0,81
MMR003004,2023-12-01,1,0,1,0,0
MMR003005,2023-12-01,4,2,2,0,0
MMR003006,2023-12-01,27,13,14,0,63
MMR003007,2023-12-01,3,1,1,1,1
MMR004001,2023-12-01,0,0,0,0,0
MMR004002,2023-12-01,4,4,0,0,11
MMR004003,2023-12-01,0,0,0,0,0
MMR004004,2023-12-01,2,2,0,0,0
MMR004005,2023-12-01,0,0,0,0,0
MMR004006,2023-12-01,9,4,3,2,10
MMR004007,2023-12-01,7,4,3,0,13
MMR004008,2023-12-01,1,1,0,0,0
MMR004009,2023-12-01,29,20,9,0,8
MMR005001,2023-12-01,27,8,16,3,19
MMR005002,2023-12-01,5,1,3,1,3
MMR005003,2023-12-01,15,2,11,2,11
MMR005004,2023-12-01,20,8,12,0,21
MMR005005,2023-12-01,3,0,3,0,2
MMR005006,2023-12-01,4,3,1,0,3
MMR005007,2023-12-01,11,3,6,2,4
MMR005008,2023-12-01,5,0,5,0,0
MMR005009,2023-12-01,7,2,5,0,23
MMR005010,2023-12-01,1,1,0,0,3
MMR005011,2023-12-01,1,0,1,0,0
MMR005012,2023-12-01,25,13,8,4,58
MMR005013,2023-12-01,7,0,7,0,6
MMR005014,2023-12-01,7,4,3,0,18
MMR005015,2023-12-01,24,4,12,8,8
MMR005016,2023-12-01,6,3,3,0,6
MMR005017,2023-12-01,4,2,2,0,6
MMR005018,2023-12-01,4,3,1,0,15
MMR005019,2023-12-01,11,4,6,1,6
MMR005020,2023-12-01,14,3,8,3,12
MMR005021,2023-12-01,5,1,4,0,16
MMR005022,2023-12-01,23,6,17,0,10
MMR005023,2023-12-01,1,1,0,0,0
MMR005024,2023-12-01,4,0,3,1,3
MMR005025,2023-12-01,3,2,0,1,14
MMR005026,2023-12-01,0,0,0,0,0
MMR005027,2023-12-01,3,0,1,2,2
MMR005028,2023-12-01,0,0,0,0,0
MMR005029,2023-12-01,0,0,0,0,0
MMR005030,2023-12-01,24,14,4,6,50
MMR005031,2023-12-01,0,0,0,0,0
MMR005032,2023-12-01,8,0,8,0,2
MMR005033,2023-12-01,0,0,0,0,0
MMR005034,2023-12-01,29,0,28,1,10
MMR005035,2023-12-01,0,0,0,0,0
MMR005036,2023-12-01,0,0,0,0,0
MMR005037,2023-12-01,0,0,0,0,0
MMR006001,2023-12-01,4,2,0,2,3
MMR006002,2023-12-01,12,5,5,2,54
MMR006003,2023-12-01,5,1,1,3,5
MMR006004,2023-12-01,6,2,2,2,11
MMR006005,2023-12-01,6,2,3,1,3
MMR006006,2023-12-01,1,1,0,0,3
MMR006007,2023-12-01,3,1,1,1,0
MMR006008,2023-12-01,7,5,2,0,19
MMR006009,2023-12-01,3,1,0,2,2
MMR006010,2023-12-01,0,0,0,0,0
MMR007001,2023-12-01,1,0,0,1,1
MMR007002,2023-12-01,0,0,0,0,0
MMR007003,2023-12-01,3,2,1,0,1
MMR007004,2023-12-01,2,0,2,0,1
MMR007005,2023-12-01,12,2,10,0,3
MMR007006,2023-12-01,42,6,36,0,30
MMR007007,2023-12-01,0,0,0,0,0
MMR007008,2023-12-01,4,1,1,2,2
MMR007009,2023-12-01,7,4,2,1,6
MMR007010,2023-12-01,18,11,6,1,53
MMR007011,2023-12-01,29,8,21,0,110
MMR007012,2023-12-01,30,2,27,1,25
MMR007013,2023-12-01,2,1,1,0,0
MMR007014,2023-12-01,1,0,1,0,0
MMR008001,2023-12-01,2,0,0,2,0
MMR008002,2023-12-01,1,1,0,0,1
MMR008003,2023-12-01,0,0,0,0,0
MMR008004,2023-12-01,5,2,0,3,2
MMR008005,2023-12-01,1,0,0,1,1
MMR008006,2023-12-01,0,0,0,0,0
MMR008007,2023-12-01,0,0,0,0,0
MMR008008,2023-12-01,0,0,0,0,0
MMR008009,2023-12-01,4,2,1,1,5
MMR008010,2023-12-01,6,3,0,3,4
MMR008011,2023-12-01,0,0,0,0,0
MMR008012,2023-12-01,9,3,4,2,22
MMR008013,2023-12-01,1,0,1,0,0
MMR008014,2023-12-01,0,0,0,0,0
MMR009001,2023-12-01,0,0,0,0,0
MMR009002,2023-12-01,1,1,0,0,18
MMR009003,2023-12-01,3,1,2,0,22
MMR009004,2023-12-01,0,0,0,0,0
MMR009005,2023-12-01,0,0,0,0,0
MMR009006,2023-12-01,1,0,0,1,1
MMR009007,2023-12-01,0,0,0,0,0
MMR009008,2023-12-01,0,0,0,0,0
MMR009009,2023-12-01,0,0,0,0,0
MMR009010,2023-12-01,1,1,0,0,1
MMR009011,2023-12-01,0,0,0,0,0
MMR009012,2023-12-01,0,0,0,0,0
MMR009013,2023-12-01,0,0,0,0,0
MMR009014,2023-12-01,1,1,0,0,6
MMR009015,2023-12-01,0,0,0,0,0
MMR009016,2023-12-01,0,0,0,0,0
MMR009017,2023-12-01,1,0,1,0,15
MMR009018,2023-12-01,21,5,13,3,30
MMR009019,2023-12-01,11,5,6,0,21
MMR009020,2023-12-01,36,11,23,2,54
MMR009021,2023-12-01,5,1,3,1,0
MMR009022,2023-12-01,9,2,5,2,13
MMR009023,2023-12-01,13,8,4,1,17
MMR009024,2023-12-01,5,5,0,0,3
MMR009025,2023-12-01,3,0,3,0,0
MMR010001,2023-12-01,2,0,1,1,1
MMR010002,2023-12-01,3,2,1,0,1
MMR010003,2023-12-01,3,0,2,1,0
MMR010004,2023-12-01,4,0,1,3,1
MMR010005,2023-12-01,0,0,0,0,0
MMR010006,2023-12-01,2,0,2,0,0
MMR010007,2023-12-01,0,0,0,0,0
MMR010008,2023-12-01,0,0,0,0,0
MMR010009,2023-12-01,23,3,17,3,32
MMR010010,2023-12-01,0,0,0,0,0
MMR010011,2023-12-01,6,1,5,0,0
MMR010012,2023-12-01,3,2,0,1,1
MMR010013,2023-12-01,4,1,2,1,3
MMR010014,2023-12-01,0,0,0,0,0
MMR010015,2023-12-01,0,0,0,0,0
MMR010016,2023-12-01,0,0,0,0,0
MMR010017,2023-12-01,12,2,10,0,31
MMR010018,2023-12-01,6,2,2,2,8
MMR010019,2023-12-01,13,3,10,0,17
MMR010020,2023-12-01,0,0,0,0,0
MMR010021,2023-12-01,7,2,3,2,14
MMR010022,2023-12-01,0,0,0,0,0
MMR010023,2023-12-01,0,0,0,0,0
MMR010024,2023-12-01,0,0,0,0,0
MMR010028,2023-12-01,0,0,0,0,0
MMR010029,2023-12-01,3,0,3,0,7
MMR010030,2023-12-01,0,0,0,0,0
MMR010031,2023-12-01,2,1,1,0,1
MMR011001,2023-12-01,3,0,3,0,0
MMR011002,2023-12-01,10,5,4,1,1
MMR011003,2023-12-01,0,0,0,0,0
MMR011004,2023-12-01,4,1,2,1,5
MMR011005,2023-12-01,0,0,0,0,0
MMR011006,2023-12-01,7,4,3,0,4
MMR011007,2023-12-01,6,2,4,0,22
MMR011008,2023-12-01,1,0,0,1,1
MMR011009,2023-12-01,6,1,4,1,12
MMR011010,2023-12-01,16,8,7,1,18
MMR012001,2023-12-01,7,0,3,4,1
MMR012002,2023-12-01,17,2,14,1,0
MMR012003,2023-12-01,37,9,20,8,31
MMR012004,2023-12-01,16,7,7,2,1
MMR012005,2023-12-01,13,1,8,4,2
MMR012006,2023-12-01,4,1,3,0,0
MMR012007,2023-12-01,21,8,9,4,0
MMR012008,2023-12-01,4,2,2,0,2
MMR012009,2023-12-01,10,2,7,1,1
MMR012010,2023-12-01,11,2,6,3,5
MMR012011,2023-12-01,3,2,1,0,0
MMR012012,2023-12-01,0,0,0,0,0
MMR012013,2023-12-01,10,3,6,1,5
MMR012014,2023-12-01,12,3,8,1,0
MMR012015,2023-12-01,0,0,0,0,0
MMR012016,2023-12-01,2,1,1,0,3
MMR012017,2023-12-01,0,0,0,0,0
MMR013001,2023-12-01,1,0,1,0,0
MMR013002,2023-12-01,1,0,1,0,0
MMR013003,2023-12-01,0,0,0,0,0
MMR013004,2023-12-01,0,0,0,0,0
MMR013005,2023-12-01,0,0,0,0,0
MMR013006,2023-12-01,0,0,0,0,0
MMR013007,2023-12-01,2,0,2,0,0
MMR013009,2023-12-01,3,0,2,1,1
MMR013010,2023-12-01,1,0,1,0,0
MMR013011,2023-12-01,0,0,0,0,0
MMR013012,2023-12-01,2,0,2,0,0
MMR013013,2023-12-01,2,0,2,0,0
MMR013014,2023-12-01,1,0,1,0,0
MMR013015,2023-12-01,4,0,4,0,0
MMR013016,2023-12-01,0,0,0,0,0
MMR013017,2023-12-01,3,0,2,1,0
MMR013018,2023-12-01,3,0,3,0,0
MMR013019,2023-12-01,2,0,2,0,0
MMR013020,2023-12-01,1,0,1,0,1
MMR013021,2023-12-01,1,0,1,0,0
MMR013022,2023-12-01,0,0,0,0,0
MMR013023,2023-12-01,0,0,0,0,0
MMR013024,2023-12-01,0,0,0,0,0
MMR013025,2023-12-01,0,0,0,0,0
MMR013026,2023-12-01,1,0,1,0,0
MMR013027,2023-12-01,3,1,2,0,1
MMR013028,2023-12-01,0,0,0,0,0
MMR013029,2023-12-01,0,0,0,0,0
MMR013030,2023-12-01,0,0,0,0,0
MMR013031,2023-12-01,0,0,0,0,0
MMR013032,2023-12-01,0,0,0,0,0
MMR013033,2023-12-01,0,0,0,0,0
MMR013034,2023-12-01,0,0,0,0,0
MMR013035,2023-12-01,0,0,0,0,0
MMR013036,2023-12-01,0,0,0,0,0
MMR013037,2023-12-01,2,0,2,0,1
MMR013038,2023-12-01,1,0,1,0,0
MMR013039,2023-12-01,0,0,0,0,0
MMR013040,2023-12-01,0,0,0,0,0
MMR013041,2023-12-01,0,0,0,0,0
MMR013042,2023-12-01,2,0,2,0,0
MMR013043,2023-12-01,0,0,0,0,0
MMR013044,2023-12-01,1,0,1,0,0
MMR013046,2023-12-01,4,0,3,1,0
MMR013047,2023-12-01,0,0,0,0,0
MMR014001,2023-12-01,0,0,0,0,0
MMR014002,2023-12-01,2,1,0,1,3
MMR014003,2023-12-01,0,0,0,0,0
MMR014004,2023-12-01,0,0,0,0,0
MMR014005,2023-12-01,0,0,0,0,0
MMR014006,2023-12-01,0,0,0,0,0
MMR014007,2023-12-01,1,0,0,1,0
MMR014008,2023-12-01,0,0,0,0,0
MMR014009,2023-12-01,0,0,0,0,0
MMR014010,2023-12-01,9,4,5,0,0
MMR014011,2023-12-01,0,0,0,0,0
MMR014012,2023-12-01,0,0,0,0,0
MMR014013,2023-12-01,0,0,0,0,0
MMR014014,2023-12-01,0,0,0,0,0
MMR014015,2023-12-01,0,0,0,0,0
MMR014016,2023-12-01,0,0,0,0,0
MMR014017,2023-12-01,0,0,0,0,0
MMR014018,2023-12-01,0,0,0,0,0
MMR014019,2023-12-01,0,0,0,0,0
MMR014020,2023-12-01,0,0,0,0,0
MMR014021,2023-12-01,0,0,0,0,0
MMR015001,2023-12-01,16,4,9,3,7
MMR015002,2023-12-01,7,1,6,0,4
MMR015003,2023-12-01,0,0,0,0,0
MMR015004,2023-12-01,0,0,0,0,0
MMR015005,2023-12-01,0,0,0,0,0
MMR015006,2023-12-01,0,0,0,0,0
MMR015007,2023-12-01,0,0,0,0,0
MMR015008,2023-12-01,0,0,0,0,0
MMR015009,2023-12-01,40,13,25,2,39
MMR015010,2023-12-01,34,22,12,0,23
MMR015011,2023-12-01,47,23,22,2,13
MMR015012,2023-12-01,21,7,14,0,8
MMR015013,2023-12-01,0,0,0,0,0
MMR015014,2023-12-01,10,4,4,2,0
MMR015015,2023-12-01,32,12,20,0,13
MMR015016,2023-12-01,26,8,16,2,20
MMR015017,2023-12-01,2,0,1,1,0
MMR015018,2023-12-01,1,0,1,0,2
MMR015019,2023-12-01,14,9,4,1,0
MMR015020,2023-12-01,1,0,1,0,0
MMR015021,2023-12-01,0,0,0,0,0
MMR015022,2023-12-01,37,26,9,2,25
MMR015023,2023-12-01,5,3,0,2,69
MMR015024,2023-12-01,0,0,0,0,0
MMR016001,2023-12-01,0,0,0,0,0
MMR016002,2023-12-01,0,0,0,0,0
MMR016003,2023-12-01,0,0,0,0,0
MMR016005,2023-12-01,0,0,0,0,0
MMR016006,2023-12-01,0,0,0,0,0
MMR016007,2023-12-01,0,0,0,0,0
MMR016008,2023-12-01,0,0,0,0,0
MMR016009,2023-12-01,0,0,0,0,0
MMR016010,2023-12-01,0,0,0,0,0
MMR016011,2023-12-01,0,0,0,0,0
MMR017001,2023-12-01,1,0,0,1,0
MMR017002,2023-12-01,0,0,0,0,0
MMR017003,2023-12-01,0,0,0,0,0
MMR017004,2023-12-01,1,0,0,1,0
MMR017005,2023-12-01,0,0,0,0,0
MMR017006,2023-12-01,0,0,0,0,0
MMR017007,2023-12-01,0,0,0,0,0
MMR017008,2023-12-01,2,2,0,0,2
MMR017009,2023-12-01,0,0,0,0,0
MMR017010,2023-12-01,0,0,0,0,0
MMR017011,2023-12-01,0,0,0,0,0
MMR017012,2023-12-01,0,0,0,0,0
MMR017013,2023-12-01,0,0,0,0,0
MMR017014,2023-12-01,0,0,0,0,0
MMR017015,2023-12-01,0,0,0,0,0
MMR017016,2023-12-01,0,0,0,0,0
MMR017017,2023-12-01,0,0,0,0,0
MMR017018,2023-12-01,0,0,0,0,0
MMR017019,2023-12-01,0,0,0,0,0
MMR017020,2023-12-01,0,0,0,0,0
MMR017021,2023-12-01,0,0,0,0,0
MMR017022,2023-12-01,0,0,0,0,0
MMR017023,2023-12-01,0,0,0,0,0
MMR017024,2023-12-01,0,0,0,0,0
MMR017025,2023-12-01,1,0,1,0,0
MMR017026,2023-12-01,0,0,0,0,0
MMR018001,2023-12-01,0,0,0,0,0
MMR018002,2023-12-01,0,0,0,0,0
MMR018003,2023-12-01,0,0,0,0,0
MMR018004,2023-12-01,0,0,0,0,0
MMR018005,2023-12-01,0,0,0,0,0
MMR018006,2023-12-01,0,0,0,0,0
MMR018007,2023-12-01,0,0,0,0,0
MMR018008,2023-12-01,0,0,0,0,0
MMR001001,2024-01-01,2,0,2,0,0
MMR001002,2024-01-01,6,4,2,0,8
MMR001003,2024-01-01,0,0,0,0,0
MMR001004,2024-01-01,2,2,0,0,0
MMR001005,2024-01-01,0,0,0,0,0
MMR001006,2024-01-01,0,0,0,0,0
MMR001007,2024-01-01,10,2,5,3,9
MMR001008,2024-01-01,0,0,0,0,0
MMR001009,2024-01-01,20,14,4,2,77
MMR001010,2024-01-01,2,0,1,1,0
MMR001011,2024-01-01,4,2,2,0,0
MMR001012,2024-01-01,0,0,0,0,0
MMR001013,2024-01-01,8,6,1,1,0
MMR001014,2024-01-01,0,0,0,0,0
MMR001015,2024-01-01,0,0,0,0,0
MMR001016,2024-01-01,0,0,0,0,0
MMR001017,2024-01-01,0,0,0,0,0
MMR001018,2024-01-01,3,3,0,0,0
MMR002001,2024-01-01,3,1,2,0,0
MMR002002,2024-01-01,3,0,3,0,1
MMR002003,2024-01-01,1,0,1,0,0
MMR002004,2024-01-01,5,5,0,0,0
MMR002005,2024-01-01,2,2,0,0,15
MMR002006,2024-01-01,1,1,0,0,0
MMR002007,2024-01-01,0,0,0,0,0
MMR003001,2024-01-01,1,0,1,0,0
MMR003002,2024-01-01,0,0,0,0,0
MMR003003,2024-01-01,1,0,1,0,0
MMR003004,2024-01-01,10,10,0,0,4
MMR003005,2024-01-01,5,2,3,0,5
MMR003006,2024-01-01,20,9,8,3,33
MMR003007,2024-01-01,0,0,0,0,0
MMR004001,2024-01-01,0,0,0,0,0
MMR004002,2024-01-01,1,0,1,0,0
MMR004003,2024-01-01,0,0,0,0,0
MMR004004,2024-01-01,6,6,0,0,38
MMR004005,2024-01-01,0,0,0,0,0
MMR004006,2024-01-01,4,1,3,0,2
MMR004007,2024-01-01,5,5,0,0,13
MMR004008,2024-01-01,2,0,0,2,1
MMR004009,2024-01-01,39,34,4,1,23
MMR005001,2024-01-01,12,2,9,1,15
MMR005002,2024-01-01,2,1,1,0,1
MMR005003,2024-01-01,5,1,4,0,10
MMR005004,2024-01-01,11,6,5,0,10
MMR005005,2024-01-01,27,6,12,9,50
MMR005006,2024-01-01,9,2,6,1,9
MMR005007,2024-01-01,6,5,0,1,54
MMR005008,2024-01-01,0,0,0,0,0
MMR005009,2024-01-01,9,4,4,1,19
MMR005010,2024-01-01,3,1,0,2,4
MMR005011,2024-01-01,7,1,5,1,20
MMR005012,2024-01-01,33,19,14,0,69
MMR005013,2024-01-01,6,6,0,0,15
MMR005014,2024-01-01,7,2,5,0,3
MMR005015,2024-01-01,1,1,0,0,2
MMR005016,2024-01-01,10,3,7,0,20
MMR005017,2024-01-01,0,0,0,0,0
MMR005018,2024-01-01,7,3,4,0,15
MMR005019,2024-01-01,8,5,3,0,1
MMR005020,2024-01-01,0,0,0,0,0
MMR005021,2024-01-01,2,0,2,0,0
MMR005022,2024-01-01,11,2,9,0,3
MMR005023,2024-01-01,0,0,0,0,0
MMR005024,2024-01-01,4,0,4,0,6
MMR005025,2024-01-01,2,0,1,1,19
MMR005026,2024-01-01,0,0,0,0,0
MMR005027,2024-01-01,9,2,3,4,5
MMR005028,2024-01-01,0,0,0,0,0
MMR005029,2024-01-01,0,0,0,0,0
MMR005030,2024-01-01,4,2,2,0,22
MMR005031,2024-01-01,0,0,0,0,0
MMR005032,2024-01-01,4,1,3,0,3
MMR005033,2024-01-01,2,2,0,0,10
MMR005034,2024-01-01,6,3,3,0,7
MMR005035,2024-01-01,0,0,0,0,0
MMR005036,2024-01-01,0,0,0,0,0
MMR005037,2024-01-01,0,0,0,0,0
MMR006001,2024-01-01,8,4,1,3,18
MMR006002,2024-01-01,6,2,2,2,5
MMR006003,2024-01-01,9,6,2,1,35
MMR006004,2024-01-01,3,2,1,0,1
MMR006005,2024-01-01,4,1,2,1,4
MMR006006,2024-01-01,0,0,0,0,0
MMR006007,2024-01-01,5,4,1,0,12
MMR006008,2024-01-01,15,10,4,1,21
MMR006009,2024-01-01,0,0,0,0,0
MMR006010,2024-01-01,0,0,0,0,0
MMR007001,2024-01-01,3,0,3,0,0
MMR007002,2024-01-01,0,0,0,0,0
MMR007003,2024-01-01,1,0,1,0,0
MMR007004,2024-01-01,6,1,3,2,1
MMR007005,2024-01-01,13,0,13,0,0
MMR007006,2024-01-01,25,3,20,2,9
MMR007007,2024-01-01,2,1,0,1,1
MMR007008,2024-01-01,1,0,1,0,0
MMR007009,2024-01-01,6,1,5,0,30
MMR007010,2024-01-01,18,10,7,1,55
MMR007011,2024-01-01,23,1,22,0,7
MMR007012,2024-01-01,14,3,11,0,98
MMR007013,2024-01-01,0,0,0,0,0
MMR007014,2024-01-01,2,0,0,2,2
MMR008001,2024-01-01,0,0,0,0,0
MMR008002,2024-01-01,4,3,1,0,4
MMR008003,2024-01-01,1,1,0,0,0
MMR008004,2024-01-01,8,6,1,1,12
MMR008005,2024-01-01,1,1,0,0,1
MMR008006,2024-01-01,0,0,0,0,0
MMR008007,2024-01-01,3,0,1,2,2
MMR008008,2024-01-01,0,0,0,0,0
MMR008009,2024-01-01,6,3,2,1,19
MMR008010,2024-01-01,5,4,0,1,11
MMR008011,2024-01-01,0,0,0,0,0
MMR008012,2024-01-01,3,1,2,0,2
MMR008013,2024-01-01,0,0,0,0,0
MMR008014,2024-01-01,1,1,0,0,2
MMR009001,2024-01-01,0,0,0,0,0
MMR009002,2024-01-01,1,0,0,1,1
MMR009003,2024-01-01,0,0,0,0,0
MMR009004,2024-01-01,0,0,0,0,0
MMR009005,2024-01-01,1,0,0,1,1
MMR009006,2024-01-01,1,1,0,0,0
MMR009007,2024-01-01,0,0,0,0,0
MMR009008,2024-01-01,0,0,0,0,0
MMR009009,2024-01-01,2,1,0,1,1
MMR009010,2024-01-01,1,1,0,0,0
MMR009011,2024-01-01,0,0,0,0,0
MMR009012,2024-01-01,1,1,0,0,2
MMR009013,2024-01-01,0,0,0,0,0
MMR009014,2024-01-01,2,1,0,1,7
MMR009015,2024-01-01,0,0,0,0,0
MMR009016,2024-01-01,1,0,0,1,1
MMR009017,2024-01-01,1,1,0,0,15
MMR009018,2024-01-01,20,8,11,1,13
MMR009019,2024-01-01,33,9,18,6,37
MMR009020,2024-01-01,26,9,17,0,28
MMR009021,2024-01-01,7,2,5,0,2
MMR009022,2024-01-01,12,2,7,3,15
MMR009023,2024-01-01,6,1,5,0,6
MMR009024,2024-01-01,1,0,1,0,2
MMR009025,2024-01-01,1,0,0,1,0
MMR010001,2024-01-01,2,0,0,2,0
MMR010002,2024-01-01,3,1,1,1,4
MMR010003,2024-01-01,0,0,0,0,0
MMR010004,2024-01-01,3,1,0,2,6
MMR010005,2024-01-01,0,0,0,0,0
MMR010006,2024-01-01,0,0,0,0,0
MMR010007,2024-01-01,0,0,0,0,0
MMR010008,2024-01-01,7,5,1,1,4
MMR010009,2024-01-01,17,1,12,4,25
MMR010010,2024-01-01,5,0,4,1,2
MMR010011,2024-01-01,15,3,10,2,20
MMR010012,2024-01-01,2,1,1,0,0
MMR010013,2024-01-01,2,0,2,0,5
MMR010014,2024-01-01,1,1,0,0,2
MMR010015,2024-01-01,0,0,0,0,0
MMR010016,2024-01-01,3,0,1,2,3
MMR010017,2024-01-01,26,5,19,2,51
MMR010018,2024-01-01,8,4,4,0,6
MMR010019,2024-01-01,20,8,9,3,24
MMR010020,2024-01-01,0,0,0,0,0
MMR010021,2024-01-01,10,5,5,0,25
MMR010022,2024-01-01,1,0,0,1,1
MMR010023,2024-01-01,0,0,0,0,0
MMR010024,2024-01-01,1,0,0,1,1
MMR010028,2024-01-01,0,0,0,0,0
MMR010029,2024-01-01,1,0,1,0,4
MMR010030,2024-01-01,0,0,0,0,0
MMR010031,2024-01-01,1,0,0,1,0
MMR011001,2024-01-01,0,0,0,0,0
MMR011002,2024-01-01,1,0,1,0,0
MMR011003,2024-01-01,0,0,0,0,0
MMR011004,2024-01-01,3,3,0,0,15
MMR011005,2024-01-01,0,0,0,0,0
MMR011006,2024-01-01,12,4,7,1,42
MMR011007,2024-01-01,10,1,8,1,7
MMR011008,2024-01-01,1,0,0,1,1
MMR011009,2024-01-01,11,2,8,1,6
MMR011010,2024-01-01,9,3,5,1,4
MMR012001,2024-01-01,6,1,3,2,12
MMR012002,2024-01-01,5,1,4,0,2
MMR012003,2024-01-01,28,6,20,2,34
MMR012004,2024-01-01,36,21,15,0,44
MMR012005,2024-01-01,43,16,22,5,37
MMR012006,2024-01-01,4,2,2,0,1
MMR012007,2024-01-01,12,6,4,2,5
MMR012008,2024-01-01,22,7,14,1,22
MMR012009,2024-01-01,10,4,6,0,3
MMR012010,2024-01-01,15,7,7,1,12
MMR012011,2024-01-01,2,1,1,0,0
MMR012012,2024-01-01,0,0,0,0,0
MMR012013,2024-01-01,9,2,7,0,3
MMR012014,2024-01-01,1,0,0,1,0
MMR012015,2024-01-01,0,0,0,0,0
MMR012016,2024-01-01,2,1,0,1,1
MMR012017,2024-01-01,0,0,0,0,0
MMR013001,2024-01-01,3,0,2,1,1
MMR013002,2024-01-01,2,0,2,0,0
MMR013003,2024-01-01,0,0,0,0,0
MMR013004,2024-01-01,0,0,0,0,0
MMR013005,2024-01-01,0,0,0,0,0
MMR013006,2024-01-01,0,0,0,0,0
MMR013007,2024-01-01,0,0,0,0,0
MMR013009,2024-01-01,0,0,0,0,0
MMR013010,2024-01-01,0,0,0,0,0
MMR013011,2024-01-01,0,0,0,0,0
MMR013012,2024-01-01,2,0,2,0,0
MMR013013,2024-01-01,0,0,0,0,0
MMR013014,2024-01-01,0,0,0,0,0
MMR013015,2024-01-01,0,0,0,0,0
MMR013016,2024-01-01,0,0,0,0,0
MMR013017,2024-01-01,0,0,0,0,0
MMR013018,2024-01-01,2,0,2,0,0
MMR013019,2024-01-01,0,0,0,0,0
MMR013020,2024-01-01,0,0,0,0,0
MMR013021,2024-01-01,1,0,0,1,0
MMR013022,2024-01-01,0,0,0,0,0
MMR013023,2024-01-01,0,0,0,0,0
MMR013024,2024-01-01,0,0,0,0,0
MMR013025,2024-01-01,0,0,0,0,0
MMR013026,2024-01-01,0,0,0,0,0
MMR013027,2024-01-01,0,0,0,0,0
MMR013028,2024-01-01,0,0,0,0,0
MMR013029,2024-01-01,0,0,0,0,0
MMR013030,2024-01-01,0,0,0,0,0
MMR013031,2024-01-01,0,0,0,0,0
MMR013032,2024-01-01,0,0,0,0,0
MMR013033,2024-01-01,0,0,0,0,0
MMR013034,2024-01-01,0,0,0,0,0
MMR013035,2024-01-01,0,0,0,0,0
MMR013036,2024-01-01,0,0,0,0,0
MMR013037,2024-01-01,0,0,0,0,0
MMR013038,2024-01-01,1,0,1,0,0
MMR013039,2024-01-01,1,0,1,0,0
MMR013040,2024-01-01,1,0,0,1,1
MMR013041,2024-01-01,0,0,0,0,0
MMR013042,2024-01-01,1,0,1,0,0
MMR013043,2024-01-01,0,0,0,0,0
MMR013044,2024-01-01,0,0,0,0,0
MMR013046,2024-01-01,1,0,1,0,0
MMR013047,2024-01-01,0,0,0,0,0
MMR014001,2024-01-01,0,0,0,0,0
MMR014002,2024-01-01,0,0,0,0,0
MMR014003,2024-01-01,5,4,1,0,12
MMR014004,2024-01-01,24,11,10,3,54
MMR014005,2024-01-01,0,0,0,0,0
MMR014006,2024-01-01,0,0,0,0,0
MMR014007,2024-01-01,1,1,0,0,1
MMR014008,2024-01-01,0,0,0,0,0
MMR014009,2024-01-01,0,0,0,0,0
MMR014010,2024-01-01,11,7,4,0,24
MMR014011,2024-01-01,0,0,0,0,0
MMR014012,2024-01-01,1,0,1,0,1
MMR014013,2024-01-01,0,0,0,0,0
MMR014014,2024-01-01,0,0,0,0,0
MMR014015,2024-01-01,0,0,0,0,0
MMR014016,2024-01-01,0,0,0,0,0
MMR014017,2024-01-01,0,0,0,0,0
MMR014018,2024-01-01,0,0,0,0,0
MMR014019,2024-01-01,0,0,0,0,0
MMR014020,2024-01-01,0,0,0,0,0
MMR014021,2024-01-01,0,0,0,0,0
MMR015001,2024-01-01,26,5,19,2,9
MMR015002,2024-01-01,10,7,2,1,2
MMR015003,2024-01-01,0,0,0,0,0
MMR015004,2024-01-01,1,0,0,1,0
MMR015005,2024-01-01,0,0,0,0,0
MMR015006,2024-01-01,0,0,0,0,0
MMR015007,2024-01-01,0,0,0,0,0
MMR015008,2024-01-01,0,0,0,0,0
MMR015009,2024-01-01,11,1,10,0,0
MMR015010,2024-01-01,3,1,2,0,1
MMR015011,2024-01-01,35,13,20,2,21
MMR015012,2024-01-01,9,3,4,2,0
MMR015013,2024-01-01,12,3,9,0,4
MMR015014,2024-01-01,15,5,10,0,3
MMR015015,2024-01-01,8,0,8,0,0
MMR015016,2024-01-01,5,0,5,0,5
MMR015017,2024-01-01,40,19,15,6,169
MMR015018,2024-01-01,6,3,3,0,9
MMR015019,2024-01-01,0,0,0,0,0
MMR015020,2024-01-01,0,0,0,0,0
MMR015021,2024-01-01,2,2,0,0,0
MMR015022,2024-01-01,5,2,3,0,1
MMR015023,2024-01-01,0,0,0,0,0
MMR015024,2024-01-01,0,0,0,0,0
MMR016001,2024-01-01,0,0,0,0,0
MMR016002,2024-01-01,0,0,0,0,0
MMR016003,2024-01-01,0,0,0,0,0
MMR016005,2024-01-01,0,0,0,0,0
MMR016006,2024-01-01,0,0,0,0,0
MMR016007,2024-01-01,0,0,0,0,0
MMR016008,2024-01-01,0,0,0,0,0
MMR016009,2024-01-01,0,0,0,0,0
MMR016010,2024-01-01,0,0,0,0,0
MMR016011,2024-01-01,0,0,0,0,0
MMR017001,2024-01-01,0,0,0,0,0
MMR017002,2024-01-01,0,0,0,0,0
MMR017003,2024-01-01,0,0,0,0,0
MMR017004,2024-01-01,0,0,0,0,0
MMR017005,2024-01-01,2,0,0,2,2
MMR017006,2024-01-01,0,0,0,0,0
MMR017007,2024-01-01,0,0,0,0,0
MMR017008,2024-01-01,1,1,0,0,2
MMR017009,2024-01-01,0,0,0,0,0
MMR017010,2024-01-01,0,0,0,0,0
MMR017011,2024-01-01,0,0,0,0,0
MMR017012,2024-01-01,0,0,0,0,0
MMR017013,2024-01-01,0,0,0,0,0
MMR017014,2024-01-01,0,0,0,0,0
MMR017015,2024-01-01,0,0,0,0,0
MMR017016,2024-01-01,0,0,0,0,0
MMR017017,2024-01-01,0,0,0,0,0
MMR017018,2024-01-01,0,0,0,0,0
MMR017019,2024-01-01,3,0,1,2,0
MMR017020,2024-01-01,0,0,0,0,0
MMR017021,2024-01-01,0,0,0,0,0
MMR017022,2024-01-01,0,0,0,0,0
MMR017023,2024-01-01,0,0,0,0,0
MMR017024,2024-01-01,0,0,0,0,0
MMR017025,2024-01-01,0,0,0,0,0
MMR017026,2024-01-01,0,0,0,0,0
MMR018001,2024-01-01,0,0,0,0,0
MMR018002,2024-01-01,0,0,0,0,0
MMR018003,2024-01-01,0,0,0,0,0
MMR018004,2024-01-01,0,0,0,0,0
MMR018005,2024-01-01,0,0,0,0,0
MMR018006,2024-01-01,0,0,0,0,0
MMR018007,2024-01-01,0,0,0,0,0
MMR018008,2024-01-01,0,0,0,0,0
MMR001001,2024-02-01,6,6,0,0,4
MMR001002,2024-02-01,2,1,1,0,1
MMR001003,2024-02-01,1,0,0,1,0
MMR001004,2024-02-01,0,0,0,0,0
MMR001005,2024-02-01,2,0,0,2,0
MMR001006,2024-02-01,0,0,0,0,0
MMR001007,2024-02-01,4,4,0,0,2
MMR001008,2024-02-01,2,2,0,0,0
MMR001009,2024-02-01,21,13,6,2,45
MMR001010,2024-02-01,2,0,2,0,1
MMR001011,2024-02-01,1,1,0,0,0
MMR001012,2024-02-01,0,0,0,0,0
MMR001013,2024-02-01,23,7,15,1,53
MMR001014,2024-02-01,0,0,0,0,0
MMR001015,2024-02-01,0,0,0,0,0
MMR001016,2024-02-01,0,0,0,0,0
MMR001017,2024-02-01,0,0,0,0,0
MMR001018,2024-02-01,0,0,0,0,0
MMR002001,2024-02-01,2,0,1,1,1
MMR002002,2024-02-01,3,0,3,0,5
MMR002003,2024-02-01,0,0,0,0,0
MMR002004,2024-02-01,7,4,1,2,94
MMR002005,2024-02-01,2,2,0,0,12
MMR002006,2024-02-01,2,1,1,0,0
MMR002007,2024-02-01,0,0,0,0,0
MMR003001,2024-02-01,1,0,1,0,0
MMR003002,2024-02-01,0,0,0,0,0
MMR003003,2024-02-01,2,2,0,0,0
MMR003004,2024-02-01,5,2,3,0,31
MMR003005,2024-02-01,3,1,2,0,1
MMR003006,2024-02-01,13,9,3,1,21
MMR003007,2024-02-01,3,1,2,0,1
MMR004001,2024-02-01,0,0,0,0,0
MMR004002,2024-02-01,0,0,0,0,0
MMR004003,2024-02-01,0,0,0,0,0
MMR004004,2024-02-01,0,0,0,0,0
MMR004005,2024-02-01,0,0,0,0,0
MMR004006,2024-02-01,6,0,4,2,2
MMR004007,2024-02-01,3,2,1,0,1
MMR004008,2024-02-01,1,1,0,0,0
MMR004009,2024-02-01,8,3,5,0,15
MMR005001,2024-02-01,7,4,3,0,4
MMR005002,2024-02-01,8,5,3,0,15
MMR005003,2024-02-01,2,1,1,0,1
MMR005004,2024-02-01,17,6,8,3,39
MMR005005,2024-02-01,3,0,2,1,3
MMR005006,2024-02-01,4,1,3,0,1
MMR005007,2024-02-01,22,6,10,6,21
MMR005008,2024-02-01,2,0,2,0,1
MMR005009,2024-02-01,12,2,9,1,3
MMR005010,2024-02-01,8,5,3,0,12
MMR005011,2024-02-01,25,10,8,7,60
MMR005012,2024-02-01,32,11,14,7,48
MMR005013,2024-02-01,12,7,2,3,15
MMR005014,2024-02-01,5,3,2,0,5
MMR005015,2024-02-01,11,5,6,0,14
MMR005016,2024-02-01,3,1,1,1,1
MMR005017,2024-02-01,1,0,1,0,0
MMR005018,2024-02-01,9,6,3,0,9
MMR005019,2024-02-01,10,3,5,2,12
MMR005020,2024-02-01,3,0,3,0,0
MMR005021,2024-02-01,2,2,0,0,1
MMR005022,2024-02-01,2,2,0,0,3
MMR005023,2024-02-01,0,0,0,0,0
MMR005024,2024-02-01,20,13,6,1,12
MMR005025,2024-02-01,4,2,2,0,7
MMR005026,2024-02-01,6,6,0,0,0
MMR005027,2024-02-01,32,16,11,5,24
MMR005028,2024-02-01,0,0,0,0,0
MMR005029,2024-02-01,4,4,0,0,10
MMR005030,2024-02-01,4,4,0,0,13
MMR005031,2024-02-01,0,0,0,0,0
MMR005032,2024-02-01,4,1,3,0,4
MMR005033,2024-02-01,0,0,0,0,0
MMR005034,2024-02-01,2,2,0,0,11
MMR005035,2024-02-01,0,0,0,0,0
MMR005036,2024-02-01,0,0,0,0,0
MMR005037,2024-02-01,0,0,0,0,0
MMR006001,2024-02-01,20,17,3,0,40
MMR006002,2024-02-01,3,3,0,0,10
MMR006003,2024-02-01,8,5,3,0,16
MMR006004,2024-02-01,6,4,0,2,8
MMR006005,2024-02-01,1,0,1,0,1
MMR006006,2024-02-01,3,2,1,0,0
MMR006007,2024-02-01,10,1,8,1,2
MMR006008,2024-02-01,16,7,9,0,26
MMR006009,2024-02-01,1,0,0,1,1
MMR006010,2024-02-01,1,0,0,1,1
MMR007001,2024-02-01,0,0,0,0,0
MMR007002,2024-02-01,1,0,0,1,2
MMR007003,2024-02-01,2,2,0,0,3
MMR007004,2024-02-01,1,0,1,0,0
MMR007005,2024-02-01,12,2,10,0,5
MMR007006,2024-02-01,10,0,10,0,2
MMR007007,2024-02-01,1,0,0,1,0
MMR007008,2024-02-01,6,0,5,1,1
MMR007009,2024-02-01,1,0,0,1,0
MMR007010,2024-02-01,17,6,10,1,25
MMR007011,2024-02-01,19,0,18,1,7
MMR007012,2024-02-01,4,1,2,1,32
MMR007013,2024-02-01,2,0,2,0,0
MMR007014,2024-02-01,9,6,3,0,92
MMR008001,2024-02-01,3,0,2,1,1
MMR008002,2024-02-01,8,6,2,0,21
MMR008003,2024-02-01,0,0,0,0,0
MMR008004,2024-02-01,2,1,0,1,2
MMR008005,2024-02-01,0,0,0,0,0
MMR008006,2024-02-01,0,0,0,0,0
MMR008007,2024-02-01,1,1,0,0,1
MMR008008,2024-02-01,0,0,0,0,0
MMR008009,2024-02-01,3,2,0,1,43
MMR008010,2024-02-01,3,2,1,0,20
MMR008011,2024-02-01,0,0,0,0,0
MMR008012,2024-02-01,0,0,0,0,0
MMR008013,2024-02-01,0,0,0,0,0
MMR008014,2024-02-01,1,0,0,1,5
MMR009001,2024-02-01,2,0,1,1,1
MMR009002,2024-02-01,0,0,0,0,0
MMR009003,2024-02-01,1,0,0,1,1
MMR009004,2024-02-01,3,0,0,3,5
MMR009005,2024-02-01,0,0,0,0,0
MMR009006,2024-02-01,9,4,1,4,6
MMR009007,2024-02-01,0,0,0,0,0
MMR009008,2024-02-01,0,0,0,0,0
MMR009009,2024-02-01,0,0,0,0,0
MMR009010,2024-02-01,1,1,0,0,2
MMR009011,2024-02-01,1,1,0,0,0
MMR009012,2024-02-01,0,0,0,0,0
MMR009013,2024-02-01,0,0,0,0,0
MMR009014,2024-02-01,2,2,0,0,8
MMR009015,2024-02-01,3,2,0,1,4
MMR009016,2024-02-01,0,0,0,0,0
MMR009017,2024-02-01,0,0,0,0,0
MMR009018,2024-02-01,28,8,19,1,9
MMR009019,2024-02-01,8,3,5,0,8
MMR009020,2024-02-01,21,14,7,0,31
MMR009021,2024-02-01,1,1,0,0,1
MMR009022,2024-02-01,2,1,1,0,12
MMR009023,2024-02-01,5,1,0,4,17
MMR009024,2024-02-01,1,0,0,1,1
MMR009025,2024-02-01,0,0,0,0,0
MMR010001,2024-02-01,0,0,0,0,0
MMR010002,2024-02-01,1,0,1,0,0
MMR010003,2024-02-01,0,0,0,0,0
MMR010004,2024-02-01,0,0,0,0,0
MMR010005,2024-02-01,0,0,0,0,0
MMR010006,2024-02-01,0,0,0,0,0
MMR010007,2024-02-01,1,0,0,1,0
MMR010008,2024-02-01,1,0,0,1,1
MMR010009,2024-02-01,13,0,6,7,16
MMR010010,2024-02-01,10,3,7,0,3
MMR010011,2024-02-01,2,1,0,1,0
MMR010012,2024-02-01,0,0,0,0,0
MMR010013,2024-02-01,1,1,0,0,1
MMR010014,2024-02-01,0,0,0,0,0
MMR010015,2024-02-01,0,0,0,0,0
MMR010016,2024-02-01,2,1,0,1,4
MMR010017,2024-02-01,20,7,10,3,25
MMR010018,2024-02-01,2,0,1,1,3
MMR010019,2024-02-01,12,2,8,2,24
MMR010020,2024-02-01,0,0,0,0,0
MMR010021,2024-02-01,2,1,1,0,6
MMR010022,2024-02-01,0,0,0,0,0
MMR010023,2024-02-01,0,0,0,0,0
MMR010024,2024-02-01,0,0,0,0,0
MMR010028,2024-02-01,0,0,0,0,0
MMR010029,2024-02-01,0,0,0,0,0
MMR010030,2024-02-01,0,0,0,0,0
MMR010031,2024-02-01,1,1,0,0,1
MMR011001,2024-02-01,0,0,0,0,0
MMR011002,2024-02-01,1,0,0,1,1
MMR011003,2024-02-01,0,0,0,0,0
MMR011004,2024-02-01,1,0,1,0,0
MMR011005,2024-02-01,0,0,0,0,0
MMR011006,2024-02-01,14,8,6,0,16
MMR011007,2024-02-01,4,0,3,1,1
MMR011008,2024-02-01,1,1,0,0,0
MMR011009,2024-02-01,10,3,7,0,10
MMR011010,2024-02-01,4,0,3,1,0
MMR012001,2024-02-01,7,1,4,2,13
MMR012002,2024-02-01,11,6,4,1,1
MMR012003,2024-02-01,5,3,2,0,2
MMR012004,2024-02-01,15,4,10,1,18
MMR012005,2024-02-01,28,16,12,0,4
MMR012006,2024-02-01,4,1,3,0,0
MMR012007,2024-02-01,3,0,3,0,0
MMR012008,2024-02-01,18,6,12,0,4
MMR012009,2024-02-01,23,23,0,0,82
MMR012010,2024-02-01,15,5,1,9,6
MMR012011,2024-02-01,7,4,2,1,40
MMR012012,2024-02-01,0,0,0,0,0
MMR012013,2024-02-01,20,7,13,0,82
MMR012014,2024-02-01,2,0,2,0,0
MMR012015,2024-02-01,1,0,0,1,0
MMR012016,2024-02-01,2,0,2,0,0
MMR012017,2024-02-01,0,0,0,0,0
MMR013001,2024-02-01,5,0,3,2,0
MMR013002,2024-02-01,1,0,1,0,0
MMR013003,2024-02-01,0,0,0,0,0
MMR013004,2024-02-01,0,0,0,0,0
MMR013005,2024-02-01,0,0,0,0,0
MMR013006,2024-02-01,0,0,0,0,0
MMR013007,2024-02-01,1,0,1,0,0
MMR013009,2024-02-01,0,0,0,0,0
MMR013010,2024-02-01,0,0,0,0,0
MMR013011,2024-02-01,0,0,0,0,0
MMR013012,2024-02-01,2,0,2,0,0
MMR013013,2024-02-01,0,0,0,0,0
MMR013014,2024-02-01,0,0,0,0,0
MMR013015,2024-02-01,0,0,0,0,0
MMR013016,2024-02-01,0,0,0,0,0
MMR013017,2024-02-01,0,0,0,0,0
MMR013018,2024-02-01,2,0,1,1,0
MMR013019,2024-02-01,0,0,0,0,0
MMR013020,2024-02-01,0,0,0,0,0
MMR013021,2024-02-01,0,0,0,0,0
MMR013022,2024-02-01,0,0,0,0,0
MMR013023,2024-02-01,0,0,0,0,0
MMR013024,2024-02-01,0,0,0,0,0
MMR013025,2024-02-01,0,0,0,0,0
MMR013026,2024-02-01,0,0,0,0,0
MMR013027,2024-02-01,0,0,0,0,0
MMR013028,2024-02-01,0,0,0,0,0
MMR013029,2024-02-01,0,0,0,0,0
MMR013030,2024-02-01,0,0,0,0,0
MMR013031,2024-02-01,0,0,0,0,0
MMR013032,2024-02-01,0,0,0,0,0
MMR013033,2024-02-01,0,0,0,0,0
MMR013034,2024-02-01,0,0,0,0,0
MMR013035,2024-02-01,0,0,0,0,0
MMR013036,2024-02-01,0,0,0,0,0
MMR013037,2024-02-01,0,0,0,0,0
MMR013038,2024-02-01,0,0,0,0,0
MMR013039,2024-02-01,1,0,1,0,0
MMR013040,2024-02-01,0,0,0,0,0
MMR013041,2024-02-01,0,0,0,0,0
MMR013042,2024-02-01,1,0,1,0,0
MMR013043,2024-02-01,1,0,1,0,0
MMR013044,2024-02-01,0,0,0,0,0
MMR013046,2024-02-01,6,0,6,0,0
MMR013047,2024-02-01,2,0,2,0,1
MMR014001,2024-02-01,1,0,0,1,0
MMR014002,2024-02-01,2,0,1,1,0
MMR014003,2024-02-01,18,5,12,1,28
MMR014004,2024-02-01,34,10,20,4,50
MMR014005,2024-02-01,0,0,0,0,0
MMR014006,2024-02-01,0,0,0,0,0
MMR014007,2024-02-01,0,0,0,0,0
MMR014008,2024-02-01,0,0,0,0,0
MMR014009,2024-02-01,1,0,1,0,0
MMR014010,2024-02-01,1,0,1,0,3
MMR014011,2024-02-01,5,2,3,0,3
MMR014012,2024-02-01,0,0,0,0,0
MMR014013,2024-02-01,0,0,0,0,0
MMR014014,2024-02-01,0,0,0,0,0
MMR014015,2024-02-01,1,0,0,1,0
MMR014016,2024-02-01,3,0,0,3,0
MMR014017,2024-02-01,2,0,0,2,0
MMR014018,2024-02-01,0,0,0,0,0
MMR014019,2024-02-01,0,0,0,0,0
MMR014020,2024-02-01,0,0,0,0,0
MMR014021,2024-02-01,2,2,0,0,0
MMR015001,2024-02-01,4,0,4,0,0
MMR015002,2024-02-01,0,0,0,0,0
MMR015003,2024-02-01,0,0,0,0,0
MMR015004,2024-02-01,0,0,0,0,0
MMR015005,2024-02-01,0,0,0,0,0
MMR015006,2024-02-01,0,0,0,0,0
MMR015007,2024-02-01,0,0,0,0,0
MMR015008,2024-02-01,0,0,0,0,0
MMR015009,2024-02-01,8,0,4,4,4
MMR015010,2024-02-01,0,0,0,0,0
MMR015011,2024-02-01,0,0,0,0,0
MMR015012,2024-02-01,3,0,3,0,1
MMR015013,2024-02-01,4,0,4,0,1
MMR015014,2024-02-01,1,0,1,0,1
MMR015015,2024-02-01,0,0,0,0,0
MMR015016,2024-02-01,1,0,1,0,3
MMR015017,2024-02-01,3,0,0,3,11
MMR015018,2024-02-01,1,0,1,0,0
MMR015019,2024-02-01,0,0,0,0,0
MMR015020,2024-02-01,0,0,0,0,0
MMR015021,2024-02-01,0,0,0,0,0
MMR015022,2024-02-01,2,0,0,2,0
MMR015023,2024-02-01,0,0,0,0,0
MMR015024,2024-02-01,0,0,0,0,0
MMR016001,2024-02-01,1,0,0,1,1
MMR016002,2024-02-01,0,0,0,0,0
MMR016003,2024-02-01,0,0,0,0,0
MMR016005,2024-02-01,0,0,0,0,0
MMR016006,2024-02-01,0,0,0,0,0
MMR016007,2024-02-01,0,0,0,0,0
MMR016008,2024-02-01,0,0,0,0,0
MMR016009,2024-02-01,1,0,1,0,0
MMR016010,2024-02-01,0,0,0,0,0
MMR016011,2024-02-01,0,0,0,0,0
MMR017001,2024-02-01,0,0,0,0,0
MMR017002,2024-02-01,2,0,0,2,0
MMR017003,2024-02-01,0,0,0,0,0
MMR017004,2024-02-01,0,0,0,0,0
MMR017005,2024-02-01,0,0,0,0,0
MMR017006,2024-02-01,0,0,0,0,0
MMR017007,2024-02-01,0,0,0,0,0
MMR017008,2024-02-01,0,0,0,0,0
MMR017009,2024-02-01,2,0,0,2,0
MMR017010,2024-02-01,0,0,0,0,0
MMR017011,2024-02-01,0,0,0,0,0
MMR017012,2024-02-01,0,0,0,0,0
MMR017013,2024-02-01,1,0,0,1,0
MMR017014,2024-02-01,0,0,0,0,0
MMR017015,2024-02-01,0,0,0,0,0
MMR017016,2024-02-01,0,0,0,0,0
MMR017017,2024-02-01,0,0,0,0,0
MMR017018,2024-02-01,0,0,0,0,0
MMR017019,2024-02-01,0,0,0,0,0
MMR017020,2024-02-01,0,0,0,0,0
MMR017021,2024-02-01,0,0,0,0,0
MMR017022,2024-02-01,0,0,0,0,0
MMR017023,2024-02-01,0,0,0,0,0
MMR017024,2024-02-01,0,0,0,0,0
MMR017025,2024-02-01,0,0,0,0,0
MMR017026,2024-02-01,1,0,0,1,1
MMR018001,2024-02-01,0,0,0,0,0
MMR018002,2024-02-01,0,0,0,0,0
MMR018003,2024-02-01,0,0,0,0,0
MMR018004,2024-02-01,0,0,0,0,0
MMR018005,2024-02-01,0,0,0,0,0
MMR018006,2024-02-01,0,0,0,0,0
MMR018007,2024-02-01,0,0,0,0,0
MMR018008,2024-02-01,1,0,0,1,0
MMR001001,2024-03-01,9,2,6,1,3
MMR001002,2024-03-01,28,24,4,0,15
MMR001003,2024-03-01,0,0,0,0,0
MMR001004,2024-03-01,1,1,0,0,3
MMR001005,2024-03-01,0,0,0,0,0
MMR001006,2024-03-01,0,0,0,0,0
MMR001007,2024-03-01,3,1,0,2,10
MMR001008,2024-03-01,3,0,0,3,2
MMR001009,2024-03-01,29,21,6,2,77
MMR001010,2024-03-01,14,0,13,1,12
MMR001011,2024-03-01,4,2,2,0,3
MMR001012,2024-03-01,48,40,7,1,26
MMR001013,2024-03-01,5,3,2,0,1
MMR001014,2024-03-01,2,1,0,1,0
MMR001015,2024-03-01,9,7,2,0,0
MMR001016,2024-03-01,0,0,0,0,0
MMR001017,2024-03-01,0,0,0,0,0
MMR001018,2024-03-01,0,0,0,0,0
MMR002001,2024-03-01,3,0,2,1,3
MMR002002,2024-03-01,1,0,1,0,0
MMR002003,2024-03-01,3,0,3,0,2
MMR002004,2024-03-01,0,0,0,0,0
MMR002005,2024-03-01,0,0,0,0,0
MMR002006,2024-03-01,7,6,1,0,42
MMR002007,2024-03-01,0,0,0,0,0
MMR003001,2024-03-01,0,0,0,0,0
MMR003002,2024-03-01,1,1,0,0,3
MMR003003,2024-03-01,20,3,17,0,18
MMR003004,2024-03-01,0,0,0,0,0
MMR003005,2024-03-01,38,26,11,1,70
MMR003006,2024-03-01,9,4,5,0,26
MMR003007,2024-03-01,14,7,7,0,24
MMR004001,2024-03-01,0,0,0,0,0
MMR004002,2024-03-01,12,6,2,4,5
MMR004003,2024-03-01,0,0,0,0,0
MMR004004,2024-03-01,2,0,1,1,0
MMR004005,2024-03-01,0,0,0,0,0
MMR004006,2024-03-01,5,0,5,0,3
MMR004007,2024-03-01,2,0,2,0,1
MMR004008,2024-03-01,9,7,2,0,0
MMR004009,2024-03-01,1,0,1,0,0
MMR005001,2024-03-01,15,10,4,1,9
MMR005002,2024-03-01,11,7,3,1,21
MMR005003,2024-03-01,10,3,6,1,13
MMR005004,2024-03-01,16,6,7,3,8
MMR005005,2024-03-01,4,2,1,1,14
MMR005006,2024-03-01,8,5,2,1,24
MMR005007,2024-03-01,2,0,0,2,2
MMR005008,2024-03-01,1,0,1,0,0
MMR005009,2024-03-01,10,6,3,1,19
MMR005010,2024-03-01,4,1,3,0,0
MMR005011,2024-03-01,9,2,1,6,18
MMR005012,2024-03-01,26,9,7,10,42
MMR005013,2024-03-01,11,1,8,2,11
MMR005014,2024-03-01,11,3,8,0,9
MMR005015,2024-03-01,14,5,9,0,39
MMR005016,2024-03-01,3,1,1,1,8
MMR005017,2024-03-01,27,11,15,1,63
MMR005018,2024-03-01,4,2,1,1,8
MMR005019,2024-03-01,8,6,2,0,19
MMR005020,2024-03-01,5,0,5,0,0
MMR005021,2024-03-01,0,0,0,0,0
MMR005022,2024-03-01,2,2,0,0,0
MMR005023,2024-03-01,0,0,0,0,0
MMR005024,2024-03-01,16,10,2,4,19
MMR005025,2024-03-01,0,0,0,0,0
MMR005026,2024-03-01,0,0,0,0,0
MMR005027,2024-03-01,37,12,24,1,58
MMR005028,2024-03-01,0,0,0,0,0
MMR005029,2024-03-01,0,0,0,0,0
MMR005030,2024-03-01,0,0,0,0,0
MMR005031,2024-03-01,0,0,0,0,0
MMR005032,2024-03-01,2,0,2,0,0
MMR005033,2024-03-01,0,0,0,0,0
MMR005034,2024-03-01,9,7,2,0,0
MMR005035,2024-03-01,0,0,0,0,0
MMR005036,2024-03-01,0,0,0,0,0
MMR005037,2024-03-01,0,0,0,0,0
MMR006001,2024-03-01,14,7,5,2,61
MMR006002,2024-03-01,11,5,3,3,24
MMR006003,2024-03-01,7,2,5,0,7
MMR006004,2024-03-01,7,2,5,0,11
MMR006005,2024-03-01,0,0,0,0,0
MMR006006,2024-03-01,5,4,1,0,20
MMR006007,2024-03-01,20,5,15,0,1
MMR006008,2024-03-01,7,4,3,0,2
MMR006009,2024-03-01,0,0,0,0,0
MMR006010,2024-03-01,2,1,1,0,6
MMR007001,2024-03-01,0,0,0,0,0
MMR007002,2024-03-01,0,0,0,0,0
MMR007003,2024-03-01,0,0,0,0,0
MMR007004,2024-03-01,1,0,1,0,1
MMR007005,2024-03-01,7,2,5,0,13
MMR007006,2024-03-01,4,0,4,0,0
MMR007007,2024-03-01,2,0,0,2,3
MMR007008,2024-03-01,3,0,3,0,5
MMR007009,2024-03-01,4,1,2,1,5
MMR007010,2024-03-01,19,5,13,1,15
MMR007011,2024-03-01,36,0,36,0,4
MMR007012,2024-03-01,3,0,3,0,8
MMR007013,2024-03-01,1,0,1,0,0
MMR007014,2024-03-01,7,1,5,1,3
MMR008001,2024-03-01,0,0,0,0,0
MMR008002,2024-03-01,4,3,1,0,2
MMR008003,2024-03-01,0,0,0,0,0
MMR008004,2024-03-01,8,4,3,1,9
MMR008005,2024-03-01,1,0,0,1,1
MMR008006,2024-03-01,0,0,0,0,0
MMR008007,2024-03-01,1,0,0,1,0
MMR008008,2024-03-01,5,2,0,3,18
MMR008009,2024-03-01,14,7,5,2,86
MMR008010,2024-03-01,6,5,0,1,26
MMR008011,2024-03-01,2,1,1,0,0
MMR008012,2024-03-01,6,2,2,2,4
MMR008013,2024-03-01,0,0,0,0,0
MMR008014,2024-03-01,3,0,0,3,2
MMR009001,2024-03-01,1,0,1,0,1
MMR009002,2024-03-01,1,0,0,1,2
MMR009003,2024-03-01,0,0,0,0,0
MMR009004,2024-03-01,1,0,1,0,16
MMR009005,2024-03-01,0,0,0,0,0
MMR009006,2024-03-01,4,2,0,2,3
MMR009007,2024-03-01,0,0,0,0,0
MMR009008,2024-03-01,0,0,0,0,0
MMR009009,2024-03-01,3,3,0,0,40
MMR009010,2024-03-01,4,0,0,4,4
MMR009011,2024-03-01,0,0,0,0,0
MMR009012,2024-03-01,0,0,0,0,0
MMR009013,2024-03-01,0,0,0,0,0
MMR009014,2024-03-01,3,2,1,0,11
MMR009015,2024-03-01,1,0,0,1,2
MMR009016,2024-03-01,1,0,0,1,2
MMR009017,2024-03-01,0,0,0,0,0
MMR009018,2024-03-01,30,5,24,1,43
MMR009019,2024-03-01,7,2,5,0,15
MMR009020,2024-03-01,26,10,16,0,59
MMR009021,2024-03-01,3,1,2,0,2
MMR009022,2024-03-01,4,1,3,0,10
MMR009023,2024-03-01,2,1,1,0,4
MMR009024,2024-03-01,1,1,0,0,4
MMR009025,2024-03-01,4,0,4,0,5
MMR010001,2024-03-01,2,0,2,0,0
MMR010002,2024-03-01,0,0,0,0,0
MMR010003,2024-03-01,3,0,2,1,1
MMR010004,2024-03-01,0,0,0,0,0
MMR010005,2024-03-01,0,0,0,0,0
MMR010006,2024-03-01,1,0,0,1,1
MMR010007,2024-03-01,0,0,0,0,0
MMR010008,2024-03-01,0,0,0,0,0
MMR010009,2024-03-01,20,5,6,9,28
MMR010010,2024-03-01,2,0,2,0,0
MMR010011,2024-03-01,0,0,0,0,0
MMR010012,2024-03-01,10,7,2,1,22
MMR010013,2024-03-01,1,0,1,0,0
MMR010014,2024-03-01,2,1,0,1,2
MMR010015,2024-03-01,0,0,0,0,0
MMR010016,2024-03-01,0,0,0,0,0
MMR010017,2024-03-01,27,7,14,6,39
MMR010018,2024-03-01,6,3,3,0,17
MMR010019,2024-03-01,11,4,6,1,25
MMR010020,2024-03-01,1,0,0,1,1
MMR010021,2024-03-01,3,0,3,0,14
MMR010022,2024-03-01,0,0,0,0,0
MMR010023,2024-03-01,0,0,0,0,0
MMR010024,2024-03-01,1,0,0,1,1
MMR010028,2024-03-01,0,0,0,0,0
MMR010029,2024-03-01,0,0,0,0,0
MMR010030,2024-03-01,0,0,0,0,0
MMR010031,2024-03-01,4,1,1,2,3
MMR011001,2024-03-01,2,0,2,0,0
MMR011002,2024-03-01,7,1,5,1,4
MMR011003,2024-03-01,1,0,0,1,0
MMR011004,2024-03-01,3,1,1,1,6
MMR011005,2024-03-01,4,4,0,0,0
MMR011006,2024-03-01,8,2,2,4,11
MMR011007,2024-03-01,9,0,6,3,2
MMR011008,2024-03-01,0,0,0,0,0
MMR011009,2024-03-01,6,3,0,3,7
MMR011010,2024-03-01,5,0,4,1,1
MMR012001,2024-03-01,16,0,7,9,9
MMR012002,2024-03-01,15,4,11,0,27
MMR012003,2024-03-01,9,3,6,0,8
MMR012004,2024-03-01,1,0,1,0,0
MMR012005,2024-03-01,17,3,12,2,34
MMR012006,2024-03-01,14,1,13,0,4
MMR012007,2024-03-01,6,0,6,0,6
MMR012008,2024-03-01,13,8,5,0,100
MMR012009,2024-03-01,10,5,0,5,27
MMR012010,2024-03-01,9,9,0,0,20
MMR012011,2024-03-01,12,1,8,3,2
MMR012012,2024-03-01,0,0,0,0,0
MMR012013,2024-03-01,12,3,9,0,32
MMR012014,2024-03-01,18,13,5,0,139
MMR012015,2024-03-01,3,0,2,1,1
MMR012016,2024-03-01,2,1,1,0,30
MMR012017,2024-03-01,0,0,0,0,0
MMR013001,2024-03-01,5,0,5,0,2
MMR013002,2024-03-01,3,0,2,1,1
MMR013003,2024-03-01,0,0,0,0,0
MMR013004,2024-03-01,1,0,1,0,0
MMR013005,2024-03-01,1,0,1,0,3
MMR013006,2024-03-01,0,0,0,0,0
MMR013007,2024-03-01,1,0,1,0,0
MMR013009,2024-03-01,3,0,3,0,2
MMR013010,2024-03-01,2,0,2,0,0
MMR013011,2024-03-01,2,0,2,0,0
MMR013012,2024-03-01,4,0,2,2,0
MMR013013,2024-03-01,0,0,0,0,0
MMR013014,2024-03-01,0,0,0,0,0
MMR013015,2024-03-01,0,0,0,0,0
MMR013016,2024-03-01,0,0,0,0,0
MMR013017,2024-03-01,0,0,0,0,0
MMR013018,2024-03-01,0,0,0,0,0
MMR013019,2024-03-01,3,0,2,1,1
MMR013020,2024-03-01,1,0,1,0,0
MMR013021,2024-03-01,0,0,0,0,0
MMR013022,2024-03-01,1,0,0,1,0
MMR013023,2024-03-01,0,0,0,0,0
MMR013024,2024-03-01,0,0,0,0,0
MMR013025,2024-03-01,0,0,0,0,0
MMR013026,2024-03-01,0,0,0,0,0
MMR013027,2024-03-01,0,0,0,0,0
MMR013028,2024-03-01,0,0,0,0,0
MMR013029,2024-03-01,0,0,0,0,0
MMR013030,2024-03-01,0,0,0,0,0
MMR013031,2024-03-01,0,0,0,0,0
MMR013032,2024-03-01,0,0,0,0,0
MMR013033,2024-03-01,1,0,1,0,0
MMR013034,2024-03-01,0,0,0,0,0
MMR013035,2024-03-01,0,0,0,0,0
MMR013036,2024-03-01,0,0,0,0,0
MMR013037,2024-03-01,0,0,0,0,0
MMR013038,2024-03-01,1,0,1,0,2
MMR013039,2024-03-01,0,0,0,0,0
MMR013040,2024-03-01,1,0,1,0,0
MMR013041,2024-03-01,0,0,0,0,0
MMR013042,2024-03-01,2,0,2,0,20
MMR013043,2024-03-01,0,0,0,0,0
MMR013044,2024-03-01,1,0,1,0,2
MMR013046,2024-03-01,4,0,4,0,2
MMR013047,2024-03-01,0,0,0,0,0
MMR014001,2024-03-01,2,0,0,2,0
MMR014002,2024-03-01,4,0,3,1,0
MMR014003,2024-03-01,13,3,7,3,4
MMR014004,2024-03-01,29,11,15,3,26
MMR014005,2024-03-01,0,0,0,0,0
MMR014006,2024-03-01,0,0,0,0,0
MMR014007,2024-03-01,7,5,2,0,11
MMR014008,2024-03-01,1,0,1,0,1
MMR014009,2024-03-01,21,12,8,1,3
MMR014010,2024-03-01,2,1,1,0,12
MMR014011,2024-03-01,0,0,0,0,0
MMR014012,2024-03-01,0,0,0,0,0
MMR014013,2024-03-01,1,0,0,1,0
MMR014014,2024-03-01,0,0,0,0,0
MMR014015,2024-03-01,0,0,0,0,0
MMR014016,2024-03-01,2,0,0,2,0
MMR014017,2024-03-01,0,0,0,0,0
MMR014018,2024-03-01,0,0,0,0,0
MMR014019,2024-03-01,0,0,0,0,0
MMR014020,2024-03-01,1,0,1,0,0
MMR014021,2024-03-01,0,0,0,0,0
MMR015001,2024-03-01,3,1,1,1,0
MMR015002,2024-03-01,6,4,0,2,1
MMR015003,2024-03-01,0,0,0,0,0
MMR015004,2024-03-01,0,0,0,0,0
MMR015005,2024-03-01,0,0,0,0,0
MMR015006,2024-03-01,0,0,0,0,0
MMR015007,2024-03-01,0,0,0,0,0
MMR015008,2024-03-01,0,0,0,0,0
MMR015009,2024-03-01,2,0,0,2,3
MMR015010,2024-03-01,1,0,1,0,0
MMR015011,2024-03-01,6,0,5,1,2
MMR015012,2024-03-01,0,0,0,0,0
MMR015013,2024-03-01,1,0,1,0,0
MMR015014,2024-03-01,1,0,0,1,0
MMR015015,2024-03-01,1,0,1,0,1
MMR015016,2024-03-01,1,0,0,1,0
MMR015017,2024-03-01,0,0,0,0,0
MMR015018,2024-03-01,1,1,0,0,0
MMR015019,2024-03-01,0,0,0,0,0
MMR015020,2024-03-01,0,0,0,0,0
MMR015021,2024-03-01,1,0,1,0,0
MMR015022,2024-03-01,0,0,0,0,0
MMR015023,2024-03-01,0,0,0,0,0
MMR015024,2024-03-01,0,0,0,0,0
MMR016001,2024-03-01,0,0,0,0,0
MMR016002,2024-03-01,0,0,0,0,0
MMR016003,2024-03-01,0,0,0,0,0
MMR016005,2024-03-01,0,0,0,0,0
MMR016006,2024-03-01,0,0,0,0,0
MMR016007,2024-03-01,0,0,0,0,0
MMR016008,2024-03-01,0,0,0,0,0
MMR016009,2024-03-01,1,0,1,0,0
MMR016010,2024-03-01,0,0,0,0,0
MMR016011,2024-03-01,0,0,0,0,0
MMR017001,2024-03-01,0,0,0,0,0
MMR017002,2024-03-01,0,0,0,0,0
MMR017003,2024-03-01,0,0,0,0,0
MMR017004,2024-03-01,0,0,0,0,0
MMR017005,2024-03-01,0,0,0,0,0
MMR017006,2024-03-01,0,0,0,0,0
MMR017007,2024-03-01,0,0,0,0,0
MMR017008,2024-03-01,0,0,0,0,0
MMR017009,2024-03-01,0,0,0,0,0
MMR017010,2024-03-01,0,0,0,0,0
MMR017011,2024-03-01,0,0,0,0,0
MMR017012,2024-03-01,1,0,0,1,1
MMR017013,2024-03-01,0,0,0,0,0
MMR017014,2024-03-01,0,0,0,0,0
MMR017015,2024-03-01,0,0,0,0,0
MMR017016,2024-03-01,0,0,0,0,0
MMR017017,2024-03-01,0,0,0,0,0
MMR017018,2024-03-01,0,0,0,0,0
MMR017019,2024-03-01,0,0,0,0,0
MMR017020,2024-03-01,0,0,0,0,0
MMR017021,2024-03-01,0,0,0,0,0
MMR017022,2024-03-01,0,0,0,0,0
MMR017023,2024-03-01,2,0,0,2,0
MMR017024,2024-03-01,0,0,0,0,0
MMR017025,2024-03-01,0,0,0,0,0
MMR017026,2024-03-01,0,0,0,0,0
MMR018001,2024-03-01,0,0,0,0,0
MMR018002,2024-03-01,0,0,0,0,0
MMR018003,2024-03-01,0,0,0,0,0
MMR018004,2024-03-01,0,0,0,0,0
MMR018005,2024-03-01,0,0,0,0,0
MMR018006,2024-03-01,0,0,0,0,0
MMR018007,2024-03-01,0,0,0,0,0
MMR018008,2024-03-01,0,0,0,0,0
MMR001001,2024-04-01,10,6,4,0,8
MMR001002,2024-04-01,9,7,1,1,0
MMR001003,2024-04-01,0,0,0,0,0
MMR001004,2024-04-01,2,2,0,0,0
MMR001005,2024-04-01,1,1,0,0,0
MMR001006,2024-04-01,3,3,0,0,0
MMR001007,2024-04-01,3,0,2,1,2
MMR001008,2024-04-01,1,0,1,0,0
MMR001009,2024-04-01,22,17,3,2,9
MMR001010,2024-04-01,8,2,5,1,0
MMR001011,2024-04-01,0,0,0,0,0
MMR001012,2024-04-01,23,14,8,1,48
MMR001013,2024-04-01,7,3,3,1,5
MMR001014,2024-04-01,0,0,0,0,0
MMR001015,2024-04-01,0,0,0,0,0
MMR001016,2024-04-01,0,0,0,0,0
MMR001017,2024-04-01,0,0,0,0,0
MMR001018,2024-04-01,0,0,0,0,0
MMR002001,2024-04-01,2,0,2,0,6
MMR002002,2024-04-01,1,0,1,0,1
MMR002003,2024-04-01,0,0,0,0,0
MMR002004,2024-04-01,0,0,0,0,0
MMR002005,2024-04-01,0,0,0,0,0
MMR002006,2024-04-01,1,1,0,0,30
MMR002007,2024-04-01,0,0,0,0,0
MMR003001,2024-04-01,2,0,2,0,0
MMR003002,2024-04-01,0,0,0,0,0
MMR003003,2024-04-01,2,1,1,0,0
MMR003004,2024-04-01,1,0,1,0,0
MMR003005,2024-04-01,31,13,16,2,179
MMR003006,2024-04-01,32,23,7,2,199
MMR003007,2024-04-01,4,1,3,0,6
MMR004001,2024-04-01,0,0,0,0,0
MMR004002,2024-04-01,2,1,1,0,1
MMR004003,2024-04-01,0,0,0,0,0
MMR004004,2024-04-01,4,1,1,2,3
MMR004005,2024-04-01,0,0,0,0,0
MMR004006,2024-04-01,7,0,6,1,5
MMR004007,2024-04-01,1,0,1,0,1
MMR004008,2024-04-01,15,7,7,1,2
MMR004009,2024-04-01,2,0,2,0,1
MMR005001,2024-04-01,9,3,4,2,2
MMR005002,2024-04-01,6,2,4,0,3
MMR005003,2024-04-01,3,1,2,0,1
MMR005004,2024-04-01,25,7,18,0,35
MMR005005,2024-04-01,3,0,3,0,2
MMR005006,2024-04-01,5,3,2,0,2
MMR005007,2024-04-01,1,1,0,0,0
MMR005008,2024-04-01,0,0,0,0,0
MMR005009,2024-04-01,6,2,3,1,7
MMR005010,2024-04-01,3,1,2,0,0
MMR005011,2024-04-01,7,3,2,2,5
MMR005012,2024-04-01,27,13,12,2,44
MMR005013,2024-04-01,11,4,6,1,6
MMR005014,2024-04-01,11,2,6,3,34
MMR005015,2024-04-01,17,7,10,0,22
MMR005016,2024-04-01,3,2,1,0,0
MMR005017,2024-04-01,0,0,0,0,0
MMR005018,2024-04-01,10,2,8,0,3
MMR005019,2024-04-01,3,3,0,0,1
MMR005020,2024-04-01,4,1,2,1,1
MMR005021,2024-04-01,0,0,0,0,0
MMR005022,2024-04-01,3,0,3,0,0
MMR005023,2024-04-01,0,0,0,0,0
MMR005024,2024-04-01,1,1,0,0,9
MMR005025,2024-04-01,0,0,0,0,0
MMR005026,2024-04-01,0,0,0,0,0
MMR005027,2024-04-01,22,8,11,3,17
MMR005028,2024-04-01,1,0,1,0,2
MMR005029,2024-04-01,0,0,0,0,0
MMR005030,2024-04-01,3,0,3,0,2
MMR005031,2024-04-01,0,0,0,0,0
MMR005032,2024-04-01,3,0,3,0,0
MMR005033,2024-04-01,0,0,0,0,0
MMR005034,2024-04-01,16,13,3,0,78
MMR005035,2024-04-01,0,0,0,0,0
MMR005036,2024-04-01,1,0,0,1,1
MMR005037,2024-04-01,0,0,0,0,0
MMR006001,2024-04-01,9,7,0,2,20
MMR006002,2024-04-01,16,10,4,2,19
MMR006003,2024-04-01,1,1,0,0,0
MMR006004,2024-04-01,3,1,0,2,3
MMR006005,2024-04-01,3,2,0,1,2
MMR006006,2024-04-01,0,0,0,0,0
MMR006007,2024-04-01,11,3,8,0,8
MMR006008,2024-04-01,22,9,12,1,13
MMR006009,2024-04-01,3,2,0,1,5
MMR006010,2024-04-01,0,0,0,0,0
MMR007001,2024-04-01,2,0,1,1,0
MMR007002,2024-04-01,0,0,0,0,0
MMR007003,2024-04-01,0,0,0,0,0
MMR007004,2024-04-01,2,1,1,0,0
MMR007005,2024-04-01,12,1,8,3,5
MMR007006,2024-04-01,1,0,1,0,0
MMR007007,2024-04-01,0,0,0,0,0
MMR007008,2024-04-01,5,0,5,0,5
MMR007009,2024-04-01,6,2,4,0,4
MMR007010,2024-04-01,14,6,3,5,81
MMR007011,2024-04-01,9,0,9,0,1
MMR007012,2024-04-01,4,0,3,1,0
MMR007013,2024-04-01,3,2,1,0,0
MMR007014,2024-04-01,1,1,0,0,0
MMR008001,2024-04-01,2,1,0,1,2
MMR008002,2024-04-01,2,0,1,1,2
MMR008003,2024-04-01,0,0,0,0,0
MMR008004,2024-04-01,12,2,1,9,5
MMR008005,2024-04-01,0,0,0,0,0
MMR008006,2024-04-01,0,0,0,0,0
MMR008007,2024-04-01,0,0,0,0,0
MMR008008,2024-04-01,2,1,0,1,2
MMR008009,2024-04-01,2,0,0,2,0
MMR008010,2024-04-01,8,3,2,3,31
MMR008011,2024-04-01,0,0,0,0,0
MMR008012,2024-04-01,5,1,2,2,2
MMR008013,2024-04-01,1,0,0,1,0
MMR008014,2024-04-01,4,2,0,2,3
MMR009001,2024-04-01,1,0,1,0,0
MMR009002,2024-04-01,2,0,0,2,1
MMR009003,2024-04-01,0,0,0,0,0
MMR009004,2024-04-01,1,0,0,1,2
MMR009005,2024-04-01,1,1,0,0,0
MMR009006,2024-04-01,6,2,0,4,4
MMR009007,2024-04-01,0,0,0,0,0
MMR009008,2024-04-01,2,0,0,2,1
MMR009009,2024-04-01,0,0,0,0,0
MMR009010,2024-04-01,7,4,3,0,3
MMR009011,2024-04-01,0,0,0,0,0
MMR009012,2024-04-01,0,0,0,0,0
MMR009013,2024-04-01,0,0,0,0,0
MMR009014,2024-04-01,4,3,1,0,22
MMR009015,2024-04-01,4,2,2,0,10
MMR009016,2024-04-01,2,0,0,2,1
MMR009017,2024-04-01,0,0,0,0,0
MMR009018,2024-04-01,16,4,12,0,12
MMR009019,2024-04-01,14,4,9,1,9
MMR009020,2024-04-01,23,15,7,1,18
MMR009021,2024-04-01,19,6,13,0,39
MMR009022,2024-04-01,7,2,5,0,6
MMR009023,2024-04-01,0,0,0,0,0
MMR009024,2024-04-01,11,2,8,1,9
MMR009025,2024-04-01,0,0,0,0,0
MMR010001,2024-04-01,3,0,2,1,0
MMR010002,2024-04-01,2,0,1,1,0
MMR010003,2024-04-01,0,0,0,0,0
MMR010004,2024-04-01,1,0,1,0,0
MMR010005,2024-04-01,2,0,2,0,2
MMR010006,2024-04-01,0,0,0,0,0
MMR010007,2024-04-01,0,0,0,0,0
MMR010008,2024-04-01,5,2,3,0,4
MMR010009,2024-04-01,13,5,8,0,10
MMR010010,2024-04-01,5,2,1,2,13
MMR010011,2024-04-01,0,0,0,0,0
MMR010012,2024-04-01,6,4,2,0,8
MMR010013,2024-04-01,1,0,0,1,2
MMR010014,2024-04-01,1,1,0,0,1
MMR010015,2024-04-01,0,0,0,0,0
MMR010016,2024-04-01,2,2,0,0,4
MMR010017,2024-04-01,29,13,7,9,45
MMR010018,2024-04-01,9,1,7,1,19
MMR010019,2024-04-01,9,3,5,1,4
MMR010020,2024-04-01,0,0,0,0,0
MMR010021,2024-04-01,5,0,3,2,5
MMR010022,2024-04-01,2,2,0,0,3
MMR010023,2024-04-01,0,0,0,0,0
MMR010024,2024-04-01,0,0,0,0,0
MMR010028,2024-04-01,0,0,0,0,0
MMR010029,2024-04-01,0,0,0,0,0
MMR010030,2024-04-01,0,0,0,0,0
MMR010031,2024-04-01,1,0,1,0,4
MMR011001,2024-04-01,3,1,2,0,2
MMR011002,2024-04-01,19,6,9,4,14
MMR011003,2024-04-01,1,0,0,1,0
MMR011004,2024-04-01,6,3,3,0,6
MMR011005,2024-04-01,2,0,2,0,0
MMR011006,2024-04-01,6,4,1,1,9
MMR011007,2024-04-01,8,2,6,0,1
MMR011008,2024-04-01,1,0,0,1,1
MMR011009,2024-04-01,20,6,8,6,22
MMR011010,2024-04-01,13,2,7,4,6
MMR012001,2024-04-01,4,0,2,2,2
MMR012002,2024-04-01,1,0,1,0,0
MMR012003,2024-04-01,2,0,2,0,0
MMR012004,2024-04-01,2,0,2,0,1
MMR012005,2024-04-01,6,0,6,0,5
MMR012006,2024-04-01,6,4,2,0,4
MMR012007,2024-04-01,3,0,3,0,0
MMR012008,2024-04-01,2,0,2,0,0
MMR012009,2024-04-01,37,21,10,6,23
MMR012010,2024-04-01,20,15,4,1,121
MMR012011,2024-04-01,10,0,10,0,0
MMR012012,2024-04-01,0,0,0,0,0
MMR012013,2024-04-01,4,0,4,0,2
MMR012014,2024-04-01,30,22,8,0,17
MMR012015,2024-04-01,33,10,22,1,81
MMR012016,2024-04-01,6,0,6,0,0
MMR012017,2024-04-01,0,0,0,0,0
MMR013001,2024-04-01,3,0,2,1,1
MMR013002,2024-04-01,8,1,6,1,8
MMR013003,2024-04-01,1,0,1,0,0
MMR013004,2024-04-01,1,0,1,0,0
MMR013005,2024-04-01,1,1,0,0,0
MMR013006,2024-04-01,0,0,0,0,0
MMR013007,2024-04-01,0,0,0,0,0
MMR013009,2024-04-01,0,0,0,0,0
MMR013010,2024-04-01,0,0,0,0,0
MMR013011,2024-04-01,0,0,0,0,0
MMR013012,2024-04-01,3,0,3,0,0
MMR013013,2024-04-01,1,0,1,0,0
MMR013014,2024-04-01,0,0,0,0,0
MMR013015,2024-04-01,0,0,0,0,0
MMR013016,2024-04-01,0,0,0,0,0
MMR013017,2024-04-01,0,0,0,0,0
MMR013018,2024-04-01,2,0,2,0,0
MMR013019,2024-04-01,2,0,2,0,0
MMR013020,2024-04-01,2,0,2,0,0
MMR013021,2024-04-01,0,0,0,0,0
MMR013022,2024-04-01,1,0,0,1,0
MMR013023,2024-04-01,0,0,0,0,0
MMR013024,2024-04-01,0,0,0,0,0
MMR013025,2024-04-01,0,0,0,0,0
MMR013026,2024-04-01,1,0,1,0,0
MMR013027,2024-04-01,1,0,1,0,0
MMR013028,2024-04-01,0,0,0,0,0
MMR013029,2024-04-01,1,0,0,1,2
MMR013030,2024-04-01,0,0,0,0,0
MMR013031,2024-04-01,0,0,0,0,0
MMR013032,2024-04-01,0,0,0,0,0
MMR013033,2024-04-01,0,0,0,0,0
MMR013034,2024-04-01,0,0,0,0,0
MMR013035,2024-04-01,0,0,0,0,0
MMR013036,2024-04-01,0,0,0,0,0
MMR013037,2024-04-01,0,0,0,0,0
MMR013038,2024-04-01,1,0,0,1,1
MMR013039,2024-04-01,0,0,0,0,0
MMR013040,2024-04-01,2,0,2,0,0
MMR013041,2024-04-01,0,0,0,0,0
MMR013042,2024-04-01,1,0,1,0,0
MMR013043,2024-04-01,0,0,0,0,0
MMR013044,2024-04-01,0,0,0,0,0
MMR013046,2024-04-01,2,0,2,0,1
MMR013047,2024-04-01,1,0,0,1,0
MMR014001,2024-04-01,0,0,0,0,0
MMR014002,2024-04-01,5,2,3,0,35
MMR014003,2024-04-01,0,0,0,0,0
MMR014004,2024-04-01,27,13,10,4,49
MMR014005,2024-04-01,0,0,0,0,0
MMR014006,2024-04-01,1,0,0,1,2
MMR014007,2024-04-01,3,1,0,2,3
MMR014008,2024-04-01,0,0,0,0,0
MMR014009,2024-04-01,3,1,2,0,1
MMR014010,2024-04-01,17,11,4,2,13
MMR014011,2024-04-01,1,0,1,0,1
MMR014012,2024-04-01,0,0,0,0,0
MMR014013,2024-04-01,0,0,0,0,0
MMR014014,2024-04-01,0,0,0,0,0
MMR014015,2024-04-01,0,0,0,0,0
MMR014016,2024-04-01,0,0,0,0,0
MMR014017,2024-04-01,0,0,0,0,0
MMR014018,2024-04-01,0,0,0,0,0
MMR014019,2024-04-01,0,0,0,0,0
MMR014020,2024-04-01,0,0,0,0,0
MMR014021,2024-04-01,0,0,0,0,0
MMR015001,2024-04-01,1,0,0,1,0
MMR015002,2024-04-01,2,0,2,0,1
MMR015003,2024-04-01,0,0,0,0,0
MMR015004,2024-04-01,0,0,0,0,0
MMR015005,2024-04-01,0,0,0,0,0
MMR015006,2024-04-01,0,0,0,0,0
MMR015007,2024-04-01,0,0,0,0,0
MMR015008,2024-04-01,0,0,0,0,0
MMR015009,2024-04-01,4,0,2,2,1
MMR015010,2024-04-01,2,0,1,1,0
MMR015011,2024-04-01,5,1,2,2,1
MMR015012,2024-04-01,0,0,0,0,0
MMR015013,2024-04-01,10,3,7,0,22
MMR015014,2024-04-01,0,0,0,0,0
MMR015015,2024-04-01,0,0,0,0,0
MMR015016,2024-04-01,1,0,1,0,0
MMR015017,2024-04-01,5,0,2,3,7
MMR015018,2024-04-01,5,0,5,0,6
MMR015019,2024-04-01,2,0,1,1,1
MMR015020,2024-04-01,0,0,0,0,0
MMR015021,2024-04-01,0,0,0,0,0
MMR015022,2024-04-01,0,0,0,0,0
MMR015023,2024-04-01,0,0,0,0,0
MMR015024,2024-04-01,0,0,0,0,0
MMR016001,2024-04-01,0,0,0,0,0
MMR016002,2024-04-01,0,0,0,0,0
MMR016003,2024-04-01,0,0,0,0,0
MMR016005,2024-04-01,0,0,0,0,0
MMR016006,2024-04-01,0,0,0,0,0
MMR016007,2024-04-01,0,0,0,0,0
MMR016008,2024-04-01,0,0,0,0,0
MMR016009,2024-04-01,0,0,0,0,0
MMR016010,2024-04-01,0,0,0,0,0
MMR016011,2024-04-01,0,0,0,0,0
MMR017001,2024-04-01,0,0,0,0,0
MMR017002,2024-04-01,0,0,0,0,0
MMR017003,2024-04-01,1,0,0,1,0
MMR017004,2024-04-01,0,0,0,0,0
MMR017005,2024-04-01,1,0,0,1,1
MMR017006,2024-04-01,1,0,0,1,0
MMR017007,2024-04-01,0,0,0,0,0
MMR017008,2024-04-01,0,0,0,0,0
MMR017009,2024-04-01,0,0,0,0,0
MMR017010,2024-04-01,0,0,0,0,0
MMR017011,2024-04-01,0,0,0,0,0
MMR017012,2024-04-01,1,0,0,1,1
MMR017013,2024-04-01,0,0,0,0,0
MMR017014,2024-04-01,0,0,0,0,0
MMR017015,2024-04-01,0,0,0,0,0
MMR017016,2024-04-01,1,0,1,0,0
MMR017017,2024-04-01,0,0,0,0,0
MMR017018,2024-04-01,0,0,0,0,0
MMR017019,2024-04-01,0,0,0,0,0
MMR017020,2024-04-01,0,0,0,0,0
MMR017021,2024-04-01,1,0,0,1,0
MMR017022,2024-04-01,0,0,0,0,0
MMR017023,2024-04-01,0,0,0,0,0
MMR017024,2024-04-01,0,0,0,0,0
MMR017025,2024-04-01,0,0,0,0,0
MMR017026,2024-04-01,0,0,0,0,0
MMR018001,2024-04-01,0,0,0,0,0
MMR018002,2024-04-01,2,1,1,0,4
MMR018003,2024-04-01,2,1,0,1,0
MMR018004,2024-04-01,0,0,0,0,0
MMR018005,2024-04-01,0,0,0,0,0
MMR018006,2024-04-01,0,0,0,0,0
MMR018007,2024-04-01,1,0,1,0,17
MMR018008,2024-04-01,0,0,0,0,0
MMR001001,2024-05-01,8,3,5,0,12
MMR001002,2024-05-01,43,31,11,1,11
MMR001003,2024-05-01,0,0,0,0,0
MMR001004,2024-05-01,6,6,0,0,0
MMR001005,2024-05-01,1,1,0,0,0
MMR001006,2024-05-01,0,0,0,0,0
MMR001007,2024-05-01,0,0,0,0,0
MMR001008,2024-05-01,0,0,0,0,0
MMR001009,2024-05-01,6,3,2,1,4
MMR001010,2024-05-01,5,3,2,0,2
MMR001011,2024-05-01,1,1,0,0,0
MMR001012,2024-05-01,21,8,13,0,9
MMR001013,2024-05-01,12,11,1,0,1
MMR001014,2024-05-01,4,2,0,2,7
MMR001015,2024-05-01,3,3,0,0,20
MMR001016,2024-05-01,0,0,0,0,0
MMR001017,2024-05-01,0,0,0,0,0
MMR001018,2024-05-01,0,0,0,0,0
MMR002001,2024-05-01,4,3,1,0,0
MMR002002,2024-05-01,2,0,2,0,3
MMR002003,2024-05-01,0,0,0,0,0
MMR002004,2024-05-01,0,0,0,0,0
MMR002005,2024-05-01,1,1,0,0,7
MMR002006,2024-05-01,6,6,0,0,4
MMR002007,2024-05-01,0,0,0,0,0
MMR003001,2024-05-01,4,1,3,0,0
MMR003002,2024-05-01,0,0,0,0,0
MMR003003,2024-05-01,1,1,0,0,0
MMR003004,2024-05-01,4,2,2,0,1
MMR003005,2024-05-01,5,1,4,0,5
MMR003006,2024-05-01,17,7,7,3,40
MMR003007,2024-05-01,3,2,1,0,34
MMR004001,2024-05-01,1,1,0,0,1
MMR004002,2024-05-01,0,0,0,0,0
MMR004003,2024-05-01,1,0,1,0,0
MMR004004,2024-05-01,6,2,4,0,10
MMR004005,2024-05-01,18,16,2,0,22
MMR004006,2024-05-01,4,0,3,1,1
MMR004007,2024-05-01,1,1,0,0,0
MMR004008,2024-05-01,1,0,0,1,0
MMR004009,2024-05-01,4,0,2,2,9
MMR005001,2024-05-01,17,6,10,1,10
MMR005002,2024-05-01,4,3,0,1,33
MMR005003,2024-05-01,3,2,1,0,7
MMR005004,2024-05-01,16,7,9,0,37
MMR005005,2024-05-01,5,3,2,0,2
MMR005006,2024-05-01,3,1,0,2,4
MMR005007,2024-05-01,3,3,0,0,6
MMR005008,2024-05-01,0,0,0,0,0
MMR005009,2024-05-01,9,1,4,4,4
MMR005010,2024-05-01,3,1,2,0,13
MMR005011,2024-05-01,6,3,2,1,14
MMR005012,2024-05-01,31,16,10,5,70
MMR005013,2024-05-01,4,3,0,1,4
MMR005014,2024-05-01,2,0,1,1,0
MMR005015,2024-05-01,10,6,4,0,27
MMR005016,2024-05-01,5,4,1,0,12
MMR005017,2024-05-01,1,0,1,0,0
MMR005018,2024-05-01,3,1,2,0,4
MMR005019,2024-05-01,4,0,3,1,4
MMR005020,2024-05-01,2,1,0,1,0
MMR005021,2024-05-01,0,0,0,0,0
MMR005022,2024-05-01,0,0,0,0,0
MMR005023,2024-05-01,0,0,0,0,0
MMR005024,2024-05-01,2,2,0,0,1
MMR005025,2024-05-01,0,0,0,0,0
MMR005026,2024-05-01,2,0,2,0,0
MMR005027,2024-05-01,23,5,16,2,30
MMR005028,2024-05-01,0,0,0,0,0
MMR005029,2024-05-01,3,1,1,1,1
MMR005030,2024-05-01,10,8,2,0,10
MMR005031,2024-05-01,0,0,0,0,0
MMR005032,2024-05-01,30,26,2,2,110
MMR005033,2024-05-01,0,0,0,0,0
MMR005034,2024-05-01,13,10,3,0,45
MMR005035,2024-05-01,0,0,0,0,0
MMR005036,2024-05-01,0,0,0,0,0
MMR005037,2024-05-01,0,0,0,0,0
MMR006001,2024-05-01,9,7,1,1,13
MMR006002,2024-05-01,4,3,1,0,24
MMR006003,2024-05-01,20,11,8,1,53
MMR006004,2024-05-01,6,4,2,0,7
MMR006005,2024-05-01,4,0,3,1,3
MMR006006,2024-05-01,5,3,0,2,1
MMR006007,2024-05-01,1,1,0,0,2
MMR006008,2024-05-01,23,13,9,1,5
MMR006009,2024-05-01,1,1,0,0,0
MMR006010,2024-05-01,10,2,8,0,3
MMR007001,2024-05-01,0,0,0,0,0
MMR007002,2024-05-01,0,0,0,0,0
MMR007003,2024-05-01,0,0,0,0,0
MMR007004,2024-05-01,4,0,1,3,0
MMR007005,2024-05-01,5,0,5,0,0
MMR007006,2024-05-01,9,3,5,1,45
MMR007007,2024-05-01,1,0,0,1,0
MMR007008,2024-05-01,6,1,5,0,0
MMR007009,2024-05-01,9,4,5,0,20
MMR007010,2024-05-01,0,0,0,0,0
MMR007011,2024-05-01,12,0,12,0,2
MMR007012,2024-05-01,6,1,5,0,21
MMR007013,2024-05-01,1,1,0,0,3
MMR007014,2024-05-01,1,0,1,0,4
MMR008001,2024-05-01,4,0,0,4,5
MMR008002,2024-05-01,1,0,0,1,1
MMR008003,2024-05-01,3,0,0,3,0
MMR008004,2024-05-01,4,1,1,2,9
MMR008005,2024-05-01,3,0,0,3,3
MMR008006,2024-05-01,0,0,0,0,0
MMR008007,2024-05-01,0,0,0,0,0
MMR008008,2024-05-01,7,3,2,2,17
MMR008009,2024-05-01,3,0,2,1,1
MMR008010,2024-05-01,3,3,0,0,3
MMR008011,2024-05-01,0,0,0,0,0
MMR008012,2024-05-01,0,0,0,0,0
MMR008013,2024-05-01,0,0,0,0,0
MMR008014,2024-05-01,2,2,0,0,6
MMR009001,2024-05-01,0,0,0,0,0
MMR009002,2024-05-01,3,2,0,1,5
MMR009003,2024-05-01,0,0,0,0,0
MMR009004,2024-05-01,0,0,0,0,0
MMR009005,2024-05-01,0,0,0,0,0
MMR009006,2024-05-01,2,1,0,1,4
MMR009007,2024-05-01,0,0,0,0,0
MMR009008,2024-05-01,0,0,0,0,0
MMR009009,2024-05-01,2,2,0,0,1
MMR009010,2024-05-01,8,7,1,0,12
MMR009011,2024-05-01,0,0,0,0,0
MMR009012,2024-05-01,0,0,0,0,0
MMR009013,2024-05-01,2,1,1,0,2
MMR009014,2024-05-01,3,0,3,0,10
MMR009015,2024-05-01,1,0,1,0,0
MMR009016,2024-05-01,2,1,0,1,1
MMR009017,2024-05-01,0,0,0,0,0
MMR009018,2024-05-01,24,11,9,4,37
MMR009019,2024-05-01,15,3,6,6,56
MMR009020,2024-05-01,10,4,5,1,13
MMR009021,2024-05-01,9,2,7,0,9
MMR009022,2024-05-01,0,0,0,0,0
MMR009023,2024-05-01,9,3,4,2,9
MMR009024,2024-05-01,3,2,1,0,3
MMR009025,2024-05-01,5,1,4,0,23
MMR010001,2024-05-01,0,0,0,0,0
MMR010002,2024-05-01,0,0,0,0,0
MMR010003,2024-05-01,2,0,2,0,0
MMR010004,2024-05-01,1,1,0,0,0
MMR010005,2024-05-01,0,0,0,0,0
MMR010006,2024-05-01,0,0,0,0,0
MMR010007,2024-05-01,0,0,0,0,0
MMR010008,2024-05-01,0,0,0,0,0
MMR010009,2024-05-01,16,1,12,3,17
MMR010010,2024-05-01,8,1,5,2,5
MMR010011,2024-05-01,1,1,0,0,0
MMR010012,2024-05-01,10,7,3,0,3
MMR010013,2024-05-01,3,1,2,0,2
MMR010014,2024-05-01,0,0,0,0,0
MMR010015,2024-05-01,1,0,1,0,1
MMR010016,2024-05-01,1,0,1,0,0
MMR010017,2024-05-01,20,7,7,6,131
MMR010018,2024-05-01,8,2,6,0,12
MMR010019,2024-05-01,5,2,3,0,10
MMR010020,2024-05-01,0,0,0,0,0
MMR010021,2024-05-01,9,6,2,1,11
MMR010022,2024-05-01,1,0,0,1,0
MMR010023,2024-05-01,0,0,0,0,0
MMR010024,2024-05-01,2,1,0,1,2
MMR010028,2024-05-01,0,0,0,0,0
MMR010029,2024-05-01,1,1,0,0,9
MMR010030,2024-05-01,0,0,0,0,0
MMR010031,2024-05-01,0,0,0,0,0
MMR011001,2024-05-01,0,0,0,0,0
MMR011002,2024-05-01,6,0,5,1,1
MMR011003,2024-05-01,0,0,0,0,0
MMR011004,2024-05-01,1,1,0,0,0
MMR011005,2024-05-01,0,0,0,0,0
MMR011006,2024-05-01,8,6,0,2,7
MMR011007,2024-05-01,7,0,7,0,0
MMR011008,2024-05-01,0,0,0,0,0
MMR011009,2024-05-01,8,3,2,3,10
MMR011010,2024-05-01,20,2,17,1,9
MMR012001,2024-05-01,2,0,0,2,76
MMR012002,2024-05-01,4,0,4,0,0
MMR012003,2024-05-01,3,0,2,1,3
MMR012004,2024-05-01,4,0,4,0,4
MMR012005,2024-05-01,6,0,6,0,2
MMR012006,2024-05-01,0,0,0,0,0
MMR012007,2024-05-01,4,0,2,2,1
MMR012008,2024-05-01,2,0,2,0,2
MMR012009,2024-05-01,38,15,13,10,15
MMR012010,2024-05-01,23,11,9,3,139
MMR012011,2024-05-01,12,0,12,0,3
MMR012012,2024-05-01,0,0,0,0,0
MMR012013,2024-05-01,1,0,1,0,0
MMR012014,2024-05-01,7,3,4,0,1
MMR012015,2024-05-01,28,10,17,1,89
MMR012016,2024-05-01,1,0,1,0,0
MMR012017,2024-05-01,0,0,0,0,0
MMR013001,2024-05-01,2,0,1,1,0
MMR013002,2024-05-01,1,0,1,0,0
MMR013003,2024-05-01,0,0,0,0,0
MMR013004,2024-05-01,0,0,0,0,0
MMR013005,2024-05-01,0,0,0,0,0
MMR013006,2024-05-01,0,0,0,0,0
MMR013007,2024-05-01,0,0,0,0,0
MMR013009,2024-05-01,0,0,0,0,0
MMR013010,2024-05-01,0,0,0,0,0
MMR013011,2024-05-01,3,0,3,0,0
MMR013012,2024-05-01,3,0,3,0,0
MMR013013,2024-05-01,0,0,0,0,0
MMR013014,2024-05-01,0,0,0,0,0
MMR013015,2024-05-01,0,0,0,0,0
MMR013016,2024-05-01,0,0,0,0,0
MMR013017,2024-05-01,0,0,0,0,0
MMR013018,2024-05-01,0,0,0,0,0
MMR013019,2024-05-01,1,0,1,0,0
MMR013020,2024-05-01,0,0,0,0,0
MMR013021,2024-05-01,0,0,0,0,0
MMR013022,2024-05-01,0,0,0,0,0
MMR013023,2024-05-01,1,0,0,1,0
MMR013024,2024-05-01,0,0,0,0,0
MMR013025,2024-05-01,0,0,0,0,0
MMR013026,2024-05-01,0,0,0,0,0
MMR013027,2024-05-01,0,0,0,0,0
MMR013028,2024-05-01,0,0,0,0,0
MMR013029,2024-05-01,0,0,0,0,0
MMR013030,2024-05-01,0,0,0,0,0
MMR013031,2024-05-01,0,0,0,0,0
MMR013032,2024-05-01,0,0,0,0,0
MMR013033,2024-05-01,0,0,0,0,0
MMR013034,2024-05-01,0,0,0,0,0
MMR013035,2024-05-01,0,0,0,0,0
MMR013036,2024-05-01,0,0,0,0,0
MMR013037,2024-05-01,0,0,0,0,0
MMR013038,2024-05-01,0,0,0,0,0
MMR013039,2024-05-01,0,0,0,0,0
MMR013040,2024-05-01,2,0,1,1,0
MMR013041,2024-05-01,1,0,0,1,0
MMR013042,2024-05-01,3,0,2,1,0
MMR013043,2024-05-01,0,0,0,0,0
MMR013044,2024-05-01,0,0,0,0,0
MMR013046,2024-05-01,2,0,1,1,1
MMR013047,2024-05-01,0,0,0,0,0
MMR014001,2024-05-01,0,0,0,0,0
MMR014002,2024-05-01,1,0,1,0,0
MMR014003,2024-05-01,1,0,0,1,2
MMR014004,2024-05-01,22,4,12,6,16
MMR014005,2024-05-01,0,0,0,0,0
MMR014006,2024-05-01,0,0,0,0,0
MMR014007,2024-05-01,2,0,2,0,4
MMR014008,2024-05-01,4,1,3,0,0
MMR014009,2024-05-01,4,0,3,1,0
MMR014010,2024-05-01,4,0,4,0,2
MMR014011,2024-05-01,0,0,0,0,0
MMR014012,2024-05-01,0,0,0,0,0
MMR014013,2024-05-01,0,0,0,0,0
MMR014014,2024-05-01,0,0,0,0,0
MMR014015,2024-05-01,1,0,0,1,1
MMR014016,2024-05-01,1,0,1,0,0
MMR014017,2024-05-01,0,0,0,0,0
MMR014018,2024-05-01,0,0,0,0,0
MMR014019,2024-05-01,0,0,0,0,0
MMR014020,2024-05-01,0,0,0,0,0
MMR014021,2024-05-01,0,0,0,0,0
MMR015001,2024-05-01,2,0,2,0,3
MMR015002,2024-05-01,3,0,3,0,1
MMR015003,2024-05-01,0,0,0,0,0
MMR015004,2024-05-01,0,0,0,0,0
MMR015005,2024-05-01,0,0,0,0,0
MMR015006,2024-05-01,0,0,0,0,0
MMR015007,2024-05-01,0,0,0,0,0
MMR015008,2024-05-01,0,0,0,0,0
MMR015009,2024-05-01,5,0,2,3,0
MMR015010,2024-05-01,1,0,0,1,0
MMR015011,2024-05-01,5,0,3,2,4
MMR015012,2024-05-01,1,0,1,0,0
MMR015013,2024-05-01,7,2,5,0,6
MMR015014,2024-05-01,1,0,1,0,0
MMR015015,2024-05-01,2,0,0,2,0
MMR015016,2024-05-01,0,0,0,0,0
MMR015017,2024-05-01,4,1,3,0,0
MMR015018,2024-05-01,1,0,1,0,1
MMR015019,2024-05-01,0,0,0,0,0
MMR015020,2024-05-01,0,0,0,0,0
MMR015021,2024-05-01,0,0,0,0,0
MMR015022,2024-05-01,0,0,0,0,0
MMR015023,2024-05-01,0,0,0,0,0
MMR015024,2024-05-01,0,0,0,0,0
MMR016001,2024-05-01,0,0,0,0,0
MMR016002,2024-05-01,0,0,0,0,0
MMR016003,2024-05-01,0,0,0,0,0
MMR016005,2024-05-01,0,0,0,0,0
MMR016006,2024-05-01,0,0,0,0,0
MMR016007,2024-05-01,0,0,0,0,0
MMR016008,2024-05-01,0,0,0,0,0
MMR016009,2024-05-01,0,0,0,0,0
MMR016010,2024-05-01,0,0,0,0,0
MMR016011,2024-05-01,0,0,0,0,0
MMR017001,2024-05-01,0,0,0,0,0
MMR017002,2024-05-01,0,0,0,0,0
MMR017003,2024-05-01,1,0,0,1,1
MMR017004,2024-05-01,1,0,0,1,1
MMR017005,2024-05-01,0,0,0,0,0
MMR017006,2024-05-01,0,0,0,0,0
MMR017007,2024-05-01,0,0,0,0,0
MMR017008,2024-05-01,1,0,0,1,0
MMR017009,2024-05-01,0,0,0,0,0
MMR017010,2024-05-01,0,0,0,0,0
MMR017011,2024-05-01,0,0,0,0,0
MMR017012,2024-05-01,1,0,0,1,1
MMR017013,2024-05-01,0,0,0,0,0
MMR017014,2024-05-01,0,0,0,0,0
MMR017015,2024-05-01,0,0,0,0,0
MMR017016,2024-05-01,1,0,1,0,0
MMR017017,2024-05-01,0,0,0,0,0
MMR017018,2024-05-01,0,0,0,0,0
MMR017019,2024-05-01,0,0,0,0,0
MMR017020,2024-05-01,0,0,0,0,0
MMR017021,2024-05-01,0,0,0,0,0
MMR017022,2024-05-01,0,0,0,0,0
MMR017023,2024-05-01,2,0,0,2,0
MMR017024,2024-05-01,0,0,0,0,0
MMR017025,2024-05-01,0,0,0,0,0
MMR017026,2024-05-01,0,0,0,0,0
MMR018001,2024-05-01,0,0,0,0,0
MMR018002,2024-05-01,0,0,0,0,0
MMR018003,2024-05-01,0,0,0,0,0
MMR018004,2024-05-01,0,0,0,0,0
MMR018005,2024-05-01,0,0,0,0,0
MMR018006,2024-05-01,0,0,0,0,0
MMR018007,2024-05-01,1,0,1,0,10
MMR018008,2024-05-01,0,0,0,0,0
MMR001001,2024-06-01,3,1,1,1,5
MMR001002,2024-06-01,23,13,10,0,16
MMR001003,2024-06-01,0,0,0,0,0
MMR001004,2024-06-01,1,1,0,0,0
MMR001005,2024-06-01,0,0,0,0,0
MMR001006,2024-06-01,0,0,0,0,0
MMR001007,2024-06-01,7,7,0,0,7
MMR001008,2024-06-01,0,0,0,0,0
MMR001009,2024-06-01,7,3,4,0,17
MMR001010,2024-06-01,8,6,2,0,0
MMR001011,2024-06-01,1,0,1,0,1
MMR001012,2024-06-01,1,1,0,0,0
MMR001013,2024-06-01,2,0,2,0,0
MMR001014,2024-06-01,0,0,0,0,0
MMR001015,2024-06-01,0,0,0,0,0
MMR001016,2024-06-01,0,0,0,0,0
MMR001017,2024-06-01,0,0,0,0,0
MMR001018,2024-06-01,0,0,0,0,0
MMR002001,2024-06-01,1,0,0,1,2
MMR002002,2024-06-01,1,0,1,0,0
MMR002003,2024-06-01,0,0,0,0,0
MMR002004,2024-06-01,0,0,0,0,0
MMR002005,2024-06-01,1,1,0,0,0
MMR002006,2024-06-01,0,0,0,0,0
MMR002007,2024-06-01,0,0,0,0,0
MMR003001,2024-06-01,0,0,0,0,0
MMR003002,2024-06-01,0,0,0,0,0
MMR003003,2024-06-01,1,1,0,0,0
MMR003004,2024-06-01,2,2,0,0,8
MMR003005,2024-06-01,6,6,0,0,6
MMR003006,2024-06-01,11,3,8,0,8
MMR003007,2024-06-01,0,0,0,0,0
MMR004001,2024-06-01,1,0,1,0,1
MMR004002,2024-06-01,0,0,0,0,0
MMR004003,2024-06-01,0,0,0,0,0
MMR004004,2024-06-01,16,10,4,2,8
MMR004005,2024-06-01,1,0,1,0,1
MMR004006,2024-06-01,1,0,1,0,1
MMR004007,2024-06-01,18,15,1,2,17
MMR004008,2024-06-01,1,0,1,0,1
MMR004009,2024-06-01,0,0,0,0,0
MMR005001,2024-06-01,12,6,6,0,46
MMR005002,2024-06-01,21,11,9,1,9
MMR005003,2024-06-01,0,0,0,0,0
MMR005004,2024-06-01,6,0,5,1,10
MMR005005,2024-06-01,2,1,0,1,3
MMR005006,2024-06-01,1,0,1,0,1
MMR005007,2024-06-01,4,0,0,4,0
MMR005008,2024-06-01,3,2,1,0,2
MMR005009,2024-06-01,8,4,4,0,2
MMR005010,2024-06-01,2,1,1,0,0
MMR005011,2024-06-01,5,0,4,1,1
MMR005012,2024-06-01,22,7,11,4,46
MMR005013,2024-06-01,8,5,2,1,37
MMR005014,2024-06-01,1,0,1,0,0
MMR005015,2024-06-01,15,9,4,2,19
MMR005016,2024-06-01,3,1,2,0,0
MMR005017,2024-06-01,0,0,0,0,0
MMR005018,2024-06-01,2,2,0,0,0
MMR005019,2024-06-01,5,4,0,1,0
MMR005020,2024-06-01,2,2,0,0,4
MMR005021,2024-06-01,7,5,2,0,30
MMR005022,2024-06-01,0,0,0,0,0
MMR005023,2024-06-01,0,0,0,0,0
MMR005024,2024-06-01,0,0,0,0,0
MMR005025,2024-06-01,0,0,0,0,0
MMR005026,2024-06-01,0,0,0,0,0
MMR005027,2024-06-01,4,1,3,0,5
MMR005028,2024-06-01,0,0,0,0,0
MMR005029,2024-06-01,6,1,5,0,30
MMR005030,2024-06-01,0,0,0,0,0
MMR005031,2024-06-01,0,0,0,0,0
MMR005032,2024-06-01,0,0,0,0,0
MMR005033,2024-06-01,0,0,0,0,0
MMR005034,2024-06-01,0,0,0,0,0
MMR005035,2024-06-01,0,0,0,0,0
MMR005036,2024-06-01,0,0,0,0,0
MMR005037,2024-06-01,0,0,0,0,0
MMR006001,2024-06-01,13,11,2,0,47
MMR006002,2024-06-01,2,2,0,0,2
MMR006003,2024-06-01,2,0,0,2,1
MMR006004,2024-06-01,12,4,4,4,54
MMR006005,2024-06-01,1,0,0,1,1
MMR006006,2024-06-01,0,0,0,0,0
MMR006007,2024-06-01,4,3,1,0,1
MMR006008,2024-06-01,10,1,9,0,3
MMR006009,2024-06-01,1,1,0,0,1
MMR006010,2024-06-01,0,0,0,0,0
MMR007001,2024-06-01,0,0,0,0,0
MMR007002,2024-06-01,1,1,0,0,0
MMR007003,2024-06-01,0,0,0,0,0
MMR007004,2024-06-01,1,1,0,0,0
MMR007005,2024-06-01,14,6,8,0,27
MMR007006,2024-06-01,12,1,10,1,20
MMR007007,2024-06-01,4,1,0,3,2
MMR007008,2024-06-01,14,0,14,0,3
MMR007009,2024-06-01,3,3,0,0,5
MMR007010,2024-06-01,1,1,0,0,4
MMR007011,2024-06-01,9,0,9,0,1
MMR007012,2024-06-01,8,1,7,0,2
MMR007013,2024-06-01,1,1,0,0,1
MMR007014,2024-06-01,0,0,0,0,0
MMR008001,2024-06-01,1,0,0,1,0
MMR008002,2024-06-01,2,0,0,2,2
MMR008003,2024-06-01,0,0,0,0,0
MMR008004,2024-06-01,2,1,0,1,4
MMR008005,2024-06-01,1,0,1,0,3
MMR008006,2024-06-01,0,0,0,0,0
MMR008007,2024-06-01,1,0,0,1,0
MMR008008,2024-06-01,2,1,0,1,2
MMR008009,2024-06-01,2,2,0,0,9
MMR008010,2024-06-01,6,3,1,2,13
MMR008011,2024-06-01,1,1,0,0,1
MMR008012,2024-06-01,2,1,0,1,2
MMR008013,2024-06-01,0,0,0,0,0
MMR008014,2024-06-01,0,0,0,0,0
MMR009001,2024-06-01,1,0,0,1,0
MMR009002,2024-06-01,0,0,0,0,0
MMR009003,2024-06-01,3,0,0,3,0
MMR009004,2024-06-01,3,1,0,2,6
MMR009005,2024-06-01,4,2,1,1,15
MMR009006,2024-06-01,5,4,0,1,18
MMR009007,2024-06-01,0,0,0,0,0
MMR009008,2024-06-01,0,0,0,0,0
MMR009009,2024-06-01,1,1,0,0,20
MMR009010,2024-06-01,5,4,1,0,7
MMR009011,2024-06-01,0,0,0,0,0
MMR009012,2024-06-01,0,0,0,0,0
MMR009013,2024-06-01,1,1,0,0,4
MMR009014,2024-06-01,4,1,0,3,3
MMR009015,2024-06-01,0,0,0,0,0
MMR009016,2024-06-01,4,2,1,1,10
MMR009017,2024-06-01,2,0,0,2,1
MMR009018,2024-06-01,10,3,6,1,38
MMR009019,2024-06-01,11,5,4,2,17
MMR009020,2024-06-01,14,9,5,0,11
MMR009021,2024-06-01,6,3,3,0,5
MMR009022,2024-06-01,0,0,0,0,0
MMR009023,2024-06-01,2,0,1,1,1
MMR009024,2024-06-01,0,0,0,0,0
MMR009025,2024-06-01,0,0,0,0,0
MMR010001,2024-06-01,1,0,0,1,1
MMR010002,2024-06-01,1,0,1,0,0
MMR010003,2024-06-01,1,0,1,0,0
MMR010004,2024-06-01,0,0,0,0,0
MMR010005,2024-06-01,1,0,0,1,1
MMR010006,2024-06-01,0,0,0,0,0
MMR010007,2024-06-01,5,5,0,0,1
MMR010008,2024-06-01,1,1,0,0,0
MMR010009,2024-06-01,33,16,13,4,49
MMR010010,2024-06-01,22,7,12,3,18
MMR010011,2024-06-01,32,17,13,2,26
MMR010012,2024-06-01,4,4,0,0,5
MMR010013,2024-06-01,1,1,0,0,1
MMR010014,2024-06-01,0,0,0,0,0
MMR010015,2024-06-01,1,0,0,1,0
MMR010016,2024-06-01,0,0,0,0,0
MMR010017,2024-06-01,12,2,6,4,19
MMR010018,2024-06-01,1,0,1,0,1
MMR010019,2024-06-01,20,7,10,3,46
MMR010020,2024-06-01,0,0,0,0,0
MMR010021,2024-06-01,3,2,0,1,4
MMR010022,2024-06-01,2,0,0,2,4
MMR010023,2024-06-01,0,0,0,0,0
MMR010024,2024-06-01,0,0,0,0,0
MMR010028,2024-06-01,0,0,0,0,0
MMR010029,2024-06-01,1,0,0,1,2
MMR010030,2024-06-01,0,0,0,0,0
MMR010031,2024-06-01,0,0,0,0,0
MMR011001,2024-06-01,1,0,0,1,0
MMR011002,2024-06-01,11,4,6,1,5
MMR011003,2024-06-01,0,0,0,0,0
MMR011004,2024-06-01,0,0,0,0,0
MMR011005,2024-06-01,2,2,0,0,4
MMR011006,2024-06-01,7,2,2,3,3
MMR011007,2024-06-01,2,0,2,0,0
MMR011008,2024-06-01,1,0,0,1,1
MMR011009,2024-06-01,19,4,15,0,5
MMR011010,2024-06-01,4,1,1,2,3
MMR012001,2024-06-01,7,0,2,5,44
MMR012002,2024-06-01,3,0,3,0,4
MMR012003,2024-06-01,1,0,1,0,0
MMR012004,2024-06-01,3,0,3,0,1
MMR012005,2024-06-01,1,0,1,0,1
MMR012006,2024-06-01,5,0,5,0,2
MMR012007,2024-06-01,14,0,14,0,0
MMR012008,2024-06-01,2,0,2,0,0
MMR012009,2024-06-01,76,39,31,6,278
MMR012010,2024-06-01,1,1,0,0,0
MMR012011,2024-06-01,2,1,1,0,0
MMR012012,2024-06-01,0,0,0,0,0
MMR012013,2024-06-01,0,0,0,0,0
MMR012014,2024-06-01,11,5,4,2,210
MMR012015,2024-06-01,37,20,16,1,186
MMR012016,2024-06-01,18,6,12,0,70
MMR012017,2024-06-01,1,0,1,0,1
MMR013001,2024-06-01,0,0,0,0,0
MMR013002,2024-06-01,5,0,5,0,0
MMR013003,2024-06-01,1,0,1,0,0
MMR013004,2024-06-01,0,0,0,0,0
MMR013005,2024-06-01,1,1,0,0,1
MMR013006,2024-06-01,0,0,0,0,0
MMR013007,2024-06-01,2,0,2,0,0
MMR013009,2024-06-01,0,0,0,0,0
MMR013010,2024-06-01,0,0,0,0,0
MMR013011,2024-06-01,0,0,0,0,0
MMR013012,2024-06-01,1,0,1,0,0
MMR013013,2024-06-01,0,0,0,0,0
MMR013014,2024-06-01,0,0,0,0,0
MMR013015,2024-06-01,0,0,0,0,0
MMR013016,2024-06-01,0,0,0,0,0
MMR013017,2024-06-01,0,0,0,0,0
MMR013018,2024-06-01,1,0,1,0,0
MMR013019,2024-06-01,0,0,0,0,0
MMR013020,2024-06-01,0,0,0,0,0
MMR013021,2024-06-01,0,0,0,0,0
MMR013022,2024-06-01,0,0,0,0,0
MMR013023,2024-06-01,0,0,0,0,0
MMR013024,2024-06-01,0,0,0,0,0
MMR013025,2024-06-01,0,0,0,0,0
MMR013026,2024-06-01,0,0,0,0,0
MMR013027,2024-06-01,0,0,0,0,0
MMR013028,2024-06-01,0,0,0,0,0
MMR013029,2024-06-01,0,0,0,0,0
MMR013030,2024-06-01,0,0,0,0,0
MMR013031,2024-06-01,0,0,0,0,0
MMR013032,2024-06-01,0,0,0,0,0
MMR013033,2024-06-01,0,0,0,0,0
MMR013034,2024-06-01,0,0,0,0,0
MMR013035,2024-06-01,0,0,0,0,0
MMR013036,2024-06-01,0,0,0,0,0
MMR013037,2024-06-01,0,0,0,0,0
MMR013038,2024-06-01,0,0,0,0,0
MMR013039,2024-06-01,0,0,0,0,0
MMR013040,2024-06-01,0,0,0,0,0
MMR013041,2024-06-01,0,0,0,0,0
MMR013042,2024-06-01,0,0,0,0,0
MMR013043,2024-06-01,0,0,0,0,0
MMR013044,2024-06-01,0,0,0,0,0
MMR013046,2024-06-01,0,0,0,0,0
MMR013047,2024-06-01,0,0,0,0,0
MMR014001,2024-06-01,0,0,0,0,0
MMR014002,2024-06-01,1,1,0,0,3
MMR014003,2024-06-01,2,0,2,0,0
MMR014004,2024-06-01,9,4,2,3,6
MMR014005,2024-06-01,0,0,0,0,0
MMR014006,2024-06-01,0,0,0,0,0
MMR014007,2024-06-01,2,0,0,2,1
MMR014008,2024-06-01,11,7,3,1,2
MMR014009,2024-06-01,14,6,7,1,12
MMR014010,2024-06-01,1,1,0,0,0
MMR014011,2024-06-01,0,0,0,0,0
MMR014012,2024-06-01,0,0,0,0,0
MMR014013,2024-06-01,0,0,0,0,0
MMR014014,2024-06-01,0,0,0,0,0
MMR014015,2024-06-01,0,0,0,0,0
MMR014016,2024-06-01,2,1,1,0,0
MMR014017,2024-06-01,0,0,0,0,0
MMR014018,2024-06-01,0,0,0,0,0
MMR014019,2024-06-01,0,0,0,0,0
MMR014020,2024-06-01,0,0,0,0,0
MMR014021,2024-06-01,0,0,0,0,0
MMR015001,2024-06-01,7,2,4,1,2
MMR015002,2024-06-01,1,0,1,0,1
MMR015003,2024-06-01,0,0,0,0,0
MMR015004,2024-06-01,0,0,0,0,0
MMR015005,2024-06-01,0,0,0,0,0
MMR015006,2024-06-01,0,0,0,0,0
MMR015007,2024-06-01,0,0,0,0,0
MMR015008,2024-06-01,0,0,0,0,0
MMR015009,2024-06-01,1,1,0,0,0
MMR015010,2024-06-01,1,0,1,0,0
MMR015011,2024-06-01,0,0,0,0,0
MMR015012,2024-06-01,22,14,7,1,29
MMR015013,2024-06-01,41,23,18,0,31
MMR015014,2024-06-01,5,3,2,0,0
MMR015015,2024-06-01,1,0,1,0,0
MMR015016,2024-06-01,1,0,1,0,0
MMR015017,2024-06-01,23,14,9,0,4
MMR015018,2024-06-01,0,0,0,0,0
MMR015019,2024-06-01,3,0,3,0,2
MMR015020,2024-06-01,0,0,0,0,0
MMR015021,2024-06-01,0,0,0,0,0
MMR015022,2024-06-01,0,0,0,0,0
MMR015023,2024-06-01,0,0,0,0,0
MMR015024,2024-06-01,0,0,0,0,0
MMR016001,2024-06-01,0,0,0,0,0
MMR016002,2024-06-01,0,0,0,0,0
MMR016003,2024-06-01,0,0,0,0,0
MMR016005,2024-06-01,0,0,0,0,0
MMR016006,2024-06-01,0,0,0,0,0
MMR016007,2024-06-01,0,0,0,0,0
MMR016008,2024-06-01,0,0,0,0,0
MMR016009,2024-06-01,0,0,0,0,0
MMR016010,2024-06-01,0,0,0,0,0
MMR016011,2024-06-01,0,0,0,0,0
MMR017001,2024-06-01,0,0,0,0,0
MMR017002,2024-06-01,0,0,0,0,0
MMR017003,2024-06-01,0,0,0,0,0
MMR017004,2024-06-01,0,0,0,0,0
MMR017005,2024-06-01,0,0,0,0,0
MMR017006,2024-06-01,1,0,0,1,1
MMR017007,2024-06-01,0,0,0,0,0
MMR017008,2024-06-01,0,0,0,0,0
MMR017009,2024-06-01,0,0,0,0,0
MMR017010,2024-06-01,0,0,0,0,0
MMR017011,2024-06-01,0,0,0,0,0
MMR017012,2024-06-01,0,0,0,0,0
MMR017013,2024-06-01,0,0,0,0,0
MMR017014,2024-06-01,0,0,0,0,0
MMR017015,2024-06-01,0,0,0,0,0
MMR017016,2024-06-01,0,0,0,0,0
MMR017017,2024-06-01,1,1,0,0,1
MMR017018,2024-06-01,0,0,0,0,0
MMR017019,2024-06-01,0,0,0,0,0
MMR017020,2024-06-01,0,0,0,0,0
MMR017021,2024-06-01,0,0,0,0,0
MMR017022,2024-06-01,1,0,0,1,0
MMR017023,2024-06-01,0,0,0,0,0
MMR017024,2024-06-01,0,0,0,0,0
MMR017025,2024-06-01,0,0,0,0,0
MMR017026,2024-06-01,0,0,0,0,0
MMR018001,2024-06-01,0,0,0,0,0
MMR018002,2024-06-01,0,0,0,0,0
MMR018003,2024-06-01,0,0,0,0,0
MMR018004,2024-06-01,0,0,0,0,0
MMR018005,2024-06-01,0,0,0,0,0
MMR018006,2024-06-01,0,0,0,0,0
MMR018007,2024-06-01,0,0,0,0,0
MMR018008,2024-06-01,0,0,0,0,0
MMR001001,2024-07-01,0,0,0,0,0
MMR001002,2024-07-01,10,0,9,1,2
MMR001003,2024-07-01,0,0,0,0,0
MMR001004,2024-07-01,0,0,0,0,0
MMR001005,2024-07-01,2,0,0,2,0
MMR001006,2024-07-01,0,0,0,0,0
MMR001007,2024-07-01,0,0,0,0,0
MMR001008,2024-07-01,0,0,0,0,0
MMR001009,2024-07-01,0,0,0,0,0
MMR001010,2024-07-01,8,3,5,0,0
MMR001011,2024-07-01,0,0,0,0,0
MMR001012,2024-07-01,9,7,2,0,0
MMR001013,2024-07-01,1,1,0,0,0
MMR001014,2024-07-01,0,0,0,0,0
MMR001015,2024-07-01,0,0,0,0,0
MMR001016,2024-07-01,0,0,0,0,0
MMR001017,2024-07-01,0,0,0,0,0
MMR001018,2024-07-01,0,0,0,0,0
MMR002001,2024-07-01,10,10,0,0,2
MMR002002,2024-07-01,2,1,1,0,0
MMR002003,2024-07-01,0,0,0,0,0
MMR002004,2024-07-01,0,0,0,0,0
MMR002005,2024-07-01,1,1,0,0,2
MMR002006,2024-07-01,1,1,0,0,0
MMR002007,2024-07-01,0,0,0,0,0
MMR003001,2024-07-01,0,0,0,0,0
MMR003002,2024-07-01,0,0,0,0,0
MMR003003,2024-07-01,1,0,1,0,1
MMR003004,2024-07-01,2,1,1,0,21
MMR003005,2024-07-01,3,3,0,0,1
MMR003006,2024-07-01,15,5,10,0,2
MMR003007,2024-07-01,0,0,0,0,0
MMR004001,2024-07-01,4,0,4,0,0
MMR004002,2024-07-01,6,6,0,0,19
MMR004003,2024-07-01,4,4,0,0,0
MMR004004,2024-07-01,2,0,0,2,0
MMR004005,2024-07-01,0,0,0,0,0
MMR004006,2024-07-01,7,0,7,0,1
MMR004007,2024-07-01,9,5,4,0,4
MMR004008,2024-07-01,0,0,0,0,0
MMR004009,2024-07-01,0,0,0,0,0
MMR005001,2024-07-01,10,5,4,1,16
MMR005002,2024-07-01,11,3,8,0,40
MMR005003,2024-07-01,5,3,2,0,2
MMR005004,2024-07-01,17,10,6,1,31
MMR005005,2024-07-01,2,1,1,0,0
MMR005006,2024-07-01,2,0,0,2,2
MMR005007,2024-07-01,7,2,3,2,21
MMR005008,2024-07-01,0,0,0,0,0
MMR005009,2024-07-01,4,1,3,0,1
MMR005010,2024-07-01,3,2,1,0,3
MMR005011,2024-07-01,0,0,0,0,0
MMR005012,2024-07-01,13,3,7,3,10
MMR005013,2024-07-01,4,2,2,0,6
MMR005014,2024-07-01,1,1,0,0,0
MMR005015,2024-07-01,13,10,3,0,16
MMR005016,2024-07-01,2,2,0,0,6
MMR005017,2024-07-01,0,0,0,0,0
MMR005018,2024-07-01,4,3,0,1,10
MMR005019,2024-07-01,1,1,0,0,0
MMR005020,2024-07-01,0,0,0,0,0
MMR005021,2024-07-01,0,0,0,0,0
MMR005022,2024-07-01,1,1,0,0,0
MMR005023,2024-07-01,0,0,0,0,0
MMR005024,2024-07-01,0,0,0,0,0
MMR005025,2024-07-01,0,0,0,0,0
MMR005026,2024-07-01,0,0,0,0,0
MMR005027,2024-07-01,7,1,5,1,7
MMR005028,2024-07-01,0,0,0,0,0
MMR005029,2024-07-01,5,1,3,1,10
MMR005030,2024-07-01,0,0,0,0,0
MMR005031,2024-07-01,0,0,0,0,0
MMR005032,2024-07-01,1,0,1,0,3
MMR005033,2024-07-01,0,0,0,0,0
MMR005034,2024-07-01,0,0,0,0,0
MMR005035,2024-07-01,0,0,0,0,0
MMR005036,2024-07-01,0,0,0,0,0
MMR005037,2024-07-01,0,0,0,0,0
MMR006001,2024-07-01,10,6,1,3,36
MMR006002,2024-07-01,10,5,2,3,8
MMR006003,2024-07-01,2,1,1,0,2
MMR006004,2024-07-01,8,5,0,3,19
MMR006005,2024-07-01,0,0,0,0,0
MMR006006,2024-07-01,13,8,5,0,40
MMR006007,2024-07-01,11,4,3,4,9
MMR006008,2024-07-01,15,3,12,0,52
MMR006009,2024-07-01,0,0,0,0,0
MMR006010,2024-07-01,0,0,0,0,0
MMR007001,2024-07-01,1,0,0,1,2
MMR007002,2024-07-01,0,0,0,0,0
MMR007003,2024-07-01,0,0,0,0,0
MMR007004,2024-07-01,0,0,0,0,0
MMR007005,2024-07-01,1,0,1,0,0
MMR007006,2024-07-01,8,0,8,0,3
MMR007007,2024-07-01,1,0,0,1,1
MMR007008,2024-07-01,0,0,0,0,0
MMR007009,2024-07-01,7,5,2,0,41
MMR007010,2024-07-01,0,0,0,0,0
MMR007011,2024-07-01,7,0,7,0,2
MMR007012,2024-07-01,6,1,5,0,2
MMR007013,2024-07-01,1,0,1,0,0
MMR007014,2024-07-01,0,0,0,0,0
MMR008001,2024-07-01,0,0,0,0,0
MMR008002,2024-07-01,3,1,0,2,7
MMR008003,2024-07-01,0,0,0,0,0
MMR008004,2024-07-01,2,1,0,1,2
MMR008005,2024-07-01,1,0,0,1,1
MMR008006,2024-07-01,0,0,0,0,0
MMR008007,2024-07-01,0,0,0,0,0
MMR008008,2024-07-01,0,0,0,0,0
MMR008009,2024-07-01,4,1,0,3,10
MMR008010,2024-07-01,1,0,0,1,1
MMR008011,2024-07-01,0,0,0,0,0
MMR008012,2024-07-01,4,3,0,1,7
MMR008013,2024-07-01,0,0,0,0,0
MMR008014,2024-07-01,0,0,0,0,0
MMR009001,2024-07-01,1,0,0,1,1
MMR009002,2024-07-01,3,1,1,1,3
MMR009003,2024-07-01,5,2,0,3,14
MMR009004,2024-07-01,1,0,0,1,1
MMR009005,2024-07-01,1,0,0,1,2
MMR009006,2024-07-01,1,0,1,0,0
MMR009007,2024-07-01,0,0,0,0,0
MMR009008,2024-07-01,0,0,0,0,0
MMR009009,2024-07-01,1,1,0,0,5
MMR009010,2024-07-01,17,3,13,1,4
MMR009011,2024-07-01,0,0,0,0,0
MMR009012,2024-07-01,1,0,0,1,1
MMR009013,2024-07-01,2,1,0,1,8
MMR009014,2024-07-01,2,1,0,1,7
MMR009015,2024-07-01,1,1,0,0,1
MMR009016,2024-07-01,0,0,0,0,0
MMR009017,2024-07-01,1,0,0,1,2
MMR009018,2024-07-01,14,3,9,2,21
MMR009019,2024-07-01,13,8,2,3,13
MMR009020,2024-07-01,24,4,18,2,12
MMR009021,2024-07-01,5,2,3,0,1
MMR009022,2024-07-01,6,2,2,2,8
MMR009023,2024-07-01,5,3,2,0,4
MMR009024,2024-07-01,1,1,0,0,0
MMR009025,2024-07-01,2,0,2,0,1
MMR010001,2024-07-01,0,0,0,0,0
MMR010002,2024-07-01,0,0,0,0,0
MMR010003,2024-07-01,1,0,1,0,2
MMR010004,2024-07-01,0,0,0,0,0
MMR010005,2024-07-01,0,0,0,0,0
MMR010006,2024-07-01,0,0,0,0,0
MMR010007,2024-07-01,7,5,1,1,3
MMR010008,2024-07-01,2,0,0,2,0
MMR010009,2024-07-01,45,24,21,0,48
MMR010010,2024-07-01,50,30,19,1,116
MMR010011,2024-07-01,38,25,13,0,61
MMR010012,2024-07-01,16,14,2,0,23
MMR010013,2024-07-01,0,0,0,0,0
MMR010014,2024-07-01,0,0,0,0,0
MMR010015,2024-07-01,3,0,2,1,6
MMR010016,2024-07-01,3,1,0,2,6
MMR010017,2024-07-01,18,6,9,3,56
MMR010018,2024-07-01,11,7,4,0,36
MMR010019,2024-07-01,2,1,0,1,11
MMR010020,2024-07-01,1,0,0,1,1
MMR010021,2024-07-01,2,0,1,1,1
MMR010022,2024-07-01,1,0,0,1,1
MMR010023,2024-07-01,1,0,1,0,2
MMR010024,2024-07-01,0,0,0,0,0
MMR010028,2024-07-01,1,0,1,0,5
MMR010029,2024-07-01,0,0,0,0,0
MMR010030,2024-07-01,0,0,0,0,0
MMR010031,2024-07-01,8,0,1,7,0
MMR011001,2024-07-01,0,0,0,0,0
MMR011002,2024-07-01,7,1,6,0,32
MMR011003,2024-07-01,0,0,0,0,0
MMR011004,2024-07-01,5,4,0,1,11
MMR011005,2024-07-01,0,0,0,0,0
MMR011006,2024-07-01,8,6,1,1,8
MMR011007,2024-07-01,4,0,4,0,0
MMR011008,2024-07-01,0,0,0,0,0
MMR011009,2024-07-01,13,6,6,1,23
MMR011010,2024-07-01,4,1,2,1,0
MMR012001,2024-07-01,3,0,1,2,1
MMR012002,2024-07-01,6,0,6,0,1
MMR012003,2024-07-01,0,0,0,0,0
MMR012004,2024-07-01,0,0,0,0,0
MMR012005,2024-07-01,3,0,3,0,1
MMR012006,2024-07-01,0,0,0,0,0
MMR012007,2024-07-01,4,0,4,0,0
MMR012008,2024-07-01,0,0,0,0,0
MMR012009,2024-07-01,50,24,17,9,403
MMR012010,2024-07-01,1,0,0,1,7
MMR012011,2024-07-01,4,0,3,1,1
MMR012012,2024-07-01,0,0,0,0,0
MMR012013,2024-07-01,0,0,0,0,0
MMR012014,2024-07-01,5,3,1,1,0
MMR012015,2024-07-01,48,27,20,1,292
MMR012016,2024-07-01,3,0,2,1,7
MMR012017,2024-07-01,5,0,5,0,2
MMR013001,2024-07-01,2,0,1,1,0
MMR013002,2024-07-01,2,1,1,0,0
MMR013003,2024-07-01,1,0,1,0,0
MMR013004,2024-07-01,1,0,1,0,0
MMR013005,2024-07-01,0,0,0,0,0
MMR013006,2024-07-01,0,0,0,0,0
MMR013007,2024-07-01,0,0,0,0,0
MMR013009,2024-07-01,1,0,0,1,0
MMR013010,2024-07-01,0,0,0,0,0
MMR013011,2024-07-01,0,0,0,0,0
MMR013012,2024-07-01,0,0,0,0,0
MMR013013,2024-07-01,0,0,0,0,0
MMR013014,2024-07-01,0,0,0,0,0
MMR013015,2024-07-01,0,0,0,0,0
MMR013016,2024-07-01,0,0,0,0,0
MMR013017,2024-07-01,0,0,0,0,0
MMR013018,2024-07-01,1,0,1,0,0
MMR013019,2024-07-01,0,0,0,0,0
MMR013020,2024-07-01,0,0,0,0,0
MMR013021,2024-07-01,0,0,0,0,0
MMR013022,2024-07-01,0,0,0,0,0
MMR013023,2024-07-01,0,0,0,0,0
MMR013024,2024-07-01,0,0,0,0,0
MMR013025,2024-07-01,0,0,0,0,0
MMR013026,2024-07-01,0,0,0,0,0
MMR013027,2024-07-01,0,0,0,0,0
MMR013028,2024-07-01,0,0,0,0,0
MMR013029,2024-07-01,0,0,0,0,0
MMR013030,2024-07-01,0,0,0,0,0
MMR013031,2024-07-01,0,0,0,0,0
MMR013032,2024-07-01,0,0,0,0,0
MMR013033,2024-07-01,0,0,0,0,0
MMR013034,2024-07-01,0,0,0,0,0
MMR013035,2024-07-01,0,0,0,0,0
MMR013036,2024-07-01,1,0,1,0,0
MMR013037,2024-07-01,0,0,0,0,0
MMR013038,2024-07-01,0,0,0,0,0
MMR013039,2024-07-01,1,0,0,1,1
MMR013040,2024-07-01,1,0,0,1,2
MMR013041,2024-07-01,0,0,0,0,0
MMR013042,2024-07-01,0,0,0,0,0
MMR013043,2024-07-01,0,0,0,0,0
MMR013044,2024-07-01,1,0,1,0,0
MMR013046,2024-07-01,2,0,2,0,0
MMR013047,2024-07-01,0,0,0,0,0
MMR014001,2024-07-01,0,0,0,0,0
MMR014002,2024-07-01,18,12,5,1,20
MMR014003,2024-07-01,0,0,0,0,0
MMR014004,2024-07-01,3,0,0,3,4
MMR014005,2024-07-01,0,0,0,0,0
MMR014006,2024-07-01,0,0,0,0,0
MMR014007,2024-07-01,3,3,0,0,16
MMR014008,2024-07-01,5,3,2,0,0
MMR014009,2024-07-01,10,3,5,2,7
MMR014010,2024-07-01,1,0,1,0,0
MMR014011,2024-07-01,0,0,0,0,0
MMR014012,2024-07-01,1,1,0,0,1
MMR014013,2024-07-01,1,1,0,0,0
MMR014014,2024-07-01,0,0,0,0,0
MMR014015,2024-07-01,0,0,0,0,0
MMR014016,2024-07-01,0,0,0,0,0
MMR014017,2024-07-01,0,0,0,0,0
MMR014018,2024-07-01,0,0,0,0,0
MMR014019,2024-07-01,0,0,0,0,0
MMR014020,2024-07-01,0,0,0,0,0
MMR014021,2024-07-01,0,0,0,0,0
MMR015001,2024-07-01,87,46,34,7,223
MMR015002,2024-07-01,11,0,11,0,11
MMR015003,2024-07-01,9,2,6,1,3
MMR015004,2024-07-01,4,1,1,2,1
MMR015005,2024-07-01,1,0,0,1,1
MMR015006,2024-07-01,0,0,0,0,0
MMR015007,2024-07-01,0,0,0,0,0
MMR015008,2024-07-01,0,0,0,0,0
MMR015009,2024-07-01,0,0,0,0,0
MMR015010,2024-07-01,0,0,0,0,0
MMR015011,2024-07-01,1,0,1,0,1
MMR015012,2024-07-01,46,22,20,4,201
MMR015013,2024-07-01,36,22,14,0,5
MMR015014,2024-07-01,29,25,4,0,2
MMR015015,2024-07-01,2,2,0,0,0
MMR015016,2024-07-01,0,0,0,0,0
MMR015017,2024-07-01,49,39,10,0,8
MMR015018,2024-07-01,0,0,0,0,0
MMR015019,2024-07-01,0,0,0,0,0
MMR015020,2024-07-01,0,0,0,0,0
MMR015021,2024-07-01,0,0,0,0,0
MMR015022,2024-07-01,5,0,4,1,3
MMR015023,2024-07-01,0,0,0,0,0
MMR015024,2024-07-01,0,0,0,0,0
MMR016001,2024-07-01,0,0,0,0,0
MMR016002,2024-07-01,0,0,0,0,0
MMR016003,2024-07-01,0,0,0,0,0
MMR016005,2024-07-01,0,0,0,0,0
MMR016006,2024-07-01,0,0,0,0,0
MMR016007,2024-07-01,0,0,0,0,0
MMR016008,2024-07-01,0,0,0,0,0
MMR016009,2024-07-01,0,0,0,0,0
MMR016010,2024-07-01,0,0,0,0,0
MMR016011,2024-07-01,0,0,0,0,0
MMR017001,2024-07-01,1,0,0,1,0
MMR017002,2024-07-01,0,0,0,0,0
MMR017003,2024-07-01,1,0,0,1,0
MMR017004,2024-07-01,0,0,0,0,0
MMR017005,2024-07-01,0,0,0,0,0
MMR017006,2024-07-01,0,0,0,0,0
MMR017007,2024-07-01,0,0,0,0,0
MMR017008,2024-07-01,0,0,0,0,0
MMR017009,2024-07-01,0,0,0,0,0
MMR017010,2024-07-01,0,0,0,0,0
MMR017011,2024-07-01,0,0,0,0,0
MMR017012,2024-07-01,0,0,0,0,0
MMR017013,2024-07-01,0,0,0,0,0
MMR017014,2024-07-01,0,0,0,0,0
MMR017015,2024-07-01,0,0,0,0,0
MMR017016,2024-07-01,1,0,1,0,0
MMR017017,2024-07-01,0,0,0,0,0
MMR017018,2024-07-01,1,0,0,1,1
MMR017019,2024-07-01,0,0,0,0,0
MMR017020,2024-07-01,0,0,0,0,0
MMR017021,2024-07-01,0,0,0,0,0
MMR017022,2024-07-01,0,0,0,0,0
MMR017023,2024-07-01,0,0,0,0,0
MMR017024,2024-07-01,0,0,0,0,0
MMR017025,2024-07-01,0,0,0,0,0
MMR017026,2024-07-01,0,0,0,0,0
MMR018001,2024-07-01,0,0,0,0,0
MMR018002,2024-07-01,1,0,1,0,0
MMR018003,2024-07-01,2,0,2,0,3
MMR018004,2024-07-01,0,0,0,0,0
MMR018005,2024-07-01,0,0,0,0,0
MMR018006,2024-07-01,0,0,0,0,0
MMR018007,2024-07-01,2,0,1,1,34
MMR018008,2024-07-01,0,0,0,0,0
MMR001001,2024-08-01,5,3,2,0,0
MMR001002,2024-08-01,2,0,2,0,1
MMR001003,2024-08-01,0,0,0,0,0
MMR001004,2024-08-01,0,0,0,0,0
MMR001005,2024-08-01,1,0,0,1,0
MMR001006,2024-08-01,1,1,0,0,0
MMR001007,2024-08-01,0,0,0,0,0
MMR001008,2024-08-01,0,0,0,0,0
MMR001009,2024-08-01,8,4,4,0,0
MMR001010,2024-08-01,12,9,3,0,5
MMR001011,2024-08-01,1,1,0,0,0
MMR001012,2024-08-01,9,6,3,0,200
MMR001013,2024-08-01,1,0,1,0,0
MMR001014,2024-08-01,0,0,0,0,0
MMR001015,2024-08-01,0,0,0,0,0
MMR001016,2024-08-01,0,0,0,0,0
MMR001017,2024-08-01,0,0,0,0,0
MMR001018,2024-08-01,0,0,0,0,0
MMR002001,2024-08-01,1,1,0,0,0
MMR002002,2024-08-01,0,0,0,0,0
MMR002003,2024-08-01,0,0,0,0,0
MMR002004,2024-08-01,0,0,0,0,0
MMR002005,2024-08-01,1,1,0,0,6
MMR002006,2024-08-01,0,0,0,0,0
MMR002007,2024-08-01,0,0,0,0,0
MMR003001,2024-08-01,1,0,0,1,2
MMR003002,2024-08-01,0,0,0,0,0
MMR003003,2024-08-01,0,0,0,0,0
MMR003004,2024-08-01,1,0,1,0,0
MMR003005,2024-08-01,1,0,1,0,0
MMR003006,2024-08-01,2,0,2,0,2
MMR003007,2024-08-01,12,7,4,1,17
MMR004001,2024-08-01,0,0,0,0,0
MMR004002,2024-08-01,1,1,0,0,10
MMR004003,2024-08-01,4,3,1,0,0
MMR004004,2024-08-01,1,0,1,0,0
MMR004005,2024-08-01,0,0,0,0,0
MMR004006,2024-08-01,11,0,10,1,6
MMR004007,2024-08-01,0,0,0,0,0
MMR004008,2024-08-01,1,0,1,0,2
MMR004009,2024-08-01,2,0,1,1,1
MMR005001,2024-08-01,12,9,1,2,21
MMR005002,2024-08-01,23,6,17,0,26
MMR005003,2024-08-01,4,2,2,0,7
MMR005004,2024-08-01,12,5,7,0,10
MMR005005,2024-08-01,18,5,13,0,13
MMR005006,2024-08-01,1,1,0,0,2
MMR005007,2024-08-01,14,9,3,2,9
MMR005008,2024-08-01,0,0,0,0,0
MMR005009,2024-08-01,14,3,11,0,2
MMR005010,2024-08-01,10,8,2,0,16
MMR005011,2024-08-01,0,0,0,0,0
MMR005012,2024-08-01,20,7,9,4,37
MMR005013,2024-08-01,5,3,1,1,0
MMR005014,2024-08-01,4,3,1,0,11
MMR005015,2024-08-01,9,5,1,3,19
MMR005016,2024-08-01,9,2,7,0,26
MMR005017,2024-08-01,2,1,1,0,0
MMR005018,2024-08-01,7,1,6,0,7
MMR005019,2024-08-01,1,1,0,0,0
MMR005020,2024-08-01,0,0,0,0,0
MMR005021,2024-08-01,13,9,3,1,6
MMR005022,2024-08-01,11,4,7,0,9
MMR005023,2024-08-01,0,0,0,0,0
MMR005024,2024-08-01,0,0,0,0,0
MMR005025,2024-08-01,0,0,0,0,0
MMR005026,2024-08-01,8,3,5,0,7
MMR005027,2024-08-01,6,2,2,2,2
MMR005028,2024-08-01,0,0,0,0,0
MMR005029,2024-08-01,0,0,0,0,0
MMR005030,2024-08-01,0,0,0,0,0
MMR005031,2024-08-01,0,0,0,0,0
MMR005032,2024-08-01,0,0,0,0,0
MMR005033,2024-08-01,0,0,0,0,0
MMR005034,2024-08-01,2,2,0,0,19
MMR005035,2024-08-01,0,0,0,0,0
MMR005036,2024-08-01,0,0,0,0,0
MMR005037,2024-08-01,0,0,0,0,0
MMR006001,2024-08-01,4,4,0,0,39
MMR006002,2024-08-01,13,5,7,1,18
MMR006003,2024-08-01,1,1,0,0,7
MMR006004,2024-08-01,2,2,0,0,4
MMR006005,2024-08-01,0,0,0,0,0
MMR006006,2024-08-01,2,2,0,0,2
MMR006007,2024-08-01,10,7,2,1,7
MMR006008,2024-08-01,41,15,26,0,22
MMR006009,2024-08-01,4,2,0,2,5
MMR006010,2024-08-01,1,0,0,1,3
MMR007001,2024-08-01,0,0,0,0,0
MMR007002,2024-08-01,0,0,0,0,0
MMR007003,2024-08-01,0,0,0,0,0
MMR007004,2024-08-01,1,0,0,1,1
MMR007005,2024-08-01,3,1,2,0,5
MMR007006,2024-08-01,15,0,15,0,0
MMR007007,2024-08-01,1,0,0,1,0
MMR007008,2024-08-01,6,2,4,0,5
MMR007009,2024-08-01,9,3,6,0,11
MMR007010,2024-08-01,0,0,0,0,0
MMR007011,2024-08-01,18,0,18,0,0
MMR007012,2024-08-01,26,10,16,0,40
MMR007013,2024-08-01,1,0,1,0,5
MMR007014,2024-08-01,12,6,6,0,9
MMR008001,2024-08-01,4,3,0,1,58
MMR008002,2024-08-01,6,1,0,5,7
MMR008003,2024-08-01,2,1,0,1,8
MMR008004,2024-08-01,5,2,2,1,14
MMR008005,2024-08-01,1,0,0,1,0
MMR008006,2024-08-01,0,0,0,0,0
MMR008007,2024-08-01,2,0,0,2,0
MMR008008,2024-08-01,10,2,0,8,34
MMR008009,2024-08-01,7,2,0,5,10
MMR008010,2024-08-01,12,1,0,11,2
MMR008011,2024-08-01,1,0,0,1,0
MMR008012,2024-08-01,2,0,0,2,0
MMR008013,2024-08-01,0,0,0,0,0
MMR008014,2024-08-01,6,3,0,3,2
MMR009001,2024-08-01,0,0,0,0,0
MMR009002,2024-08-01,2,1,0,1,2
MMR009003,2024-08-01,2,1,0,1,2
MMR009004,2024-08-01,0,0,0,0,0
MMR009005,2024-08-01,1,1,0,0,1
MMR009006,2024-08-01,2,1,0,1,0
MMR009007,2024-08-01,0,0,0,0,0
MMR009008,2024-08-01,2,2,0,0,9
MMR009009,2024-08-01,4,3,1,0,19
MMR009010,2024-08-01,4,2,2,0,4
MMR009011,2024-08-01,2,1,0,1,1
MMR009012,2024-08-01,1,0,1,0,0
MMR009013,2024-08-01,0,0,0,0,0
MMR009014,2024-08-01,2,1,1,0,0
MMR009015,2024-08-01,0,0,0,0,0
MMR009016,2024-08-01,0,0,0,0,0
MMR009017,2024-08-01,0,0,0,0,0
MMR009018,2024-08-01,12,9,3,0,51
MMR009019,2024-08-01,19,11,7,1,48
MMR009020,2024-08-01,17,14,3,0,35
MMR009021,2024-08-01,5,0,5,0,3
MMR009022,2024-08-01,4,1,3,0,15
MMR009023,2024-08-01,9,3,6,0,24
MMR009024,2024-08-01,6,2,4,0,2
MMR009025,2024-08-01,1,0,1,0,3
MMR010001,2024-08-01,1,0,0,1,2
MMR010002,2024-08-01,2,0,1,1,0
MMR010003,2024-08-01,3,0,0,3,0
MMR010004,2024-08-01,1,1,0,0,1
MMR010005,2024-08-01,3,0,0,3,1
MMR010006,2024-08-01,0,0,0,0,0
MMR010007,2024-08-01,4,2,2,0,10
MMR010008,2024-08-01,2,1,1,0,0
MMR010009,2024-08-01,8,1,6,1,4
MMR010010,2024-08-01,8,0,8,0,20
MMR010011,2024-08-01,1,1,0,0,0
MMR010012,2024-08-01,26,23,3,0,105
MMR010013,2024-08-01,4,1,0,3,3
MMR010014,2024-08-01,0,0,0,0,0
MMR010015,2024-08-01,5,2,1,2,5
MMR010016,2024-08-01,4,1,0,3,1
MMR010017,2024-08-01,22,10,12,0,19
MMR010018,2024-08-01,21,9,9,3,17
MMR010019,2024-08-01,18,4,14,0,41
MMR010020,2024-08-01,4,2,0,2,10
MMR010021,2024-08-01,9,4,4,1,54
MMR010022,2024-08-01,1,1,0,0,1
MMR010023,2024-08-01,0,0,0,0,0
MMR010024,2024-08-01,2,0,2,0,20
MMR010028,2024-08-01,0,0,0,0,0
MMR010029,2024-08-01,0,0,0,0,0
MMR010030,2024-08-01,0,0,0,0,0
MMR010031,2024-08-01,0,0,0,0,0
MMR011001,2024-08-01,0,0,0,0,0
MMR011002,2024-08-01,0,0,0,0,0
MMR011003,2024-08-01,0,0,0,0,0
MMR011004,2024-08-01,10,4,5,1,17
MMR011005,2024-08-01,0,0,0,0,0
MMR011006,2024-08-01,11,7,2,2,10
MMR011007,2024-08-01,4,0,3,1,1
MMR011008,2024-08-01,0,0,0,0,0
MMR011009,2024-08-01,5,1,1,3,8
MMR011010,2024-08-01,5,2,3,0,5
MMR012001,2024-08-01,10,5,3,2,32
MMR012002,2024-08-01,2,0,2,0,1
MMR012003,2024-08-01,3,0,3,0,6
MMR012004,2024-08-01,0,0,0,0,0
MMR012005,2024-08-01,0,0,0,0,0
MMR012006,2024-08-01,1,0,1,0,0
MMR012007,2024-08-01,3,0,3,0,0
MMR012008,2024-08-01,2,0,2,0,2
MMR012009,2024-08-01,49,37,11,1,357
MMR012010,2024-08-01,0,0,0,0,0
MMR012011,2024-08-01,4,0,3,1,1
MMR012012,2024-08-01,0,0,0,0,0
MMR012013,2024-08-01,0,0,0,0,0
MMR012014,2024-08-01,3,0,3,0,0
MMR012015,2024-08-01,17,12,5,0,135
MMR012016,2024-08-01,11,0,11,0,2
MMR012017,2024-08-01,29,14,9,6,39
MMR013001,2024-08-01,3,0,1,2,0
MMR013002,2024-08-01,0,0,0,0,0
MMR013003,2024-08-01,2,1,1,0,0
MMR013004,2024-08-01,0,0,0,0,0
MMR013005,2024-08-01,0,0,0,0,0
MMR013006,2024-08-01,0,0,0,0,0
MMR013007,2024-08-01,0,0,0,0,0
MMR013009,2024-08-01,0,0,0,0,0
MMR013010,2024-08-01,0,0,0,0,0
MMR013011,2024-08-01,0,0,0,0,0
MMR013012,2024-08-01,1,0,1,0,0
MMR013013,2024-08-01,0,0,0,0,0
MMR013014,2024-08-01,0,0,0,0,0
MMR013015,2024-08-01,2,0,1,1,3
MMR013016,2024-08-01,0,0,0,0,0
MMR013017,2024-08-01,0,0,0,0,0
MMR013018,2024-08-01,0,0,0,0,0
MMR013019,2024-08-01,1,0,1,0,0
MMR013020,2024-08-01,0,0,0,0,0
MMR013021,2024-08-01,0,0,0,0,0
MMR013022,2024-08-01,0,0,0,0,0
MMR013023,2024-08-01,0,0,0,0,0
MMR013024,2024-08-01,0,0,0,0,0
MMR013025,2024-08-01,0,0,0,0,0
MMR013026,2024-08-01,0,0,0,0,0
MMR013027,2024-08-01,0,0,0,0,0
MMR013028,2024-08-01,0,0,0,0,0
MMR013029,2024-08-01,0,0,0,0,0
MMR013030,2024-08-01,0,0,0,0,0
MMR013031,2024-08-01,0,0,0,0,0
MMR013032,2024-08-01,0,0,0,0,0
MMR013033,2024-08-01,0,0,0,0,0
MMR013034,2024-08-01,0,0,0,0,0
MMR013035,2024-08-01,0,0,0,0,0
MMR013036,2024-08-01,0,0,0,0,0
MMR013037,2024-08-01,0,0,0,0,0
MMR013038,2024-08-01,0,0,0,0,0
MMR013039,2024-08-01,0,0,0,0,0
MMR013040,2024-08-01,0,0,0,0,0
MMR013041,2024-08-01,0,0,0,0,0
MMR013042,2024-08-01,2,0,1,1,0
MMR013043,2024-08-01,0,0,0,0,0
MMR013044,2024-08-01,0,0,0,0,0
MMR013046,2024-08-01,0,0,0,0,0
MMR013047,2024-08-01,1,0,0,1,0
MMR014001,2024-08-01,0,0,0,0,0
MMR014002,2024-08-01,0,0,0,0,0
MMR014003,2024-08-01,0,0,0,0,0
MMR014004,2024-08-01,11,7,3,1,27
MMR014005,2024-08-01,0,0,0,0,0
MMR014006,2024-08-01,0,0,0,0,0
MMR014007,2024-08-01,0,0,0,0,0
MMR014008,2024-08-01,2,2,0,0,9
MMR014009,2024-08-01,1,1,0,0,1
MMR014010,2024-08-01,1,1,0,0,0
MMR014011,2024-08-01,1,0,1,0,0
MMR014012,2024-08-01,0,0,0,0,0
MMR014013,2024-08-01,0,0,0,0,0
MMR014014,2024-08-01,1,0,1,0,1
MMR014015,2024-08-01,0,0,0,0,0
MMR014016,2024-08-01,0,0,0,0,0
MMR014017,2024-08-01,0,0,0,0,0
MMR014018,2024-08-01,0,0,0,0,0
MMR014019,2024-08-01,0,0,0,0,0
MMR014020,2024-08-01,2,0,2,0,0
MMR014021,2024-08-01,0,0,0,0,0
MMR015001,2024-08-01,8,4,3,1,42
MMR015002,2024-08-01,1,0,1,0,0
MMR015003,2024-08-01,2,1,1,0,0
MMR015004,2024-08-01,1,1,0,0,0
MMR015005,2024-08-01,0,0,0,0,0
MMR015006,2024-08-01,0,0,0,0,0
MMR015007,2024-08-01,0,0,0,0,0
MMR015008,2024-08-01,0,0,0,0,0
MMR015009,2024-08-01,2,1,0,1,1
MMR015010,2024-08-01,2,0,0,2,0
MMR015011,2024-08-01,3,0,3,0,6
MMR015012,2024-08-01,7,4,3,0,102
MMR015013,2024-08-01,55,40,15,0,3
MMR015014,2024-08-01,23,10,13,0,28
MMR015015,2024-08-01,1,0,0,1,0
MMR015016,2024-08-01,2,0,2,0,1
MMR015017,2024-08-01,2,1,1,0,0
MMR015018,2024-08-01,0,0,0,0,0
MMR015019,2024-08-01,2,0,1,1,0
MMR015020,2024-08-01,0,0,0,0,0
MMR015021,2024-08-01,0,0,0,0,0
MMR015022,2024-08-01,2,0,2,0,10
MMR015023,2024-08-01,0,0,0,0,0
MMR015024,2024-08-01,0,0,0,0,0
MMR016001,2024-08-01,0,0,0,0,0
MMR016002,2024-08-01,0,0,0,0,0
MMR016003,2024-08-01,0,0,0,0,0
MMR016005,2024-08-01,0,0,0,0,0
MMR016006,2024-08-01,0,0,0,0,0
MMR016007,2024-08-01,0,0,0,0,0
MMR016008,2024-08-01,0,0,0,0,0
MMR016009,2024-08-01,0,0,0,0,0
MMR016010,2024-08-01,0,0,0,0,0
MMR016011,2024-08-01,0,0,0,0,0
MMR017001,2024-08-01,0,0,0,0,0
MMR017002,2024-08-01,0,0,0,0,0
MMR017003,2024-08-01,0,0,0,0,0
MMR017004,2024-08-01,0,0,0,0,0
MMR017005,2024-08-01,3,0,0,3,0
MMR017006,2024-08-01,0,0,0,0,0
MMR017007,2024-08-01,0,0,0,0,0
MMR017008,2024-08-01,0,0,0,0,0
MMR017009,2024-08-01,0,0,0,0,0
MMR017010,2024-08-01,0,0,0,0,0
MMR017011,2024-08-01,0,0,0,0,0
MMR017012,2024-08-01,0,0,0,0,0
MMR017013,2024-08-01,0,0,0,0,0
MMR017014,2024-08-01,0,0,0,0,0
MMR017015,2024-08-01,0,0,0,0,0
MMR017016,2024-08-01,0,0,0,0,0
MMR017017,2024-08-01,0,0,0,0,0
MMR017018,2024-08-01,0,0,0,0,0
MMR017019,2024-08-01,2,0,0,2,0
MMR017020,2024-08-01,1,0,0,1,1
MMR017021,2024-08-01,1,0,0,1,0
MMR017022,2024-08-01,0,0,0,0,0
MMR017023,2024-08-01,0,0,0,0,0
MMR017024,2024-08-01,0,0,0,0,0
MMR017025,2024-08-01,0,0,0,0,0
MMR017026,2024-08-01,0,0,0,0,0
MMR018001,2024-08-01,0,0,0,0,0
MMR018002,2024-08-01,0,0,0,0,0
MMR018003,2024-08-01,0,0,0,0,0
MMR018004,2024-08-01,0,0,0,0,0
MMR018005,2024-08-01,0,0,0,0,0
MMR018006,2024-08-01,0,0,0,0,0
MMR018007,2024-08-01,0,0,0,0,0
MMR018008,2024-08-01,0,0,0,0,0
MMR001001,2024-09-01,1,1,0,0,0
MMR001002,2024-09-01,1,1,0,0,0
MMR001003,2024-09-01,0,0,0,0,0
MMR001004,2024-09-01,0,0,0,0,0
MMR001005,2024-09-01,4,3,1,0,9
MMR001006,2024-09-01,2,2,0,0,0
MMR001007,2024-09-01,0,0,0,0,0
MMR001008,2024-09-01,0,0,0,0,0
MMR001009,2024-09-01,39,22,13,4,39
MMR001010,2024-09-01,4,2,2,0,0
MMR001011,2024-09-01,2,1,1,0,3
MMR001012,2024-09-01,3,2,1,0,0
MMR001013,2024-09-01,0,0,0,0,0
MMR001014,2024-09-01,0,0,0,0,0
MMR001015,2024-09-01,0,0,0,0,0
MMR001016,2024-09-01,0,0,0,0,0
MMR001017,2024-09-01,0,0,0,0,0
MMR001018,2024-09-01,0,0,0,0,0
MMR002001,2024-09-01,6,3,3,0,29
MMR002002,2024-09-01,3,0,3,0,2
MMR002003,2024-09-01,0,0,0,0,0
MMR002004,2024-09-01,0,0,0,0,0
MMR002005,2024-09-01,0,0,0,0,0
MMR002006,2024-09-01,0,0,0,0,0
MMR002007,2024-09-01,0,0,0,0,0
MMR003001,2024-09-01,2,0,1,1,0
MMR003002,2024-09-01,0,0,0,0,0
MMR003003,2024-09-01,5,1,4,0,30
MMR003004,2024-09-01,2,2,0,0,13
MMR003005,2024-09-01,8,7,1,0,0
MMR003006,2024-09-01,3,1,2,0,0
MMR003007,2024-09-01,9,3,5,1,0
MMR004001,2024-09-01,1,0,0,1,0
MMR004002,2024-09-01,1,1,0,0,1
MMR004003,2024-09-01,3,3,0,0,7
MMR004004,2024-09-01,0,0,0,0,0
MMR004005,2024-09-01,0,0,0,0,0
MMR004006,2024-09-01,11,0,11,0,0
MMR004007,2024-09-01,0,0,0,0,0
MMR004008,2024-09-01,1,0,0,1,1
MMR004009,2024-09-01,5,0,0,5,0
MMR005001,2024-09-01,9,3,5,1,15
MMR005002,2024-09-01,6,4,1,1,3
MMR005003,2024-09-01,5,4,1,0,17
MMR005004,2024-09-01,21,9,8,4,13
MMR005005,2024-09-01,8,3,3,2,14
MMR005006,2024-09-01,2,1,1,0,3
MMR005007,2024-09-01,14,3,9,2,7
MMR005008,2024-09-01,0,0,0,0,0
MMR005009,2024-09-01,6,0,3,3,5
MMR005010,2024-09-01,3,3,0,0,0
MMR005011,2024-09-01,1,1,0,0,0
MMR005012,2024-09-01,11,6,1,4,17
MMR005013,2024-09-01,7,2,0,5,40
MMR005014,2024-09-01,5,2,3,0,10
MMR005015,2024-09-01,7,6,1,0,32
MMR005016,2024-09-01,0,0,0,0,0
MMR005017,2024-09-01,5,2,3,0,0
MMR005018,2024-09-01,9,4,4,1,6
MMR005019,2024-09-01,2,1,1,0,2
MMR005020,2024-09-01,6,2,4,0,2
MMR005021,2024-09-01,0,0,0,0,0
MMR005022,2024-09-01,7,2,5,0,9
MMR005023,2024-09-01,0,0,0,0,0
MMR005024,2024-09-01,6,0,6,0,8
MMR005025,2024-09-01,0,0,0,0,0
MMR005026,2024-09-01,3,3,0,0,9
MMR005027,2024-09-01,0,0,0,0,0
MMR005028,2024-09-01,0,0,0,0,0
MMR005029,2024-09-01,3,1,0,2,2
MMR005030,2024-09-01,0,0,0,0,0
MMR005031,2024-09-01,0,0,0,0,0
MMR005032,2024-09-01,0,0,0,0,0
MMR005033,2024-09-01,0,0,0,0,0
MMR005034,2024-09-01,0,0,0,0,0
MMR005035,2024-09-01,0,0,0,0,0
MMR005036,2024-09-01,0,0,0,0,0
MMR005037,2024-09-01,0,0,0,0,0
MMR006001,2024-09-01,6,5,1,0,22
MMR006002,2024-09-01,11,6,2,3,68
MMR006003,2024-09-01,0,0,0,0,0
MMR006004,2024-09-01,1,0,0,1,1
MMR006005,2024-09-01,6,2,4,0,11
MMR006006,2024-09-01,4,2,2,0,9
MMR006007,2024-09-01,13,7,1,5,8
MMR006008,2024-09-01,29,12,16,1,25
MMR006009,2024-09-01,1,0,0,1,0
MMR006010,2024-09-01,3,3,0,0,4
MMR007001,2024-09-01,1,1,0,0,2
MMR007002,2024-09-01,0,0,0,0,0
MMR007003,2024-09-01,0,0,0,0,0
MMR007004,2024-09-01,0,0,0,0,0
MMR007005,2024-09-01,10,2,7,1,2
MMR007006,2024-09-01,9,0,9,0,1
MMR007007,2024-09-01,1,0,0,1,0
MMR007008,2024-09-01,12,1,7,4,1
MMR007009,2024-09-01,3,1,0,2,4
MMR007010,2024-09-01,5,1,4,0,9
MMR007011,2024-09-01,4,0,3,1,0
MMR007012,2024-09-01,14,1,12,1,1
MMR007013,2024-09-01,0,0,0,0,0
MMR007014,2024-09-01,1,0,1,0,0
MMR008001,2024-09-01,0,0,0,0,0
MMR008002,2024-09-01,1,1,0,0,2
MMR008003,2024-09-01,0,0,0,0,0
MMR008004,2024-09-01,6,0,1,5,6
MMR008005,2024-09-01,0,0,0,0,0
MMR008006,2024-09-01,0,0,0,0,0
MMR008007,2024-09-01,0,0,0,0,0
MMR008008,2024-09-01,3,2,1,0,22
MMR008009,2024-09-01,1,0,0,1,1
MMR008010,2024-09-01,4,3,0,1,5
MMR008011,2024-09-01,0,0,0,0,0
MMR008012,2024-09-01,1,0,1,0,1
MMR008013,2024-09-01,0,0,0,0,0
MMR008014,2024-09-01,4,2,0,2,16
MMR009001,2024-09-01,1,0,1,0,2
MMR009002,2024-09-01,0,0,0,0,0
MMR009003,2024-09-01,0,0,0,0,0
MMR009004,2024-09-01,0,0,0,0,0
MMR009005,2024-09-01,0,0,0,0,0
MMR009006,2024-09-01,3,2,0,1,10
MMR009007,2024-09-01,0,0,0,0,0
MMR009008,2024-09-01,4,3,1,0,10
MMR009009,2024-09-01,2,0,0,2,2
MMR009010,2024-09-01,3,3,0,0,22
MMR009011,2024-09-01,0,0,0,0,0
MMR009012,2024-09-01,1,0,0,1,0
MMR009013,2024-09-01,0,0,0,0,0
MMR009014,2024-09-01,4,1,1,2,4
MMR009015,2024-09-01,0,0,0,0,0
MMR009016,2024-09-01,3,0,0,3,2
MMR009017,2024-09-01,1,0,0,1,1
MMR009018,2024-09-01,17,6,10,1,28
MMR009019,2024-09-01,13,7,4,2,9
MMR009020,2024-09-01,19,9,10,0,27
MMR009021,2024-09-01,3,1,2,0,3
MMR009022,2024-09-01,0,0,0,0,0
MMR009023,2024-09-01,4,1,3,0,0
MMR009024,2024-09-01,6,2,2,2,5
MMR009025,2024-09-01,0,0,0,0,0
MMR010001,2024-09-01,4,0,4,0,13
MMR010002,2024-09-01,1,1,0,0,0
MMR010003,2024-09-01,0,0,0,0,0
MMR010004,2024-09-01,0,0,0,0,0
MMR010005,2024-09-01,0,0,0,0,0
MMR010006,2024-09-01,0,0,0,0,0
MMR010007,2024-09-01,8,5,2,1,5
MMR010008,2024-09-01,1,0,1,0,0
MMR010009,2024-09-01,13,7,5,1,15
MMR010010,2024-09-01,2,0,2,0,3
MMR010011,2024-09-01,0,0,0,0,0
MMR010012,2024-09-01,8,8,0,0,21
MMR010013,2024-09-01,1,0,0,1,0
MMR010014,2024-09-01,0,0,0,0,0
MMR010015,2024-09-01,2,1,0,1,2
MMR010016,2024-09-01,2,0,0,2,0
MMR010017,2024-09-01,17,7,4,6,43
MMR010018,2024-09-01,7,1,5,1,7
MMR010019,2024-09-01,10,0,10,0,4
MMR010020,2024-09-01,3,0,3,0,4
MMR010021,2024-09-01,10,3,4,3,32
MMR010022,2024-09-01,1,1,0,0,5
MMR010023,2024-09-01,0,0,0,0,0
MMR010024,2024-09-01,0,0,0,0,0
MMR010028,2024-09-01,1,0,1,0,3
MMR010029,2024-09-01,2,1,1,0,5
MMR010030,2024-09-01,0,0,0,0,0
MMR010031,2024-09-01,0,0,0,0,0
MMR011001,2024-09-01,0,0,0,0,0
MMR011002,2024-09-01,0,0,0,0,0
MMR011003,2024-09-01,0,0,0,0,0
MMR011004,2024-09-01,10,6,4,0,8
MMR011005,2024-09-01,3,1,0,2,4
MMR011006,2024-09-01,6,2,3,1,3
MMR011007,2024-09-01,4,0,2,2,5
MMR011008,2024-09-01,1,0,0,1,0
MMR011009,2024-09-01,4,1,2,1,15
MMR011010,2024-09-01,3,2,1,0,8
MMR012001,2024-09-01,13,0,11,2,0
MMR012002,2024-09-01,9,0,9,0,4
MMR012003,2024-09-01,1,0,1,0,0
MMR012004,2024-09-01,0,0,0,0,0
MMR012005,2024-09-01,0,0,0,0,0
MMR012006,2024-09-01,1,0,1,0,2
MMR012007,2024-09-01,3,0,3,0,17
MMR012008,2024-09-01,0,0,0,0,0
MMR012009,2024-09-01,21,7,13,1,77
MMR012010,2024-09-01,0,0,0,0,0
MMR012011,2024-09-01,3,0,3,0,2
MMR012012,2024-09-01,0,0,0,0,0
MMR012013,2024-09-01,0,0,0,0,0
MMR012014,2024-09-01,10,4,6,0,69
MMR012015,2024-09-01,13,1,12,0,419
MMR012016,2024-09-01,10,4,6,0,7
MMR012017,2024-09-01,19,14,4,1,12
MMR013001,2024-09-01,3,1,1,1,1
MMR013002,2024-09-01,0,0,0,0,0
MMR013003,2024-09-01,1,0,1,0,0
MMR013004,2024-09-01,0,0,0,0,0
MMR013005,2024-09-01,0,0,0,0,0
MMR013006,2024-09-01,0,0,0,0,0
MMR013007,2024-09-01,3,0,3,0,0
MMR013009,2024-09-01,0,0,0,0,0
MMR013010,2024-09-01,0,0,0,0,0
MMR013011,2024-09-01,0,0,0,0,0
MMR013012,2024-09-01,4,0,4,0,1
MMR013013,2024-09-01,0,0,0,0,0
MMR013014,2024-09-01,0,0,0,0,0
MMR013015,2024-09-01,0,0,0,0,0
MMR013016,2024-09-01,0,0,0,0,0
MMR013017,2024-09-01,0,0,0,0,0
MMR013018,2024-09-01,3,0,1,2,2
MMR013019,2024-09-01,2,0,2,0,0
MMR013020,2024-09-01,0,0,0,0,0
MMR013021,2024-09-01,0,0,0,0,0
MMR013022,2024-09-01,0,0,0,0,0
MMR013023,2024-09-01,0,0,0,0,0
MMR013024,2024-09-01,0,0,0,0,0
MMR013025,2024-09-01,0,0,0,0,0
MMR013026,2024-09-01,0,0,0,0,0
MMR013027,2024-09-01,0,0,0,0,0
MMR013028,2024-09-01,0,0,0,0,0
MMR013029,2024-09-01,0,0,0,0,0
MMR013030,2024-09-01,0,0,0,0,0
MMR013031,2024-09-01,0,0,0,0,0
MMR013032,2024-09-01,0,0,0,0,0
MMR013033,2024-09-01,0,0,0,0,0
MMR013034,2024-09-01,0,0,0,0,0
MMR013035,2024-09-01,0,0,0,0,0
MMR013036,2024-09-01,0,0,0,0,0
MMR013037,2024-09-01,0,0,0,0,0
MMR013038,2024-09-01,1,0,1,0,3
MMR013039,2024-09-01,0,0,0,0,0
MMR013040,2024-09-01,1,0,1,0,0
MMR013041,2024-09-01,0,0,0,0,0
MMR013042,2024-09-01,0,0,0,0,0
MMR013043,2024-09-01,0,0,0,0,0
MMR013044,2024-09-01,1,0,0,1,0
MMR013046,2024-09-01,0,0,0,0,0
MMR013047,2024-09-01,0,0,0,0,0
MMR014001,2024-09-01,1,0,0,1,0
MMR014002,2024-09-01,0,0,0,0,0
MMR014003,2024-09-01,1,0,0,1,0
MMR014004,2024-09-01,0,0,0,0,0
MMR014005,2024-09-01,0,0,0,0,0
MMR014006,2024-09-01,0,0,0,0,0
MMR014007,2024-09-01,1,0,0,1,1
MMR014008,2024-09-01,5,3,2,0,4
MMR014009,2024-09-01,1,0,1,0,0
MMR014010,2024-09-01,4,0,3,1,12
MMR014011,2024-09-01,0,0,0,0,0
MMR014012,2024-09-01,0,0,0,0,0
MMR014013,2024-09-01,0,0,0,0,0
MMR014014,2024-09-01,0,0,0,0,0
MMR014015,2024-09-01,1,0,1,0,1
MMR014016,2024-09-01,0,0,0,0,0
MMR014017,2024-09-01,0,0,0,0,0
MMR014018,2024-09-01,0,0,0,0,0
MMR014019,2024-09-01,0,0,0,0,0
MMR014020,2024-09-01,0,0,0,0,0
MMR014021,2024-09-01,0,0,0,0,0
MMR015001,2024-09-01,20,0,20,0,9
MMR015002,2024-09-01,1,0,1,0,0
MMR015003,2024-09-01,5,0,5,0,3
MMR015004,2024-09-01,1,0,0,1,0
MMR015005,2024-09-01,0,0,0,0,0
MMR015006,2024-09-01,0,0,0,0,0
MMR015007,2024-09-01,0,0,0,0,0
MMR015008,2024-09-01,0,0,0,0,0
MMR015009,2024-09-01,3,2,1,0,1
MMR015010,2024-09-01,2,0,2,0,11
MMR015011,2024-09-01,1,0,1,0,0
MMR015012,2024-09-01,0,0,0,0,0
MMR015013,2024-09-01,36,20,15,1,19
MMR015014,2024-09-01,28,11,17,0,25
MMR015015,2024-09-01,1,0,0,1,0
MMR015016,2024-09-01,0,0,0,0,0
MMR015017,2024-09-01,0,0,0,0,0
MMR015018,2024-09-01,0,0,0,0,0
MMR015019,2024-09-01,1,0,1,0,0
MMR015020,2024-09-01,0,0,0,0,0
MMR015021,2024-09-01,0,0,0,0,0
MMR015022,2024-09-01,0,0,0,0,0
MMR015023,2024-09-01,0,0,0,0,0
MMR015024,2024-09-01,0,0,0,0,0
MMR016001,2024-09-01,0,0,0,0,0
MMR016002,2024-09-01,0,0,0,0,0
MMR016003,2024-09-01,0,0,0,0,0
MMR016005,2024-09-01,0,0,0,0,0
MMR016006,2024-09-01,0,0,0,0,0
MMR016007,2024-09-01,1,1,0,0,5
MMR016008,2024-09-01,1,0,1,0,0
MMR016009,2024-09-01,0,0,0,0,0
MMR016010,2024-09-01,0,0,0,0,0
MMR016011,2024-09-01,0,0,0,0,0
MMR017001,2024-09-01,0,0,0,0,0
MMR017002,2024-09-01,0,0,0,0,0
MMR017003,2024-09-01,0,0,0,0,0
MMR017004,2024-09-01,0,0,0,0,0
MMR017005,2024-09-01,0,0,0,0,0
MMR017006,2024-09-01,0,0,0,0,0
MMR017007,2024-09-01,0,0,0,0,0
MMR017008,2024-09-01,0,0,0,0,0
MMR017009,2024-09-01,0,0,0,0,0
MMR017010,2024-09-01,0,0,0,0,0
MMR017011,2024-09-01,0,0,0,0,0
MMR017012,2024-09-01,0,0,0,0,0
MMR017013,2024-09-01,0,0,0,0,0
MMR017014,2024-09-01,0,0,0,0,0
MMR017015,2024-09-01,0,0,0,0,0
MMR017016,2024-09-01,0,0,0,0,0
MMR017017,2024-09-01,0,0,0,0,0
MMR017018,2024-09-01,0,0,0,0,0
MMR017019,2024-09-01,5,0,0,5,1
MMR017020,2024-09-01,0,0,0,0,0
MMR017021,2024-09-01,0,0,0,0,0
MMR017022,2024-09-01,0,0,0,0,0
MMR017023,2024-09-01,0,0,0,0,0
MMR017024,2024-09-01,0,0,0,0,0
MMR017025,2024-09-01,0,0,0,0,0
MMR017026,2024-09-01,0,0,0,0,0
MMR018001,2024-09-01,0,0,0,0,0
MMR018002,2024-09-01,0,0,0,0,0
MMR018003,2024-09-01,0,0,0,0,0
MMR018004,2024-09-01,0,0,0,0,0
MMR018005,2024-09-01,0,0,0,0,0
MMR018006,2024-09-01,0,0,0,0,0
MMR018007,2024-09-01,0,0,0,0,0
MMR018008,2024-09-01,0,0,0,0,0
MMR001001,2024-10-01,0,0,0,0,0
MMR001002,2024-10-01,7,3,4,0,2
MMR001003,2024-10-01,0,0,0,0,0
MMR001004,2024-10-01,0,0,0,0,0
MMR001005,2024-10-01,20,18,1,1,7
MMR001006,2024-10-01,2,2,0,0,0
MMR001007,2024-10-01,1,0,0,1,0
MMR001008,2024-10-01,0,0,0,0,0
MMR001009,2024-10-01,7,4,2,1,22
MMR001010,2024-10-01,7,7,0,0,0
MMR001011,2024-10-01,0,0,0,0,0
MMR001012,2024-10-01,1,1,0,0,0
MMR001013,2024-10-01,1,0,1,0,0
MMR001014,2024-10-01,0,0,0,0,0
MMR001015,2024-10-01,0,0,0,0,0
MMR001016,2024-10-01,0,0,0,0,0
MMR001017,2024-10-01,0,0,0,0,0
MMR001018,2024-10-01,0,0,0,0,0
MMR002001,2024-10-01,0,0,0,0,0
MMR002002,2024-10-01,0,0,0,0,0
MMR002003,2024-10-01,0,0,0,0,0
MMR002004,2024-10-01,0,0,0,0,0
MMR002005,2024-10-01,1,0,1,0,0
MMR002006,2024-10-01,2,2,0,0,3
MMR002007,2024-10-01,0,0,0,0,0
MMR003001,2024-10-01,1,0,1,0,3
MMR003002,2024-10-01,1,0,1,0,0
MMR003003,2024-10-01,9,4,5,0,16
MMR003004,2024-10-01,4,3,1,0,9
MMR003005,2024-10-01,10,4,5,1,12
MMR003006,2024-10-01,25,14,11,0,5
MMR003007,2024-10-01,7,1,6,0,1
MMR004001,2024-10-01,6,3,2,1,2
MMR004002,2024-10-01,9,8,1,0,28
MMR004003,2024-10-01,9,8,1,0,8
MMR004004,2024-10-01,1,0,0,1,0
MMR004005,2024-10-01,0,0,0,0,0
MMR004006,2024-10-01,5,2,2,1,0
MMR004007,2024-10-01,0,0,0,0,0
MMR004008,2024-10-01,0,0,0,0,0
MMR004009,2024-10-01,1,0,0,1,0
MMR005001,2024-10-01,6,3,2,1,8
MMR005002,2024-10-01,8,5,3,0,8
MMR005003,2024-10-01,2,0,2,0,6
MMR005004,2024-10-01,5,2,1,2,7
MMR005005,2024-10-01,9,3,6,0,6
MMR005006,2024-10-01,4,2,2,0,1
MMR005007,2024-10-01,17,2,14,1,13
MMR005008,2024-10-01,0,0,0,0,0
MMR005009,2024-10-01,16,3,12,1,20
MMR005010,2024-10-01,6,1,5,0,1
MMR005011,2024-10-01,3,0,3,0,0
MMR005012,2024-10-01,8,3,3,2,8
MMR005013,2024-10-01,43,3,21,19,31
MMR005014,2024-10-01,0,0,0,0,0
MMR005015,2024-10-01,3,1,2,0,1
MMR005016,2024-10-01,3,2,1,0,2
MMR005017,2024-10-01,6,2,4,0,0
MMR005018,2024-10-01,0,0,0,0,0
MMR005019,2024-10-01,1,0,1,0,7
MMR005020,2024-10-01,2,2,0,0,0
MMR005021,2024-10-01,0,0,0,0,0
MMR005022,2024-10-01,0,0,0,0,0
MMR005023,2024-10-01,0,0,0,0,0
MMR005024,2024-10-01,4,1,3,0,8
MMR005025,2024-10-01,0,0,0,0,0
MMR005026,2024-10-01,2,1,1,0,70
MMR005027,2024-10-01,6,1,5,0,4
MMR005028,2024-10-01,0,0,0,0,0
MMR005029,2024-10-01,1,1,0,0,0
MMR005030,2024-10-01,3,2,0,1,9
MMR005031,2024-10-01,0,0,0,0,0
MMR005032,2024-10-01,0,0,0,0,0
MMR005033,2024-10-01,0,0,0,0,0
MMR005034,2024-10-01,3,3,0,0,0
MMR005035,2024-10-01,0,0,0,0,0
MMR005036,2024-10-01,0,0,0,0,0
MMR005037,2024-10-01,0,0,0,0,0
MMR006001,2024-10-01,7,1,4,2,19
MMR006002,2024-10-01,18,4,3,11,20
MMR006003,2024-10-01,8,0,6,2,6
MMR006004,2024-10-01,2,1,1,0,5
MMR006005,2024-10-01,1,0,0,1,0
MMR006006,2024-10-01,2,1,0,1,2
MMR006007,2024-10-01,13,3,7,3,2
MMR006008,2024-10-01,16,2,13,1,11
MMR006009,2024-10-01,5,1,1,3,3
MMR006010,2024-10-01,0,0,0,0,0
MMR007001,2024-10-01,0,0,0,0,0
MMR007002,2024-10-01,0,0,0,0,0
MMR007003,2024-10-01,0,0,0,0,0
MMR007004,2024-10-01,1,1,0,0,5
MMR007005,2024-10-01,3,0,3,0,0
MMR007006,2024-10-01,7,1,4,2,3
MMR007007,2024-10-01,1,0,0,1,1
MMR007008,2024-10-01,11,2,9,0,5
MMR007009,2024-10-01,6,2,2,2,17
MMR007010,2024-10-01,15,7,8,0,20
MMR007011,2024-10-01,28,6,22,0,26
MMR007012,2024-10-01,7,0,7,0,7
MMR007013,2024-10-01,1,0,1,0,0
MMR007014,2024-10-01,2,1,0,1,1
MMR008001,2024-10-01,1,1,0,0,0
MMR008002,2024-10-01,0,0,0,0,0
MMR008003,2024-10-01,0,0,0,0,0
MMR008004,2024-10-01,1,1,0,0,0
MMR008005,2024-10-01,3,1,0,2,2
MMR008006,2024-10-01,2,0,1,1,1
MMR008007,2024-10-01,1,0,0,1,0
MMR008008,2024-10-01,0,0,0,0,0
MMR008009,2024-10-01,0,0,0,0,0
MMR008010,2024-10-01,5,1,2,2,30
MMR008011,2024-10-01,4,3,1,0,0
MMR008012,2024-10-01,2,0,1,1,3
MMR008013,2024-10-01,0,0,0,0,0
MMR008014,2024-10-01,8,4,1,3,33
MMR009001,2024-10-01,1,0,0,1,0
MMR009002,2024-10-01,3,2,1,0,15
MMR009003,2024-10-01,6,3,2,1,6
MMR009004,2024-10-01,0,0,0,0,0
MMR009005,2024-10-01,0,0,0,0,0
MMR009006,2024-10-01,5,2,1,2,5
MMR009007,2024-10-01,1,1,0,0,4
MMR009008,2024-10-01,4,0,4,0,3
MMR009009,2024-10-01,0,0,0,0,0
MMR009010,2024-10-01,5,4,0,1,10
MMR009011,2024-10-01,1,1,0,0,1
MMR009012,2024-10-01,1,0,0,1,0
MMR009013,2024-10-01,2,1,1,0,11
MMR009014,2024-10-01,2,2,0,0,8
MMR009015,2024-10-01,0,0,0,0,0
MMR009016,2024-10-01,2,1,1,0,7
MMR009017,2024-10-01,0,0,0,0,0
MMR009018,2024-10-01,10,1,3,6,14
MMR009019,2024-10-01,6,2,3,1,13
MMR009020,2024-10-01,5,0,3,2,0
MMR009021,2024-10-01,9,3,4,2,22
MMR009022,2024-10-01,1,0,1,0,0
MMR009023,2024-10-01,12,0,12,0,3
MMR009024,2024-10-01,7,0,6,1,13
MMR009025,2024-10-01,2,0,2,0,2
MMR010001,2024-10-01,0,0,0,0,0
MMR010002,2024-10-01,0,0,0,0,0
MMR010003,2024-10-01,1,1,0,0,0
MMR010004,2024-10-01,1,0,1,0,0
MMR010005,2024-10-01,2,1,1,0,1
MMR010006,2024-10-01,0,0,0,0,0
MMR010007,2024-10-01,0,0,0,0,0
MMR010008,2024-10-01,0,0,0,0,0
MMR010009,2024-10-01,38,8,29,1,23
MMR010010,2024-10-01,0,0,0,0,0
MMR010011,2024-10-01,0,0,0,0,0
MMR010012,2024-10-01,2,2,0,0,0
MMR010013,2024-10-01,1,0,0,1,1
MMR010014,2024-10-01,0,0,0,0,0
MMR010015,2024-10-01,0,0,0,0,0
MMR010016,2024-10-01,0,0,0,0,0
MMR010017,2024-10-01,18,3,13,2,30
MMR010018,2024-10-01,4,2,1,1,6
MMR010019,2024-10-01,11,3,8,0,8
MMR010020,2024-10-01,0,0,0,0,0
MMR010021,2024-10-01,16,8,7,1,19
MMR010022,2024-10-01,2,1,0,1,1
MMR010023,2024-10-01,2,0,2,0,15
MMR010024,2024-10-01,0,0,0,0,0
MMR010028,2024-10-01,0,0,0,0,0
MMR010029,2024-10-01,1,0,1,0,1
MMR010030,2024-10-01,0,0,0,0,0
MMR010031,2024-10-01,1,1,0,0,0
MMR011001,2024-10-01,1,1,0,0,0
MMR011002,2024-10-01,1,0,1,0,0
MMR011003,2024-10-01,0,0,0,0,0
MMR011004,2024-10-01,3,2,0,1,0
MMR011005,2024-10-01,1,0,1,0,3
MMR011006,2024-10-01,9,5,2,2,14
MMR011007,2024-10-01,0,0,0,0,0
MMR011008,2024-10-01,2,2,0,0,0
MMR011009,2024-10-01,7,3,2,2,1
MMR011010,2024-10-01,4,3,0,1,8
MMR012001,2024-10-01,6,1,5,0,0
MMR012002,2024-10-01,7,0,7,0,0
MMR012003,2024-10-01,0,0,0,0,0
MMR012004,2024-10-01,1,0,1,0,4
MMR012005,2024-10-01,0,0,0,0,0
MMR012006,2024-10-01,1,0,1,0,0
MMR012007,2024-10-01,6,0,6,0,0
MMR012008,2024-10-01,1,0,1,0,0
MMR012009,2024-10-01,26,9,15,2,9
MMR012010,2024-10-01,4,3,0,1,6
MMR012011,2024-10-01,6,1,5,0,0
MMR012012,2024-10-01,0,0,0,0,0
MMR012013,2024-10-01,1,0,1,0,2
MMR012014,2024-10-01,48,30,17,1,68
MMR012015,2024-10-01,6,0,6,0,1
MMR012016,2024-10-01,12,1,11,0,28
MMR012017,2024-10-01,38,25,10,3,27
MMR013001,2024-10-01,0,0,0,0,0
MMR013002,2024-10-01,3,0,3,0,0
MMR013003,2024-10-01,1,0,1,0,0
MMR013004,2024-10-01,0,0,0,0,0
MMR013005,2024-10-01,0,0,0,0,0
MMR013006,2024-10-01,0,0,0,0,0
MMR013007,2024-10-01,3,0,2,1,0
MMR013009,2024-10-01,0,0,0,0,0
MMR013010,2024-10-01,0,0,0,0,0
MMR013011,2024-10-01,0,0,0,0,0
MMR013012,2024-10-01,3,0,2,1,0
MMR013013,2024-10-01,0,0,0,0,0
MMR013014,2024-10-01,0,0,0,0,0
MMR013015,2024-10-01,0,0,0,0,0
MMR013016,2024-10-01,0,0,0,0,0
MMR013017,2024-10-01,0,0,0,0,0
MMR013018,2024-10-01,1,0,1,0,0
MMR013019,2024-10-01,0,0,0,0,0
MMR013020,2024-10-01,0,0,0,0,0
MMR013021,2024-10-01,0,0,0,0,0
MMR013022,2024-10-01,0,0,0,0,0
MMR013023,2024-10-01,0,0,0,0,0
MMR013024,2024-10-01,0,0,0,0,0
MMR013025,2024-10-01,0,0,0,0,0
MMR013026,2024-10-01,0,0,0,0,0
MMR013027,2024-10-01,0,0,0,0,0
MMR013028,2024-10-01,0,0,0,0,0
MMR013029,2024-10-01,0,0,0,0,0
MMR013030,2024-10-01,1,0,0,1,0
MMR013031,2024-10-01,0,0,0,0,0
MMR013032,2024-10-01,0,0,0,0,0
MMR013033,2024-10-01,0,0,0,0,0
MMR013034,2024-10-01,0,0,0,0,0
MMR013035,2024-10-01,0,0,0,0,0
MMR013036,2024-10-01,0,0,0,0,0
MMR013037,2024-10-01,0,0,0,0,0
MMR013038,2024-10-01,0,0,0,0,0
MMR013039,2024-10-01,0,0,0,0,0
MMR013040,2024-10-01,0,0,0,0,0
MMR013041,2024-10-01,0,0,0,0,0
MMR013042,2024-10-01,1,0,1,0,0
MMR013043,2024-10-01,1,0,1,0,0
MMR013044,2024-10-01,0,0,0,0,0
MMR013046,2024-10-01,3,0,0,3,2
MMR013047,2024-10-01,0,0,0,0,0
MMR014001,2024-10-01,0,0,0,0,0
MMR014002,2024-10-01,1,0,1,0,0
MMR014003,2024-10-01,1,0,1,0,0
MMR014004,2024-10-01,0,0,0,0,0
MMR014005,2024-10-01,0,0,0,0,0
MMR014006,2024-10-01,0,0,0,0,0
MMR014007,2024-10-01,1,0,0,1,2
MMR014008,2024-10-01,1,1,0,0,0
MMR014009,2024-10-01,17,13,1,3,4
MMR014010,2024-10-01,2,0,1,1,1
MMR014011,2024-10-01,1,0,0,1,0
MMR014012,2024-10-01,0,0,0,0,0
MMR014013,2024-10-01,0,0,0,0,0
MMR014014,2024-10-01,0,0,0,0,0
MMR014015,2024-10-01,0,0,0,0,0
MMR014016,2024-10-01,0,0,0,0,0
MMR014017,2024-10-01,0,0,0,0,0
MMR014018,2024-10-01,0,0,0,0,0
MMR014019,2024-10-01,0,0,0,0,0
MMR014020,2024-10-01,0,0,0,0,0
MMR014021,2024-10-01,0,0,0,0,0
MMR015001,2024-10-01,16,0,14,2,9
MMR015002,2024-10-01,4,0,4,0,0
MMR015003,2024-10-01,2,0,2,0,2
MMR015004,2024-10-01,0,0,0,0,0
MMR015005,2024-10-01,0,0,0,0,0
MMR015006,2024-10-01,0,0,0,0,0
MMR015007,2024-10-01,0,0,0,0,0
MMR015008,2024-10-01,0,0,0,0,0
MMR015009,2024-10-01,2,1,1,0,0
MMR015010,2024-10-01,3,0,3,0,0
MMR015011,2024-10-01,6,0,5,1,2
MMR015012,2024-10-01,1,0,0,1,1
MMR015013,2024-10-01,44,27,17,0,21
MMR015014,2024-10-01,18,7,11,0,4
MMR015015,2024-10-01,2,0,2,0,0
MMR015016,2024-10-01,2,0,2,0,1
MMR015017,2024-10-01,0,0,0,0,0
MMR015018,2024-10-01,0,0,0,0,0
MMR015019,2024-10-01,1,1,0,0,0
MMR015020,2024-10-01,1,0,1,0,0
MMR015021,2024-10-01,0,0,0,0,0
MMR015022,2024-10-01,3,0,3,0,0
MMR015023,2024-10-01,0,0,0,0,0
MMR015024,2024-10-01,0,0,0,0,0
MMR016001,2024-10-01,0,0,0,0,0
MMR016002,2024-10-01,0,0,0,0,0
MMR016003,2024-10-01,0,0,0,0,0
MMR016005,2024-10-01,0,0,0,0,0
MMR016006,2024-10-01,0,0,0,0,0
MMR016007,2024-10-01,0,0,0,0,0
MMR016008,2024-10-01,0,0,0,0,0
MMR016009,2024-10-01,0,0,0,0,0
MMR016010,2024-10-01,0,0,0,0,0
MMR016011,2024-10-01,0,0,0,0,0
MMR017001,2024-10-01,1,0,0,1,0
MMR017002,2024-10-01,0,0,0,0,0
MMR017003,2024-10-01,0,0,0,0,0
MMR017004,2024-10-01,0,0,0,0,0
MMR017005,2024-10-01,0,0,0,0,0
MMR017006,2024-10-01,0,0,0,0,0
MMR017007,2024-10-01,0,0,0,0,0
MMR017008,2024-10-01,0,0,0,0,0
MMR017009,2024-10-01,0,0,0,0,0
MMR017010,2024-10-01,0,0,0,0,0
MMR017011,2024-10-01,1,0,0,1,0
MMR017012,2024-10-01,1,1,0,0,1
MMR017013,2024-10-01,0,0,0,0,0
MMR017014,2024-10-01,0,0,0,0,0
MMR017015,2024-10-01,0,0,0,0,0
MMR017016,2024-10-01,0,0,0,0,0
MMR017017,2024-10-01,0,0,0,0,0
MMR017018,2024-10-01,0,0,0,0,0
MMR017019,2024-10-01,0,0,0,0,0
MMR017020,2024-10-01,0,0,0,0,0
MMR017021,2024-10-01,0,0,0,0,0
MMR017022,2024-10-01,0,0,0,0,0
MMR017023,2024-10-01,0,0,0,0,0
MMR017024,2024-10-01,1,0,0,1,0
MMR017025,2024-10-01,0,0,0,0,0
MMR017026,2024-10-01,0,0,0,0,0
MMR018001,2024-10-01,0,0,0,0,0
MMR018002,2024-10-01,0,0,0,0,0
MMR018003,2024-10-01,0,0,0,0,0
MMR018004,2024-10-01,1,0,0,1,0
MMR018005,2024-10-01,0,0,0,0,0
MMR018006,2024-10-01,0,0,0,0,0
MMR018007,2024-10-01,0,0,0,0,0
MMR018008,2024-10-01,0,0,0,0,0
MMR001001,2024-11-01,0,0,0,0,0
MMR001002,2024-11-01,7,2,5,0,7
MMR001003,2024-11-01,0,0,0,0,0
MMR001004,2024-11-01,0,0,0,0,0
MMR001005,2024-11-01,4,4,0,0,0
MMR001006,2024-11-01,3,2,1,0,3
MMR001007,2024-11-01,1,1,0,0,10
MMR001008,2024-11-01,0,0,0,0,0
MMR001009,2024-11-01,1,1,0,0,0
MMR001010,2024-11-01,3,2,1,0,0
MMR001011,2024-11-01,0,0,0,0,0
MMR001012,2024-11-01,5,4,1,0,9
MMR001013,2024-11-01,0,0,0,0,0
MMR001014,2024-11-01,0,0,0,0,0
MMR001015,2024-11-01,0,0,0,0,0
MMR001016,2024-11-01,0,0,0,0,0
MMR001017,2024-11-01,0,0,0,0,0
MMR001018,2024-11-01,0,0,0,0,0
MMR002001,2024-11-01,11,7,4,0,23
MMR002002,2024-11-01,0,0,0,0,0
MMR002003,2024-11-01,0,0,0,0,0
MMR002004,2024-11-01,0,0,0,0,0
MMR002005,2024-11-01,2,2,0,0,0
MMR002006,2024-11-01,5,0,5,0,0
MMR002007,2024-11-01,0,0,0,0,0
MMR003001,2024-11-01,1,0,1,0,0
MMR003002,2024-11-01,2,1,1,0,11
MMR003003,2024-11-01,17,14,3,0,52
MMR003004,2024-11-01,3,2,1,0,7
MMR003005,2024-11-01,1,1,0,0,0
MMR003006,2024-11-01,18,14,3,1,1
MMR003007,2024-11-01,14,8,3,3,6
MMR004001,2024-11-01,10,6,4,0,7
MMR004002,2024-11-01,6,6,0,0,42
MMR004003,2024-11-01,13,13,0,0,16
MMR004004,2024-11-01,0,0,0,0,0
MMR004005,2024-11-01,0,0,0,0,0
MMR004006,2024-11-01,21,13,8,0,0
MMR004007,2024-11-01,0,0,0,0,0
MMR004008,2024-11-01,1,1,0,0,0
MMR004009,2024-11-01,1,0,1,0,1
MMR005001,2024-11-01,17,7,8,2,26
MMR005002,2024-11-01,6,2,4,0,7
MMR005003,2024-11-01,4,1,3,0,1
MMR005004,2024-11-01,8,1,6,1,12
MMR005005,2024-11-01,4,0,3,1,1
MMR005006,2024-11-01,3,3,0,0,6
MMR005007,2024-11-01,11,1,8,2,12
MMR005008,2024-11-01,15,5,9,1,5
MMR005009,2024-11-01,8,2,4,2,9
MMR005010,2024-11-01,0,0,0,0,0
MMR005011,2024-11-01,8,0,7,1,4
MMR005012,2024-11-01,23,10,8,5,23
MMR005013,2024-11-01,10,3,1,6,23
MMR005014,2024-11-01,3,1,2,0,0
MMR005015,2024-11-01,13,5,6,2,17
MMR005016,2024-11-01,3,1,2,0,0
MMR005017,2024-11-01,1,0,0,1,3
MMR005018,2024-11-01,2,2,0,0,0
MMR005019,2024-11-01,17,6,11,0,15
MMR005020,2024-11-01,0,0,0,0,0
MMR005021,2024-11-01,7,5,2,0,0
MMR005022,2024-11-01,0,0,0,0,0
MMR005023,2024-11-01,0,0,0,0,0
MMR005024,2024-11-01,2,0,2,0,0
MMR005025,2024-11-01,0,0,0,0,0
MMR005026,2024-11-01,0,0,0,0,0
MMR005027,2024-11-01,11,2,9,0,19
MMR005028,2024-11-01,1,1,0,0,3
MMR005029,2024-11-01,0,0,0,0,0
MMR005030,2024-11-01,1,0,0,1,0
MMR005031,2024-11-01,0,0,0,0,0
MMR005032,2024-11-01,1,0,1,0,1
MMR005033,2024-11-01,2,2,0,0,22
MMR005034,2024-11-01,19,16,0,3,3
MMR005035,2024-11-01,0,0,0,0,0
MMR005036,2024-11-01,0,0,0,0,0
MMR005037,2024-11-01,0,0,0,0,0
MMR006001,2024-11-01,5,2,3,0,10
MMR006002,2024-11-01,7,2,5,0,16
MMR006003,2024-11-01,1,1,0,0,3
MMR006004,2024-11-01,1,0,1,0,10
MMR006005,2024-11-01,2,0,1,1,2
MMR006006,2024-11-01,0,0,0,0,0
MMR006007,2024-11-01,1,0,0,1,1
MMR006008,2024-11-01,14,2,12,0,17
MMR006009,2024-11-01,5,0,3,2,8
MMR006010,2024-11-01,0,0,0,0,0
MMR007001,2024-11-01,0,0,0,0,0
MMR007002,2024-11-01,0,0,0,0,0
MMR007003,2024-11-01,0,0,0,0,0
MMR007004,2024-11-01,0,0,0,0,0
MMR007005,2024-11-01,8,0,8,0,0
MMR007006,2024-11-01,16,1,15,0,4
MMR007007,2024-11-01,0,0,0,0,0
MMR007008,2024-11-01,8,0,8,0,0
MMR007009,2024-11-01,7,3,3,1,0
MMR007010,2024-11-01,5,2,2,1,11
MMR007011,2024-11-01,58,1,57,0,15
MMR007012,2024-11-01,4,2,2,0,3
MMR007013,2024-11-01,0,0,0,0,0
MMR007014,2024-11-01,0,0,0,0,0
MMR008001,2024-11-01,4,0,0,4,0
MMR008002,2024-11-01,3,1,0,2,3
MMR008003,2024-11-01,1,0,0,1,0
MMR008004,2024-11-01,2,1,0,1,1
MMR008005,2024-11-01,1,1,0,0,1
MMR008006,2024-11-01,1,0,0,1,0
MMR008007,2024-11-01,3,0,1,2,0
MMR008008,2024-11-01,2,1,0,1,14
MMR008009,2024-11-01,6,2,0,4,46
MMR008010,2024-11-01,8,2,0,6,2
MMR008011,2024-11-01,2,2,0,0,5
MMR008012,2024-11-01,3,0,1,2,4
MMR008013,2024-11-01,0,0,0,0,0
MMR008014,2024-11-01,8,4,0,4,5
MMR009001,2024-11-01,0,0,0,0,0
MMR009002,2024-11-01,6,4,0,2,34
MMR009003,2024-11-01,2,0,2,0,20
MMR009004,2024-11-01,0,0,0,0,0
MMR009005,2024-11-01,3,2,0,1,5
MMR009006,2024-11-01,3,1,1,1,0
MMR009007,2024-11-01,3,2,0,1,11
MMR009008,2024-11-01,11,3,6,2,8
MMR009009,2024-11-01,4,3,1,0,30
MMR009010,2024-11-01,5,4,1,0,22
MMR009011,2024-11-01,2,1,0,1,2
MMR009012,2024-11-01,0,0,0,0,0
MMR009013,2024-11-01,0,0,0,0,0
MMR009014,2024-11-01,7,2,4,1,31
MMR009015,2024-11-01,0,0,0,0,0
MMR009016,2024-11-01,1,0,0,1,0
MMR009017,2024-11-01,0,0,0,0,0
MMR009018,2024-11-01,13,3,8,2,9
MMR009019,2024-11-01,7,5,2,0,3
MMR009020,2024-11-01,9,6,3,0,9
MMR009021,2024-11-01,20,3,17,0,0
MMR009022,2024-11-01,2,1,1,0,8
MMR009023,2024-11-01,11,2,9,0,2
MMR009024,2024-11-01,5,3,1,1,9
MMR009025,2024-11-01,11,3,8,0,5
MMR010001,2024-11-01,0,0,0,0,0
MMR010002,2024-11-01,0,0,0,0,0
MMR010003,2024-11-01,0,0,0,0,0
MMR010004,2024-11-01,0,0,0,0,0
MMR010005,2024-11-01,1,0,0,1,0
MMR010006,2024-11-01,0,0,0,0,0
MMR010007,2024-11-01,1,0,1,0,0
MMR010008,2024-11-01,0,0,0,0,0
MMR010009,2024-11-01,30,11,19,0,25
MMR010010,2024-11-01,0,0,0,0,0
MMR010011,2024-11-01,2,0,2,0,29
MMR010012,2024-11-01,9,6,3,0,4
MMR010013,2024-11-01,1,0,0,1,0
MMR010014,2024-11-01,0,0,0,0,0
MMR010015,2024-11-01,1,0,0,1,0
MMR010016,2024-11-01,4,0,0,4,0
MMR010017,2024-11-01,26,14,9,3,65
MMR010018,2024-11-01,7,5,2,0,27
MMR010019,2024-11-01,8,1,7,0,10
MMR010020,2024-11-01,1,0,0,1,1
MMR010021,2024-11-01,4,1,3,0,4
MMR010022,2024-11-01,4,1,0,3,4
MMR010023,2024-11-01,0,0,0,0,0
MMR010024,2024-11-01,0,0,0,0,0
MMR010028,2024-11-01,3,0,2,1,0
MMR010029,2024-11-01,1,0,0,1,2
MMR010030,2024-11-01,0,0,0,0,0
MMR010031,2024-11-01,8,0,1,7,0
MMR011001,2024-11-01,0,0,0,0,0
MMR011002,2024-11-01,1,1,0,0,0
MMR011003,2024-11-01,0,0,0,0,0
MMR011004,2024-11-01,3,2,1,0,5
MMR011005,2024-11-01,2,0,1,1,5
MMR011006,2024-11-01,6,2,3,1,7
MMR011007,2024-11-01,2,1,0,1,3
MMR011008,2024-11-01,2,1,0,1,0
MMR011009,2024-11-01,6,4,1,1,6
MMR011010,2024-11-01,0,0,0,0,0
MMR012001,2024-11-01,1,0,0,1,1
MMR012002,2024-11-01,0,0,0,0,0
MMR012003,2024-11-01,0,0,0,0,0
MMR012004,2024-11-01,1,0,1,0,0
MMR012005,2024-11-01,0,0,0,0,0
MMR012006,2024-11-01,0,0,0,0,0
MMR012007,2024-11-01,0,0,0,0,0
MMR012008,2024-11-01,0,0,0,0,0
MMR012009,2024-11-01,18,4,13,1,5
MMR012010,2024-11-01,3,2,1,0,1
MMR012011,2024-11-01,1,0,0,1,1
MMR012012,2024-11-01,0,0,0,0,0
MMR012013,2024-11-01,0,0,0,0,0
MMR012014,2024-11-01,39,31,7,1,121
MMR012015,2024-11-01,4,0,4,0,3
MMR012016,2024-11-01,44,18,24,2,14
MMR012017,2024-11-01,54,43,10,1,140
MMR013001,2024-11-01,4,0,1,3,1
MMR013002,2024-11-01,4,1,3,0,0
MMR013003,2024-11-01,2,0,2,0,0
MMR013004,2024-11-01,0,0,0,0,0
MMR013005,2024-11-01,0,0,0,0,0
MMR013006,2024-11-01,0,0,0,0,0
MMR013007,2024-11-01,1,0,1,0,0
MMR013009,2024-11-01,0,0,0,0,0
MMR013010,2024-11-01,1,0,1,0,0
MMR013011,2024-11-01,1,0,1,0,0
MMR013012,2024-11-01,1,0,1,0,0
MMR013013,2024-11-01,0,0,0,0,0
MMR013014,2024-11-01,0,0,0,0,0
MMR013015,2024-11-01,2,0,2,0,1
MMR013016,2024-11-01,0,0,0,0,0
MMR013017,2024-11-01,0,0,0,0,0
MMR013018,2024-11-01,0,0,0,0,0
MMR013019,2024-11-01,0,0,0,0,0
MMR013020,2024-11-01,0,0,0,0,0
MMR013021,2024-11-01,0,0,0,0,0
MMR013022,2024-11-01,0,0,0,0,0
MMR013023,2024-11-01,0,0,0,0,0
MMR013024,2024-11-01,0,0,0,0,0
MMR013025,2024-11-01,0,0,0,0,0
MMR013026,2024-11-01,0,0,0,0,0
MMR013027,2024-11-01,0,0,0,0,0
MMR013028,2024-11-01,0,0,0,0,0
MMR013029,2024-11-01,0,0,0,0,0
MMR013030,2024-11-01,0,0,0,0,0
MMR013031,2024-11-01,0,0,0,0,0
MMR013032,2024-11-01,0,0,0,0,0
MMR013033,2024-11-01,0,0,0,0,0
MMR013034,2024-11-01,0,0,0,0,0
MMR013035,2024-11-01,0,0,0,0,0
MMR013036,2024-11-01,0,0,0,0,0
MMR013037,2024-11-01,0,0,0,0,0
MMR013038,2024-11-01,0,0,0,0,0
MMR013039,2024-11-01,0,0,0,0,0
MMR013040,2024-11-01,0,0,0,0,0
MMR013041,2024-11-01,0,0,0,0,0
MMR013042,2024-11-01,0,0,0,0,0
MMR013043,2024-11-01,0,0,0,0,0
MMR013044,2024-11-01,1,0,0,1,0
MMR013046,2024-11-01,0,0,0,0,0
MMR013047,2024-11-01,1,0,1,0,1
MMR014001,2024-11-01,1,0,0,1,1
MMR014002,2024-11-01,4,1,2,1,8
MMR014003,2024-11-01,1,0,0,1,1
MMR014004,2024-11-01,2,1,0,1,4
MMR014005,2024-11-01,0,0,0,0,0
MMR014006,2024-11-01,0,0,0,0,0
MMR014007,2024-11-01,4,2,0,2,9
MMR014008,2024-11-01,1,1,0,0,5
MMR014009,2024-11-01,2,1,1,0,0
MMR014010,2024-11-01,21,4,16,1,14
MMR014011,2024-11-01,0,0,0,0,0
MMR014012,2024-11-01,0,0,0,0,0
MMR014013,2024-11-01,0,0,0,0,0
MMR014014,2024-11-01,0,0,0,0,0
MMR014015,2024-11-01,0,0,0,0,0
MMR014016,2024-11-01,3,2,0,1,1
MMR014017,2024-11-01,0,0,0,0,0
MMR014018,2024-11-01,0,0,0,0,0
MMR014019,2024-11-01,3,0,0,3,0
MMR014020,2024-11-01,12,10,1,1,31
MMR014021,2024-11-01,0,0,0,0,0
MMR015001,2024-11-01,4,0,3,1,3
MMR015002,2024-11-01,0,0,0,0,0
MMR015003,2024-11-01,2,0,1,1,0
MMR015004,2024-11-01,1,0,0,1,1
MMR015005,2024-11-01,0,0,0,0,0
MMR015006,2024-11-01,0,0,0,0,0
MMR015007,2024-11-01,0,0,0,0,0
MMR015008,2024-11-01,0,0,0,0,0
MMR015009,2024-11-01,2,1,1,0,0
MMR015010,2024-11-01,0,0,0,0,0
MMR015011,2024-11-01,3,0,3,0,5
MMR015012,2024-11-01,4,0,2,2,13
MMR015013,2024-11-01,44,19,25,0,26
MMR015014,2024-11-01,3,0,3,0,0
MMR015015,2024-11-01,1,0,0,1,0
MMR015016,2024-11-01,1,0,0,1,1
MMR015017,2024-11-01,1,0,0,1,0
MMR015018,2024-11-01,0,0,0,0,0
MMR015019,2024-11-01,1,0,0,1,0
MMR015020,2024-11-01,1,0,0,1,0
MMR015021,2024-11-01,0,0,0,0,0
MMR015022,2024-11-01,0,0,0,0,0
MMR015023,2024-11-01,0,0,0,0,0
MMR015024,2024-11-01,0,0,0,0,0
MMR016001,2024-11-01,0,0,0,0,0
MMR016002,2024-11-01,0,0,0,0,0
MMR016003,2024-11-01,0,0,0,0,0
MMR016005,2024-11-01,0,0,0,0,0
MMR016006,2024-11-01,0,0,0,0,0
MMR016007,2024-11-01,0,0,0,0,0
MMR016008,2024-11-01,0,0,0,0,0
MMR016009,2024-11-01,0,0,0,0,0
MMR016010,2024-11-01,0,0,0,0,0
MMR016011,2024-11-01,0,0,0,0,0
MMR017001,2024-11-01,1,0,0,1,0
MMR017002,2024-11-01,0,0,0,0,0
MMR017003,2024-11-01,0,0,0,0,0
MMR017004,2024-11-01,0,0,0,0,0
MMR017005,2024-11-01,0,0,0,0,0
MMR017006,2024-11-01,1,0,0,1,0
MMR017007,2024-11-01,0,0,0,0,0
MMR017008,2024-11-01,1,0,0,1,0
MMR017009,2024-11-01,0,0,0,0,0
MMR017010,2024-11-01,0,0,0,0,0
MMR017011,2024-11-01,0,0,0,0,0
MMR017012,2024-11-01,1,0,0,1,0
MMR017013,2024-11-01,0,0,0,0,0
MMR017014,2024-11-01,0,0,0,0,0
MMR017015,2024-11-01,1,0,0,1,0
MMR017016,2024-11-01,0,0,0,0,0
MMR017017,2024-11-01,1,0,0,1,0
MMR017018,2024-11-01,3,0,0,3,0
MMR017019,2024-11-01,1,0,0,1,0
MMR017020,2024-11-01,0,0,0,0,0
MMR017021,2024-11-01,1,0,0,1,0
MMR017022,2024-11-01,0,0,0,0,0
MMR017023,2024-11-01,0,0,0,0,0
MMR017024,2024-11-01,0,0,0,0,0
MMR017025,2024-11-01,0,0,0,0,0
MMR017026,2024-11-01,0,0,0,0,0
MMR018001,2024-11-01,0,0,0,0,0
MMR018002,2024-11-01,1,0,1,0,6
MMR018003,2024-11-01,0,0,0,0,0
MMR018004,2024-11-01,0,0,0,0,0
MMR018005,2024-11-01,0,0,0,0,0
MMR018006,2024-11-01,3,1,0,2,9
MMR018007,2024-11-01,1,1,0,0,0
MMR018008,2024-11-01,1,1,0,0,2
MMR001001,2024-12-01,3,1,2,0,0
MMR001002,2024-12-01,4,0,4,0,1
MMR001003,2024-12-01,0,0,0,0,0
MMR001004,2024-12-01,0,0,0,0,0
MMR001005,2024-12-01,0,0,0,0,0
MMR001006,2024-12-01,0,0,0,0,0
MMR001007,2024-12-01,0,0,0,0,0
MMR001008,2024-12-01,0,0,0,0,0
MMR001009,2024-12-01,1,1,0,0,4
MMR001010,2024-12-01,23,19,4,0,16
MMR001011,2024-12-01,0,0,0,0,0
MMR001012,2024-12-01,2,2,0,0,0
MMR001013,2024-12-01,9,9,0,0,1
MMR001014,2024-12-01,0,0,0,0,0
MMR001015,2024-12-01,0,0,0,0,0
MMR001016,2024-12-01,0,0,0,0,0
MMR001017,2024-12-01,0,0,0,0,0
MMR001018,2024-12-01,2,1,1,0,0
MMR002001,2024-12-01,7,4,2,1,15
MMR002002,2024-12-01,1,0,1,0,0
MMR002003,2024-12-01,0,0,0,0,0
MMR002004,2024-12-01,2,2,0,0,0
MMR002005,2024-12-01,0,0,0,0,0
MMR002006,2024-12-01,0,0,0,0,0
MMR002007,2024-12-01,0,0,0,0,0
MMR003001,2024-12-01,4,1,0,3,11
MMR003002,2024-12-01,2,2,0,0,22
MMR003003,2024-12-01,24,20,4,0,13
MMR003004,2024-12-01,0,0,0,0,0
MMR003005,2024-12-01,2,1,1,0,3
MMR003006,2024-12-01,3,2,0,1,3
MMR003007,2024-12-01,5,2,2,1,23
MMR004001,2024-12-01,6,4,2,0,0
MMR004002,2024-12-01,9,4,5,0,11
MMR004003,2024-12-01,1,1,0,0,0
MMR004004,2024-12-01,0,0,0,0,0
MMR004005,2024-12-01,0,0,0,0,0
MMR004006,2024-12-01,11,7,4,0,1
MMR004007,2024-12-01,0,0,0,0,0
MMR004008,2024-12-01,0,0,0,0,0
MMR004009,2024-12-01,0,0,0,0,0
MMR005001,2024-12-01,10,5,2,3,19
MMR005002,2024-12-01,5,2,3,0,5
MMR005003,2024-12-01,0,0,0,0,0
MMR005004,2024-12-01,10,2,3,5,9
MMR005005,2024-12-01,1,1,0,0,1
MMR005006,2024-12-01,1,0,1,0,2
MMR005007,2024-12-01,3,2,1,0,16
MMR005008,2024-12-01,1,1,0,0,2
MMR005009,2024-12-01,9,1,1,7,0
MMR005010,2024-12-01,0,0,0,0,0
MMR005011,2024-12-01,0,0,0,0,0
MMR005012,2024-12-01,17,6,7,4,22
MMR005013,2024-12-01,11,1,1,9,4
MMR005014,2024-12-01,0,0,0,0,0
MMR005015,2024-12-01,17,5,10,2,24
MMR005016,2024-12-01,1,0,1,0,0
MMR005017,2024-12-01,4,0,4,0,5
MMR005018,2024-12-01,4,3,1,0,7
MMR005019,2024-12-01,1,0,1,0,0
MMR005020,2024-12-01,0,0,0,0,0
MMR005021,2024-12-01,1,1,0,0,0
MMR005022,2024-12-01,0,0,0,0,0
MMR005023,2024-12-01,2,0,1,1,1
MMR005024,2024-12-01,0,0,0,0,0
MMR005025,2024-12-01,0,0,0,0,0
MMR005026,2024-12-01,0,0,0,0,0
MMR005027,2024-12-01,13,0,4,9,2
MMR005028,2024-12-01,8,4,4,0,10
MMR005029,2024-12-01,0,0,0,0,0
MMR005030,2024-12-01,0,0,0,0,0
MMR005031,2024-12-01,0,0,0,0,0
MMR005032,2024-12-01,0,0,0,0,0
MMR005033,2024-12-01,0,0,0,0,0
MMR005034,2024-12-01,0,0,0,0,0
MMR005035,2024-12-01,0,0,0,0,0
MMR005036,2024-12-01,0,0,0,0,0
MMR005037,2024-12-01,0,0,0,0,0
MMR006001,2024-12-01,10,7,2,1,31
MMR006002,2024-12-01,11,7,3,1,45
MMR006003,2024-12-01,3,3,0,0,23
MMR006004,2024-12-01,3,1,2,0,20
MMR006005,2024-12-01,5,4,0,1,2
MMR006006,2024-12-01,0,0,0,0,0
MMR006007,2024-12-01,1,0,0,1,0
MMR006008,2024-12-01,15,9,6,0,0
MMR006009,2024-12-01,3,1,0,2,10
MMR006010,2024-12-01,1,1,0,0,0
MMR007001,2024-12-01,0,0,0,0,0
MMR007002,2024-12-01,0,0,0,0,0
MMR007003,2024-12-01,0,0,0,0,0
MMR007004,2024-12-01,0,0,0,0,0
MMR007005,2024-12-01,16,7,8,1,10
MMR007006,2024-12-01,12,0,11,1,0
MMR007007,2024-12-01,0,0,0,0,0
MMR007008,2024-12-01,10,1,9,0,6
MMR007009,2024-12-01,3,0,3,0,14
MMR007010,2024-12-01,6,3,2,1,36
MMR007011,2024-12-01,34,3,31,0,9
MMR007012,2024-12-01,18,3,15,0,25
MMR007013,2024-12-01,6,1,4,1,70
MMR007014,2024-12-01,0,0,0,0,0
MMR008001,2024-12-01,0,0,0,0,0
MMR008002,2024-12-01,3,0,0,3,1
MMR008003,2024-12-01,5,0,0,5,0
MMR008004,2024-12-01,6,2,0,4,5
MMR008005,2024-12-01,1,0,0,1,1
MMR008006,2024-12-01,1,0,0,1,0
MMR008007,2024-12-01,3,0,0,3,0
MMR008008,2024-12-01,4,1,1,2,7
MMR008009,2024-12-01,6,0,0,6,0
MMR008010,2024-12-01,16,5,0,11,9
MMR008011,2024-12-01,1,1,0,0,3
MMR008012,2024-12-01,8,5,3,0,6
MMR008013,2024-12-01,3,0,0,3,0
MMR008014,2024-12-01,8,2,0,6,18
MMR009001,2024-12-01,0,0,0,0,0
MMR009002,2024-12-01,2,1,0,1,2
MMR009003,2024-12-01,2,1,1,0,0
MMR009004,2024-12-01,2,0,1,1,4
MMR009005,2024-12-01,1,0,0,1,0
MMR009006,2024-12-01,6,0,2,4,23
MMR009007,2024-12-01,2,0,1,1,0
MMR009008,2024-12-01,4,0,1,3,0
MMR009009,2024-12-01,9,7,2,0,27
MMR009010,2024-12-01,16,3,13,0,24
MMR009011,2024-12-01,0,0,0,0,0
MMR009012,2024-12-01,0,0,0,0,0
MMR009013,2024-12-01,3,0,1,2,0
MMR009014,2024-12-01,1,1,0,0,0
MMR009015,2024-12-01,5,1,2,2,7
MMR009016,2024-12-01,7,1,0,6,0
MMR009017,2024-12-01,0,0,0,0,0
MMR009018,2024-12-01,12,5,6,1,35
MMR009019,2024-12-01,23,17,6,0,28
MMR009020,2024-12-01,13,8,4,1,19
MMR009021,2024-12-01,6,4,1,1,19
MMR009022,2024-12-01,10,4,5,1,13
MMR009023,2024-12-01,7,1,6,0,4
MMR009024,2024-12-01,1,1,0,0,0
MMR009025,2024-12-01,7,5,2,0,3
MMR010001,2024-12-01,1,0,0,1,0
MMR010002,2024-12-01,1,0,0,1,0
MMR010003,2024-12-01,2,0,0,2,0
MMR010004,2024-12-01,1,0,0,1,0
MMR010005,2024-12-01,2,0,1,1,0
MMR010006,2024-12-01,2,0,0,2,1
MMR010007,2024-12-01,2,0,1,1,3
MMR010008,2024-12-01,0,0,0,0,0
MMR010009,2024-12-01,21,7,14,0,31
MMR010010,2024-12-01,0,0,0,0,0
MMR010011,2024-12-01,1,0,0,1,0
MMR010012,2024-12-01,12,6,6,0,2
MMR010013,2024-12-01,0,0,0,0,0
MMR010014,2024-12-01,1,0,1,0,0
MMR010015,2024-12-01,0,0,0,0,0
MMR010016,2024-12-01,0,0,0,0,0
MMR010017,2024-12-01,15,8,1,6,27
MMR010018,2024-12-01,10,4,5,1,6
MMR010019,2024-12-01,21,4,16,1,34
MMR010020,2024-12-01,2,1,0,1,3
MMR010021,2024-12-01,4,0,4,0,11
MMR010022,2024-12-01,5,0,0,5,0
MMR010023,2024-12-01,0,0,0,0,0
MMR010024,2024-12-01,3,0,0,3,0
MMR010028,2024-12-01,0,0,0,0,0
MMR010029,2024-12-01,1,0,0,1,0
MMR010030,2024-12-01,0,0,0,0,0
MMR010031,2024-12-01,2,1,1,0,5
MMR011001,2024-12-01,1,0,0,1,0
MMR011002,2024-12-01,0,0,0,0,0
MMR011003,2024-12-01,0,0,0,0,0
MMR011004,2024-12-01,1,0,1,0,1
MMR011005,2024-12-01,0,0,0,0,0
MMR011006,2024-12-01,5,2,3,0,10
MMR011007,2024-12-01,4,0,0,4,0
MMR011008,2024-12-01,0,0,0,0,0
MMR011009,2024-12-01,7,1,5,1,12
MMR011010,2024-12-01,2,0,2,0,0
MMR012001,2024-12-01,7,6,1,0,0
MMR012002,2024-12-01,5,0,4,1,6
MMR012003,2024-12-01,0,0,0,0,0
MMR012004,2024-12-01,2,0,2,0,1
MMR012005,2024-12-01,0,0,0,0,0
MMR012006,2024-12-01,1,0,0,1,0
MMR012007,2024-12-01,9,0,9,0,1
MMR012008,2024-12-01,0,0,0,0,0
MMR012009,2024-12-01,24,11,8,5,3
MMR012010,2024-12-01,1,0,0,1,1
MMR012011,2024-12-01,2,0,1,1,0
MMR012012,2024-12-01,1,0,0,1,0
MMR012013,2024-12-01,0,0,0,0,0
MMR012014,2024-12-01,19,14,5,0,1
MMR012015,2024-12-01,4,1,3,0,1
MMR012016,2024-12-01,10,4,6,0,3
MMR012017,2024-12-01,44,33,11,0,41
MMR013001,2024-12-01,2,0,2,0,0
MMR013002,2024-12-01,4,0,3,1,0
MMR013003,2024-12-01,2,0,1,1,15
MMR013004,2024-12-01,0,0,0,0,0
MMR013005,2024-12-01,0,0,0,0,0
MMR013006,2024-12-01,0,0,0,0,0
MMR013007,2024-12-01,3,0,2,1,0
MMR013009,2024-12-01,1,0,0,1,0
MMR013010,2024-12-01,0,0,0,0,0
MMR013011,2024-12-01,0,0,0,0,0
MMR013012,2024-12-01,4,0,1,3,0
MMR013013,2024-12-01,3,0,0,3,0
MMR013014,2024-12-01,0,0,0,0,0
MMR013015,2024-12-01,1,0,1,0,0
MMR013016,2024-12-01,0,0,0,0,0
MMR013017,2024-12-01,0,0,0,0,0
MMR013018,2024-12-01,1,0,0,1,0
MMR013019,2024-12-01,1,0,0,1,0
MMR013020,2024-12-01,0,0,0,0,0
MMR013021,2024-12-01,1,0,0,1,0
MMR013022,2024-12-01,0,0,0,0,0
MMR013023,2024-12-01,0,0,0,0,0
MMR013024,2024-12-01,0,0,0,0,0
MMR013025,2024-12-01,0,0,0,0,0
MMR013026,2024-12-01,0,0,0,0,0
MMR013027,2024-12-01,0,0,0,0,0
MMR013028,2024-12-01,1,0,0,1,0
MMR013029,2024-12-01,0,0,0,0,0
MMR013030,2024-12-01,0,0,0,0,0
MMR013031,2024-12-01,0,0,0,0,0
MMR013032,2024-12-01,0,0,0,0,0
MMR013033,2024-12-01,0,0,0,0,0
MMR013034,2024-12-01,0,0,0,0,0
MMR013035,2024-12-01,0,0,0,0,0
MMR013036,2024-12-01,0,0,0,0,0
MMR013037,2024-12-01,0,0,0,0,0
MMR013038,2024-12-01,0,0,0,0,0
MMR013039,2024-12-01,2,0,1,1,1
MMR013040,2024-12-01,0,0,0,0,0
MMR013041,2024-12-01,0,0,0,0,0
MMR013042,2024-12-01,1,0,0,1,0
MMR013043,2024-12-01,0,0,0,0,0
MMR013044,2024-12-01,0,0,0,0,0
MMR013046,2024-12-01,2,0,2,0,0
MMR013047,2024-12-01,1,0,0,1,0
MMR014001,2024-12-01,3,0,0,3,1
MMR014002,2024-12-01,0,0,0,0,0
MMR014003,2024-12-01,0,0,0,0,0
MMR014004,2024-12-01,2,0,1,1,2
MMR014005,2024-12-01,0,0,0,0,0
MMR014006,2024-12-01,1,1,0,0,3
MMR014007,2024-12-01,4,3,0,1,3
MMR014008,2024-12-01,20,17,3,0,46
MMR014009,2024-12-01,0,0,0,0,0
MMR014010,2024-12-01,11,1,10,0,6
MMR014011,2024-12-01,0,0,0,0,0
MMR014012,2024-12-01,1,0,1,0,0
MMR014013,2024-12-01,0,0,0,0,0
MMR014014,2024-12-01,0,0,0,0,0
MMR014015,2024-12-01,0,0,0,0,0
MMR014016,2024-12-01,3,0,2,1,0
MMR014017,2024-12-01,0,0,0,0,0
MMR014018,2024-12-01,0,0,0,0,0
MMR014019,2024-12-01,0,0,0,0,0
MMR014020,2024-12-01,1,0,1,0,0
MMR014021,2024-12-01,0,0,0,0,0
MMR015001,2024-12-01,1,0,1,0,0
MMR015002,2024-12-01,1,0,1,0,5
MMR015003,2024-12-01,0,0,0,0,0
MMR015004,2024-12-01,0,0,0,0,0
MMR015005,2024-12-01,0,0,0,0,0
MMR015006,2024-12-01,0,0,0,0,0
MMR015007,2024-12-01,0,0,0,0,0
MMR015008,2024-12-01,0,0,0,0,0
MMR015009,2024-12-01,5,2,1,2,2
MMR015010,2024-12-01,0,0,0,0,0
MMR015011,2024-12-01,1,1,0,0,0
MMR015012,2024-12-01,0,0,0,0,0
MMR015013,2024-12-01,20,16,4,0,16
MMR015014,2024-12-01,1,0,1,0,0
MMR015015,2024-12-01,1,1,0,0,1
MMR015016,2024-12-01,3,1,0,2,0
MMR015017,2024-12-01,0,0,0,0,0
MMR015018,2024-12-01,0,0,0,0,0
MMR015019,2024-12-01,0,0,0,0,0
MMR015020,2024-12-01,0,0,0,0,0
MMR015021,2024-12-01,0,0,0,0,0
MMR015022,2024-12-01,1,0,0,1,6
MMR015023,2024-12-01,0,0,0,0,0
MMR015024,2024-12-01,0,0,0,0,0
MMR016001,2024-12-01,0,0,0,0,0
MMR016002,2024-12-01,0,0,0,0,0
MMR016003,2024-12-01,0,0,0,0,0
MMR016005,2024-12-01,0,0,0,0,0
MMR016006,2024-12-01,1,0,0,1,1
MMR016007,2024-12-01,0,0,0,0,0
MMR016008,2024-12-01,0,0,0,0,0
MMR016009,2024-12-01,0,0,0,0,0
MMR016010,2024-12-01,0,0,0,0,0
MMR016011,2024-12-01,0,0,0,0,0
MMR017001,2024-12-01,1,0,0,1,0
MMR017002,2024-12-01,0,0,0,0,0
MMR017003,2024-12-01,0,0,0,0,0
MMR017004,2024-12-01,1,0,1,0,0
MMR017005,2024-12-01,4,0,0,4,0
MMR017006,2024-12-01,2,2,0,0,0
MMR017007,2024-12-01,0,0,0,0,0
MMR017008,2024-12-01,1,0,1,0,8
MMR017009,2024-12-01,0,0,0,0,0
MMR017010,2024-12-01,1,0,1,0,0
MMR017011,2024-12-01,0,0,0,0,0
MMR017012,2024-12-01,0,0,0,0,0
MMR017013,2024-12-01,0,0,0,0,0
MMR017014,2024-12-01,1,0,0,1,0
MMR017015,2024-12-01,0,0,0,0,0
MMR017016,2024-12-01,0,0,0,0,0
MMR017017,2024-12-01,1,0,0,1,1
MMR017018,2024-12-01,0,0,0,0,0
MMR017019,2024-12-01,1,0,0,1,0
MMR017020,2024-12-01,1,0,0,1,0
MMR017021,2024-12-01,2,0,0,2,0
MMR017022,2024-12-01,0,0,0,0,0
MMR017023,2024-12-01,2,0,0,2,0
MMR017024,2024-12-01,2,0,0,2,0
MMR017025,2024-12-01,0,0,0,0,0
MMR017026,2024-12-01,0,0,0,0,0
MMR018001,2024-12-01,0,0,0,0,0
MMR018002,2024-12-01,0,0,0,0,0
MMR018003,2024-12-01,3,0,0,3,0
MMR018004,2024-12-01,4,0,0,4,0
MMR018005,2024-12-01,1,0,0,1,0
MMR018006,2024-12-01,7,0,0,7,0
MMR018007,2024-12-01,1,0,0,1,0
MMR018008,2024-12-01,1,0,0,1,0
MMR001001,2025-01-01,1,0,1,0,0
MMR001002,2025-01-01,6,1,5,0,2
MMR001003,2025-01-01,0,0,0,0,0
MMR001004,2025-01-01,1,0,1,0,15
MMR001005,2025-01-01,0,0,0,0,0
MMR001006,2025-01-01,0,0,0,0,0
MMR001007,2025-01-01,0,0,0,0,0
MMR001008,2025-01-01,0,0,0,0,0
MMR001009,2025-01-01,5,0,5,0,8
MMR001010,2025-01-01,15,14,1,0,3
MMR001011,2025-01-01,0,0,0,0,0
MMR001012,2025-01-01,0,0,0,0,0
MMR001013,2025-01-01,1,1,0,0,0
MMR001014,2025-01-01,1,1,0,0,1
MMR001015,2025-01-01,0,0,0,0,0
MMR001016,2025-01-01,0,0,0,0,0
MMR001017,2025-01-01,0,0,0,0,0
MMR001018,2025-01-01,0,0,0,0,0
MMR002001,2025-01-01,6,0,6,0,8
MMR002002,2025-01-01,5,0,5,0,3
MMR002003,2025-01-01,0,0,0,0,0
MMR002004,2025-01-01,0,0,0,0,0
MMR002005,2025-01-01,3,1,2,0,8
MMR002006,2025-01-01,0,0,0,0,0
MMR002007,2025-01-01,0,0,0,0,0
MMR003001,2025-01-01,3,0,3,0,0
MMR003002,2025-01-01,0,0,0,0,0
MMR003003,2025-01-01,10,7,3,0,4
MMR003004,2025-01-01,1,1,0,0,3
MMR003005,2025-01-01,6,0,6,0,2
MMR003006,2025-01-01,27,15,10,2,34
MMR003007,2025-01-01,11,6,5,0,23
MMR004001,2025-01-01,5,3,2,0,8
MMR004002,2025-01-01,0,0,0,0,0
MMR004003,2025-01-01,0,0,0,0,0
MMR004004,2025-01-01,1,0,1,0,0
MMR004005,2025-01-01,0,0,0,0,0
MMR004006,2025-01-01,0,0,0,0,0
MMR004007,2025-01-01,2,1,0,1,4
MMR004008,2025-01-01,1,0,0,1,0
MMR004009,2025-01-01,2,0,1,1,0
MMR005001,2025-01-01,11,4,4,3,23
MMR005002,2025-01-01,2,1,1,0,6
MMR005003,2025-01-01,0,0,0,0,0
MMR005004,2025-01-01,13,5,4,4,48
MMR005005,2025-01-01,0,0,0,0,0
MMR005006,2025-01-01,2,1,1,0,20
MMR005007,2025-01-01,14,1,5,8,7
MMR005008,2025-01-01,0,0,0,0,0
MMR005009,2025-01-01,6,0,1,5,1
MMR005010,2025-01-01,5,3,2,0,0
MMR005011,2025-01-01,1,1,0,0,1
MMR005012,2025-01-01,16,9,2,5,22
MMR005013,2025-01-01,3,1,2,0,1
MMR005014,2025-01-01,10,3,5,2,27
MMR005015,2025-01-01,12,5,6,1,17
MMR005016,2025-01-01,5,0,5,0,0
MMR005017,2025-01-01,1,0,1,0,0
MMR005018,2025-01-01,9,3,6,0,6
MMR005019,2025-01-01,0,0,0,0,0
MMR005020,2025-01-01,0,0,0,0,0
MMR005021,2025-01-01,11,7,3,1,8
MMR005022,2025-01-01,1,0,1,0,1
MMR005023,2025-01-01,4,2,0,2,0
MMR005024,2025-01-01,1,0,0,1,1
MMR005025,2025-01-01,0,0,0,0,0
MMR005026,2025-01-01,0,0,0,0,0
MMR005027,2025-01-01,16,1,10,5,18
MMR005028,2025-01-01,0,0,0,0,0
MMR005029,2025-01-01,2,1,0,1,6
MMR005030,2025-01-01,21,11,10,0,13
MMR005031,2025-01-01,0,0,0,0,0
MMR005032,2025-01-01,3,0,3,0,1
MMR005033,2025-01-01,0,0,0,0,0
MMR005034,2025-01-01,5,4,1,0,0
MMR005035,2025-01-01,0,0,0,0,0
MMR005036,2025-01-01,0,0,0,0,0
MMR005037,2025-01-01,0,0,0,0,0
MMR006001,2025-01-01,10,8,2,0,30
MMR006002,2025-01-01,5,2,2,1,15
MMR006003,2025-01-01,6,3,3,0,17
MMR006004,2025-01-01,1,0,1,0,0
MMR006005,2025-01-01,1,1,0,0,3
MMR006006,2025-01-01,0,0,0,0,0
MMR006007,2025-01-01,9,5,4,0,9
MMR006008,2025-01-01,20,7,11,2,32
MMR006009,2025-01-01,1,1,0,0,1
MMR006010,2025-01-01,0,0,0,0,0
MMR007001,2025-01-01,1,1,0,0,1
MMR007002,2025-01-01,0,0,0,0,0
MMR007003,2025-01-01,0,0,0,0,0
MMR007004,2025-01-01,0,0,0,0,0
MMR007005,2025-01-01,11,4,6,1,6
MMR007006,2025-01-01,2,0,2,0,1
MMR007007,2025-01-01,0,0,0,0,0
MMR007008,2025-01-01,5,0,5,0,1
MMR007009,2025-01-01,1,0,1,0,7
MMR007010,2025-01-01,10,6,4,0,13
MMR007011,2025-01-01,19,2,16,1,10
MMR007012,2025-01-01,1,1,0,0,3
MMR007013,2025-01-01,2,1,0,1,6
MMR007014,2025-01-01,1,0,1,0,0
MMR008001,2025-01-01,6,0,0,6,6
MMR008002,2025-01-01,3,2,0,1,2
MMR008003,2025-01-01,13,5,2,6,9
MMR008004,2025-01-01,2,0,0,2,0
MMR008005,2025-01-01,1,1,0,0,3
MMR008006,2025-01-01,0,0,0,0,0
MMR008007,2025-01-01,3,0,0,3,0
MMR008008,2025-01-01,2,0,1,1,0
MMR008009,2025-01-01,11,1,2,8,3
MMR008010,2025-01-01,16,1,0,15,4
MMR008011,2025-01-01,3,0,0,3,1
MMR008012,2025-01-01,13,5,5,3,26
MMR008013,2025-01-01,2,0,0,2,0
MMR008014,2025-01-01,7,0,0,7,2
MMR009001,2025-01-01,0,0,0,0,0
MMR009002,2025-01-01,1,0,0,1,0
MMR009003,2025-01-01,8,3,3,2,16
MMR009004,2025-01-01,2,0,0,2,1
MMR009005,2025-01-01,0,0,0,0,0
MMR009006,2025-01-01,3,0,0,3,3
MMR009007,2025-01-01,7,0,1,6,0
MMR009008,2025-01-01,13,4,3,6,24
MMR009009,2025-01-01,24,21,3,0,84
MMR009010,2025-01-01,21,9,12,0,33
MMR009011,2025-01-01,1,0,0,1,2
MMR009012,2025-01-01,0,0,0,0,0
MMR009013,2025-01-01,3,1,2,0,31
MMR009014,2025-01-01,4,2,2,0,25
MMR009015,2025-01-01,0,0,0,0,0
MMR009016,2025-01-01,0,0,0,0,0
MMR009017,2025-01-01,2,1,0,1,6
MMR009018,2025-01-01,8,3,5,0,19
MMR009019,2025-01-01,5,2,3,0,7
MMR009020,2025-01-01,19,11,8,0,24
MMR009021,2025-01-01,3,2,1,0,1
MMR009022,2025-01-01,8,2,4,2,18
MMR009023,2025-01-01,1,0,1,0,0
MMR009024,2025-01-01,3,1,2,0,0
MMR009025,2025-01-01,3,2,0,1,0
MMR010001,2025-01-01,0,0,0,0,0
MMR010002,2025-01-01,0,0,0,0,0
MMR010003,2025-01-01,0,0,0,0,0
MMR010004,2025-01-01,1,1,0,0,2
MMR010005,2025-01-01,2,0,0,2,2
MMR010006,2025-01-01,2,1,0,1,1
MMR010007,2025-01-01,3,1,1,1,1
MMR010008,2025-01-01,1,0,0,1,0
MMR010009,2025-01-01,11,3,8,0,4
MMR010010,2025-01-01,3,0,3,0,0
MMR010011,2025-01-01,1,0,1,0,0
MMR010012,2025-01-01,5,1,4,0,2
MMR010013,2025-01-01,0,0,0,0,0
MMR010014,2025-01-01,1,1,0,0,1
MMR010015,2025-01-01,0,0,0,0,0
MMR010016,2025-01-01,1,1,0,0,1
MMR010017,2025-01-01,6,3,2,1,41
MMR010018,2025-01-01,20,5,12,3,41
MMR010019,2025-01-01,5,3,1,1,74
MMR010020,2025-01-01,2,0,1,1,1
MMR010021,2025-01-01,12,3,9,0,50
MMR010022,2025-01-01,3,0,0,3,0
MMR010023,2025-01-01,0,0,0,0,0
MMR010024,2025-01-01,1,0,0,1,0
MMR010028,2025-01-01,1,0,0,1,0
MMR010029,2025-01-01,2,1,1,0,6
MMR010030,2025-01-01,0,0,0,0,0
MMR010031,2025-01-01,10,0,1,9,0
MMR011001,2025-01-01,0,0,0,0,0
MMR011002,2025-01-01,9,0,9,0,13
MMR011003,2025-01-01,0,0,0,0,0
MMR011004,2025-01-01,0,0,0,0,0
MMR011005,2025-01-01,3,1,1,1,0
MMR011006,2025-01-01,12,7,3,2,79
MMR011007,2025-01-01,5,0,5,0,0
MMR011008,2025-01-01,0,0,0,0,0
MMR011009,2025-01-01,11,0,8,3,6
MMR011010,2025-01-01,19,4,14,1,8
MMR012001,2025-01-01,13,9,3,1,1
MMR012002,2025-01-01,6,0,6,0,5
MMR012003,2025-01-01,2,0,2,0,29
MMR012004,2025-01-01,2,0,2,0,2
MMR012005,2025-01-01,0,0,0,0,0
MMR012006,2025-01-01,1,0,1,0,1
MMR012007,2025-01-01,2,0,1,1,0
MMR012008,2025-01-01,2,0,2,0,1
MMR012009,2025-01-01,6,1,2,3,2
MMR012010,2025-01-01,0,0,0,0,0
MMR012011,2025-01-01,11,0,10,1,0
MMR012012,2025-01-01,0,0,0,0,0
MMR012013,2025-01-01,2,0,2,0,41
MMR012014,2025-01-01,8,7,1,0,24
MMR012015,2025-01-01,1,0,1,0,0
MMR012016,2025-01-01,10,9,1,0,7
MMR012017,2025-01-01,6,5,1,0,0
MMR013001,2025-01-01,0,0,0,0,0
MMR013002,2025-01-01,1,0,1,0,0
MMR013003,2025-01-01,2,0,1,1,0
MMR013004,2025-01-01,0,0,0,0,0
MMR013005,2025-01-01,0,0,0,0,0
MMR013006,2025-01-01,0,0,0,0,0
MMR013007,2025-01-01,1,0,1,0,0
MMR013009,2025-01-01,0,0,0,0,0
MMR013010,2025-01-01,0,0,0,0,0
MMR013011,2025-01-01,0,0,0,0,0
MMR013012,2025-01-01,2,0,1,1,0
MMR013013,2025-01-01,0,0,0,0,0
MMR013014,2025-01-01,0,0,0,0,0
MMR013015,2025-01-01,0,0,0,0,0
MMR013016,2025-01-01,1,0,0,1,0
MMR013017,2025-01-01,0,0,0,0,0
MMR013018,2025-01-01,0,0,0,0,0
MMR013019,2025-01-01,1,0,0,1,0
MMR013020,2025-01-01,1,0,0,1,0
MMR013021,2025-01-01,0,0,0,0,0
MMR013022,2025-01-01,0,0,0,0,0
MMR013023,2025-01-01,0,0,0,0,0
MMR013024,2025-01-01,0,0,0,0,0
MMR013025,2025-01-01,0,0,0,0,0
MMR013026,2025-01-01,1,1,0,0,2
MMR013027,2025-01-01,0,0,0,0,0
MMR013028,2025-01-01,0,0,0,0,0
MMR013029,2025-01-01,0,0,0,0,0
MMR013030,2025-01-01,0,0,0,0,0
MMR013031,2025-01-01,0,0,0,0,0
MMR013032,2025-01-01,0,0,0,0,0
MMR013033,2025-01-01,0,0,0,0,0
MMR013034,2025-01-01,0,0,0,0,0
MMR013035,2025-01-01,0,0,0,0,0
MMR013036,2025-01-01,0,0,0,0,0
MMR013037,2025-01-01,0,0,0,0,0
MMR013038,2025-01-01,1,0,0,1,1
MMR013039,2025-01-01,0,0,0,0,0
MMR013040,2025-01-01,0,0,0,0,0
MMR013041,2025-01-01,0,0,0,0,0
MMR013042,2025-01-01,0,0,0,0,0
MMR013043,2025-01-01,0,0,0,0,0
MMR013044,2025-01-01,1,0,0,1,0
MMR013046,2025-01-01,2,0,0,2,0
MMR013047,2025-01-01,1,0,0,1,0
MMR014001,2025-01-01,2,0,1,1,0
MMR014002,2025-01-01,4,1,3,0,7
MMR014003,2025-01-01,0,0,0,0,0
MMR014004,2025-01-01,14,5,8,1,171
MMR014005,2025-01-01,1,0,0,1,0
MMR014006,2025-01-01,0,0,0,0,0
MMR014007,2025-01-01,0,0,0,0,0
MMR014008,2025-01-01,17,9,8,0,63
MMR014009,2025-01-01,1,0,1,0,4
MMR014010,2025-01-01,25,10,15,0,9
MMR014011,2025-01-01,1,0,1,0,2
MMR014012,2025-01-01,0,0,0,0,0
MMR014013,2025-01-01,1,1,0,0,0
MMR014014,2025-01-01,0,0,0,0,0
MMR014015,2025-01-01,1,0,1,0,0
MMR014016,2025-01-01,3,0,1,2,1
MMR014017,2025-01-01,0,0,0,0,0
MMR014018,2025-01-01,0,0,0,0,0
MMR014019,2025-01-01,0,0,0,0,0
MMR014020,2025-01-01,0,0,0,0,0
MMR014021,2025-01-01,0,0,0,0,0
MMR015001,2025-01-01,1,1,0,0,0
MMR015002,2025-01-01,1,0,1,0,0
MMR015003,2025-01-01,0,0,0,0,0
MMR015004,2025-01-01,0,0,0,0,0
MMR015005,2025-01-01,0,0,0,0,0
MMR015006,2025-01-01,0,0,0,0,0
MMR015007,2025-01-01,0,0,0,0,0
MMR015008,2025-01-01,0,0,0,0,0
MMR015009,2025-01-01,3,1,2,0,1
MMR015010,2025-01-01,1,0,0,1,0
MMR015011,2025-01-01,1,0,0,1,0
MMR015012,2025-01-01,5,0,3,2,3
MMR015013,2025-01-01,9,2,7,0,9
MMR015014,2025-01-01,3,0,3,0,2
MMR015015,2025-01-01,0,0,0,0,0
MMR015016,2025-01-01,3,3,0,0,0
MMR015017,2025-01-01,1,0,1,0,0
MMR015018,2025-01-01,0,0,0,0,0
MMR015019,2025-01-01,0,0,0,0,0
MMR015020,2025-01-01,0,0,0,0,0
MMR015021,2025-01-01,0,0,0,0,0
MMR015022,2025-01-01,0,0,0,0,0
MMR015023,2025-01-01,0,0,0,0,0
MMR015024,2025-01-01,0,0,0,0,0
MMR016001,2025-01-01,0,0,0,0,0
MMR016002,2025-01-01,0,0,0,0,0
MMR016003,2025-01-01,0,0,0,0,0
MMR016005,2025-01-01,0,0,0,0,0
MMR016006,2025-01-01,0,0,0,0,0
MMR016007,2025-01-01,0,0,0,0,0
MMR016008,2025-01-01,0,0,0,0,0
MMR016009,2025-01-01,0,0,0,0,0
MMR016010,2025-01-01,0,0,0,0,0
MMR016011,2025-01-01,0,0,0,0,0
MMR017001,2025-01-01,32,22,10,0,7
MMR017002,2025-01-01,0,0,0,0,0
MMR017003,2025-01-01,8,3,0,5,4
MMR017004,2025-01-01,0,0,0,0,0
MMR017005,2025-01-01,1,0,0,1,1
MMR017006,2025-01-01,4,3,1,0,0
MMR017007,2025-01-01,0,0,0,0,0
MMR017008,2025-01-01,0,0,0,0,0
MMR017009,2025-01-01,0,0,0,0,0
MMR017010,2025-01-01,0,0,0,0,0
MMR017011,2025-01-01,0,0,0,0,0
MMR017012,2025-01-01,0,0,0,0,0
MMR017013,2025-01-01,0,0,0,0,0
MMR017014,2025-01-01,1,0,0,1,0
MMR017015,2025-01-01,0,0,0,0,0
MMR017016,2025-01-01,0,0,0,0,0
MMR017017,2025-01-01,0,0,0,0,0
MMR017018,2025-01-01,1,0,0,1,0
MMR017019,2025-01-01,1,1,0,0,0
MMR017020,2025-01-01,0,0,0,0,0
MMR017021,2025-01-01,0,0,0,0,0
MMR017022,2025-01-01,0,0,0,0,0
MMR017023,2025-01-01,0,0,0,0,0
MMR017024,2025-01-01,0,0,0,0,0
MMR017025,2025-01-01,1,0,0,1,0
MMR017026,2025-01-01,0,0,0,0,0
MMR018001,2025-01-01,0,0,0,0,0
MMR018002,2025-01-01,1,0,1,0,4
MMR018003,2025-01-01,1,0,1,0,0
MMR018004,2025-01-01,1,0,0,1,0
MMR018005,2025-01-01,1,0,0,1,0
MMR018006,2025-01-01,1,0,1,0,0
MMR018007,2025-01-01,0,0,0,0,0
MMR018008,2025-01-01,0,0,0,0,0
MMR001001,2025-02-01,3,1,2,0,0
MMR001002,2025-02-01,5,0,4,1,0
MMR001003,2025-02-01,0,0,0,0,0
MMR001004,2025-02-01,0,0,0,0,0
MMR001005,2025-02-01,0,0,0,0,0
MMR001006,2025-02-01,2,0,2,0,0
MMR001007,2025-02-01,1,1,0,0,1
MMR001008,2025-02-01,1,0,0,1,0
MMR001009,2025-02-01,7,1,6,0,1
MMR001010,2025-02-01,26,15,11,0,8
MMR001011,2025-02-01,0,0,0,0,0
MMR001012,2025-02-01,4,0,4,0,7
MMR001013,2025-02-01,3,0,3,0,2
MMR001014,2025-02-01,0,0,0,0,0
MMR001015,2025-02-01,1,1,0,0,0
MMR001016,2025-02-01,0,0,0,0,0
MMR001017,2025-02-01,0,0,0,0,0
MMR001018,2025-02-01,0,0,0,0,0
MMR002001,2025-02-01,2,1,1,0,0
MMR002002,2025-02-01,2,0,2,0,0
MMR002003,2025-02-01,0,0,0,0,0
MMR002004,2025-02-01,3,3,0,0,0
MMR002005,2025-02-01,1,0,1,0,2
MMR002006,2025-02-01,0,0,0,0,0
MMR002007,2025-02-01,0,0,0,0,0
MMR003001,2025-02-01,10,0,10,0,1
MMR003002,2025-02-01,4,4,0,0,0
MMR003003,2025-02-01,11,5,6,0,9
MMR003004,2025-02-01,2,2,0,0,21
MMR003005,2025-02-01,1,1,0,0,0
MMR003006,2025-02-01,10,7,3,0,16
MMR003007,2025-02-01,5,2,3,0,1
MMR004001,2025-02-01,5,3,2,0,2
MMR004002,2025-02-01,1,0,1,0,0
MMR004003,2025-02-01,0,0,0,0,0
MMR004004,2025-02-01,3,1,0,2,2
MMR004005,2025-02-01,0,0,0,0,0
MMR004006,2025-02-01,0,0,0,0,0
MMR004007,2025-02-01,0,0,0,0,0
MMR004008,2025-02-01,0,0,0,0,0
MMR004009,2025-02-01,2,0,1,1,0
MMR005001,2025-02-01,12,4,5,3,13
MMR005002,2025-02-01,2,2,0,0,2
MMR005003,2025-02-01,2,1,1,0,5
MMR005004,2025-02-01,9,1,4,4,3
MMR005005,2025-02-01,0,0,0,0,0
MMR005006,2025-02-01,5,2,1,2,5
MMR005007,2025-02-01,18,7,10,1,39
MMR005008,2025-02-01,1,0,0,1,1
MMR005009,2025-02-01,9,2,7,0,3
MMR005010,2025-02-01,0,0,0,0,0
MMR005011,2025-02-01,0,0,0,0,0
MMR005012,2025-02-01,37,14,21,2,47
MMR005013,2025-02-01,7,1,6,0,9
MMR005014,2025-02-01,5,4,1,0,16
MMR005015,2025-02-01,29,11,17,1,89
MMR005016,2025-02-01,2,2,0,0,0
MMR005017,2025-02-01,7,0,7,0,10
MMR005018,2025-02-01,7,2,4,1,3
MMR005019,2025-02-01,2,1,1,0,2
MMR005020,2025-02-01,2,0,2,0,0
MMR005021,2025-02-01,4,2,0,2,4
MMR005022,2025-02-01,0,0,0,0,0
MMR005023,2025-02-01,1,1,0,0,0
MMR005024,2025-02-01,1,0,1,0,0
MMR005025,2025-02-01,0,0,0,0,0
MMR005026,2025-02-01,0,0,0,0,0
MMR005027,2025-02-01,35,7,25,3,57
MMR005028,2025-02-01,0,0,0,0,0
MMR005029,2025-02-01,2,2,0,0,4
MMR005030,2025-02-01,3,2,0,1,1
MMR005031,2025-02-01,0,0,0,0,0
MMR005032,2025-02-01,0,0,0,0,0
MMR005033,2025-02-01,0,0,0,0,0
MMR005034,2025-02-01,1,0,1,0,0
MMR005035,2025-02-01,0,0,0,0,0
MMR005036,2025-02-01,0,0,0,0,0
MMR005037,2025-02-01,0,0,0,0,0
MMR006001,2025-02-01,4,1,3,0,8
MMR006002,2025-02-01,7,1,4,2,2
MMR006003,2025-02-01,8,3,5,0,28
MMR006004,2025-02-01,0,0,0,0,0
MMR006005,2025-02-01,1,0,1,0,0
MMR006006,2025-02-01,0,0,0,0,0
MMR006007,2025-02-01,9,2,2,5,21
MMR006008,2025-02-01,20,9,7,4,10
MMR006009,2025-02-01,1,0,0,1,1
MMR006010,2025-02-01,4,3,0,1,25
MMR007001,2025-02-01,0,0,0,0,0
MMR007002,2025-02-01,0,0,0,0,0
MMR007003,2025-02-01,0,0,0,0,0
MMR007004,2025-02-01,0,0,0,0,0
MMR007005,2025-02-01,2,0,2,0,0
MMR007006,2025-02-01,20,4,16,0,14
MMR007007,2025-02-01,0,0,0,0,0
MMR007008,2025-02-01,1,1,0,0,5
MMR007009,2025-02-01,3,2,0,1,5
MMR007010,2025-02-01,4,2,2,0,3
MMR007011,2025-02-01,15,4,10,1,9
MMR007012,2025-02-01,5,4,1,0,4
MMR007013,2025-02-01,3,0,0,3,2
MMR007014,2025-02-01,0,0,0,0,0
MMR008001,2025-02-01,1,0,0,1,0
MMR008002,2025-02-01,12,2,10,0,10
MMR008003,2025-02-01,9,9,0,0,4
MMR008004,2025-02-01,1,0,1,0,0
MMR008005,2025-02-01,2,2,0,0,5
MMR008006,2025-02-01,0,0,0,0,0
MMR008007,2025-02-01,3,0,0,3,0
MMR008008,2025-02-01,7,1,0,6,3
MMR008009,2025-02-01,9,4,0,5,10
MMR008010,2025-02-01,8,1,1,6,7
MMR008011,2025-02-01,2,2,0,0,5
MMR008012,2025-02-01,3,2,0,1,6
MMR008013,2025-02-01,4,0,0,4,1
MMR008014,2025-02-01,10,2,1,7,6
MMR009001,2025-02-01,1,0,0,1,1
MMR009002,2025-02-01,0,0,0,0,0
MMR009003,2025-02-01,6,1,3,2,8
MMR009004,2025-02-01,1,0,0,1,2
MMR009005,2025-02-01,2,0,1,1,0
MMR009006,2025-02-01,6,1,2,3,12
MMR009007,2025-02-01,1,1,0,0,0
MMR009008,2025-02-01,12,7,3,2,45
MMR009009,2025-02-01,18,15,2,1,216
MMR009010,2025-02-01,15,11,3,1,22
MMR009011,2025-02-01,1,0,1,0,8
MMR009012,2025-02-01,1,0,0,1,3
MMR009013,2025-02-01,0,0,0,0,0
MMR009014,2025-02-01,5,5,0,0,20
MMR009015,2025-02-01,0,0,0,0,0
MMR009016,2025-02-01,2,1,0,1,1
MMR009017,2025-02-01,2,1,1,0,9
MMR009018,2025-02-01,4,2,2,0,4
MMR009019,2025-02-01,6,5,1,0,24
MMR009020,2025-02-01,16,5,7,4,33
MMR009021,2025-02-01,8,1,5,2,16
MMR009022,2025-02-01,5,1,4,0,12
MMR009023,2025-02-01,5,1,3,1,1
MMR009024,2025-02-01,0,0,0,0,0
MMR009025,2025-02-01,0,0,0,0,0
MMR010001,2025-02-01,0,0,0,0,0
MMR010002,2025-02-01,0,0,0,0,0
MMR010003,2025-02-01,0,0,0,0,0
MMR010004,2025-02-01,0,0,0,0,0
MMR010005,2025-02-01,0,0,0,0,0
MMR010006,2025-02-01,0,0,0,0,0
MMR010007,2025-02-01,2,0,0,2,1
MMR010008,2025-02-01,0,0,0,0,0
MMR010009,2025-02-01,17,0,16,1,4
MMR010010,2025-02-01,1,0,1,0,1
MMR010011,2025-02-01,1,0,1,0,3
MMR010012,2025-02-01,4,2,2,0,0
MMR010013,2025-02-01,0,0,0,0,0
MMR010014,2025-02-01,0,0,0,0,0
MMR010015,2025-02-01,1,0,1,0,4
MMR010016,2025-02-01,2,1,1,0,15
MMR010017,2025-02-01,19,5,11,3,27
MMR010018,2025-02-01,10,3,7,0,12
MMR010019,2025-02-01,8,3,5,0,13
MMR010020,2025-02-01,4,0,0,4,0
MMR010021,2025-02-01,13,3,10,0,28
MMR010022,2025-02-01,8,1,3,4,2
MMR010023,2025-02-01,0,0,0,0,0
MMR010024,2025-02-01,0,0,0,0,0
MMR010028,2025-02-01,4,0,0,4,3
MMR010029,2025-02-01,4,0,1,3,0
MMR010030,2025-02-01,0,0,0,0,0
MMR010031,2025-02-01,0,0,0,0,0
MMR011001,2025-02-01,0,0,0,0,0
MMR011002,2025-02-01,2,0,2,0,1
MMR011003,2025-02-01,0,0,0,0,0
MMR011004,2025-02-01,0,0,0,0,0
MMR011005,2025-02-01,0,0,0,0,0
MMR011006,2025-02-01,9,4,2,3,27
MMR011007,2025-02-01,1,0,0,1,0
MMR011008,2025-02-01,1,0,0,1,1
MMR011009,2025-02-01,12,3,9,0,6
MMR011010,2025-02-01,13,4,9,0,34
MMR012001,2025-02-01,36,19,14,3,9
MMR012002,2025-02-01,2,0,2,0,0
MMR012003,2025-02-01,1,0,1,0,0
MMR012004,2025-02-01,1,0,1,0,1
MMR012005,2025-02-01,2,0,0,2,1
MMR012006,2025-02-01,0,0,0,0,0
MMR012007,2025-02-01,16,0,16,0,8
MMR012008,2025-02-01,2,0,2,0,0
MMR012009,2025-02-01,17,9,5,3,1
MMR012010,2025-02-01,0,0,0,0,0
MMR012011,2025-02-01,41,8,31,2,6
MMR012012,2025-02-01,0,0,0,0,0
MMR012013,2025-02-01,0,0,0,0,0
MMR012014,2025-02-01,1,0,1,0,1
MMR012015,2025-02-01,0,0,0,0,0
MMR012016,2025-02-01,3,0,3,0,0
MMR012017,2025-02-01,7,1,6,0,6
MMR013001,2025-02-01,0,0,0,0,0
MMR013002,2025-02-01,2,0,2,0,0
MMR013003,2025-02-01,1,0,1,0,0
MMR013004,2025-02-01,0,0,0,0,0
MMR013005,2025-02-01,0,0,0,0,0
MMR013006,2025-02-01,0,0,0,0,0
MMR013007,2025-02-01,2,0,1,1,0
MMR013009,2025-02-01,1,0,0,1,0
MMR013010,2025-02-01,0,0,0,0,0
MMR013011,2025-02-01,0,0,0,0,0
MMR013012,2025-02-01,0,0,0,0,0
MMR013013,2025-02-01,0,0,0,0,0
MMR013014,2025-02-01,1,0,0,1,2
MMR013015,2025-02-01,0,0,0,0,0
MMR013016,2025-02-01,0,0,0,0,0
MMR013017,2025-02-01,0,0,0,0,0
MMR013018,2025-02-01,1,0,1,0,0
MMR013019,2025-02-01,1,0,1,0,0
MMR013020,2025-02-01,0,0,0,0,0
MMR013021,2025-02-01,0,0,0,0,0
MMR013022,2025-02-01,0,0,0,0,0
MMR013023,2025-02-01,1,0,1,0,0
MMR013024,2025-02-01,0,0,0,0,0
MMR013025,2025-02-01,0,0,0,0,0
MMR013026,2025-02-01,0,0,0,0,0
MMR013027,2025-02-01,0,0,0,0,0
MMR013028,2025-02-01,0,0,0,0,0
MMR013029,2025-02-01,0,0,0,0,0
MMR013030,2025-02-01,0,0,0,0,0
MMR013031,2025-02-01,0,0,0,0,0
MMR013032,2025-02-01,0,0,0,0,0
MMR013033,2025-02-01,0,0,0,0,0
MMR013034,2025-02-01,0,0,0,0,0
MMR013035,2025-02-01,0,0,0,0,0
MMR013036,2025-02-01,0,0,0,0,0
MMR013037,2025-02-01,0,0,0,0,0
MMR013038,2025-02-01,0,0,0,0,0
MMR013039,2025-02-01,0,0,0,0,0
MMR013040,2025-02-01,2,0,2,0,0
MMR013041,2025-02-01,1,0,0,1,0
MMR013042,2025-02-01,1,0,0,1,0
MMR013043,2025-02-01,0,0,0,0,0
MMR013044,2025-02-01,0,0,0,0,0
MMR013046,2025-02-01,2,0,1,1,0
MMR013047,2025-02-01,0,0,0,0,0
MMR014001,2025-02-01,0,0,0,0,0
MMR014002,2025-02-01,10,1,8,1,18
MMR014003,2025-02-01,0,0,0,0,0
MMR014004,2025-02-01,3,1,2,0,2
MMR014005,2025-02-01,0,0,0,0,0
MMR014006,2025-02-01,0,0,0,0,0
MMR014007,2025-02-01,0,0,0,0,0
MMR014008,2025-02-01,0,0,0,0,0
MMR014009,2025-02-01,1,0,1,0,0
MMR014010,2025-02-01,12,3,9,0,11
MMR014011,2025-02-01,0,0,0,0,0
MMR014012,2025-02-01,0,0,0,0,0
MMR014013,2025-02-01,0,0,0,0,0
MMR014014,2025-02-01,0,0,0,0,0
MMR014015,2025-02-01,0,0,0,0,0
MMR014016,2025-02-01,0,0,0,0,0
MMR014017,2025-02-01,0,0,0,0,0
MMR014018,2025-02-01,0,0,0,0,0
MMR014019,2025-02-01,0,0,0,0,0
MMR014020,2025-02-01,0,0,0,0,0
MMR014021,2025-02-01,0,0,0,0,0
MMR015001,2025-02-01,1,0,0,1,0
MMR015002,2025-02-01,0,0,0,0,0
MMR015003,2025-02-01,1,1,0,0,10
MMR015004,2025-02-01,0,0,0,0,0
MMR015005,2025-02-01,0,0,0,0,0
MMR015006,2025-02-01,0,0,0,0,0
MMR015007,2025-02-01,0,0,0,0,0
MMR015008,2025-02-01,0,0,0,0,0
MMR015009,2025-02-01,2,0,0,2,2
MMR015010,2025-02-01,2,0,1,1,0
MMR015011,2025-02-01,2,0,2,0,3
MMR015012,2025-02-01,0,0,0,0,0
MMR015013,2025-02-01,26,8,18,0,9
MMR015014,2025-02-01,6,0,5,1,4
MMR015015,2025-02-01,1,0,1,0,0
MMR015016,2025-02-01,0,0,0,0,0
MMR015017,2025-02-01,1,0,1,0,3
MMR015018,2025-02-01,0,0,0,0,0
MMR015019,2025-02-01,6,6,0,0,0
MMR015020,2025-02-01,0,0,0,0,0
MMR015021,2025-02-01,0,0,0,0,0
MMR015022,2025-02-01,0,0,0,0,0
MMR015023,2025-02-01,0,0,0,0,0
MMR015024,2025-02-01,0,0,0,0,0
MMR016001,2025-02-01,0,0,0,0,0
MMR016002,2025-02-01,0,0,0,0,0
MMR016003,2025-02-01,0,0,0,0,0
MMR016005,2025-02-01,0,0,0,0,0
MMR016006,2025-02-01,0,0,0,0,0
MMR016007,2025-02-01,0,0,0,0,0
MMR016008,2025-02-01,0,0,0,0,0
MMR016009,2025-02-01,0,0,0,0,0
MMR016010,2025-02-01,0,0,0,0,0
MMR016011,2025-02-01,0,0,0,0,0
MMR017001,2025-02-01,9,0,6,3,1
MMR017002,2025-02-01,0,0,0,0,0
MMR017003,2025-02-01,13,12,1,0,6
MMR017004,2025-02-01,3,0,0,3,0
MMR017005,2025-02-01,1,0,0,1,0
MMR017006,2025-02-01,14,9,0,5,3
MMR017007,2025-02-01,0,0,0,0,0
MMR017008,2025-02-01,3,0,0,3,0
MMR017009,2025-02-01,0,0,0,0,0
MMR017010,2025-02-01,0,0,0,0,0
MMR017011,2025-02-01,0,0,0,0,0
MMR017012,2025-02-01,0,0,0,0,0
MMR017013,2025-02-01,1,0,1,0,0
MMR017014,2025-02-01,1,0,0,1,0
MMR017015,2025-02-01,0,0,0,0,0
MMR017016,2025-02-01,0,0,0,0,0
MMR017017,2025-02-01,0,0,0,0,0
MMR017018,2025-02-01,0,0,0,0,0
MMR017019,2025-02-01,1,0,0,1,0
MMR017020,2025-02-01,0,0,0,0,0
MMR017021,2025-02-01,0,0,0,0,0
MMR017022,2025-02-01,1,0,0,1,0
MMR017023,2025-02-01,1,1,0,0,0
MMR017024,2025-02-01,0,0,0,0,0
MMR017025,2025-02-01,0,0,0,0,0
MMR017026,2025-02-01,0,0,0,0,0
MMR018001,2025-02-01,0,0,0,0,0
MMR018002,2025-02-01,0,0,0,0,0
MMR018003,2025-02-01,0,0,0,0,0
MMR018004,2025-02-01,0,0,0,0,0
MMR018005,2025-02-01,0,0,0,0,0
MMR018006,2025-02-01,0,0,0,0,0
MMR018007,2025-02-01,0,0,0,0,0
MMR018008,2025-02-01,0,0,0,0,0
MMR001001,2025-03-01,2,0,1,1,0
MMR001002,2025-03-01,4,2,2,0,0
MMR001003,2025-03-01,0,0,0,0,0
MMR001004,2025-03-01,0,0,0,0,0
MMR001005,2025-03-01,0,0,0,0,0
MMR001006,2025-03-01,0,0,0,0,0
MMR001007,2025-03-01,1,0,1,0,36
MMR001008,2025-03-01,0,0,0,0,0
MMR001009,2025-03-01,12,7,5,0,11
MMR001010,2025-03-01,15,10,5,0,7
MMR001011,2025-03-01,0,0,0,0,0
MMR001012,2025-03-01,0,0,0,0,0
MMR001013,2025-03-01,0,0,0,0,0
MMR001014,2025-03-01,0,0,0,0,0
MMR001015,2025-03-01,0,0,0,0,0
MMR001016,2025-03-01,0,0,0,0,0
MMR001017,2025-03-01,0,0,0,0,0
MMR001018,2025-03-01,0,0,0,0,0
MMR002001,2025-03-01,5,1,4,0,6
MMR002002,2025-03-01,7,0,7,0,0
MMR002003,2025-03-01,2,0,2,0,0
MMR002004,2025-03-01,0,0,0,0,0
MMR002005,2025-03-01,8,8,0,0,23
MMR002006,2025-03-01,1,0,1,0,2
MMR002007,2025-03-01,0,0,0,0,0
MMR003001,2025-03-01,6,0,6,0,0
MMR003002,2025-03-01,18,16,2,0,10
MMR003003,2025-03-01,5,3,2,0,2
MMR003004,2025-03-01,5,5,0,0,20
MMR003005,2025-03-01,0,0,0,0,0
MMR003006,2025-03-01,27,11,16,0,22
MMR003007,2025-03-01,2,0,2,0,0
MMR004001,2025-03-01,9,7,2,0,4
MMR004002,2025-03-01,0,0,0,0,0
MMR004003,2025-03-01,0,0,0,0,0
MMR004004,2025-03-01,2,2,0,0,1
MMR004005,2025-03-01,0,0,0,0,0
MMR004006,2025-03-01,0,0,0,0,0
MMR004007,2025-03-01,0,0,0,0,0
MMR004008,2025-03-01,0,0,0,0,0
MMR004009,2025-03-01,1,0,0,1,0
MMR005001,2025-03-01,9,4,3,2,9
MMR005002,2025-03-01,5,1,1,3,0
MMR005003,2025-03-01,9,0,9,0,6
MMR005004,2025-03-01,9,6,3,0,12
MMR005005,2025-03-01,1,0,1,0,0
MMR005006,2025-03-01,5,0,5,0,4
MMR005007,2025-03-01,6,4,2,0,22
MMR005008,2025-03-01,1,0,1,0,0
MMR005009,2025-03-01,4,2,2,0,6
MMR005010,2025-03-01,2,2,0,0,2
MMR005011,2025-03-01,7,4,1,2,66
MMR005012,2025-03-01,3,1,2,0,10
MMR005013,2025-03-01,1,0,1,0,0
MMR005014,2025-03-01,0,0,0,0,0
MMR005015,2025-03-01,17,8,9,0,29
MMR005016,2025-03-01,1,0,1,0,0
MMR005017,2025-03-01,11,1,9,1,2
MMR005018,2025-03-01,3,2,1,0,2
MMR005019,2025-03-01,1,0,1,0,0
MMR005020,2025-03-01,3,3,0,0,35
MMR005021,2025-03-01,1,0,1,0,0
MMR005022,2025-03-01,1,0,1,0,0
MMR005023,2025-03-01,0,0,0,0,0
MMR005024,2025-03-01,0,0,0,0,0
MMR005025,2025-03-01,0,0,0,0,0
MMR005026,2025-03-01,0,0,0,0,0
MMR005027,2025-03-01,12,0,9,3,1
MMR005028,2025-03-01,1,0,1,0,0
MMR005029,2025-03-01,2,1,1,0,1
MMR005030,2025-03-01,1,0,1,0,0
MMR005031,2025-03-01,0,0,0,0,0
MMR005032,2025-03-01,0,0,0,0,0
MMR005033,2025-03-01,0,0,0,0,0
MMR005034,2025-03-01,0,0,0,0,0
MMR005035,2025-03-01,1,0,0,1,0
MMR005036,2025-03-01,0,0,0,0,0
MMR005037,2025-03-01,0,0,0,0,0
MMR006001,2025-03-01,6,6,0,0,27
MMR006002,2025-03-01,7,4,3,0,24
MMR006003,2025-03-01,3,0,3,0,0
MMR006004,2025-03-01,8,2,1,5,6
MMR006005,2025-03-01,5,2,1,2,5
MMR006006,2025-03-01,3,2,1,0,2
MMR006007,2025-03-01,6,1,1,4,2
MMR006008,2025-03-01,31,7,22,2,30
MMR006009,2025-03-01,0,0,0,0,0
MMR006010,2025-03-01,2,0,2,0,0
MMR007001,2025-03-01,3,0,1,2,1
MMR007002,2025-03-01,0,0,0,0,0
MMR007003,2025-03-01,0,0,0,0,0
MMR007004,2025-03-01,3,0,3,0,3
MMR007005,2025-03-01,1,0,1,0,0
MMR007006,2025-03-01,9,5,4,0,17
MMR007007,2025-03-01,0,0,0,0,0
MMR007008,2025-03-01,8,0,8,0,1
MMR007009,2025-03-01,5,1,2,2,3
MMR007010,2025-03-01,5,4,1,0,0
MMR007011,2025-03-01,21,2,19,0,10
MMR007012,2025-03-01,8,4,4,0,11
MMR007013,2025-03-01,10,4,5,1,23
MMR007014,2025-03-01,6,3,3,0,13
MMR008001,2025-03-01,1,1,0,0,1
MMR008002,2025-03-01,7,2,3,2,16
MMR008003,2025-03-01,14,11,2,1,4
MMR008004,2025-03-01,4,2,2,0,3
MMR008005,2025-03-01,0,0,0,0,0
MMR008006,2025-03-01,1,0,0,1,0
MMR008007,2025-03-01,3,1,0,2,1
MMR008008,2025-03-01,0,0,0,0,0
MMR008009,2025-03-01,7,4,1,2,12
MMR008010,2025-03-01,8,1,1,6,17
MMR008011,2025-03-01,0,0,0,0,0
MMR008012,2025-03-01,6,3,0,3,10
MMR008013,2025-03-01,1,0,0,1,0
MMR008014,2025-03-01,6,2,1,3,6
MMR009001,2025-03-01,0,0,0,0,0
MMR009002,2025-03-01,0,0,0,0,0
MMR009003,2025-03-01,3,0,0,3,0
MMR009004,2025-03-01,3,1,0,2,5
MMR009005,2025-03-01,2,1,0,1,9
MMR009006,2025-03-01,1,1,0,0,2
MMR009007,2025-03-01,0,0,0,0,0
MMR009008,2025-03-01,0,0,0,0,0
MMR009009,2025-03-01,17,9,7,1,17
MMR009010,2025-03-01,22,6,14,2,49
MMR009011,2025-03-01,1,0,0,1,2
MMR009012,2025-03-01,0,0,0,0,0
MMR009013,2025-03-01,1,0,0,1,1
MMR009014,2025-03-01,0,0,0,0,0
MMR009015,2025-03-01,0,0,0,0,0
MMR009016,2025-03-01,1,1,0,0,3
MMR009017,2025-03-01,0,0,0,0,0
MMR009018,2025-03-01,10,3,6,1,4
MMR009019,2025-03-01,19,10,3,6,49
MMR009020,2025-03-01,14,1,13,0,9
MMR009021,2025-03-01,14,2,12,0,13
MMR009022,2025-03-01,1,1,0,0,0
MMR009023,2025-03-01,13,1,9,3,21
MMR009024,2025-03-01,1,0,1,0,4
MMR009025,2025-03-01,2,0,2,0,0
MMR010001,2025-03-01,2,0,1,1,0
MMR010002,2025-03-01,0,0,0,0,0
MMR010003,2025-03-01,1,0,0,1,0
MMR010004,2025-03-01,0,0,0,0,0
MMR010005,2025-03-01,0,0,0,0,0
MMR010006,2025-03-01,0,0,0,0,0
MMR010007,2025-03-01,3,0,2,1,0
MMR010008,2025-03-01,0,0,0,0,0
MMR010009,2025-03-01,15,0,15,0,7
MMR010010,2025-03-01,7,0,7,0,32
MMR010011,2025-03-01,1,1,0,0,12
MMR010012,2025-03-01,6,4,1,1,0
MMR010013,2025-03-01,1,0,0,1,1
MMR010014,2025-03-01,0,0,0,0,0
MMR010015,2025-03-01,0,0,0,0,0
MMR010016,2025-03-01,0,0,0,0,0
MMR010017,2025-03-01,20,14,6,0,44
MMR010018,2025-03-01,20,2,17,1,11
MMR010019,2025-03-01,7,2,5,0,35
MMR010020,2025-03-01,3,1,0,2,2
MMR010021,2025-03-01,6,4,2,0,35
MMR010022,2025-03-01,7,4,0,3,86
MMR010023,2025-03-01,2,1,0,1,1
MMR010024,2025-03-01,0,0,0,0,0
MMR010028,2025-03-01,0,0,0,0,0
MMR010029,2025-03-01,3,1,2,0,2
MMR010030,2025-03-01,0,0,0,0,0
MMR010031,2025-03-01,8,0,0,8,2
MMR011001,2025-03-01,0,0,0,0,0
MMR011002,2025-03-01,0,0,0,0,0
MMR011003,2025-03-01,0,0,0,0,0
MMR011004,2025-03-01,1,0,1,0,0
MMR011005,2025-03-01,1,0,0,1,2
MMR011006,2025-03-01,5,4,1,0,14
MMR011007,2025-03-01,1,0,0,1,2
MMR011008,2025-03-01,0,0,0,0,0
MMR011009,2025-03-01,20,2,17,1,5
MMR011010,2025-03-01,4,1,3,0,6
MMR012001,2025-03-01,14,8,2,4,42
MMR012002,2025-03-01,5,0,5,0,5
MMR012003,2025-03-01,2,0,2,0,1
MMR012004,2025-03-01,1,0,1,0,1
MMR012005,2025-03-01,2,0,2,0,0
MMR012006,2025-03-01,0,0,0,0,0
MMR012007,2025-03-01,1,0,1,0,0
MMR012008,2025-03-01,2,0,1,1,0
MMR012009,2025-03-01,8,1,5,2,68
MMR012010,2025-03-01,0,0,0,0,0
MMR012011,2025-03-01,31,14,17,0,7
MMR012012,2025-03-01,0,0,0,0,0
MMR012013,2025-03-01,0,0,0,0,0
MMR012014,2025-03-01,2,0,2,0,0
MMR012015,2025-03-01,2,0,2,0,0
MMR012016,2025-03-01,4,0,4,0,0
MMR012017,2025-03-01,2,0,2,0,1
MMR013001,2025-03-01,1,0,1,0,0
MMR013002,2025-03-01,0,0,0,0,0
MMR013003,2025-03-01,2,0,1,1,0
MMR013004,2025-03-01,0,0,0,0,0
MMR013005,2025-03-01,0,0,0,0,0
MMR013006,2025-03-01,0,0,0,0,0
MMR013007,2025-03-01,1,0,1,0,0
MMR013009,2025-03-01,1,0,1,0,0
MMR013010,2025-03-01,0,0,0,0,0
MMR013011,2025-03-01,0,0,0,0,0
MMR013012,2025-03-01,1,0,1,0,0
MMR013013,2025-03-01,0,0,0,0,0
MMR013014,2025-03-01,0,0,0,0,0
MMR013015,2025-03-01,0,0,0,0,0
MMR013016,2025-03-01,0,0,0,0,0
MMR013017,2025-03-01,0,0,0,0,0
MMR013018,2025-03-01,1,0,1,0,0
MMR013019,2025-03-01,2,0,1,1,0
MMR013020,2025-03-01,0,0,0,0,0
MMR013021,2025-03-01,0,0,0,0,0
MMR013022,2025-03-01,0,0,0,0,0
MMR013023,2025-03-01,0,0,0,0,0
MMR013024,2025-03-01,0,0,0,0,0
MMR013025,2025-03-01,0,0,0,0,0
MMR013026,2025-03-01,0,0,0,0,0
MMR013027,2025-03-01,0,0,0,0,0
MMR013028,2025-03-01,0,0,0,0,0
MMR013029,2025-03-01,0,0,0,0,0
MMR013030,2025-03-01,0,0,0,0,0
MMR013031,2025-03-01,0,0,0,0,0
MMR013032,2025-03-01,0,0,0,0,0
MMR013033,2025-03-01,0,0,0,0,0
MMR013034,2025-03-01,0,0,0,0,0
MMR013035,2025-03-01,0,0,0,0,0
MMR013036,2025-03-01,0,0,0,0,0
MMR013037,2025-03-01,0,0,0,0,0
MMR013038,2025-03-01,0,0,0,0,0
MMR013039,2025-03-01,0,0,0,0,0
MMR013040,2025-03-01,0,0,0,0,0
MMR013041,2025-03-01,1,0,0,1,0
MMR013042,2025-03-01,0,0,0,0,0
MMR013043,2025-03-01,0,0,0,0,0
MMR013044,2025-03-01,0,0,0,0,0
MMR013046,2025-03-01,1,0,0,1,0
MMR013047,2025-03-01,0,0,0,0,0
MMR014001,2025-03-01,0,0,0,0,0
MMR014002,2025-03-01,9,3,5,1,2
MMR014003,2025-03-01,1,0,1,0,2
MMR014004,2025-03-01,0,0,0,0,0
MMR014005,2025-03-01,0,0,0,0,0
MMR014006,2025-03-01,0,0,0,0,0
MMR014007,2025-03-01,0,0,0,0,0
MMR014008,2025-03-01,0,0,0,0,0
MMR014009,2025-03-01,0,0,0,0,0
MMR014010,2025-03-01,18,8,10,0,24
MMR014011,2025-03-01,0,0,0,0,0
MMR014012,2025-03-01,0,0,0,0,0
MMR014013,2025-03-01,0,0,0,0,0
MMR014014,2025-03-01,0,0,0,0,0
MMR014015,2025-03-01,0,0,0,0,0
MMR014016,2025-03-01,2,0,2,0,0
MMR014017,2025-03-01,0,0,0,0,0
MMR014018,2025-03-01,0,0,0,0,0
MMR014019,2025-03-01,0,0,0,0,0
MMR014020,2025-03-01,0,0,0,0,0
MMR014021,2025-03-01,0,0,0,0,0
MMR015001,2025-03-01,1,0,1,0,0
MMR015002,2025-03-01,2,0,0,2,3
MMR015003,2025-03-01,0,0,0,0,0
MMR015004,2025-03-01,0,0,0,0,0
MMR015005,2025-03-01,0,0,0,0,0
MMR015006,2025-03-01,0,0,0,0,0
MMR015007,2025-03-01,0,0,0,0,0
MMR015008,2025-03-01,0,0,0,0,0
MMR015009,2025-03-01,1,0,0,1,0
MMR015010,2025-03-01,1,0,1,0,0
MMR015011,2025-03-01,4,2,1,1,0
MMR015012,2025-03-01,3,0,2,1,2
MMR015013,2025-03-01,28,14,14,0,29
MMR015014,2025-03-01,1,0,1,0,1
MMR015015,2025-03-01,0,0,0,0,0
MMR015016,2025-03-01,0,0,0,0,0
MMR015017,2025-03-01,1,1,0,0,0
MMR015018,2025-03-01,0,0,0,0,0
MMR015019,2025-03-01,1,1,0,0,0
MMR015020,2025-03-01,1,0,1,0,0
MMR015021,2025-03-01,0,0,0,0,0
MMR015022,2025-03-01,0,0,0,0,0
MMR015023,2025-03-01,0,0,0,0,0
MMR015024,2025-03-01,0,0,0,0,0
MMR016001,2025-03-01,0,0,0,0,0
MMR016002,2025-03-01,0,0,0,0,0
MMR016003,2025-03-01,0,0,0,0,0
MMR016005,2025-03-01,0,0,0,0,0
MMR016006,2025-03-01,0,0,0,0,0
MMR016007,2025-03-01,0,0,0,0,0
MMR016008,2025-03-01,0,0,0,0,0
MMR016009,2025-03-01,0,0,0,0,0
MMR016010,2025-03-01,0,0,0,0,0
MMR016011,2025-03-01,0,0,0,0,0
MMR017001,2025-03-01,2,1,0,1,0
MMR017002,2025-03-01,0,0,0,0,0
MMR017003,2025-03-01,14,13,1,0,0
MMR017004,2025-03-01,0,0,0,0,0
MMR017005,2025-03-01,5,1,0,4,1
MMR017006,2025-03-01,5,4,1,0,1
MMR017007,2025-03-01,0,0,0,0,0
MMR017008,2025-03-01,0,0,0,0,0
MMR017009,2025-03-01,0,0,0,0,0
MMR017010,2025-03-01,39,22,14,3,10
MMR017011,2025-03-01,0,0,0,0,0
MMR017012,2025-03-01,0,0,0,0,0
MMR017013,2025-03-01,1,1,0,0,0
MMR017014,2025-03-01,1,0,0,1,0
MMR017015,2025-03-01,0,0,0,0,0
MMR017016,2025-03-01,0,0,0,0,0
MMR017017,2025-03-01,0,0,0,0,0
MMR017018,2025-03-01,1,0,0,1,0
MMR017019,2025-03-01,5,0,0,5,0
MMR017020,2025-03-01,0,0,0,0,0
MMR017021,2025-03-01,1,1,0,0,0
MMR017022,2025-03-01,0,0,0,0,0
MMR017023,2025-03-01,0,0,0,0,0
MMR017024,2025-03-01,0,0,0,0,0
MMR017025,2025-03-01,0,0,0,0,0
MMR017026,2025-03-01,0,0,0,0,0
MMR018001,2025-03-01,0,0,0,0,0
MMR018002,2025-03-01,0,0,0,0,0
MMR018003,2025-03-01,0,0,0,0,0
MMR018004,2025-03-01,0,0,0,0,0
MMR018005,2025-03-01,0,0,0,0,0
MMR018006,2025-03-01,3,2,1,0,2
MMR018007,2025-03-01,0,0,0,0,0
MMR018008,2025-03-01,0,0,0,0,0
MMR001001,2025-04-01,7,2,3,2,1
MMR001002,2025-04-01,10,2,7,1,1
MMR001003,2025-04-01,0,0,0,0,0
MMR001004,2025-04-01,4,3,1,0,1
MMR001005,2025-04-01,0,0,0,0,0
MMR001006,2025-04-01,0,0,0,0,0
MMR001007,2025-04-01,27,3,22,2,8
MMR001008,2025-04-01,0,0,0,0,0
MMR001009,2025-04-01,14,10,2,2,7
MMR001010,2025-04-01,17,10,7,0,3
MMR001011,2025-04-01,0,0,0,0,0
MMR001012,2025-04-01,0,0,0,0,0
MMR001013,2025-04-01,0,0,0,0,0
MMR001014,2025-04-01,0,0,0,0,0
MMR001015,2025-04-01,0,0,0,0,0
MMR001016,2025-04-01,0,0,0,0,0
MMR001017,2025-04-01,0,0,0,0,0
MMR001018,2025-04-01,0,0,0,0,0
MMR002001,2025-04-01,3,0,3,0,6
MMR002002,2025-04-01,0,0,0,0,0
MMR002003,2025-04-01,0,0,0,0,0
MMR002004,2025-04-01,0,0,0,0,0
MMR002005,2025-04-01,3,2,1,0,5
MMR002006,2025-04-01,2,0,2,0,6
MMR002007,2025-04-01,1,0,1,0,0
MMR003001,2025-04-01,5,2,2,1,3
MMR003002,2025-04-01,0,0,0,0,0
MMR003003,2025-04-01,12,2,10,0,3
MMR003004,2025-04-01,4,3,1,0,0
MMR003005,2025-04-01,2,2,0,0,0
MMR003006,2025-04-01,94,26,68,0,67
MMR003007,2025-04-01,1,0,1,0,0
MMR004001,2025-04-01,4,2,2,0,3
MMR004002,2025-04-01,1,1,0,0,0
MMR004003,2025-04-01,0,0,0,0,0
MMR004004,2025-04-01,3,0,2,1,6
MMR004005,2025-04-01,3,3,0,0,9
MMR004006,2025-04-01,5,0,5,0,6
MMR004007,2025-04-01,1,0,1,0,0
MMR004008,2025-04-01,3,0,3,0,0
MMR004009,2025-04-01,1,0,0,1,0
MMR005001,2025-04-01,8,4,4,0,45
MMR005002,2025-04-01,8,4,2,2,6
MMR005003,2025-04-01,0,0,0,0,0
MMR005004,2025-04-01,3,0,3,0,2
MMR005005,2025-04-01,1,0,1,0,0
MMR005006,2025-04-01,5,1,2,2,5
MMR005007,2025-04-01,6,2,1,3,16
MMR005008,2025-04-01,0,0,0,0,0
MMR005009,2025-04-01,3,2,1,0,2
MMR005010,2025-04-01,3,0,3,0,10
MMR005011,2025-04-01,1,0,1,0,1
MMR005012,2025-04-01,3,1,1,1,3
MMR005013,2025-04-01,6,0,4,2,5
MMR005014,2025-04-01,4,2,2,0,1
MMR005015,2025-04-01,6,3,1,2,14
MMR005016,2025-04-01,10,1,8,1,4
MMR005017,2025-04-01,19,0,19,0,4
MMR005018,2025-04-01,4,2,0,2,0
MMR005019,2025-04-01,0,0,0,0,0
MMR005020,2025-04-01,2,1,0,1,1
MMR005021,2025-04-01,8,5,3,0,3
MMR005022,2025-04-01,3,0,3,0,3
MMR005023,2025-04-01,0,0,0,0,0
MMR005024,2025-04-01,7,0,7,0,3
MMR005025,2025-04-01,6,0,5,1,27
MMR005026,2025-04-01,0,0,0,0,0
MMR005027,2025-04-01,16,3,12,1,48
MMR005028,2025-04-01,4,0,4,0,5
MMR005029,2025-04-01,3,0,3,0,3
MMR005030,2025-04-01,0,0,0,0,0
MMR005031,2025-04-01,0,0,0,0,0
MMR005032,2025-04-01,0,0,0,0,0
MMR005033,2025-04-01,0,0,0,0,0
MMR005034,2025-04-01,4,1,3,0,3
MMR005035,2025-04-01,0,0,0,0,0
MMR005036,2025-04-01,0,0,0,0,0
MMR005037,2025-04-01,0,0,0,0,0
MMR006001,2025-04-01,10,5,5,0,14
MMR006002,2025-04-01,2,1,1,0,4
MMR006003,2025-04-01,19,5,14,0,3
MMR006004,2025-04-01,8,4,3,1,18
MMR006005,2025-04-01,0,0,0,0,0
MMR006006,2025-04-01,2,1,1,0,1
MMR006007,2025-04-01,3,0,3,0,0
MMR006008,2025-04-01,19,4,12,3,6
MMR006009,2025-04-01,4,3,0,1,7
MMR006010,2025-04-01,4,1,3,0,1
MMR007001,2025-04-01,0,0,0,0,0
MMR007002,2025-04-01,1,0,0,1,0
MMR007003,2025-04-01,0,0,0,0,0
MMR007004,2025-04-01,4,3,1,0,2
MMR007005,2025-04-01,16,4,11,1,9
MMR007006,2025-04-01,3,0,3,0,0
MMR007007,2025-04-01,0,0,0,0,0
MMR007008,2025-04-01,18,7,11,0,17
MMR007009,2025-04-01,11,5,6,0,21
MMR007010,2025-04-01,2,1,1,0,4
MMR007011,2025-04-01,15,5,10,0,21
MMR007012,2025-04-01,6,1,5,0,4
MMR007013,2025-04-01,2,0,2,0,4
MMR007014,2025-04-01,4,2,2,0,12
MMR008001,2025-04-01,2,0,1,1,3
MMR008002,2025-04-01,1,1,0,0,0
MMR008003,2025-04-01,3,2,1,0,3
MMR008004,2025-04-01,1,1,0,0,2
MMR008005,2025-04-01,0,0,0,0,0
MMR008006,2025-04-01,0,0,0,0,0
MMR008007,2025-04-01,5,0,0,5,0
MMR008008,2025-04-01,7,2,0,5,8
MMR008009,2025-04-01,33,5,20,8,49
MMR008010,2025-04-01,3,2,0,1,7
MMR008011,2025-04-01,0,0,0,0,0
MMR008012,2025-04-01,1,1,0,0,0
MMR008013,2025-04-01,0,0,0,0,0
MMR008014,2025-04-01,2,1,0,1,11
MMR009001,2025-04-01,3,1,1,1,4
MMR009002,2025-04-01,1,0,0,1,0
MMR009003,2025-04-01,2,0,0,2,0
MMR009004,2025-04-01,1,0,0,1,0
MMR009005,2025-04-01,0,0,0,0,0
MMR009006,2025-04-01,1,1,0,0,5
MMR009007,2025-04-01,1,0,0,1,0
MMR009008,2025-04-01,0,0,0,0,0
MMR009009,2025-04-01,4,3,1,0,9
MMR009010,2025-04-01,21,13,6,2,29
MMR009011,2025-04-01,2,0,2,0,4
MMR009012,2025-04-01,0,0,0,0,0
MMR009013,2025-04-01,2,1,0,1,11
MMR009014,2025-04-01,0,0,0,0,0
MMR009015,2025-04-01,1,1,0,0,0
MMR009016,2025-04-01,0,0,0,0,0
MMR009017,2025-04-01,2,1,1,0,13
MMR009018,2025-04-01,15,8,5,2,17
MMR009019,2025-04-01,16,5,10,1,32
MMR009020,2025-04-01,4,4,0,0,6
MMR009021,2025-04-01,6,3,3,0,9
MMR009022,2025-04-01,2,1,1,0,11
MMR009023,2025-04-01,1,0,1,0,1
MMR009024,2025-04-01,2,0,2,0,0
MMR009025,2025-04-01,1,0,1,0,0
MMR010001,2025-04-01,0,0,0,0,0
MMR010002,2025-04-01,0,0,0,0,0
MMR010003,2025-04-01,0,0,0,0,0
MMR010004,2025-04-01,0,0,0,0,0
MMR010005,2025-04-01,1,0,0,1,0
MMR010006,2025-04-01,0,0,0,0,0
MMR010007,2025-04-01,0,0,0,0,0
MMR010008,2025-04-01,0,0,0,0,0
MMR010009,2025-04-01,15,0,13,2,2
MMR010010,2025-04-01,9,0,9,0,1
MMR010011,2025-04-01,3,0,3,0,0
MMR010012,2025-04-01,15,5,10,0,42
MMR010013,2025-04-01,1,1,0,0,0
MMR010014,2025-04-01,0,0,0,0,0
MMR010015,2025-04-01,0,0,0,0,0
MMR010016,2025-04-01,0,0,0,0,0
MMR010017,2025-04-01,4,3,1,0,21
MMR010018,2025-04-01,12,1,10,1,12
MMR010019,2025-04-01,9,1,8,0,3
MMR010020,2025-04-01,3,2,1,0,2
MMR010021,2025-04-01,2,0,2,0,2
MMR010022,2025-04-01,14,3,3,8,10
MMR010023,2025-04-01,0,0,0,0,0
MMR010024,2025-04-01,2,1,1,0,3
MMR010028,2025-04-01,0,0,0,0,0
MMR010029,2025-04-01,2,0,1,1,3
MMR010030,2025-04-01,0,0,0,0,0
MMR010031,2025-04-01,0,0,0,0,0
MMR011001,2025-04-01,0,0,0,0,0
MMR011002,2025-04-01,2,1,0,1,1
MMR011003,2025-04-01,0,0,0,0,0
MMR011004,2025-04-01,1,1,0,0,2
MMR011005,2025-04-01,3,0,0,3,2
MMR011006,2025-04-01,4,2,2,0,1
MMR011007,2025-04-01,3,0,1,2,0
MMR011008,2025-04-01,0,0,0,0,0
MMR011009,2025-04-01,9,1,7,1,2
MMR011010,2025-04-01,5,1,2,2,9
MMR012001,2025-04-01,11,0,11,0,0
MMR012002,2025-04-01,2,0,1,1,1
MMR012003,2025-04-01,1,0,1,0,0
MMR012004,2025-04-01,2,0,2,0,1
MMR012005,2025-04-01,0,0,0,0,0
MMR012006,2025-04-01,1,0,1,0,0
MMR012007,2025-04-01,1,0,1,0,0
MMR012008,2025-04-01,0,0,0,0,0
MMR012009,2025-04-01,4,2,0,2,1
MMR012010,2025-04-01,0,0,0,0,0
MMR012011,2025-04-01,37,18,19,0,34
MMR012012,2025-04-01,0,0,0,0,0
MMR012013,2025-04-01,0,0,0,0,0
MMR012014,2025-04-01,2,0,2,0,0
MMR012015,2025-04-01,0,0,0,0,0
MMR012016,2025-04-01,5,0,5,0,2
MMR012017,2025-04-01,2,1,1,0,0
MMR013001,2025-04-01,1,0,1,0,0
MMR013002,2025-04-01,2,0,2,0,0
MMR013003,2025-04-01,0,0,0,0,0
MMR013004,2025-04-01,1,0,0,1,0
MMR013005,2025-04-01,1,0,1,0,5
MMR013006,2025-04-01,0,0,0,0,0
MMR013007,2025-04-01,0,0,0,0,0
MMR013009,2025-04-01,0,0,0,0,0
MMR013010,2025-04-01,0,0,0,0,0
MMR013011,2025-04-01,1,0,0,1,0
MMR013012,2025-04-01,2,0,0,2,0
MMR013013,2025-04-01,0,0,0,0,0
MMR013014,2025-04-01,0,0,0,0,0
MMR013015,2025-04-01,1,0,1,0,0
MMR013016,2025-04-01,0,0,0,0,0
MMR013017,2025-04-01,0,0,0,0,0
MMR013018,2025-04-01,1,0,1,0,0
MMR013019,2025-04-01,0,0,0,0,0
MMR013020,2025-04-01,0,0,0,0,0
MMR013021,2025-04-01,1,0,0,1,0
MMR013022,2025-04-01,0,0,0,0,0
MMR013023,2025-04-01,0,0,0,0,0
MMR013024,2025-04-01,0,0,0,0,0
MMR013025,2025-04-01,0,0,0,0,0
MMR013026,2025-04-01,0,0,0,0,0
MMR013027,2025-04-01,1,0,0,1,1
MMR013028,2025-04-01,0,0,0,0,0
MMR013029,2025-04-01,0,0,0,0,0
MMR013030,2025-04-01,0,0,0,0,0
MMR013031,2025-04-01,0,0,0,0,0
MMR013032,2025-04-01,0,0,0,0,0
MMR013033,2025-04-01,0,0,0,0,0
MMR013034,2025-04-01,0,0,0,0,0
MMR013035,2025-04-01,0,0,0,0,0
MMR013036,2025-04-01,0,0,0,0,0
MMR013037,2025-04-01,0,0,0,0,0
MMR013038,2025-04-01,0,0,0,0,0
MMR013039,2025-04-01,0,0,0,0,0
MMR013040,2025-04-01,0,0,0,0,0
MMR013041,2025-04-01,1,0,1,0,0
MMR013042,2025-04-01,1,0,1,0,0
MMR013043,2025-04-01,1,0,0,1,0
MMR013044,2025-04-01,0,0,0,0,0
MMR013046,2025-04-01,1,0,0,1,0
MMR013047,2025-04-01,0,0,0,0,0
MMR014001,2025-04-01,3,0,0,3,0
MMR014002,2025-04-01,4,1,3,0,0
MMR014003,2025-04-01,0,0,0,0,0
MMR014004,2025-04-01,0,0,0,0,0
MMR014005,2025-04-01,0,0,0,0,0
MMR014006,2025-04-01,0,0,0,0,0
MMR014007,2025-04-01,3,3,0,0,8
MMR014008,2025-04-01,1,1,0,0,0
MMR014009,2025-04-01,0,0,0,0,0
MMR014010,2025-04-01,17,7,10,0,8
MMR014011,2025-04-01,0,0,0,0,0
MMR014012,2025-04-01,0,0,0,0,0
MMR014013,2025-04-01,0,0,0,0,0
MMR014014,2025-04-01,0,0,0,0,0
MMR014015,2025-04-01,0,0,0,0,0
MMR014016,2025-04-01,0,0,0,0,0
MMR014017,2025-04-01,0,0,0,0,0
MMR014018,2025-04-01,0,0,0,0,0
MMR014019,2025-04-01,0,0,0,0,0
MMR014020,2025-04-01,1,0,1,0,0
MMR014021,2025-04-01,0,0,0,0,0
MMR015001,2025-04-01,5,1,2,2,5
MMR015002,2025-04-01,2,0,1,1,0
MMR015003,2025-04-01,0,0,0,0,0
MMR015004,2025-04-01,0,0,0,0,0
MMR015005,2025-04-01,0,0,0,0,0
MMR015006,2025-04-01,0,0,0,0,0
MMR015007,2025-04-01,0,0,0,0,0
MMR015008,2025-04-01,0,0,0,0,0
MMR015009,2025-04-01,3,0,0,3,0
MMR015010,2025-04-01,0,0,0,0,0
MMR015011,2025-04-01,1,1,0,0,1
MMR015012,2025-04-01,1,0,1,0,1
MMR015013,2025-04-01,32,14,17,1,2
MMR015014,2025-04-01,4,3,1,0,2
MMR015015,2025-04-01,0,0,0,0,0
MMR015016,2025-04-01,1,0,1,0,0
MMR015017,2025-04-01,0,0,0,0,0
MMR015018,2025-04-01,0,0,0,0,0
MMR015019,2025-04-01,0,0,0,0,0
MMR015020,2025-04-01,0,0,0,0,0
MMR015021,2025-04-01,0,0,0,0,0
MMR015022,2025-04-01,0,0,0,0,0
MMR015023,2025-04-01,0,0,0,0,0
MMR015024,2025-04-01,0,0,0,0,0
MMR016001,2025-04-01,0,0,0,0,0
MMR016002,2025-04-01,0,0,0,0,0
MMR016003,2025-04-01,0,0,0,0,0
MMR016005,2025-04-01,0,0,0,0,0
MMR016006,2025-04-01,0,0,0,0,0
MMR016007,2025-04-01,0,0,0,0,0
MMR016008,2025-04-01,0,0,0,0,0
MMR016009,2025-04-01,0,0,0,0,0
MMR016010,2025-04-01,0,0,0,0,0
MMR016011,2025-04-01,0,0,0,0,0
MMR017001,2025-04-01,0,0,0,0,0
MMR017002,2025-04-01,0,0,0,0,0
MMR017003,2025-04-01,0,0,0,0,0
MMR017004,2025-04-01,1,0,0,1,1
MMR017005,2025-04-01,2,0,0,2,1
MMR017006,2025-04-01,4,2,2,0,10
MMR017007,2025-04-01,0,0,0,0,0
MMR017008,2025-04-01,1,0,0,1,1
MMR017009,2025-04-01,0,0,0,0,0
MMR017010,2025-04-01,18,9,9,0,3
MMR017011,2025-04-01,0,0,0,0,0
MMR017012,2025-04-01,0,0,0,0,0
MMR017013,2025-04-01,2,0,1,1,0
MMR017014,2025-04-01,0,0,0,0,0
MMR017015,2025-04-01,0,0,0,0,0
MMR017016,2025-04-01,0,0,0,0,0
MMR017017,2025-04-01,0,0,0,0,0
MMR017018,2025-04-01,0,0,0,0,0
MMR017019,2025-04-01,0,0,0,0,0
MMR017020,2025-04-01,0,0,0,0,0
MMR017021,2025-04-01,1,0,0,1,0
MMR017022,2025-04-01,0,0,0,0,0
MMR017023,2025-04-01,0,0,0,0,0
MMR017024,2025-04-01,0,0,0,0,0
MMR017025,2025-04-01,0,0,0,0,0
MMR017026,2025-04-01,0,0,0,0,0
MMR018001,2025-04-01,0,0,0,0,0
MMR018002,2025-04-01,0,0,0,0,0
MMR018003,2025-04-01,1,0,0,1,0
MMR018004,2025-04-01,0,0,0,0,0
MMR018005,2025-04-01,0,0,0,0,0
MMR018006,2025-04-01,1,1,0,0,0
MMR018007,2025-04-01,1,1,0,0,0
MMR018008,2025-04-01,1,1,0,0,3
MMR001001,2025-05-01,0,0,0,0,0
MMR001002,2025-05-01,5,2,3,0,10
MMR001003,2025-05-01,0,0,0,0,0
MMR001004,2025-05-01,0,0,0,0,0
MMR001005,2025-05-01,0,0,0,0,0
MMR001006,2025-05-01,0,0,0,0,0
MMR001007,2025-05-01,3,2,1,0,2
MMR001008,2025-05-01,0,0,0,0,0
MMR001009,2025-05-01,31,20,8,3,32
MMR001010,2025-05-01,8,7,1,0,33
MMR001011,2025-05-01,1,0,1,0,0
MMR001012,2025-05-01,0,0,0,0,0
MMR001013,2025-05-01,0,0,0,0,0
MMR001014,2025-05-01,0,0,0,0,0
MMR001015,2025-05-01,0,0,0,0,0
MMR001016,2025-05-01,0,0,0,0,0
MMR001017,2025-05-01,0,0,0,0,0
MMR001018,2025-05-01,0,0,0,0,0
MMR002001,2025-05-01,2,1,1,0,0
MMR002002,2025-05-01,1,0,1,0,0
MMR002003,2025-05-01,0,0,0,0,0
MMR002004,2025-05-01,0,0,0,0,0
MMR002005,2025-05-01,4,3,1,0,42
MMR002006,2025-05-01,2,0,2,0,2
MMR002007,2025-05-01,0,0,0,0,0
MMR003001,2025-05-01,1,0,1,0,0
MMR003002,2025-05-01,14,12,2,0,12
MMR003003,2025-05-01,4,3,1,0,4
MMR003004,2025-05-01,17,4,12,1,25
MMR003005,2025-05-01,28,25,3,0,33
MMR003006,2025-05-01,43,15,27,1,32
MMR003007,2025-05-01,1,0,1,0,0
MMR004001,2025-05-01,0,0,0,0,0
MMR004002,2025-05-01,2,2,0,0,0
MMR004003,2025-05-01,0,0,0,0,0
MMR004004,2025-05-01,9,9,0,0,1
MMR004005,2025-05-01,0,0,0,0,0
MMR004006,2025-05-01,7,1,6,0,5
MMR004007,2025-05-01,0,0,0,0,0
MMR004008,2025-05-01,0,0,0,0,0
MMR004009,2025-05-01,1,0,1,0,1
MMR005001,2025-05-01,19,5,4,10,17
MMR005002,2025-05-01,2,1,1,0,0
MMR005003,2025-05-01,1,1,0,0,4
MMR005004,2025-05-01,10,4,5,1,9
MMR005005,2025-05-01,2,0,2,0,0
MMR005006,2025-05-01,7,0,6,1,14
MMR005007,2025-05-01,6,1,3,2,5
MMR005008,2025-05-01,0,0,0,0,0
MMR005009,2025-05-01,1,0,1,0,1
MMR005010,2025-05-01,3,0,3,0,24
MMR005011,2025-05-01,0,0,0,0,0
MMR005012,2025-05-01,8,2,6,0,12
MMR005013,2025-05-01,1,1,0,0,0
MMR005014,2025-05-01,2,1,1,0,1
MMR005015,2025-05-01,16,1,12,3,20
MMR005016,2025-05-01,1,0,1,0,1
MMR005017,2025-05-01,2,0,2,0,0
MMR005018,2025-05-01,5,3,1,1,13
MMR005019,2025-05-01,3,2,1,0,4
MMR005020,2025-05-01,0,0,0,0,0
MMR005021,2025-05-01,1,0,1,0,2
MMR005022,2025-05-01,1,0,1,0,0
MMR005023,2025-05-01,0,0,0,0,0
MMR005024,2025-05-01,6,1,4,1,1
MMR005025,2025-05-01,0,0,0,0,0
MMR005026,2025-05-01,0,0,0,0,0
MMR005027,2025-05-01,2,0,2,0,0
MMR005028,2025-05-01,0,0,0,0,0
MMR005029,2025-05-01,2,0,2,0,16
MMR005030,2025-05-01,3,2,0,1,12
MMR005031,2025-05-01,0,0,0,0,0
MMR005032,2025-05-01,0,0,0,0,0
MMR005033,2025-05-01,0,0,0,0,0
MMR005034,2025-05-01,1,0,0,1,0
MMR005035,2025-05-01,0,0,0,0,0
MMR005036,2025-05-01,0,0,0,0,0
MMR005037,2025-05-01,0,0,0,0,0
MMR006001,2025-05-01,8,7,1,0,17
MMR006002,2025-05-01,6,4,1,1,5
MMR006003,2025-05-01,4,1,2,1,6
MMR006004,2025-05-01,8,4,3,1,11
MMR006005,2025-05-01,0,0,0,0,0
MMR006006,2025-05-01,2,1,0,1,21
MMR006007,2025-05-01,8,2,3,3,5
MMR006008,2025-05-01,21,8,11,2,23
MMR006009,2025-05-01,3,3,0,0,10
MMR006010,2025-05-01,2,1,1,0,2
MMR007001,2025-05-01,3,3,0,0,6
MMR007002,2025-05-01,0,0,0,0,0
MMR007003,2025-05-01,0,0,0,0,0
MMR007004,2025-05-01,1,0,1,0,0
MMR007005,2025-05-01,7,5,1,1,10
MMR007006,2025-05-01,1,0,0,1,3
MMR007007,2025-05-01,0,0,0,0,0
MMR007008,2025-05-01,28,5,21,2,54
MMR007009,2025-05-01,11,7,3,1,41
MMR007010,2025-05-01,1,0,1,0,0
MMR007011,2025-05-01,24,1,23,0,28
MMR007012,2025-05-01,2,0,2,0,0
MMR007013,2025-05-01,4,4,0,0,18
MMR007014,2025-05-01,3,0,2,1,2
MMR008001,2025-05-01,2,0,0,2,0
MMR008002,2025-05-01,1,1,0,0,1
MMR008003,2025-05-01,2,1,1,0,0
MMR008004,2025-05-01,2,2,0,0,3
MMR008005,2025-05-01,6,2,1,3,2
MMR008006,2025-05-01,0,0,0,0,0
MMR008007,2025-05-01,1,0,0,1,1
MMR008008,2025-05-01,4,0,0,4,3
MMR008009,2025-05-01,10,4,3,3,12
MMR008010,2025-05-01,5,1,0,4,10
MMR008011,2025-05-01,0,0,0,0,0
MMR008012,2025-05-01,14,6,4,4,23
MMR008013,2025-05-01,0,0,0,0,0
MMR008014,2025-05-01,2,2,0,0,2
MMR009001,2025-05-01,0,0,0,0,0
MMR009002,2025-05-01,7,5,0,2,9
MMR009003,2025-05-01,0,0,0,0,0
MMR009004,2025-05-01,1,0,0,1,1
MMR009005,2025-05-01,0,0,0,0,0
MMR009006,2025-05-01,0,0,0,0,0
MMR009007,2025-05-01,0,0,0,0,0
MMR009008,2025-05-01,0,0,0,0,0
MMR009009,2025-05-01,4,3,0,1,3
MMR009010,2025-05-01,24,11,10,3,70
MMR009011,2025-05-01,1,0,0,1,0
MMR009012,2025-05-01,0,0,0,0,0
MMR009013,2025-05-01,2,1,0,1,4
MMR009014,2025-05-01,2,2,0,0,1
MMR009015,2025-05-01,0,0,0,0,0
MMR009016,2025-05-01,0,0,0,0,0
MMR009017,2025-05-01,0,0,0,0,0
MMR009018,2025-05-01,16,5,8,3,11
MMR009019,2025-05-01,3,1,1,1,29
MMR009020,2025-05-01,15,6,9,0,21
MMR009021,2025-05-01,0,0,0,0,0
MMR009022,2025-05-01,0,0,0,0,0
MMR009023,2025-05-01,3,1,2,0,11
MMR009024,2025-05-01,3,1,2,0,0
MMR009025,2025-05-01,5,0,3,2,6
MMR010001,2025-05-01,3,1,0,2,3
MMR010002,2025-05-01,0,0,0,0,0
MMR010003,2025-05-01,0,0,0,0,0
MMR010004,2025-05-01,0,0,0,0,0
MMR010005,2025-05-01,1,0,0,1,0
MMR010006,2025-05-01,0,0,0,0,0
MMR010007,2025-05-01,1,0,0,1,1
MMR010008,2025-05-01,0,0,0,0,0
MMR010009,2025-05-01,16,3,13,0,11
MMR010010,2025-05-01,7,0,7,0,6
MMR010011,2025-05-01,13,1,10,2,4
MMR010012,2025-05-01,11,1,10,0,7
MMR010013,2025-05-01,0,0,0,0,0
MMR010014,2025-05-01,0,0,0,0,0
MMR010015,2025-05-01,0,0,0,0,0
MMR010016,2025-05-01,0,0,0,0,0
MMR010017,2025-05-01,16,7,9,0,38
MMR010018,2025-05-01,16,9,7,0,20
MMR010019,2025-05-01,6,3,2,1,7
MMR010020,2025-05-01,5,1,1,3,6
MMR010021,2025-05-01,6,1,4,1,9
MMR010022,2025-05-01,4,2,0,2,5
MMR010023,2025-05-01,1,0,1,0,6
MMR010024,2025-05-01,0,0,0,0,0
MMR010028,2025-05-01,2,0,0,2,1
MMR010029,2025-05-01,3,1,0,2,0
MMR010030,2025-05-01,0,0,0,0,0
MMR010031,2025-05-01,2,0,0,2,0
MMR011001,2025-05-01,0,0,0,0,0
MMR011002,2025-05-01,0,0,0,0,0
MMR011003,2025-05-01,0,0,0,0,0
MMR011004,2025-05-01,1,0,0,1,1
MMR011005,2025-05-01,1,1,0,0,1
MMR011006,2025-05-01,3,2,1,0,4
MMR011007,2025-05-01,7,0,4,3,4
MMR011008,2025-05-01,0,0,0,0,0
MMR011009,2025-05-01,13,1,12,0,2
MMR011010,2025-05-01,9,0,8,1,3
MMR012001,2025-05-01,3,0,3,0,0
MMR012002,2025-05-01,0,0,0,0,0
MMR012003,2025-05-01,1,0,1,0,0
MMR012004,2025-05-01,2,0,2,0,8
MMR012005,2025-05-01,2,0,0,2,0
MMR012006,2025-05-01,0,0,0,0,0
MMR012007,2025-05-01,1,0,1,0,0
MMR012008,2025-05-01,1,0,1,0,13
MMR012009,2025-05-01,5,2,2,1,5
MMR012010,2025-05-01,0,0,0,0,0
MMR012011,2025-05-01,30,21,9,0,11
MMR012012,2025-05-01,0,0,0,0,0
MMR012013,2025-05-01,0,0,0,0,0
MMR012014,2025-05-01,2,1,0,1,0
MMR012015,2025-05-01,0,0,0,0,0
MMR012016,2025-05-01,1,0,1,0,0
MMR012017,2025-05-01,0,0,0,0,0
MMR013001,2025-05-01,1,0,0,1,0
MMR013002,2025-05-01,0,0,0,0,0
MMR013003,2025-05-01,1,0,1,0,0
MMR013004,2025-05-01,1,0,1,0,0
MMR013005,2025-05-01,1,0,1,0,0
MMR013006,2025-05-01,0,0,0,0,0
MMR013007,2025-05-01,0,0,0,0,0
MMR013009,2025-05-01,0,0,0,0,0
MMR013010,2025-05-01,0,0,0,0,0
MMR013011,2025-05-01,0,0,0,0,0
MMR013012,2025-05-01,0,0,0,0,0
MMR013013,2025-05-01,0,0,0,0,0
MMR013014,2025-05-01,0,0,0,0,0
MMR013015,2025-05-01,0,0,0,0,0
MMR013016,2025-05-01,0,0,0,0,0
MMR013017,2025-05-01,0,0,0,0,0
MMR013018,2025-05-01,0,0,0,0,0
MMR013019,2025-05-01,1,0,1,0,0
MMR013020,2025-05-01,0,0,0,0,0
MMR013021,2025-05-01,0,0,0,0,0
MMR013022,2025-05-01,0,0,0,0,0
MMR013023,2025-05-01,1,0,1,0,0
MMR013024,2025-05-01,0,0,0,0,0
MMR013025,2025-05-01,0,0,0,0,0
MMR013026,2025-05-01,0,0,0,0,0
MMR013027,2025-05-01,0,0,0,0,0
MMR013028,2025-05-01,0,0,0,0,0
MMR013029,2025-05-01,1,0,0,1,0
MMR013030,2025-05-01,0,0,0,0,0
MMR013031,2025-05-01,0,0,0,0,0
MMR013032,2025-05-01,0,0,0,0,0
MMR013033,2025-05-01,1,0,0,1,0
MMR013034,2025-05-01,0,0,0,0,0
MMR013035,2025-05-01,0,0,0,0,0
MMR013036,2025-05-01,0,0,0,0,0
MMR013037,2025-05-01,0,0,0,0,0
MMR013038,2025-05-01,0,0,0,0,0
MMR013039,2025-05-01,2,0,2,0,0
MMR013040,2025-05-01,1,0,0,1,0
MMR013041,2025-05-01,1,1,0,0,0
MMR013042,2025-05-01,1,0,0,1,1
MMR013043,2025-05-01,0,0,0,0,0
MMR013044,2025-05-01,0,0,0,0,0
MMR013046,2025-05-01,1,0,0,1,0
MMR013047,2025-05-01,0,0,0,0,0
MMR014001,2025-05-01,0,0,0,0,0
MMR014002,2025-05-01,16,8,7,1,34
MMR014003,2025-05-01,0,0,0,0,0
MMR014004,2025-05-01,2,2,0,0,0
MMR014005,2025-05-01,0,0,0,0,0
MMR014006,2025-05-01,0,0,0,0,0
MMR014007,2025-05-01,0,0,0,0,0
MMR014008,2025-05-01,3,0,3,0,0
MMR014009,2025-05-01,14,13,1,0,5
MMR014010,2025-05-01,25,12,12,1,18
MMR014011,2025-05-01,0,0,0,0,0
MMR014012,2025-05-01,0,0,0,0,0
MMR014013,2025-05-01,0,0,0,0,0
MMR014014,2025-05-01,0,0,0,0,0
MMR014015,2025-05-01,0,0,0,0,0
MMR014016,2025-05-01,1,0,0,1,0
MMR014017,2025-05-01,0,0,0,0,0
MMR014018,2025-05-01,0,0,0,0,0
MMR014019,2025-05-01,0,0,0,0,0
MMR014020,2025-05-01,0,0,0,0,0
MMR014021,2025-05-01,0,0,0,0,0
MMR015001,2025-05-01,2,1,0,1,0
MMR015002,2025-05-01,1,0,1,0,0
MMR015003,2025-05-01,0,0,0,0,0
MMR015004,2025-05-01,0,0,0,0,0
MMR015005,2025-05-01,0,0,0,0,0
MMR015006,2025-05-01,0,0,0,0,0
MMR015007,2025-05-01,0,0,0,0,0
MMR015008,2025-05-01,0,0,0,0,0
MMR015009,2025-05-01,5,0,1,4,1
MMR015010,2025-05-01,2,0,1,1,0
MMR015011,2025-05-01,1,0,1,0,1
MMR015012,2025-05-01,4,0,4,0,0
MMR015013,2025-05-01,57,25,28,4,14
MMR015014,2025-05-01,2,0,2,0,0
MMR015015,2025-05-01,0,0,0,0,0
MMR015016,2025-05-01,0,0,0,0,0
MMR015017,2025-05-01,0,0,0,0,0
MMR015018,2025-05-01,0,0,0,0,0
MMR015019,2025-05-01,1,1,0,0,0
MMR015020,2025-05-01,0,0,0,0,0
MMR015021,2025-05-01,0,0,0,0,0
MMR015022,2025-05-01,0,0,0,0,0
MMR015023,2025-05-01,0,0,0,0,0
MMR015024,2025-05-01,0,0,0,0,0
MMR016001,2025-05-01,0,0,0,0,0
MMR016002,2025-05-01,0,0,0,0,0
MMR016003,2025-05-01,0,0,0,0,0
MMR016005,2025-05-01,0,0,0,0,0
MMR016006,2025-05-01,0,0,0,0,0
MMR016007,2025-05-01,0,0,0,0,0
MMR016008,2025-05-01,0,0,0,0,0
MMR016009,2025-05-01,0,0,0,0,0
MMR016010,2025-05-01,0,0,0,0,0
MMR016011,2025-05-01,0,0,0,0,0
MMR017001,2025-05-01,0,0,0,0,0
MMR017002,2025-05-01,0,0,0,0,0
MMR017003,2025-05-01,0,0,0,0,0
MMR017004,2025-05-01,2,0,0,2,1
MMR017005,2025-05-01,1,0,0,1,0
MMR017006,2025-05-01,4,4,0,0,0
MMR017007,2025-05-01,0,0,0,0,0
MMR017008,2025-05-01,0,0,0,0,0
MMR017009,2025-05-01,0,0,0,0,0
MMR017010,2025-05-01,16,1,14,1,5
MMR017011,2025-05-01,0,0,0,0,0
MMR017012,2025-05-01,1,0,0,1,0
MMR017013,2025-05-01,9,2,6,1,0
MMR017014,2025-05-01,1,0,0,1,0
MMR017015,2025-05-01,0,0,0,0,0
MMR017016,2025-05-01,0,0,0,0,0
MMR017017,2025-05-01,0,0,0,0,0
MMR017018,2025-05-01,0,0,0,0,0
MMR017019,2025-05-01,0,0,0,0,0
MMR017020,2025-05-01,0,0,0,0,0
MMR017021,2025-05-01,0,0,0,0,0
MMR017022,2025-05-01,0,0,0,0,0
MMR017023,2025-05-01,0,0,0,0,0
MMR017024,2025-05-01,1,0,0,1,0
MMR017025,2025-05-01,0,0,0,0,0
MMR017026,2025-05-01,0,0,0,0,0
MMR018001,2025-05-01,0,0,0,0,0
MMR018002,2025-05-01,1,0,0,1,0
MMR018003,2025-05-01,0,0,0,0,0
MMR018004,2025-05-01,0,0,0,0,0
MMR018005,2025-05-01,0,0,0,0,0
MMR018006,2025-05-01,0,0,0,0,0
MMR018007,2025-05-01,0,0,0,0,0
MMR018008,2025-05-01,0,0,0,0,0
MMR001001,2025-06-01,0,0,0,0,0
MMR001002,2025-06-01,4,1,3,0,0
MMR001003,2025-06-01,0,0,0,0,0
MMR001004,2025-06-01,0,0,0,0,0
MMR001005,2025-06-01,0,0,0,0,0
MMR001006,2025-06-01,0,0,0,0,0
MMR001007,2025-06-01,3,3,0,0,2
MMR001008,2025-06-01,0,0,0,0,0
MMR001009,2025-06-01,41,18,12,11,102
MMR001010,2025-06-01,3,2,1,0,0
MMR001011,2025-06-01,0,0,0,0,0
MMR001012,2025-06-01,0,0,0,0,0
MMR001013,2025-06-01,0,0,0,0,0
MMR001014,2025-06-01,1,0,0,1,0
MMR001015,2025-06-01,0,0,0,0,0
MMR001016,2025-06-01,0,0,0,0,0
MMR001017,2025-06-01,0,0,0,0,0
MMR001018,2025-06-01,0,0,0,0,0
MMR002001,2025-06-01,2,1,1,0,20
MMR002002,2025-06-01,2,0,2,0,0
MMR002003,2025-06-01,1,0,0,1,0
MMR002004,2025-06-01,0,0,0,0,0
MMR002005,2025-06-01,1,1,0,0,20
MMR002006,2025-06-01,6,3,3,0,11
MMR002007,2025-06-01,0,0,0,0,0
MMR003001,2025-06-01,7,3,3,1,3
MMR003002,2025-06-01,2,0,2,0,0
MMR003003,2025-06-01,6,3,3,0,4
MMR003004,2025-06-01,3,1,1,1,11
MMR003005,2025-06-01,10,4,4,2,35
MMR003006,2025-06-01,49,22,27,0,137
MMR003007,2025-06-01,3,0,2,1,4
MMR004001,2025-06-01,0,0,0,0,0
MMR004002,2025-06-01,0,0,0,0,0
MMR004003,2025-06-01,0,0,0,0,0
MMR004004,2025-06-01,5,4,1,0,18
MMR004005,2025-06-01,1,1,0,0,2
MMR004006,2025-06-01,0,0,0,0,0
MMR004007,2025-06-01,0,0,0,0,0
MMR004008,2025-06-01,0,0,0,0,0
MMR004009,2025-06-01,0,0,0,0,0
MMR005001,2025-06-01,19,7,5,7,34
MMR005002,2025-06-01,1,1,0,0,0
MMR005003,2025-06-01,0,0,0,0,0
MMR005004,2025-06-01,9,4,5,0,15
MMR005005,2025-06-01,1,0,1,0,0
MMR005006,2025-06-01,0,0,0,0,0
MMR005007,2025-06-01,15,2,8,5,16
MMR005008,2025-06-01,0,0,0,0,0
MMR005009,2025-06-01,6,2,4,0,2
MMR005010,2025-06-01,0,0,0,0,0
MMR005011,2025-06-01,1,1,0,0,8
MMR005012,2025-06-01,6,3,3,0,41
MMR005013,2025-06-01,3,0,3,0,1
MMR005014,2025-06-01,5,4,0,1,5
MMR005015,2025-06-01,2,2,0,0,1
MMR005016,2025-06-01,4,0,3,1,5
MMR005017,2025-06-01,1,0,1,0,0
MMR005018,2025-06-01,5,1,4,0,8
MMR005019,2025-06-01,40,24,16,0,52
MMR005020,2025-06-01,0,0,0,0,0
MMR005021,2025-06-01,1,0,1,0,0
MMR005022,2025-06-01,3,1,2,0,1
MMR005023,2025-06-01,2,1,0,1,20
MMR005024,2025-06-01,3,0,3,0,1
MMR005025,2025-06-01,0,0,0,0,0
MMR005026,2025-06-01,1,0,1,0,1
MMR005027,2025-06-01,2,1,1,0,0
MMR005028,2025-06-01,0,0,0,0,0
MMR005029,2025-06-01,0,0,0,0,0
MMR005030,2025-06-01,1,1,0,0,3
MMR005031,2025-06-01,0,0,0,0,0
MMR005032,2025-06-01,0,0,0,0,0
MMR005033,2025-06-01,0,0,0,0,0
MMR005034,2025-06-01,0,0,0,0,0
MMR005035,2025-06-01,0,0,0,0,0
MMR005036,2025-06-01,0,0,0,0,0
MMR005037,2025-06-01,1,1,0,0,2
MMR006001,2025-06-01,6,5,1,0,7
MMR006002,2025-06-01,12,6,1,5,8
MMR006003,2025-06-01,8,4,3,1,12
MMR006004,2025-06-01,5,3,2,0,15
MMR006005,2025-06-01,1,0,0,1,0
MMR006006,2025-06-01,0,0,0,0,0
MMR006007,2025-06-01,6,3,3,0,7
MMR006008,2025-06-01,28,14,12,2,16
MMR006009,2025-06-01,2,0,0,2,1
MMR006010,2025-06-01,2,1,0,1,3
MMR007001,2025-06-01,0,0,0,0,0
MMR007002,2025-06-01,0,0,0,0,0
MMR007003,2025-06-01,0,0,0,0,0
MMR007004,2025-06-01,0,0,0,0,0
MMR007005,2025-06-01,8,5,3,0,30
MMR007006,2025-06-01,13,3,10,0,10
MMR007007,2025-06-01,0,0,0,0,0
MMR007008,2025-06-01,5,1,4,0,7
MMR007009,2025-06-01,8,7,0,1,8
MMR007010,2025-06-01,0,0,0,0,0
MMR007011,2025-06-01,27,5,22,0,27
MMR007012,2025-06-01,9,6,3,0,30
MMR007013,2025-06-01,1,1,0,0,11
MMR007014,2025-06-01,8,6,2,0,32
MMR008001,2025-06-01,4,0,0,4,0
MMR008002,2025-06-01,0,0,0,0,0
MMR008003,2025-06-01,0,0,0,0,0
MMR008004,2025-06-01,4,2,1,1,18
MMR008005,2025-06-01,2,0,1,1,4
MMR008006,2025-06-01,0,0,0,0,0
MMR008007,2025-06-01,2,0,0,2,1
MMR008008,2025-06-01,5,2,0,3,6
MMR008009,2025-06-01,24,8,11,5,56
MMR008010,2025-06-01,5,1,3,1,4
MMR008011,2025-06-01,1,1,0,0,1
MMR008012,2025-06-01,0,0,0,0,0
MMR008013,2025-06-01,0,0,0,0,0
MMR008014,2025-06-01,6,4,1,1,9
MMR009001,2025-06-01,0,0,0,0,0
MMR009002,2025-06-01,21,16,1,4,13
MMR009003,2025-06-01,2,1,0,1,5
MMR009004,2025-06-01,1,1,0,0,2
MMR009005,2025-06-01,0,0,0,0,0
MMR009006,2025-06-01,5,2,1,2,5
MMR009007,2025-06-01,1,1,0,0,0
MMR009008,2025-06-01,1,1,0,0,6
MMR009009,2025-06-01,15,13,1,1,2
MMR009010,2025-06-01,14,8,6,0,11
MMR009011,2025-06-01,3,3,0,0,0
MMR009012,2025-06-01,0,0,0,0,0
MMR009013,2025-06-01,0,0,0,0,0
MMR009014,2025-06-01,0,0,0,0,0
MMR009015,2025-06-01,0,0,0,0,0
MMR009016,2025-06-01,1,1,0,0,1
MMR009017,2025-06-01,1,0,1,0,8
MMR009018,2025-06-01,36,6,19,11,41
MMR009019,2025-06-01,1,0,0,1,1
MMR009020,2025-06-01,5,1,4,0,2
MMR009021,2025-06-01,12,1,11,0,9
MMR009022,2025-06-01,6,4,1,1,18
MMR009023,2025-06-01,4,0,3,1,20
MMR009024,2025-06-01,4,0,3,1,3
MMR009025,2025-06-01,3,0,3,0,4
MMR010001,2025-06-01,3,0,0,3,2
MMR010002,2025-06-01,1,0,0,1,0
MMR010003,2025-06-01,0,0,0,0,0
MMR010004,2025-06-01,0,0,0,0,0
MMR010005,2025-06-01,0,0,0,0,0
MMR010006,2025-06-01,0,0,0,0,0
MMR010007,2025-06-01,2,0,2,0,0
MMR010008,2025-06-01,2,0,0,2,1
MMR010009,2025-06-01,8,1,7,0,4
MMR010010,2025-06-01,11,0,11,0,8
MMR010011,2025-06-01,3,1,2,0,1
MMR010012,2025-06-01,5,0,5,0,1
MMR010013,2025-06-01,0,0,0,0,0
MMR010014,2025-06-01,0,0,0,0,0
MMR010015,2025-06-01,0,0,0,0,0
MMR010016,2025-06-01,0,0,0,0,0
MMR010017,2025-06-01,14,5,8,1,30
MMR010018,2025-06-01,19,5,11,3,22
MMR010019,2025-06-01,4,2,2,0,17
MMR010020,2025-06-01,0,0,0,0,0
MMR010021,2025-06-01,9,3,5,1,20
MMR010022,2025-06-01,5,3,0,2,23
MMR010023,2025-06-01,0,0,0,0,0
MMR010024,2025-06-01,2,2,0,0,7
MMR010028,2025-06-01,1,1,0,0,3
MMR010029,2025-06-01,2,1,0,1,1
MMR010030,2025-06-01,0,0,0,0,0
MMR010031,2025-06-01,0,0,0,0,0
MMR011001,2025-06-01,2,1,1,0,2
MMR011002,2025-06-01,0,0,0,0,0
MMR011003,2025-06-01,0,0,0,0,0
MMR011004,2025-06-01,1,1,0,0,2
MMR011005,2025-06-01,1,1,0,0,1
MMR011006,2025-06-01,3,1,1,1,1
MMR011007,2025-06-01,1,0,0,1,1
MMR011008,2025-06-01,0,0,0,0,0
MMR011009,2025-06-01,9,1,8,0,1
MMR011010,2025-06-01,6,0,6,0,3
MMR012001,2025-06-01,1,1,0,0,0
MMR012002,2025-06-01,1,0,1,0,0
MMR012003,2025-06-01,1,0,0,1,0
MMR012004,2025-06-01,0,0,0,0,0
MMR012005,2025-06-01,2,0,1,1,0
MMR012006,2025-06-01,1,0,0,1,0
MMR012007,2025-06-01,1,0,1,0,0
MMR012008,2025-06-01,0,0,0,0,0
MMR012009,2025-06-01,2,2,0,0,4
MMR012010,2025-06-01,0,0,0,0,0
MMR012011,2025-06-01,29,17,11,1,51
MMR012012,2025-06-01,1,0,0,1,0
MMR012013,2025-06-01,0,0,0,0,0
MMR012014,2025-06-01,3,1,2,0,20
MMR012015,2025-06-01,3,0,3,0,5
MMR012016,2025-06-01,2,0,2,0,1
MMR012017,2025-06-01,0,0,0,0,0
MMR013001,2025-06-01,1,0,0,1,0
MMR013002,2025-06-01,1,0,1,0,1
MMR013003,2025-06-01,2,0,2,0,2
MMR013004,2025-06-01,1,0,0,1,0
MMR013005,2025-06-01,0,0,0,0,0
MMR013006,2025-06-01,0,0,0,0,0
MMR013007,2025-06-01,2,0,1,1,0
MMR013009,2025-06-01,0,0,0,0,0
MMR013010,2025-06-01,0,0,0,0,0
MMR013011,2025-06-01,0,0,0,0,0
MMR013012,2025-06-01,1,0,1,0,0
MMR013013,2025-06-01,1,0,1,0,0
MMR013014,2025-06-01,0,0,0,0,0
MMR013015,2025-06-01,1,0,0,1,0
MMR013016,2025-06-01,0,0,0,0,0
MMR013017,2025-06-01,0,0,0,0,0
MMR013018,2025-06-01,2,0,1,1,0
MMR013019,2025-06-01,0,0,0,0,0
MMR013020,2025-06-01,0,0,0,0,0
MMR013021,2025-06-01,0,0,0,0,0
MMR013022,2025-06-01,0,0,0,0,0
MMR013023,2025-06-01,0,0,0,0,0
MMR013024,2025-06-01,0,0,0,0,0
MMR013025,2025-06-01,0,0,0,0,0
MMR013026,2025-06-01,0,0,0,0,0
MMR013027,2025-06-01,0,0,0,0,0
MMR013028,2025-06-01,0,0,0,0,0
MMR013029,2025-06-01,0,0,0,0,0
MMR013030,2025-06-01,0,0,0,0,0
MMR013031,2025-06-01,0,0,0,0,0
MMR013032,2025-06-01,0,0,0,0,0
MMR013033,2025-06-01,0,0,0,0,0
MMR013034,2025-06-01,0,0,0,0,0
MMR013035,2025-06-01,1,1,0,0,0
MMR013036,2025-06-01,0,0,0,0,0
MMR013037,2025-06-01,0,0,0,0,0
MMR013038,2025-06-01,0,0,0,0,0
MMR013039,2025-06-01,0,0,0,0,0
MMR013040,2025-06-01,0,0,0,0,0
MMR013041,2025-06-01,1,0,0,1,0
MMR013042,2025-06-01,0,0,0,0,0
MMR013043,2025-06-01,0,0,0,0,0
MMR013044,2025-06-01,0,0,0,0,0
MMR013046,2025-06-01,0,0,0,0,0
MMR013047,2025-06-01,0,0,0,0,0
MMR014001,2025-06-01,0,0,0,0,0
MMR014002,2025-06-01,5,4,1,0,0
MMR014003,2025-06-01,0,0,0,0,0
MMR014004,2025-06-01,2,0,2,0,0
MMR014005,2025-06-01,0,0,0,0,0
MMR014006,2025-06-01,0,0,0,0,0
MMR014007,2025-06-01,1,0,0,1,0
MMR014008,2025-06-01,2,0,1,1,0
MMR014009,2025-06-01,1,1,0,0,0
MMR014010,2025-06-01,25,15,10,0,15
MMR014011,2025-06-01,0,0,0,0,0
MMR014012,2025-06-01,0,0,0,0,0
MMR014013,2025-06-01,1,0,0,1,0
MMR014014,2025-06-01,0,0,0,0,0
MMR014015,2025-06-01,0,0,0,0,0
MMR014016,2025-06-01,0,0,0,0,0
MMR014017,2025-06-01,0,0,0,0,0
MMR014018,2025-06-01,0,0,0,0,0
MMR014019,2025-06-01,0,0,0,0,0
MMR014020,2025-06-01,1,0,1,0,0
MMR014021,2025-06-01,0,0,0,0,0
MMR015001,2025-06-01,4,3,0,1,8
MMR015002,2025-06-01,2,0,0,2,0
MMR015003,2025-06-01,0,0,0,0,0
MMR015004,2025-06-01,0,0,0,0,0
MMR015005,2025-06-01,0,0,0,0,0
MMR015006,2025-06-01,0,0,0,0,0
MMR015007,2025-06-01,0,0,0,0,0
MMR015008,2025-06-01,0,0,0,0,0
MMR015009,2025-06-01,2,0,0,2,1
MMR015010,2025-06-01,2,0,1,1,1
MMR015011,2025-06-01,1,0,1,0,0
MMR015012,2025-06-01,6,3,3,0,7
MMR015013,2025-06-01,96,62,32,2,1
MMR015014,2025-06-01,1,0,0,1,0
MMR015015,2025-06-01,3,1,1,1,0
MMR015016,2025-06-01,0,0,0,0,0
MMR015017,2025-06-01,1,1,0,0,0
MMR015018,2025-06-01,0,0,0,0,0
MMR015019,2025-06-01,1,1,0,0,1
MMR015020,2025-06-01,0,0,0,0,0
MMR015021,2025-06-01,0,0,0,0,0
MMR015022,2025-06-01,1,0,0,1,0
MMR015023,2025-06-01,0,0,0,0,0
MMR015024,2025-06-01,0,0,0,0,0
MMR016001,2025-06-01,0,0,0,0,0
MMR016002,2025-06-01,0,0,0,0,0
MMR016003,2025-06-01,0,0,0,0,0
MMR016005,2025-06-01,0,0,0,0,0
MMR016006,2025-06-01,0,0,0,0,0
MMR016007,2025-06-01,0,0,0,0,0
MMR016008,2025-06-01,0,0,0,0,0
MMR016009,2025-06-01,0,0,0,0,0
MMR016010,2025-06-01,0,0,0,0,0
MMR016011,2025-06-01,0,0,0,0,0
MMR017001,2025-06-01,1,0,1,0,0
MMR017002,2025-06-01,0,0,0,0,0
MMR017003,2025-06-01,1,0,0,1,0
MMR017004,2025-06-01,0,0,0,0,0
MMR017005,2025-06-01,1,0,0,1,0
MMR017006,2025-06-01,18,15,2,1,3
MMR017007,2025-06-01,0,0,0,0,0
MMR017008,2025-06-01,0,0,0,0,0
MMR017009,2025-06-01,0,0,0,0,0
MMR017010,2025-06-01,6,4,1,1,0
MMR017011,2025-06-01,1,0,0,1,0
MMR017012,2025-06-01,0,0,0,0,0
MMR017013,2025-06-01,3,2,0,1,1
MMR017014,2025-06-01,0,0,0,0,0
MMR017015,2025-06-01,0,0,0,0,0
MMR017016,2025-06-01,0,0,0,0,0
MMR017017,2025-06-01,0,0,0,0,0
MMR017018,2025-06-01,1,0,0,1,0
MMR017019,2025-06-01,0,0,0,0,0
MMR017020,2025-06-01,3,0,0,3,0
MMR017021,2025-06-01,1,1,0,0,1
MMR017022,2025-06-01,0,0,0,0,0
MMR017023,2025-06-01,0,0,0,0,0
MMR017024,2025-06-01,0,0,0,0,0
MMR017025,2025-06-01,0,0,0,0,0
MMR017026,2025-06-01,0,0,0,0,0
MMR018001,2025-06-01,0,0,0,0,0
MMR018002,2025-06-01,1,1,0,0,1
MMR018003,2025-06-01,0,0,0,0,0
MMR018004,2025-06-01,0,0,0,0,0
MMR018005,2025-06-01,0,0,0,0,0
MMR018006,2025-06-01,0,0,0,0,0
MMR018007,2025-06-01,0,0,0,0,0
MMR018008,2025-06-01,0,0,0,0,0
MMR001001,2025-07-01,3,1,2,0,0
MMR001002,2025-07-01,2,2,0,0,1
MMR001003,2025-07-01,0,0,0,0,0
MMR001004,2025-07-01,3,2,0,1,0
MMR001005,2025-07-01,0,0,0,0,0
MMR001006,2025-07-01,0,0,0,0,0
MMR001007,2025-07-01,9,4,0,5,1
MMR001008,2025-07-01,0,0,0,0,0
MMR001009,2025-07-01,38,17,16,5,82
MMR001010,2025-07-01,2,2,0,0,0
MMR001011,2025-07-01,8,6,2,0,31
MMR001012,2025-07-01,0,0,0,0,0
MMR001013,2025-07-01,0,0,0,0,0
MMR001014,2025-07-01,0,0,0,0,0
MMR001015,2025-07-01,0,0,0,0,0
MMR001016,2025-07-01,0,0,0,0,0
MMR001017,2025-07-01,0,0,0,0,0
MMR001018,2025-07-01,0,0,0,0,0
MMR002001,2025-07-01,10,8,0,2,9
MMR002002,2025-07-01,9,0,9,0,0
MMR002003,2025-07-01,0,0,0,0,0
MMR002004,2025-07-01,0,0,0,0,0
MMR002005,2025-07-01,0,0,0,0,0
MMR002006,2025-07-01,8,4,4,0,15
MMR002007,2025-07-01,0,0,0,0,0
MMR003001,2025-07-01,4,1,1,2,4
MMR003002,2025-07-01,1,0,1,0,0
MMR003003,2025-07-01,0,0,0,0,0
MMR003004,2025-07-01,0,0,0,0,0
MMR003005,2025-07-01,22,12,9,1,8
MMR003006,2025-07-01,36,25,10,1,33
MMR003007,2025-07-01,1,1,0,0,0
MMR004001,2025-07-01,11,11,0,0,2
MMR004002,2025-07-01,2,2,0,0,0
MMR004003,2025-07-01,0,0,0,0,0
MMR004004,2025-07-01,1,1,0,0,17
MMR004005,2025-07-01,0,0,0,0,0
MMR004006,2025-07-01,0,0,0,0,0
MMR004007,2025-07-01,1,1,0,0,0
MMR004008,2025-07-01,0,0,0,0,0
MMR004009,2025-07-01,0,0,0,0,0
MMR005001,2025-07-01,10,6,1,3,33
MMR005002,2025-07-01,4,3,1,0,13
MMR005003,2025-07-01,1,0,0,1,0
MMR005004,2025-07-01,8,8,0,0,14
MMR005005,2025-07-01,3,1,0,2,2
MMR005006,2025-07-01,17,3,10,4,25
MMR005007,2025-07-01,13,4,5,4,18
MMR005008,2025-07-01,2,0,2,0,0
MMR005009,2025-07-01,0,0,0,0,0
MMR005010,2025-07-01,0,0,0,0,0
MMR005011,2025-07-01,0,0,0,0,0
MMR005012,2025-07-01,5,3,1,1,8
MMR005013,2025-07-01,2,0,2,0,0
MMR005014,2025-07-01,4,4,0,0,1
MMR005015,2025-07-01,9,3,5,1,16
MMR005016,2025-07-01,1,0,1,0,0
MMR005017,2025-07-01,3,2,1,0,2
MMR005018,2025-07-01,6,3,2,1,1
MMR005019,2025-07-01,5,0,5,0,0
MMR005020,2025-07-01,6,1,5,0,1
MMR005021,2025-07-01,0,0,0,0,0
MMR005022,2025-07-01,1,0,1,0,0
MMR005023,2025-07-01,1,1,0,0,4
MMR005024,2025-07-01,1,0,1,0,0
MMR005025,2025-07-01,0,0,0,0,0
MMR005026,2025-07-01,0,0,0,0,0
MMR005027,2025-07-01,1,1,0,0,6
MMR005028,2025-07-01,0,0,0,0,0
MMR005029,2025-07-01,0,0,0,0,0
MMR005030,2025-07-01,1,1,0,0,0
MMR005031,2025-07-01,2,2,0,0,5
MMR005032,2025-07-01,2,1,1,0,1
MMR005033,2025-07-01,0,0,0,0,0
MMR005034,2025-07-01,0,0,0,0,0
MMR005035,2025-07-01,0,0,0,0,0
MMR005036,2025-07-01,0,0,0,0,0
MMR005037,2025-07-01,1,0,1,0,3
MMR006001,2025-07-01,7,5,1,1,3
MMR006002,2025-07-01,6,2,3,1,36
MMR006003,2025-07-01,1,0,0,1,2
MMR006004,2025-07-01,9,5,2,2,9
MMR006005,2025-07-01,0,0,0,0,0
MMR006006,2025-07-01,1,0,0,1,1
MMR006007,2025-07-01,17,2,14,1,33
MMR006008,2025-07-01,7,2,4,1,0
MMR006009,2025-07-01,2,0,0,2,2
MMR006010,2025-07-01,0,0,0,0,0
MMR007001,2025-07-01,0,0,0,0,0
MMR007002,2025-07-01,0,0,0,0,0
MMR007003,2025-07-01,0,0,0,0,0
MMR007004,2025-07-01,1,1,0,0,2
MMR007005,2025-07-01,6,1,5,0,2
MMR007006,2025-07-01,13,0,13,0,0
MMR007007,2025-07-01,0,0,0,0,0
MMR007008,2025-07-01,2,0,2,0,0
MMR007009,2025-07-01,3,2,1,0,19
MMR007010,2025-07-01,4,4,0,0,79
MMR007011,2025-07-01,26,5,20,1,38
MMR007012,2025-07-01,2,1,1,0,3
MMR007013,2025-07-01,0,0,0,0,0
MMR007014,2025-07-01,0,0,0,0,0
MMR008001,2025-07-01,0,0,0,0,0
MMR008002,2025-07-01,6,1,2,3,6
MMR008003,2025-07-01,0,0,0,0,0
MMR008004,2025-07-01,0,0,0,0,0
MMR008005,2025-07-01,2,2,0,0,1
MMR008006,2025-07-01,1,0,0,1,0
MMR008007,2025-07-01,2,0,0,2,0
MMR008008,2025-07-01,6,0,2,4,3
MMR008009,2025-07-01,12,3,5,4,103
MMR008010,2025-07-01,8,3,0,5,27
MMR008011,2025-07-01,2,2,0,0,7
MMR008012,2025-07-01,0,0,0,0,0
MMR008013,2025-07-01,0,0,0,0,0
MMR008014,2025-07-01,4,2,2,0,2
MMR009001,2025-07-01,1,0,0,1,1
MMR009002,2025-07-01,0,0,0,0,0
MMR009003,2025-07-01,4,4,0,0,13
MMR009004,2025-07-01,1,1,0,0,1
MMR009005,2025-07-01,0,0,0,0,0
MMR009006,2025-07-01,5,3,1,1,10
MMR009007,2025-07-01,1,1,0,0,0
MMR009008,2025-07-01,0,0,0,0,0
MMR009009,2025-07-01,11,7,2,2,26
MMR009010,2025-07-01,6,2,4,0,17
MMR009011,2025-07-01,2,1,1,0,20
MMR009012,2025-07-01,1,1,0,0,3
MMR009013,2025-07-01,1,1,0,0,0
MMR009014,2025-07-01,1,0,1,0,0
MMR009015,2025-07-01,1,1,0,0,1
MMR009016,2025-07-01,1,1,0,0,40
MMR009017,2025-07-01,2,0,2,0,19
MMR009018,2025-07-01,13,4,7,2,36
MMR009019,2025-07-01,6,1,4,1,9
MMR009020,2025-07-01,10,3,7,0,3
MMR009021,2025-07-01,9,1,7,1,3
MMR009022,2025-07-01,5,2,3,0,14
MMR009023,2025-07-01,1,1,0,0,0
MMR009024,2025-07-01,1,0,1,0,0
MMR009025,2025-07-01,1,0,0,1,0
MMR010001,2025-07-01,1,0,0,1,1
MMR010002,2025-07-01,0,0,0,0,0
MMR010003,2025-07-01,1,0,0,1,0
MMR010004,2025-07-01,0,0,0,0,0
MMR010005,2025-07-01,0,0,0,0,0
MMR010006,2025-07-01,0,0,0,0,0
MMR010007,2025-07-01,14,9,5,0,10
MMR010008,2025-07-01,0,0,0,0,0
MMR010009,2025-07-01,13,5,8,0,9
MMR010010,2025-07-01,6,0,6,0,16
MMR010011,2025-07-01,9,0,6,3,15
MMR010012,2025-07-01,23,12,11,0,11
MMR010013,2025-07-01,0,0,0,0,0
MMR010014,2025-07-01,0,0,0,0,0
MMR010015,2025-07-01,0,0,0,0,0
MMR010016,2025-07-01,0,0,0,0,0
MMR010017,2025-07-01,7,5,2,0,42
MMR010018,2025-07-01,8,2,4,2,13
MMR010019,2025-07-01,6,1,5,0,13
MMR010020,2025-07-01,1,0,0,1,0
MMR010021,2025-07-01,9,6,2,1,68
MMR010022,2025-07-01,15,7,3,5,40
MMR010023,2025-07-01,0,0,0,0,0
MMR010024,2025-07-01,0,0,0,0,0
MMR010028,2025-07-01,0,0,0,0,0
MMR010029,2025-07-01,7,2,3,2,9
MMR010030,2025-07-01,0,0,0,0,0
MMR010031,2025-07-01,11,0,0,11,0
MMR011001,2025-07-01,0,0,0,0,0
MMR011002,2025-07-01,0,0,0,0,0
MMR011003,2025-07-01,0,0,0,0,0
MMR011004,2025-07-01,2,2,0,0,8
MMR011005,2025-07-01,2,0,0,2,1
MMR011006,2025-07-01,10,5,2,3,18
MMR011007,2025-07-01,8,1,5,2,3
MMR011008,2025-07-01,0,0,0,0,0
MMR011009,2025-07-01,2,0,2,0,1
MMR011010,2025-07-01,4,2,2,0,2
MMR012001,2025-07-01,1,0,1,0,0
MMR012002,2025-07-01,5,0,5,0,0
MMR012003,2025-07-01,0,0,0,0,0
MMR012004,2025-07-01,0,0,0,0,0
MMR012005,2025-07-01,1,0,0,1,0
MMR012006,2025-07-01,1,0,1,0,2
MMR012007,2025-07-01,1,0,1,0,0
MMR012008,2025-07-01,1,0,1,0,0
MMR012009,2025-07-01,7,5,1,1,2
MMR012010,2025-07-01,2,2,0,0,0
MMR012011,2025-07-01,24,19,5,0,10
MMR012012,2025-07-01,0,0,0,0,0
MMR012013,2025-07-01,0,0,0,0,0
MMR012014,2025-07-01,5,1,3,1,0
MMR012015,2025-07-01,0,0,0,0,0
MMR012016,2025-07-01,1,0,0,1,0
MMR012017,2025-07-01,0,0,0,0,0
MMR013001,2025-07-01,1,0,0,1,1
MMR013002,2025-07-01,1,0,1,0,0
MMR013003,2025-07-01,0,0,0,0,0
MMR013004,2025-07-01,0,0,0,0,0
MMR013005,2025-07-01,0,0,0,0,0
MMR013006,2025-07-01,0,0,0,0,0
MMR013007,2025-07-01,2,0,1,1,0
MMR013009,2025-07-01,0,0,0,0,0
MMR013010,2025-07-01,0,0,0,0,0
MMR013011,2025-07-01,0,0,0,0,0
MMR013012,2025-07-01,1,0,1,0,0
MMR013013,2025-07-01,1,0,0,1,0
MMR013014,2025-07-01,0,0,0,0,0
MMR013015,2025-07-01,0,0,0,0,0
MMR013016,2025-07-01,1,0,0,1,0
MMR013017,2025-07-01,0,0,0,0,0
MMR013018,2025-07-01,1,0,1,0,0
MMR013019,2025-07-01,0,0,0,0,0
MMR013020,2025-07-01,0,0,0,0,0
MMR013021,2025-07-01,1,0,1,0,0
MMR013022,2025-07-01,0,0,0,0,0
MMR013023,2025-07-01,1,1,0,0,0
MMR013024,2025-07-01,0,0,0,0,0
MMR013025,2025-07-01,0,0,0,0,0
MMR013026,2025-07-01,0,0,0,0,0
MMR013027,2025-07-01,0,0,0,0,0
MMR013028,2025-07-01,0,0,0,0,0
MMR013029,2025-07-01,0,0,0,0,0
MMR013030,2025-07-01,0,0,0,0,0
MMR013031,2025-07-01,0,0,0,0,0
MMR013032,2025-07-01,0,0,0,0,0
MMR013033,2025-07-01,0,0,0,0,0
MMR013034,2025-07-01,0,0,0,0,0
MMR013035,2025-07-01,0,0,0,0,0
MMR013036,2025-07-01,0,0,0,0,0
MMR013037,2025-07-01,0,0,0,0,0
MMR013038,2025-07-01,0,0,0,0,0
MMR013039,2025-07-01,0,0,0,0,0
MMR013040,2025-07-01,0,0,0,0,0
MMR013041,2025-07-01,0,0,0,0,0
MMR013042,2025-07-01,2,0,0,2,0
MMR013043,2025-07-01,0,0,0,0,0
MMR013044,2025-07-01,2,0,0,2,0
MMR013046,2025-07-01,1,1,0,0,1
MMR013047,2025-07-01,0,0,0,0,0
MMR014001,2025-07-01,1,0,0,1,0
MMR014002,2025-07-01,0,0,0,0,0
MMR014003,2025-07-01,0,0,0,0,0
MMR014004,2025-07-01,1,0,1,0,0
MMR014005,2025-07-01,0,0,0,0,0
MMR014006,2025-07-01,0,0,0,0,0
MMR014007,2025-07-01,4,1,0,3,12
MMR014008,2025-07-01,0,0,0,0,0
MMR014009,2025-07-01,0,0,0,0,0
MMR014010,2025-07-01,8,3,5,0,11
MMR014011,2025-07-01,0,0,0,0,0
MMR014012,2025-07-01,0,0,0,0,0
MMR014013,2025-07-01,0,0,0,0,0
MMR014014,2025-07-01,0,0,0,0,0
MMR014015,2025-07-01,0,0,0,0,0
MMR014016,2025-07-01,0,0,0,0,0
MMR014017,2025-07-01,0,0,0,0,0
MMR014018,2025-07-01,0,0,0,0,0
MMR014019,2025-07-01,0,0,0,0,0
MMR014020,2025-07-01,2,0,1,1,1
MMR014021,2025-07-01,0,0,0,0,0
MMR015001,2025-07-01,1,0,0,1,0
MMR015002,2025-07-01,1,0,1,0,0
MMR015003,2025-07-01,0,0,0,0,0
MMR015004,2025-07-01,0,0,0,0,0
MMR015005,2025-07-01,0,0,0,0,0
MMR015006,2025-07-01,0,0,0,0,0
MMR015007,2025-07-01,0,0,0,0,0
MMR015008,2025-07-01,0,0,0,0,0
MMR015009,2025-07-01,1,1,0,0,1
MMR015010,2025-07-01,0,0,0,0,0
MMR015011,2025-07-01,4,0,1,3,7
MMR015012,2025-07-01,25,0,25,0,10
MMR015013,2025-07-01,70,56,12,2,6
MMR015014,2025-07-01,6,0,6,0,2
MMR015015,2025-07-01,0,0,0,0,0
MMR015016,2025-07-01,0,0,0,0,0
MMR015017,2025-07-01,0,0,0,0,0
MMR015018,2025-07-01,0,0,0,0,0
MMR015019,2025-07-01,0,0,0,0,0
MMR015020,2025-07-01,0,0,0,0,0
MMR015021,2025-07-01,0,0,0,0,0
MMR015022,2025-07-01,0,0,0,0,0
MMR015023,2025-07-01,0,0,0,0,0
MMR015024,2025-07-01,0,0,0,0,0
MMR016001,2025-07-01,0,0,0,0,0
MMR016002,2025-07-01,0,0,0,0,0
MMR016003,2025-07-01,0,0,0,0,0
MMR016005,2025-07-01,0,0,0,0,0
MMR016006,2025-07-01,0,0,0,0,0
MMR016007,2025-07-01,0,0,0,0,0
MMR016008,2025-07-01,0,0,0,0,0
MMR016009,2025-07-01,0,0,0,0,0
MMR016010,2025-07-01,0,0,0,0,0
MMR016011,2025-07-01,0,0,0,0,0
MMR017001,2025-07-01,1,0,0,1,1
MMR017002,2025-07-01,1,0,0,1,0
MMR017003,2025-07-01,0,0,0,0,0
MMR017004,2025-07-01,1,0,0,1,0
MMR017005,2025-07-01,0,0,0,0,0
MMR017006,2025-07-01,3,3,0,0,1
MMR017007,2025-07-01,0,0,0,0,0
MMR017008,2025-07-01,0,0,0,0,0
MMR017009,2025-07-01,0,0,0,0,0
MMR017010,2025-07-01,14,4,10,0,3
MMR017011,2025-07-01,0,0,0,0,0
MMR017012,2025-07-01,0,0,0,0,0
MMR017013,2025-07-01,2,0,2,0,0
MMR017014,2025-07-01,0,0,0,0,0
MMR017015,2025-07-01,0,0,0,0,0
MMR017016,2025-07-01,0,0,0,0,0
MMR017017,2025-07-01,0,0,0,0,0
MMR017018,2025-07-01,0,0,0,0,0
MMR017019,2025-07-01,1,0,0,1,0
MMR017020,2025-07-01,1,0,0,1,0
MMR017021,2025-07-01,0,0,0,0,0
MMR017022,2025-07-01,0,0,0,0,0
MMR017023,2025-07-01,0,0,0,0,0
MMR017024,2025-07-01,1,0,0,1,1
MMR017025,2025-07-01,0,0,0,0,0
MMR017026,2025-07-01,0,0,0,0,0
MMR018001,2025-07-01,0,0,0,0,0
MMR018002,2025-07-01,0,0,0,0,0
MMR018003,2025-07-01,0,0,0,0,0
MMR018004,2025-07-01,0,0,0,0,0
MMR018005,2025-07-01,1,0,0,1,0
MMR018006,2025-07-01,0,0,0,0,0
MMR018007,2025-07-01,1,0,1,0,0
MMR018008,2025-07-01,0,0,0,0,0
MMR001001,2025-08-01,4,0,2,2,1
MMR001002,2025-08-01,8,3,5,0,3
MMR001003,2025-08-01,0,0,0,0,0
MMR001004,2025-08-01,2,0,1,1,0
MMR001005,2025-08-01,0,0,0,0,0
MMR001006,2025-08-01,1,0,0,1,0
MMR001007,2025-08-01,8,3,4,1,4
MMR001008,2025-08-01,1,1,0,0,7
MMR001009,2025-08-01,41,18,20,3,21
MMR001010,2025-08-01,20,18,1,1,115
MMR001011,2025-08-01,13,0,13,0,13
MMR001012,2025-08-01,0,0,0,0,0
MMR001013,2025-08-01,1,0,1,0,2
MMR001014,2025-08-01,0,0,0,0,0
MMR001015,2025-08-01,0,0,0,0,0
MMR001016,2025-08-01,0,0,0,0,0
MMR001017,2025-08-01,0,0,0,0,0
MMR001018,2025-08-01,0,0,0,0,0
MMR002001,2025-08-01,1,1,0,0,3
MMR002002,2025-08-01,26,18,7,1,53
MMR002003,2025-08-01,6,2,4,0,1
MMR002004,2025-08-01,0,0,0,0,0
MMR002005,2025-08-01,2,1,1,0,1
MMR002006,2025-08-01,10,3,7,0,29
MMR002007,2025-08-01,0,0,0,0,0
MMR003001,2025-08-01,4,1,2,1,3
MMR003002,2025-08-01,1,0,1,0,0
MMR003003,2025-08-01,2,2,0,0,0
MMR003004,2025-08-01,1,1,0,0,20
MMR003005,2025-08-01,16,9,5,2,6
MMR003006,2025-08-01,40,27,13,0,55
MMR003007,2025-08-01,0,0,0,0,0
MMR004001,2025-08-01,0,0,0,0,0
MMR004002,2025-08-01,4,2,1,1,2
MMR004003,2025-08-01,2,2,0,0,0
MMR004004,2025-08-01,3,0,2,1,0
MMR004005,2025-08-01,0,0,0,0,0
MMR004006,2025-08-01,1,0,1,0,0
MMR004007,2025-08-01,3,0,1,2,0
MMR004008,2025-08-01,1,0,1,0,0
MMR004009,2025-08-01,0,0,0,0,0
MMR005001,2025-08-01,11,8,2,1,51
MMR005002,2025-08-01,9,5,4,0,16
MMR005003,2025-08-01,0,0,0,0,0
MMR005004,2025-08-01,6,0,2,4,1
MMR005005,2025-08-01,2,1,0,1,0
MMR005006,2025-08-01,10,1,8,1,4
MMR005007,2025-08-01,11,3,3,5,28
MMR005008,2025-08-01,0,0,0,0,0
MMR005009,2025-08-01,8,1,7,0,1
MMR005010,2025-08-01,1,0,1,0,5
MMR005011,2025-08-01,0,0,0,0,0
MMR005012,2025-08-01,23,9,11,3,56
MMR005013,2025-08-01,14,3,10,1,45
MMR005014,2025-08-01,4,4,0,0,4
MMR005015,2025-08-01,8,3,3,2,24
MMR005016,2025-08-01,3,1,1,1,0
MMR005017,2025-08-01,6,1,4,1,1
MMR005018,2025-08-01,5,1,3,1,3
MMR005019,2025-08-01,6,2,3,1,6
MMR005020,2025-08-01,0,0,0,0,0
MMR005021,2025-08-01,0,0,0,0,0
MMR005022,2025-08-01,0,0,0,0,0
MMR005023,2025-08-01,0,0,0,0,0
MMR005024,2025-08-01,4,0,3,1,3
MMR005025,2025-08-01,0,0,0,0,0
MMR005026,2025-08-01,0,0,0,0,0
MMR005027,2025-08-01,16,13,1,2,3
MMR005028,2025-08-01,1,1,0,0,0
MMR005029,2025-08-01,2,2,0,0,0
MMR005030,2025-08-01,6,5,1,0,11
MMR005031,2025-08-01,3,3,0,0,3
MMR005032,2025-08-01,1,1,0,0,0
MMR005033,2025-08-01,0,0,0,0,0
MMR005034,2025-08-01,1,1,0,0,0
MMR005035,2025-08-01,2,0,0,2,0
MMR005036,2025-08-01,0,0,0,0,0
MMR005037,2025-08-01,0,0,0,0,0
MMR006001,2025-08-01,8,5,1,2,33
MMR006002,2025-08-01,0,0,0,0,0
MMR006003,2025-08-01,9,4,2,3,9
MMR006004,2025-08-01,32,21,3,8,147
MMR006005,2025-08-01,2,0,0,2,0
MMR006006,2025-08-01,1,1,0,0,0
MMR006007,2025-08-01,8,5,3,0,9
MMR006008,2025-08-01,21,16,4,1,26
MMR006009,2025-08-01,2,1,0,1,2
MMR006010,2025-08-01,1,0,1,0,20
MMR007001,2025-08-01,1,1,0,0,3
MMR007002,2025-08-01,0,0,0,0,0
MMR007003,2025-08-01,0,0,0,0,0
MMR007004,2025-08-01,1,0,1,0,0
MMR007005,2025-08-01,8,2,5,1,5
MMR007006,2025-08-01,9,0,9,0,2
MMR007007,2025-08-01,0,0,0,0,0
MMR007008,2025-08-01,4,1,1,2,2
MMR007009,2025-08-01,8,6,1,1,17
MMR007010,2025-08-01,5,1,4,0,2
MMR007011,2025-08-01,22,3,19,0,5
MMR007012,2025-08-01,11,0,9,2,14
MMR007013,2025-08-01,0,0,0,0,0
MMR007014,2025-08-01,0,0,0,0,0
MMR008001,2025-08-01,1,0,0,1,0
MMR008002,2025-08-01,5,2,3,0,14
MMR008003,2025-08-01,7,7,0,0,3
MMR008004,2025-08-01,2,1,1,0,1
MMR008005,2025-08-01,3,0,3,0,17
MMR008006,2025-08-01,0,0,0,0,0
MMR008007,2025-08-01,2,0,0,2,0
MMR008008,2025-08-01,0,0,0,0,0
MMR008009,2025-08-01,2,0,1,1,0
MMR008010,2025-08-01,9,2,6,1,6
MMR008011,2025-08-01,0,0,0,0,0
MMR008012,2025-08-01,0,0,0,0,0
MMR008013,2025-08-01,0,0,0,0,0
MMR008014,2025-08-01,3,2,1,0,5
MMR009001,2025-08-01,0,0,0,0,0
MMR009002,2025-08-01,6,0,4,2,4
MMR009003,2025-08-01,2,0,0,2,0
MMR009004,2025-08-01,1,1,0,0,4
MMR009005,2025-08-01,0,0,0,0,0
MMR009006,2025-08-01,4,0,4,0,6
MMR009007,2025-08-01,2,1,1,0,7
MMR009008,2025-08-01,6,1,0,5,30
MMR009009,2025-08-01,6,5,1,0,23
MMR009010,2025-08-01,6,1,3,2,3
MMR009011,2025-08-01,0,0,0,0,0
MMR009012,2025-08-01,0,0,0,0,0
MMR009013,2025-08-01,0,0,0,0,0
MMR009014,2025-08-01,0,0,0,0,0
MMR009015,2025-08-01,1,1,0,0,2
MMR009016,2025-08-01,0,0,0,0,0
MMR009017,2025-08-01,0,0,0,0,0
MMR009018,2025-08-01,3,1,1,1,1
MMR009019,2025-08-01,7,0,6,1,10
MMR009020,2025-08-01,8,1,7,0,1
MMR009021,2025-08-01,35,3,32,0,23
MMR009022,2025-08-01,10,0,9,1,7
MMR009023,2025-08-01,0,0,0,0,0
MMR009024,2025-08-01,1,0,0,1,0
MMR009025,2025-08-01,1,0,1,0,0
MMR010001,2025-08-01,2,0,1,1,21
MMR010002,2025-08-01,1,0,0,1,0
MMR010003,2025-08-01,0,0,0,0,0
MMR010004,2025-08-01,0,0,0,0,0
MMR010005,2025-08-01,0,0,0,0,0
MMR010006,2025-08-01,0,0,0,0,0
MMR010007,2025-08-01,2,2,0,0,0
MMR010008,2025-08-01,0,0,0,0,0
MMR010009,2025-08-01,7,0,7,0,2
MMR010010,2025-08-01,2,0,2,0,6
MMR010011,2025-08-01,10,2,6,2,41
MMR010012,2025-08-01,9,0,9,0,41
MMR010013,2025-08-01,0,0,0,0,0
MMR010014,2025-08-01,0,0,0,0,0
MMR010015,2025-08-01,0,0,0,0,0
MMR010016,2025-08-01,1,0,0,1,1
MMR010017,2025-08-01,18,14,2,2,47
MMR010018,2025-08-01,8,2,6,0,3
MMR010019,2025-08-01,9,3,5,1,23
MMR010020,2025-08-01,1,0,1,0,0
MMR010021,2025-08-01,2,0,2,0,50
MMR010022,2025-08-01,8,3,2,3,54
MMR010023,2025-08-01,0,0,0,0,0
MMR010024,2025-08-01,0,0,0,0,0
MMR010028,2025-08-01,2,1,0,1,3
MMR010029,2025-08-01,8,0,7,1,0
MMR010030,2025-08-01,0,0,0,0,0
MMR010031,2025-08-01,1,0,0,1,0
MMR011001,2025-08-01,0,0,0,0,0
MMR011002,2025-08-01,0,0,0,0,0
MMR011003,2025-08-01,0,0,0,0,0
MMR011004,2025-08-01,3,1,0,2,3
MMR011005,2025-08-01,0,0,0,0,0
MMR011006,2025-08-01,5,3,2,0,8
MMR011007,2025-08-01,0,0,0,0,0
MMR011008,2025-08-01,0,0,0,0,0
MMR011009,2025-08-01,4,0,3,1,3
MMR011010,2025-08-01,1,1,0,0,6
MMR012001,2025-08-01,8,2,0,6,1
MMR012002,2025-08-01,2,0,1,1,0
MMR012003,2025-08-01,3,0,3,0,16
MMR012004,2025-08-01,0,0,0,0,0
MMR012005,2025-08-01,6,0,2,4,0
MMR012006,2025-08-01,0,0,0,0,0
MMR012007,2025-08-01,2,0,2,0,0
MMR012008,2025-08-01,1,0,1,0,0
MMR012009,2025-08-01,13,7,0,6,14
MMR012010,2025-08-01,1,0,0,1,1
MMR012011,2025-08-01,39,23,15,1,129
MMR012012,2025-08-01,1,0,1,0,0
MMR012013,2025-08-01,0,0,0,0,0
MMR012014,2025-08-01,0,0,0,0,0
MMR012015,2025-08-01,1,0,1,0,0
MMR012016,2025-08-01,3,0,3,0,0
MMR012017,2025-08-01,1,0,1,0,0
MMR013001,2025-08-01,1,0,1,0,0
MMR013002,2025-08-01,0,0,0,0,0
MMR013003,2025-08-01,0,0,0,0,0
MMR013004,2025-08-01,1,0,1,0,0
MMR013005,2025-08-01,0,0,0,0,0
MMR013006,2025-08-01,0,0,0,0,0
MMR013007,2025-08-01,1,0,1,0,0
MMR013009,2025-08-01,1,0,0,1,0
MMR013010,2025-08-01,0,0,0,0,0
MMR013011,2025-08-01,1,0,0,1,0
MMR013012,2025-08-01,5,0,1,4,0
MMR013013,2025-08-01,0,0,0,0,0
MMR013014,2025-08-01,0,0,0,0,0
MMR013015,2025-08-01,1,0,0,1,0
MMR013016,2025-08-01,1,0,0,1,0
MMR013017,2025-08-01,0,0,0,0,0
MMR013018,2025-08-01,3,0,1,2,0
MMR013019,2025-08-01,2,0,0,2,0
MMR013020,2025-08-01,1,0,1,0,0
MMR013021,2025-08-01,1,0,1,0,0
MMR013022,2025-08-01,0,0,0,0,0
MMR013023,2025-08-01,1,0,0,1,0
MMR013024,2025-08-01,0,0,0,0,0
MMR013025,2025-08-01,0,0,0,0,0
MMR013026,2025-08-01,0,0,0,0,0
MMR013027,2025-08-01,0,0,0,0,0
MMR013028,2025-08-01,0,0,0,0,0
MMR013029,2025-08-01,0,0,0,0,0
MMR013030,2025-08-01,0,0,0,0,0
MMR013031,2025-08-01,0,0,0,0,0
MMR013032,2025-08-01,0,0,0,0,0
MMR013033,2025-08-01,0,0,0,0,0
MMR013034,2025-08-01,0,0,0,0,0
MMR013035,2025-08-01,0,0,0,0,0
MMR013036,2025-08-01,0,0,0,0,0
MMR013037,2025-08-01,1,0,0,1,0
MMR013038,2025-08-01,0,0,0,0,0
MMR013039,2025-08-01,0,0,0,0,0
MMR013040,2025-08-01,1,0,0,1,0
MMR013041,2025-08-01,0,0,0,0,0
MMR013042,2025-08-01,1,0,0,1,0
MMR013043,2025-08-01,0,0,0,0,0
MMR013044,2025-08-01,1,0,0,1,0
MMR013046,2025-08-01,3,0,1,2,0
MMR013047,2025-08-01,0,0,0,0,0
MMR014001,2025-08-01,0,0,0,0,0
MMR014002,2025-08-01,1,0,0,1,0
MMR014003,2025-08-01,0,0,0,0,0
MMR014004,2025-08-01,14,11,3,0,120
MMR014005,2025-08-01,0,0,0,0,0
MMR014006,2025-08-01,0,0,0,0,0
MMR014007,2025-08-01,9,1,7,1,1
MMR014008,2025-08-01,0,0,0,0,0
MMR014009,2025-08-01,0,0,0,0,0
MMR014010,2025-08-01,3,1,1,1,2
MMR014011,2025-08-01,0,0,0,0,0
MMR014012,2025-08-01,0,0,0,0,0
MMR014013,2025-08-01,0,0,0,0,0
MMR014014,2025-08-01,0,0,0,0,0
MMR014015,2025-08-01,0,0,0,0,0
MMR014016,2025-08-01,0,0,0,0,0
MMR014017,2025-08-01,0,0,0,0,0
MMR014018,2025-08-01,0,0,0,0,0
MMR014019,2025-08-01,0,0,0,0,0
MMR014020,2025-08-01,0,0,0,0,0
MMR014021,2025-08-01,0,0,0,0,0
MMR015001,2025-08-01,3,0,2,1,0
MMR015002,2025-08-01,1,0,0,1,1
MMR015003,2025-08-01,0,0,0,0,0
MMR015004,2025-08-01,1,0,0,1,0
MMR015005,2025-08-01,0,0,0,0,0
MMR015006,2025-08-01,0,0,0,0,0
MMR015007,2025-08-01,0,0,0,0,0
MMR015008,2025-08-01,0,0,0,0,0
MMR015009,2025-08-01,0,0,0,0,0
MMR015010,2025-08-01,2,0,1,1,0
MMR015011,2025-08-01,2,0,0,2,1
MMR015012,2025-08-01,46,14,30,2,37
MMR015013,2025-08-01,19,9,3,7,0
MMR015014,2025-08-01,3,0,3,0,0
MMR015015,2025-08-01,0,0,0,0,0
MMR015016,2025-08-01,2,0,0,2,0
MMR015017,2025-08-01,1,0,1,0,0
MMR015018,2025-08-01,2,0,0,2,0
MMR015019,2025-08-01,0,0,0,0,0
MMR015020,2025-08-01,0,0,0,0,0
MMR015021,2025-08-01,0,0,0,0,0
MMR015022,2025-08-01,0,0,0,0,0
MMR015023,2025-08-01,0,0,0,0,0
MMR015024,2025-08-01,0,0,0,0,0
MMR016001,2025-08-01,0,0,0,0,0
MMR016002,2025-08-01,0,0,0,0,0
MMR016003,2025-08-01,0,0,0,0,0
MMR016005,2025-08-01,0,0,0,0,0
MMR016006,2025-08-01,0,0,0,0,0
MMR016007,2025-08-01,0,0,0,0,0
MMR016008,2025-08-01,0,0,0,0,0
MMR016009,2025-08-01,1,0,0,1,1
MMR016010,2025-08-01,0,0,0,0,0
MMR016011,2025-08-01,2,2,0,0,6
MMR017001,2025-08-01,3,0,0,3,0
MMR017002,2025-08-01,0,0,0,0,0
MMR017003,2025-08-01,1,0,1,0,1
MMR017004,2025-08-01,0,0,0,0,0
MMR017005,2025-08-01,0,0,0,0,0
MMR017006,2025-08-01,4,3,1,0,6
MMR017007,2025-08-01,0,0,0,0,0
MMR017008,2025-08-01,1,1,0,0,0
MMR017009,2025-08-01,0,0,0,0,0
MMR017010,2025-08-01,4,2,2,0,0
MMR017011,2025-08-01,0,0,0,0,0
MMR017012,2025-08-01,0,0,0,0,0
MMR017013,2025-08-01,1,0,0,1,1
MMR017014,2025-08-01,0,0,0,0,0
MMR017015,2025-08-01,0,0,0,0,0
MMR017016,2025-08-01,0,0,0,0,0
MMR017017,2025-08-01,0,0,0,0,0
MMR017018,2025-08-01,0,0,0,0,0
MMR017019,2025-08-01,0,0,0,0,0
MMR017020,2025-08-01,0,0,0,0,0
MMR017021,2025-08-01,0,0,0,0,0
MMR017022,2025-08-01,0,0,0,0,0
MMR017023,2025-08-01,0,0,0,0,0
MMR017024,2025-08-01,1,0,0,1,0
MMR017025,2025-08-01,0,0,0,0,0
MMR017026,2025-08-01,0,0,0,0,0
MMR018001,2025-08-01,0,0,0,0,0
MMR018002,2025-08-01,0,0,0,0,0
MMR018003,2025-08-01,0,0,0,0,0
MMR018004,2025-08-01,0,0,0,0,0
MMR018005,2025-08-01,0,0,0,0,0
MMR018006,2025-08-01,0,0,0,0,0
MMR018007,2025-08-01,0,0,0,0,0
MMR018008,2025-08-01,0,0,0,0,0
MMR001001,2025-09-01,2,1,0,1,0
MMR001002,2025-09-01,12,6,6,0,12
MMR001003,2025-09-01,0,0,0,0,0
MMR001004,2025-09-01,0,0,0,0,0
MMR001005,2025-09-01,0,0,0,0,0
MMR001006,2025-09-01,7,5,2,0,3
MMR001007,2025-09-01,4,4,0,0,0
MMR001008,2025-09-01,1,0,1,0,1
MMR001009,2025-09-01,43,15,20,8,93
MMR001010,2025-09-01,10,9,1,0,23
MMR001011,2025-09-01,1,0,1,0,17
MMR001012,2025-09-01,0,0,0,0,0
MMR001013,2025-09-01,0,0,0,0,0
MMR001014,2025-09-01,0,0,0,0,0
MMR001015,2025-09-01,0,0,0,0,0
MMR001016,2025-09-01,0,0,0,0,0
MMR001017,2025-09-01,0,0,0,0,0
MMR001018,2025-09-01,3,1,1,1,0
MMR002001,2025-09-01,5,3,1,1,0
MMR002002,2025-09-01,12,5,7,0,15
MMR002003,2025-09-01,5,2,3,0,1
MMR002004,2025-09-01,0,0,0,0,0
MMR002005,2025-09-01,1,1,0,0,25
MMR002006,2025-09-01,0,0,0,0,0
MMR002007,2025-09-01,0,0,0,0,0
MMR003001,2025-09-01,0,0,0,0,0
MMR003002,2025-09-01,1,0,1,0,0
MMR003003,2025-09-01,11,9,2,0,16
MMR003004,2025-09-01,3,3,0,0,4
MMR003005,2025-09-01,43,17,24,2,4
MMR003006,2025-09-01,30,24,6,0,34
MMR003007,2025-09-01,6,2,4,0,3
MMR004001,2025-09-01,0,0,0,0,0
MMR004002,2025-09-01,0,0,0,0,0
MMR004003,2025-09-01,0,0,0,0,0
MMR004004,2025-09-01,0,0,0,0,0
MMR004005,2025-09-01,0,0,0,0,0
MMR004006,2025-09-01,2,0,1,1,0
MMR004007,2025-09-01,1,1,0,0,0
MMR004008,2025-09-01,4,1,1,2,0
MMR004009,2025-09-01,2,0,1,1,2
MMR005001,2025-09-01,7,1,1,5,1
MMR005002,2025-09-01,1,0,0,1,0
MMR005003,2025-09-01,2,0,2,0,0
MMR005004,2025-09-01,1,0,1,0,0
MMR005005,2025-09-01,5,4,1,0,7
MMR005006,2025-09-01,13,3,7,3,36
MMR005007,2025-09-01,10,4,4,2,42
MMR005008,2025-09-01,1,0,1,0,0
MMR005009,2025-09-01,9,2,6,1,7
MMR005010,2025-09-01,1,1,0,0,3
MMR005011,2025-09-01,3,0,3,0,12
MMR005012,2025-09-01,6,2,2,2,15
MMR005013,2025-09-01,5,1,2,2,8
MMR005014,2025-09-01,2,1,1,0,0
MMR005015,2025-09-01,3,2,1,0,10
MMR005016,2025-09-01,8,2,4,2,34
MMR005017,2025-09-01,13,7,6,0,18
MMR005018,2025-09-01,3,1,1,1,2
MMR005019,2025-09-01,6,3,3,0,3
MMR005020,2025-09-01,1,0,1,0,3
MMR005021,2025-09-01,0,0,0,0,0
MMR005022,2025-09-01,3,0,3,0,8
MMR005023,2025-09-01,13,10,2,1,19
MMR005024,2025-09-01,0,0,0,0,0
MMR005025,2025-09-01,3,3,0,0,30
MMR005026,2025-09-01,0,0,0,0,0
MMR005027,2025-09-01,6,2,3,1,15
MMR005028,2025-09-01,1,1,0,0,0
MMR005029,2025-09-01,0,0,0,0,0
MMR005030,2025-09-01,0,0,0,0,0
MMR005031,2025-09-01,3,3,0,0,9
MMR005032,2025-09-01,0,0,0,0,0
MMR005033,2025-09-01,0,0,0,0,0
MMR005034,2025-09-01,0,0,0,0,0
MMR005035,2025-09-01,0,0,0,0,0
MMR005036,2025-09-01,0,0,0,0,0
MMR005037,2025-09-01,0,0,0,0,0
MMR006001,2025-09-01,12,7,5,0,19
MMR006002,2025-09-01,11,4,5,2,15
MMR006003,2025-09-01,11,4,5,2,20
MMR006004,2025-09-01,9,3,3,3,18
MMR006005,2025-09-01,2,1,0,1,3
MMR006006,2025-09-01,2,1,0,1,10
MMR006007,2025-09-01,8,5,2,1,18
MMR006008,2025-09-01,13,13,0,0,19
MMR006009,2025-09-01,3,2,0,1,6
MMR006010,2025-09-01,0,0,0,0,0
MMR007001,2025-09-01,0,0,0,0,0
MMR007002,2025-09-01,0,0,0,0,0
MMR007003,2025-09-01,1,0,0,1,0
MMR007004,2025-09-01,0,0,0,0,0
MMR007005,2025-09-01,9,3,3,3,7
MMR007006,2025-09-01,0,0,0,0,0
MMR007007,2025-09-01,1,0,0,1,1
MMR007008,2025-09-01,3,0,3,0,1
MMR007009,2025-09-01,1,1,0,0,2
MMR007010,2025-09-01,0,0,0,0,0
MMR007011,2025-09-01,11,5,6,0,10
MMR007012,2025-09-01,3,1,0,2,5
MMR007013,2025-09-01,0,0,0,0,0
MMR007014,2025-09-01,0,0,0,0,0
MMR008001,2025-09-01,2,1,0,1,3
MMR008002,2025-09-01,1,0,0,1,1
MMR008003,2025-09-01,11,11,0,0,8
MMR008004,2025-09-01,4,2,2,0,7
MMR008005,2025-09-01,5,1,2,2,5
MMR008006,2025-09-01,0,0,0,0,0
MMR008007,2025-09-01,1,0,0,1,0
MMR008008,2025-09-01,2,0,2,0,3
MMR008009,2025-09-01,5,1,1,3,34
MMR008010,2025-09-01,15,3,7,5,12
MMR008011,2025-09-01,0,0,0,0,0
MMR008012,2025-09-01,8,3,1,4,4
MMR008013,2025-09-01,0,0,0,0,0
MMR008014,2025-09-01,6,1,4,1,3
MMR009001,2025-09-01,1,0,0,1,0
MMR009002,2025-09-01,1,1,0,0,0
MMR009003,2025-09-01,4,0,2,2,35
MMR009004,2025-09-01,0,0,0,0,0
MMR009005,2025-09-01,0,0,0,0,0
MMR009006,2025-09-01,4,3,1,0,15
MMR009007,2025-09-01,5,0,0,5,0
MMR009008,2025-09-01,12,5,1,6,64
MMR009009,2025-09-01,18,14,4,0,89
MMR009010,2025-09-01,9,2,0,7,3
MMR009011,2025-09-01,0,0,0,0,0
MMR009012,2025-09-01,6,3,1,2,28
MMR009013,2025-09-01,1,0,0,1,2
MMR009014,2025-09-01,1,1,0,0,0
MMR009015,2025-09-01,1,0,1,0,0
MMR009016,2025-09-01,0,0,0,0,0
MMR009017,2025-09-01,4,3,1,0,8
MMR009018,2025-09-01,11,5,4,2,14
MMR009019,2025-09-01,1,0,1,0,1
MMR009020,2025-09-01,12,4,8,0,7
MMR009021,2025-09-01,17,3,11,3,6
MMR009022,2025-09-01,1,0,1,0,0
MMR009023,2025-09-01,0,0,0,0,0
MMR009024,2025-09-01,4,2,1,1,3
MMR009025,2025-09-01,0,0,0,0,0
MMR010001,2025-09-01,0,0,0,0,0
MMR010002,2025-09-01,1,0,0,1,0
MMR010003,2025-09-01,0,0,0,0,0
MMR010004,2025-09-01,0,0,0,0,0
MMR010005,2025-09-01,0,0,0,0,0
MMR010006,2025-09-01,0,0,0,0,0
MMR010007,2025-09-01,1,1,0,0,0
MMR010008,2025-09-01,0,0,0,0,0
MMR010009,2025-09-01,21,5,12,4,16
MMR010010,2025-09-01,9,0,9,0,5
MMR010011,2025-09-01,4,1,3,0,0
MMR010012,2025-09-01,19,6,13,0,17
MMR010013,2025-09-01,0,0,0,0,0
MMR010014,2025-09-01,0,0,0,0,0
MMR010015,2025-09-01,0,0,0,0,0
MMR010016,2025-09-01,0,0,0,0,0
MMR010017,2025-09-01,10,6,3,1,23
MMR010018,2025-09-01,13,3,4,6,26
MMR010019,2025-09-01,3,1,2,0,7
MMR010020,2025-09-01,0,0,0,0,0
MMR010021,2025-09-01,1,0,1,0,0
MMR010022,2025-09-01,1,0,0,1,0
MMR010023,2025-09-01,0,0,0,0,0
MMR010024,2025-09-01,0,0,0,0,0
MMR010028,2025-09-01,1,0,1,0,0
MMR010029,2025-09-01,5,0,3,2,5
MMR010030,2025-09-01,0,0,0,0,0
MMR010031,2025-09-01,13,0,0,13,3
MMR011001,2025-09-01,0,0,0,0,0
MMR011002,2025-09-01,4,1,3,0,4
MMR011003,2025-09-01,0,0,0,0,0
MMR011004,2025-09-01,2,1,1,0,4
MMR011005,2025-09-01,2,1,0,1,1
MMR011006,2025-09-01,11,2,3,6,5
MMR011007,2025-09-01,4,0,1,3,0
MMR011008,2025-09-01,0,0,0,0,0
MMR011009,2025-09-01,1,0,0,1,0
MMR011010,2025-09-01,2,0,0,2,1
MMR012001,2025-09-01,3,0,0,3,1
MMR012002,2025-09-01,1,0,1,0,0
MMR012003,2025-09-01,0,0,0,0,0
MMR012004,2025-09-01,3,0,2,1,23
MMR012005,2025-09-01,0,0,0,0,0
MMR012006,2025-09-01,0,0,0,0,0
MMR012007,2025-09-01,1,0,1,0,0
MMR012008,2025-09-01,5,1,4,0,3
MMR012009,2025-09-01,19,14,1,4,9
MMR012010,2025-09-01,0,0,0,0,0
MMR012011,2025-09-01,21,19,1,1,34
MMR012012,2025-09-01,0,0,0,0,0
MMR012013,2025-09-01,0,0,0,0,0
MMR012014,2025-09-01,2,1,0,1,0
MMR012015,2025-09-01,2,0,2,0,1
MMR012016,2025-09-01,3,1,2,0,0
MMR012017,2025-09-01,0,0,0,0,0
MMR013001,2025-09-01,1,0,0,1,1
MMR013002,2025-09-01,2,0,0,2,0
MMR013003,2025-09-01,0,0,0,0,0
MMR013004,2025-09-01,1,0,1,0,0
MMR013005,2025-09-01,0,0,0,0,0
MMR013006,2025-09-01,0,0,0,0,0
MMR013007,2025-09-01,1,0,0,1,0
MMR013009,2025-09-01,2,0,0,2,0
MMR013010,2025-09-01,0,0,0,0,0
MMR013011,2025-09-01,2,0,1,1,0
MMR013012,2025-09-01,2,0,2,0,0
MMR013013,2025-09-01,0,0,0,0,0
MMR013014,2025-09-01,0,0,0,0,0
MMR013015,2025-09-01,1,0,0,1,0
MMR013016,2025-09-01,0,0,0,0,0
MMR013017,2025-09-01,0,0,0,0,0
MMR013018,2025-09-01,1,0,0,1,0
MMR013019,2025-09-01,1,0,1,0,0
MMR013020,2025-09-01,1,0,1,0,0
MMR013021,2025-09-01,0,0,0,0,0
MMR013022,2025-09-01,0,0,0,0,0
MMR013023,2025-09-01,0,0,0,0,0
MMR013024,2025-09-01,0,0,0,0,0
MMR013025,2025-09-01,0,0,0,0,0
MMR013026,2025-09-01,0,0,0,0,0
MMR013027,2025-09-01,0,0,0,0,0
MMR013028,2025-09-01,0,0,0,0,0
MMR013029,2025-09-01,1,0,0,1,0
MMR013030,2025-09-01,0,0,0,0,0
MMR013031,2025-09-01,0,0,0,0,0
MMR013032,2025-09-01,0,0,0,0,0
MMR013033,2025-09-01,1,0,1,0,0
MMR013034,2025-09-01,0,0,0,0,0
MMR013035,2025-09-01,0,0,0,0,0
MMR013036,2025-09-01,0,0,0,0,0
MMR013037,2025-09-01,1,0,0,1,0
MMR013038,2025-09-01,0,0,0,0,0
MMR013039,2025-09-01,1,0,0,1,0
MMR013040,2025-09-01,0,0,0,0,0
MMR013041,2025-09-01,1,0,0,1,0
MMR013042,2025-09-01,0,0,0,0,0
MMR013043,2025-09-01,0,0,0,0,0
MMR013044,2025-09-01,1,0,1,0,0
MMR013046,2025-09-01,2,0,0,2,0
MMR013047,2025-09-01,2,0,1,1,0
MMR014001,2025-09-01,4,1,0,3,0
MMR014002,2025-09-01,1,0,0,1,1
MMR014003,2025-09-01,0,0,0,0,0
MMR014004,2025-09-01,0,0,0,0,0
MMR014005,2025-09-01,0,0,0,0,0
MMR014006,2025-09-01,0,0,0,0,0
MMR014007,2025-09-01,6,1,2,3,3
MMR014008,2025-09-01,0,0,0,0,0
MMR014009,2025-09-01,2,2,0,0,0
MMR014010,2025-09-01,0,0,0,0,0
MMR014011,2025-09-01,0,0,0,0,0
MMR014012,2025-09-01,0,0,0,0,0
MMR014013,2025-09-01,0,0,0,0,0
MMR014014,2025-09-01,0,0,0,0,0
MMR014015,2025-09-01,0,0,0,0,0
MMR014016,2025-09-01,0,0,0,0,0
MMR014017,2025-09-01,0,0,0,0,0
MMR014018,2025-09-01,0,0,0,0,0
MMR014019,2025-09-01,0,0,0,0,0
MMR014020,2025-09-01,0,0,0,0,0
MMR014021,2025-09-01,0,0,0,0,0
MMR015001,2025-09-01,1,0,1,0,0
MMR015002,2025-09-01,1,0,0,1,2
MMR015003,2025-09-01,0,0,0,0,0
MMR015004,2025-09-01,0,0,0,0,0
MMR015005,2025-09-01,0,0,0,0,0
MMR015006,2025-09-01,0,0,0,0,0
MMR015007,2025-09-01,0,0,0,0,0
MMR015008,2025-09-01,0,0,0,0,0
MMR015009,2025-09-01,0,0,0,0,0
MMR015010,2025-09-01,0,0,0,0,0
MMR015011,2025-09-01,0,0,0,0,0
MMR015012,2025-09-01,71,33,32,6,20
MMR015013,2025-09-01,4,1,3,0,0
MMR015014,2025-09-01,2,1,1,0,0
MMR015015,2025-09-01,0,0,0,0,0
MMR015016,2025-09-01,0,0,0,0,0
MMR015017,2025-09-01,0,0,0,0,0
MMR015018,2025-09-01,0,0,0,0,0
MMR015019,2025-09-01,0,0,0,0,0
MMR015020,2025-09-01,0,0,0,0,0
MMR015021,2025-09-01,0,0,0,0,0
MMR015022,2025-09-01,0,0,0,0,0
MMR015023,2025-09-01,0,0,0,0,0
MMR015024,2025-09-01,0,0,0,0,0
MMR016001,2025-09-01,0,0,0,0,0
MMR016002,2025-09-01,0,0,0,0,0
MMR016003,2025-09-01,0,0,0,0,0
MMR016005,2025-09-01,0,0,0,0,0
MMR016006,2025-09-01,0,0,0,0,0
MMR016007,2025-09-01,0,0,0,0,0
MMR016008,2025-09-01,0,0,0,0,0
MMR016009,2025-09-01,0,0,0,0,0
MMR016010,2025-09-01,0,0,0,0,0
MMR016011,2025-09-01,0,0,0,0,0
MMR017001,2025-09-01,2,0,0,2,0
MMR017002,2025-09-01,0,0,0,0,0
MMR017003,2025-09-01,0,0,0,0,0
MMR017004,2025-09-01,0,0,0,0,0
MMR017005,2025-09-01,1,0,0,1,0
MMR017006,2025-09-01,6,4,2,0,0
MMR017007,2025-09-01,0,0,0,0,0
MMR017008,2025-09-01,0,0,0,0,0
MMR017009,2025-09-01,0,0,0,0,0
MMR017010,2025-09-01,0,0,0,0,0
MMR017011,2025-09-01,0,0,0,0,0
MMR017012,2025-09-01,0,0,0,0,0
MMR017013,2025-09-01,1,1,0,0,2
MMR017014,2025-09-01,0,0,0,0,0
MMR017015,2025-09-01,0,0,0,0,0
MMR017016,2025-09-01,0,0,0,0,0
MMR017017,2025-09-01,0,0,0,0,0
MMR017018,2025-09-01,1,0,0,1,1
MMR017019,2025-09-01,0,0,0,0,0
MMR017020,2025-09-01,0,0,0,0,0
MMR017021,2025-09-01,0,0,0,0,0
MMR017022,2025-09-01,0,0,0,0,0
MMR017023,2025-09-01,0,0,0,0,0
MMR017024,2025-09-01,0,0,0,0,0
MMR017025,2025-09-01,0,0,0,0,0
MMR017026,2025-09-01,0,0,0,0,0
MMR018001,2025-09-01,0,0,0,0,0
MMR018002,2025-09-01,0,0,0,0,0
MMR018003,2025-09-01,1,0,1,0,4
MMR018004,2025-09-01,0,0,0,0,0
MMR018005,2025-09-01,0,0,0,0,0
MMR018006,2025-09-01,0,0,0,0,0
MMR018007,2025-09-01,0,0,0,0,0
MMR018008,2025-09-01,0,0,0,0,0
