{"type":"FeatureCollection","features":[{"type":"Feature","id":526,"geometry":{"type":"Polygon","coordinates":[[[113.98911467900007,-0.38403158899996015,0],[113.98819263700011,-0.38349621099996511,0],[113.98685419100002,-0.38257416899995178,0],[113.98557523000011,-0.38203879099995675,0],[113.98400000000004,-0.38157777799995074,0],[113.98394946100007,-0.38159621599993443,0],[113.98322551300009,-0.38186033099992756,0],[113.98286937500006,-0.38236127999994096,0],[113.98279989100001,-0.38245901799996318,0],[113.98236295800007,-0.38299057499995115,0],[113.98179783600006,-0.38403158899996015,0],[113.98078656500002,-0.38447773799993001,0],[113.97997775600004,-0.38440950899996551,0],[113.97955739700001,-0.38437404899997318,0],[113.97886779600003,-0.38437934599994605,0],[113.97802044200012,-0.3846859409999297,0],[113.97754454900007,-0.38539977899995392,0],[113.97690484900011,-0.38699520599993775,0],[113.97636057000011,-0.38776221499995245,0],[113.97549226400008,-0.3886120519999281,0],[113.97521577100008,-0.3895626999999422,0],[113.97520829100006,-0.38958841899994923,0],[113.97480816900008,-0.3901289579999343,0],[113.97479644800001,-0.39013577399992982,0],[113.97410703600008,-0.39053668899992999,0],[113.97364818200003,-0.39111048599994547,0],[113.9733100520001,-0.39162657899993292,0],[113.97308306000002,-0.39197303999992528,0],[113.97246066900004,-0.3923317219999376,0],[113.97191881200001,-0.39256099699997549,0],[113.9716281200001,-0.39268399699994916,0],[113.97050471500006,-0.39274531499995646,0],[113.96993808200011,-0.39321985799995218,0],[113.96941450300005,-0.39373441299994738,0],[113.96893765100003,-0.39413298399995256,0],[113.9647846900001,-0.39643452999996498,0],[113.96323804000008,-0.39708888199993453,0],[113.96296214800009,-0.39720862699994086,0],[113.96122815700005,-0.39796122899997499,0],[113.96032320000006,-0.39815963899997087,0],[113.9588657810001,-0.39792169299994384,0],[113.95767605000003,-0.3971781109999597,0],[113.95732946600003,-0.39672650199997861,0],[113.95669452200002,-0.39589915099998052,0],[113.95589145400004,-0.3951853129999563,0],[113.95472109600007,-0.39434110499996677,0],[113.95410685900004,-0.39337097399993581,0],[113.95316027900003,-0.39277123399995162,0],[113.95226474500009,-0.39272661599994763,0],[113.95080535600005,-0.39319251399996347,0],[113.94987519900008,-0.39329821399996945,0],[113.9494966530001,-0.39334123099996532,0],[113.94924268500006,-0.39331530999993447,0],[113.94905389100006,-0.39329604099992821,0],[113.94824743600009,-0.39310328399994887,0],[113.94761324800004,-0.39288109499995016,0],[113.94676027300011,-0.39262739199995167,0],[113.94628438000007,-0.39235970299995415,0],[113.94582583700003,-0.39216584199994031,0],[113.94494593400009,-0.39259764899992433,0],[113.94423209500007,-0.39331148699994856,0],[113.94339928400007,-0.39346020399995041,0],[113.94244750000007,-0.39354943299997558,0],[113.94188237800006,-0.3935791769999355,0],[113.9411090530001,-0.39348994699997775,0],[113.94054393100009,-0.39348994699997775,0],[113.93980034900005,-0.3935791769999355,0],[113.93899728100007,-0.39378737899994576,0],[113.93837267300012,-0.39399558199994544,0],[113.93789678000007,-0.39456070399995724,0],[113.93756960500002,-0.39515556999992896,0],[113.9379029590001,-0.39607719699995414,0],[113.9380752400001,-0.39655350299995007,0],[113.93837267300012,-0.39759451699995907,0],[113.93867010500003,-0.39848681499995564,0],[113.93878299500011,-0.39937430399993445,0],[113.93872959200007,-0.4000632079999491,0],[113.93866674200001,-0.40033256199996003,0],[113.93858381300004,-0.40068797299994685,0],[113.93858283700001,-0.40069215499994471,0],[113.93852138900002,-0.40095550599994567,0],[113.93812362100005,-0.40121827199993731,0],[113.93718294200005,-0.40256164199996647,0],[113.9361419280001,-0.40428675099997236,0],[113.93447630500009,-0.40562519799993879,0],[113.93330137100008,-0.40588179899992838,0],[113.93329082900004,-0.40588410099996963,0],[113.93229543500001,-0.40593361699995967,0],[113.93191838500002,-0.40595237399998041,0],[113.93136317500012,-0.40601440599994021,0],[113.92992972400009,-0.40638883899993061,0],[113.92909277500007,-0.40678518499993288,0],[113.92858713900011,-0.40803440199994157,0],[113.9284384230001,-0.40877798399992571,0],[113.92853922600011,-0.40921547999994345,0],[113.92859011400003,-0.40995403199997327,0],[113.9284473460001,-0.41040612999995574,0],[113.92811062600003,-0.41092842599994128,0],[113.92766212400011,-0.41176242299997057,0],[113.92763832900005,-0.41259523399997988,0],[113.92788101200006,-0.41320194099995433,0],[113.92797145400004,-0.41342804499993235,0],[113.92820940000001,-0.41416567799996074,0],[113.92827777500008,-0.41453718399992567,0],[113.92835270800003,-0.41521505699995487,0],[113.92832163700007,-0.41567432599993026,0],[113.92830457800005,-0.41592647999993915,0],[113.92818560500007,-0.41647375599995939,0],[113.92799524800012,-0.41711620999996057,0],[113.92813194700011,-0.4178401909999252,0],[113.92823319400009,-0.41840111899995236,0],[113.92832461900002,-0.41891344799995522,0],[113.92873288100009,-0.41999535799993737,0],[113.92892323800004,-0.42068540199994686,0],[113.92880426500005,-0.42166098099994542,0],[113.9287527350001,-0.42181605399997579,0],[113.92875667600003,-0.42225584599992771,0],[113.92942292500004,-0.42292209499993305,0],[113.92992261200004,-0.42325521899994101,0],[113.93021270000008,-0.42354304199994885,0],[113.93046988800006,-0.42556329699993967,0],[113.93063645000007,-0.42737168699994754,0],[113.93032712000002,-0.42896592599993255,0],[113.92963707600006,-0.43177368999994314,0],[113.9289470330001,-0.43317757199997686,0],[113.92847114100005,-0.43436730199994145,0],[113.92796582000005,-0.43483219699993469,0],[113.92787627500002,-0.43491457799996169,0],[113.92734737100011,-0.43506552999997439,0],[113.92635342000005,-0.43498596199992789,0],[113.92461641400007,-0.43472422099995356,0],[113.92330771000002,-0.43455765899994958,0],[113.9209282490001,-0.43512872999997398,0],[113.91954816200007,-0.43577118399997516,0],[113.91816807400005,-0.43753198499996415,0],[113.9174528420001,-0.43869679299996278,0],[113.91733526300004,-0.43888827799997898,0],[113.91681178200008,-0.44107738199994628,0],[113.91724008500012,-0.44333786999993663,0],[113.91785874400011,-0.4453604119999568,0],[113.91816807400005,-0.44659773199992969,0],[113.91819186900011,-0.44757331099992825,0],[113.91802530700011,-0.44814438199995266,0],[113.91818677700007,-0.44862949399993113,0],[113.91781908700011,-0.44930734299992992,0],[113.91770011400001,-0.4500806679999414,0],[113.91871138500005,-0.45073501999996779,0],[113.91918144600004,-0.45080750999994734,0],[113.92043649400011,-0.45198423699997647,0],[113.92120981900007,-0.45359037299994043,0],[113.92194674200005,-0.45676480799994579,0],[113.92198314400002,-0.45692161799996711,0],[113.92287544100009,-0.46043132299996614,0],[113.9235892800001,-0.46334616299992604,0],[113.92329184700009,-0.46584459699994341,0],[113.92210211700001,-0.46691535499996917,0],[113.91829497900005,-0.46691535499996917,0],[113.91633192400002,-0.46554716399992913,0],[113.91473612800007,-0.46494874099994377,0],[113.91442835500004,-0.46483332599996174,0],[113.91258427300011,-0.46477383999996391,0],[113.9074684310001,-0.46542819099994404,0],[113.90735957900006,-0.46544834899992793,0],[113.90693578000003,-0.46552682999993067,0],[113.90425615900006,-0.4660230569999726,0],[113.90100000000007,-0.46766388899993672,0],[113.90034602300011,-0.46760021899996218,0],[113.90003261600009,-0.46756970599994929,0],[113.89969476500005,-0.46727408599997489,0],[113.89955672400004,-0.46715330099993935,0],[113.89925929100002,-0.46661792199995489,0],[113.89870208200011,-0.46602792499993484,0],[113.89830750700003,-0.46554716399992913,0],[113.89767568600007,-0.46533160099994575,0],[113.89563061300009,-0.46483332599996174,0],[113.89465785700008,-0.46475173499993616,0],[113.89380486800007,-0.46468018899997787,0],[113.89272226200001,-0.46454910499994639,0],[113.89158552900005,-0.46400051499995243,0],[113.89110963700011,-0.46322718999994095,0],[113.89102994200005,-0.46293497499993919,0],[113.89093117700008,-0.4625728379999714,0],[113.89053047100003,-0.46174350599994796,0],[113.88951342400003,-0.46132650899994587,0],[113.88837325700001,-0.46126413499996488,0],[113.88826913100002,-0.46124851599995509,0],[113.88718352600006,-0.46108567499993569,0],[113.88599379600009,-0.46060978299993849,0],[113.88403074000007,-0.46013389099994129,0],[113.88327460000005,-0.45961308199997575,0],[113.88248409100004,-0.45864672799996242,0],[113.88242655100009,-0.45761100599997917,0],[113.88236511800005,-0.45650521299995717,0],[113.88182973900007,-0.45347139999995534,0],[113.88147282000011,-0.4521626959999594,0],[113.88093744100001,-0.45150834499997927,0],[113.87974771100005,-0.45115142499997773,0],[113.87867695300008,-0.45138937199993734,0],[113.87759570000003,-0.45187111299992466,0],[113.87629749200005,-0.45204372299997431,0],[113.87454712200008,-0.45235723999996935,0],[113.87290676000009,-0.45210320999996156,0],[113.87229728000011,-0.45177131499997358,0],[113.87211892400001,-0.45175059799993278,0],[113.8702442340001,-0.45153284299993857,0],[113.86868321700001,-0.45091347899995071,0],[113.86689862100002,-0.44990220799996905,0],[113.8649355660001,-0.44865299099996037,0],[113.86315731900004,-0.4466867079999588,0],[113.86261617200012,-0.44640972499996678,0],[113.86144278100005,-0.44573023899994269,0],[113.86065253600009,-0.44532174599993368,0],[113.85976066700005,-0.4452494789999264,0],[113.85918310800002,-0.44549260999997387,0],[113.8583325620001,-0.44561917899994796,0],[113.85730337300004,-0.44536514199995736,0],[113.85476337000011,-0.44502431299997625,0],[113.85318765700003,-0.44479372099993952,0],[113.85232442300003,-0.44466739399996413,0],[113.85105428000008,-0.44531700199996749,0],[113.84975496700008,-0.44598152999992635,0],[113.84884477700007,-0.44672805899995183,0],[113.84756550100008,-0.44698736899994174,0],[113.84640290600009,-0.4474371889999702,0],[113.84576800800005,-0.44742620099992791,0],[113.84447220100003,-0.44740377399995168,0],[113.84393682300004,-0.44811761299996533,0],[113.84375189100001,-0.44879776099998026,0],[113.84350011900005,-0.44972373399997423,0],[113.84185479400003,-0.45025912799997059,0],[113.84136159400009,-0.45029372799996281,0],[113.84040107800001,-0.45036111299992854,0],[113.83954139600007,-0.45042142399995555,0],[113.8378097100001,-0.45043758699995351,0],[113.83637182100006,-0.45054409699997677,0],[113.83620357400002,-0.4505565599999386,0],[113.83355979300006,-0.4501346039999703,0],[113.83186105800007,-0.44859350499996253,0],[113.83095552600003,-0.44826562999998032,0],[113.82988295700011,-0.44787727499993935,0],[113.82892420200005,-0.44822751199995992,0],[113.82841083900007,-0.44841504499993334,0],[113.82751558200005,-0.44838990699997794,0],[113.82738747800011,-0.44838630999993256,0],[113.82677267000008,-0.44826957999993056,0],[113.82608695900001,-0.44812601999996104,0],[113.82591743600005,-0.4482243839999569,0],[113.82534744600002,-0.44876738699997532,0],[113.82498326600012,-0.449114323999936,0],[113.82442524200007,-0.44924785699993208,0],[113.82391045300005,-0.4492693059999624,0],[113.82299756600003,-0.44930734299992992,0],[113.82240270000011,-0.45025912799997059,0],[113.82229664600004,-0.45220346399997879,0],[113.82222424100007,-0.45353088599995317,0],[113.82240270000011,-0.4550180499999783,0],[113.82214422300001,-0.45570070399998031,0],[113.82162937600003,-0.45638623999997208,0],[113.82090312000003,-0.45650547599996116,0],[113.81998520200011,-0.45684395499995389,0],[113.81968075600003,-0.45710309199995436,0],[113.81945598200002,-0.45752584299992805,0],[113.8192048630001,-0.45799776899997369,0],[113.81906670400008,-0.45841162999994367,0],[113.81884318500011,-0.45906376799996451,0],[113.81872509400011,-0.45963070599992761,0],[113.81859572100007,-0.46022494499993627,0],[113.81839377300003,-0.46084088799995016,0],[113.81791043700002,-0.46094830099997353,0],[113.81711093800004,-0.4610054079999486,0],[113.8163848370001,-0.46100419699996564,0],[113.815759404,-0.46127190799995788,0],[113.81541676200004,-0.46176683499993487,0],[113.81507411900009,-0.46226176299995814,0],[113.81461898000009,-0.46271619399993824,0],[113.81395101400005,-0.46258536999994249,0],[113.8136845140001,-0.46224272799997834,0],[113.81303730100001,-0.46188104999993129,0],[113.81194019900011,-0.46137395799996739,0],[113.81176360300003,-0.46137295199997652,0],[113.8107339820001,-0.46136708599993881,0],[113.8091920920001,-0.46191912099993715,0],[113.80812609300006,-0.46241404899996041,0],[113.8076247680001,-0.46257304499994234,0],[113.80666843500001,-0.46278286499995147,0],[113.80564259500011,-0.46274794799995789,0],[113.80481245600004,-0.46299701699996376,0],[113.80403931100011,-0.46367644699995481,0],[113.80363462200012,-0.46403208199996016,0],[113.80320631900008,-0.46496007199993983,0],[113.80255390800005,-0.465523889999929,0],[113.8016358750001,-0.46549545099992429,0],[113.80052942600003,-0.46506714799994597,0],[113.79992166700004,-0.46445035899995446,0],[113.79917340600002,-0.46387108199996874,0],[113.79845929500004,-0.46331824399993593,0],[113.79738853700007,-0.46274717299996837,0],[113.79588947700006,-0.46214041099995029,0],[113.79399780500012,-0.46149795599995969,0],[113.791963366,-0.46156933999992589,0],[113.78985754300004,-0.46128380499993682,0],[113.78917939700011,-0.46117672899993067,0],[113.7884298670001,-0.46099826999994775,0],[113.78778075200012,-0.46103956599995399,0],[113.78719618700006,-0.4612928779999379,0],[113.78655788800006,-0.46221723399997927,0],[113.78600281600006,-0.46313978399996358,0],[113.78562057800002,-0.46442970999993349,0],[113.78547165300006,-0.46473539099997652,0],[113.78543174600009,-0.46481730399995058,0],[113.78419631400004,-0.46586895399997275,0],[113.78305715500005,-0.46652014399995778,0],[113.78174582100007,-0.46733795199997985,0],[113.78061333700009,-0.46763696599992954,0],[113.77996993200009,-0.4682979539999792,0],[113.77907858500009,-0.46892187499997817,0],[113.77822197900002,-0.46935017799995649,0],[113.77701013400008,-0.46936941399997067,0],[113.77597338800001,-0.46938586999993959,0],[113.77379618100008,-0.47042093499993598,0],[113.77183312600005,-0.47109908199996653,0],[113.77139064900007,-0.47133827599992628,0],[113.77054821700006,-0.47184861199997385,0],[113.76885461900008,-0.47324147199992694,0],[113.76778855300006,-0.47454926799997565,0],[113.76690764200009,-0.47488242499997568,0],[113.76619380300008,-0.47506088399995861,0],[113.76533719800011,-0.47516795999996475,0],[113.76493075500002,-0.47551773599997205,0],[113.76455197500002,-0.47616733299997804,0],[113.76437351600009,-0.47663132799993946,0],[113.7641236720001,-0.47713101499994082,0],[113.76383813700011,-0.47755931799997597,0],[113.76365967800007,-0.47788054499994814,0],[113.76330275800001,-0.47802331299993739,0],[113.76290364300007,-0.4779935209999735,0],[113.76248184400004,-0.47788054499994814,0],[113.76220609100005,-0.47800747999997384,0],[113.76148247100002,-0.47780916199997137,0],[113.7610541680001,-0.47805900499997733,0],[113.76037602100007,-0.47866576799992799,0],[113.76028999100004,-0.479522291999956,0],[113.7601472230001,-0.48059304999992492,0],[113.7600000000001,-0.48166111099993714,0],[113.75996300600002,-0.48190391899993301,0],[113.75988281500008,-0.48243025799996531,0],[113.75872178500003,-0.49005067499996358,0],[113.7585029710001,-0.49078668699996797,0],[113.75842090000003,-0.49106274199994004,0],[113.75762477800004,-0.49374060499997086,0],[113.75433375900002,-0.49713135199993985,0],[113.75449708700012,-0.49765633399994158,0],[113.75454034300003,-0.49779537299997401,0],[113.75572994900006,-0.50161910599996418,0],[113.75588064400006,-0.50327675899995938,0],[113.75589224900011,-0.50340441199995212,0],[113.75591800200004,-0.50368769099992505,0],[113.75555917200006,-0.50452859299997499,0],[113.75403457600009,-0.50810141599993131,0],[113.75409013900003,-0.5082927999999356,0],[113.75414470500004,-0.50848074799995402,0],[113.75459807000004,-0.51004233999992721,0],[113.755187922,-0.51207405399992467,0],[113.75528369400001,-0.51240393499995207,0],[113.75581077400011,-0.51421943499997269,0],[113.75582967700007,-0.51428454399996326,0],[113.75422765300004,-0.51786801899993407,0],[113.7536222870001,-0.51922212699997772,0],[113.75204358500002,-0.52275343499997007,0],[113.75204001900011,-0.52276141099997631,0],[113.75223498900004,-0.52741560599997683,0],[113.75228160200004,-0.52852831899997454,0],[113.75247017400011,-0.52906470199997102,0],[113.75328495700001,-0.5313823079999338,0],[113.75600739900005,-0.53912614299997585,0],[113.75558923300002,-0.5417444989999467,0],[113.75549487500007,-0.54233532499995363,0],[113.75500000000011,-0.54543399999994335,0],[113.75380162800002,-0.54714901099993085,0],[113.75327514800006,-0.54790246699997169,0],[113.75310959800004,-0.54836666499994635,0],[113.75263838600006,-0.5496879319999266,0],[113.75254340200001,-0.54974967199996172,0],[113.75155133900012,-0.5503945129999579,0],[113.7510219940001,-0.55073858699995526,0],[113.75064382900007,-0.55098439399995414,0],[113.74769668400006,-0.55085340999994514,0],[113.74710518500001,-0.55082712099994069,0],[113.74615607500004,-0.55078493899992509,0],[113.74434711400011,-0.55013371299997971,0],[113.74338584600002,-0.54978765599997814,0],[113.74116968200008,-0.54898983699996506,0],[113.74037420100001,-0.54914609199994402,0],[113.73818130400002,-0.54957683999992923,0],[113.73703960400007,-0.54980110299993612,0],[113.73675051000009,-0.54985788899995214,0],[113.73558492200004,-0.55008684399996355,0],[113.73557205500003,-0.55016018399993527,0],[113.73549077600001,-0.55062347599994155,0],[113.73531185700006,-0.55164331299994274,0],[113.73481941300008,-0.55445024899995587,0],[113.73458764400004,-0.55577133199994933,0],[113.73439589000009,-0.55599595699993642,0],[113.73380159300007,-0.55669213399994533,0],[113.73377075600001,-0.55672825699997475,0],[113.73353162000001,-0.5570083879999288,0],[113.73214594400008,-0.55863160899997411,0],[113.73203336900008,-0.55876348199996073,0],[113.73146064400009,-0.55943438899993225,0],[113.73109716900001,-0.55986017399993671,0],[113.72960190100002,-0.562738564999961,0],[113.72944767400008,-0.56303545199995142,0],[113.72710805500003,-0.5675392189999684,0],[113.72715258500011,-0.56896415299996761,0],[113.72715739700004,-0.56911814799997273,0],[113.727176697,-0.56973574799997095,0],[113.72720851600002,-0.57075395899994419,0],[113.7272419090001,-0.57182251599994061,0],[113.72727153500011,-0.57277055199995175,0],[113.7272761480001,-0.57291816699995479,0],[113.72728369400011,-0.57315964099996108,0],[113.7272943160001,-0.57349955999995927,0],[113.72732721400007,-0.57455231099993398,0],[113.72733704400002,-0.57486685599997145,0],[113.72739555400005,-0.57673918999995522,0],[113.72744590900004,-0.57835056699997267,0],[113.72750696600008,-0.58030438399993045,0],[113.72751206600003,-0.58041863299996521,0],[113.72751783000001,-0.58054773499992507,0],[113.72766673400008,-0.58388318999993771,0],[113.72767130600005,-0.58398559899995917,0],[113.72781336100002,-0.58716762899996411,0],[113.72781817100008,-0.58727538199997298,0],[113.7278869380001,-0.58881576499993571,0],[113.72789838000006,-0.58907206099996756,0],[113.7279237250001,-0.58963978199994926,0],[113.72794940400001,-0.59021499899995433,0],[113.72796657700007,-0.59059967499996446,0],[113.72799908700006,-0.59132789799997454,0],[113.72800113100004,-0.5913736759999324,0],[113.72800560500002,-0.59147390399994038,0],[113.73169553600007,-0.5943660119999663,0],[113.73251056700008,-0.59554279199994653,0],[113.73310509300006,-0.5964011969999774,0],[113.73537111100006,-0.59967298099996924,0],[113.73593919500001,-0.60049320699994269,0],[113.7360000000001,-0.60058099999997694,0],[113.73599450200004,-0.60059139499992398,0],[113.73593911600005,-0.60069612499995628,0],[113.73424154400004,-0.60390605999992886,0],[113.73410742500005,-0.60410723899997265,0],[113.73364624500005,-0.60479900899997574,0],[113.73341189500002,-0.60515053399996077,0],[113.73334141300006,-0.60521710099993697,0],[113.73092294800006,-0.60750120599993807,0],[113.72978544800003,-0.60844087999993235,0],[113.7277426280001,-0.61012842699994962,0],[113.7271880720001,-0.61034483899993575,0],[113.72714364100011,-0.61036217799994574,0],[113.72593409500007,-0.61083419599992794,0],[113.72470289900002,-0.61131466199992701,0],[113.72432430100002,-0.61146240799996576,0],[113.72332263600003,-0.61185330199992904,0],[113.72248707100005,-0.61217937599997185,0],[113.72207336000008,-0.6123408239999435,0],[113.72118785900011,-0.61276084099995387,0],[113.72069333200011,-0.61299540899995009,0],[113.71969574900004,-0.61346858999996812,0],[113.71795847100009,-0.61429262899997639,0],[113.71737386200004,-0.61456992499995522,0],[113.71733286600011,-0.61460068899992848,0],[113.71549208500005,-0.6159820449999529,0],[113.7151765970001,-0.61621879299997318,0],[113.714330313,-0.61685386099992456,0],[113.71269381500008,-0.61808191999995188,0],[113.71239670700004,-0.61830487499997844,0],[113.71226605600009,-0.61840291799995839,0],[113.71224269100003,-0.6184504689999244,0],[113.7120084930001,-0.61892708699997456,0],[113.7119849720001,-0.61897495499994193,0],[113.71130004100007,-0.62036886699996785,0],[113.71125377900012,-0.62046301599997378,0],[113.71021623000001,-0.62257454499996356,0],[113.70992834300012,-0.62316042699995933,0],[113.70982381300007,-0.62337315799993576,0],[113.7073785230001,-0.62550128299994867,0],[113.70713746900003,-0.62571107099995515,0],[113.70710511200002,-0.62573923099995454,0],[113.70450773500011,-0.62799971599997662,0],[113.70435818200008,-0.62812987099994189,0],[113.70325065800012,-0.62909374399993112,0],[113.70137898200005,-0.63060891099996752,0],[113.70093702100007,-0.63096668899993347,0],[113.699899802,-0.63180634199994756,0],[113.69893051600002,-0.6324672199999668,0],[113.69881990700003,-0.63254263499993613,0],[113.69760905900011,-0.63336821299992607,0],[113.69638938200001,-0.63419981099997358,0],[113.69629242100007,-0.63471693499997173,0],[113.69621295800005,-0.63514073599992571,0],[113.69592484900011,-0.63667731799995408,0],[113.69591068800003,-0.63675284399994325,0],[113.69640407600002,-0.63798631399993155,0],[113.69643058500003,-0.63805258599995796,0],[113.69670851100011,-0.63874740099993232,0],[113.69654403600009,-0.63901543399992988,0],[113.6957803140001,-0.64026001599995652,0],[113.69576500700009,-0.64028496099996346,0],[113.69561755100005,-0.64052525999994714,0],[113.6956042060001,-0.6405470079999418,0],[113.69455438900002,-0.64225782099993012,0],[113.69319609500008,-0.643996437999931,0],[113.69283230400004,-0.6444620899999336,0],[113.69056527500004,-0.64736388799997258,0],[113.6899425900001,-0.65033370099996546,0],[113.69026230600002,-0.65053832699993563,0],[113.69036974200003,-0.65121224499995378,0],[113.69035020800004,-0.65161268899993274,0],[113.69030137400011,-0.65181779399995321,0],[113.69013533600003,-0.65209126799993555,0],[113.68992130200002,-0.65311110899995128,0],[113.69004743400001,-0.65338050299993711,0],[113.69041362700011,-0.65387197399996921,0],[113.69046741200009,-0.65424975899992432,0],[113.69066275000012,-0.654640436999955,0],[113.69087762300001,-0.65490414399994279,0],[113.69095575800009,-0.65525575299994898,0],[113.69098233300008,-0.65589515099992468,0],[113.69113156300011,-0.65615431099996613,0],[113.69130876200006,-0.65655738099997052,0],[113.69134960000008,-0.65669010499993874,0],[113.69148779000011,-0.65713921999997638,0],[113.69161014200006,-0.65743377799992686,0],[113.69165897700009,-0.6577170189999606,0],[113.69147340500001,-0.65809792899995045,0],[113.69117449200007,-0.65825813899994046,0],[113.69079157300007,-0.65851084899992429,0],[113.69020370400006,-0.65889881799995464,0],[113.68966652300003,-0.65920159199993122,0],[113.68963030600003,-0.65923840299996073,0],[113.68907074100002,-0.65980714199997692,0],[113.68883633400003,-0.66001224699994054,0],[113.68832845400004,-0.6606470979999699,0],[113.68831208000006,-0.66070931999996674,0],[113.68829944300001,-0.66075734099996453,0],[113.68827279000004,-0.66085862299996734,0],[113.68823078500009,-0.6610182409999652,0],[113.68819171700011,-0.66179959499993402,0],[113.68819103500005,-0.66180497699997431,0],[113.68817287000002,-0.66194827599997552,0],[113.68810381500009,-0.66249304699994127,0],[113.68809336900006,-0.66252055499995777,0],[113.68781080700001,-0.6632646349999618,0],[113.687449431,-0.66368461299992987,0],[113.68723455800011,-0.66387995099995578,0],[113.68703922000009,-0.66395808699996905,0],[113.68657820500005,-0.6641782969999781,0],[113.68643283900008,-0.66424773299996787,0],[113.68456919000005,-0.66513792899996815,0],[113.68419704300004,-0.66531568999994306,0],[113.68404191700006,-0.66582539099994165,0],[113.68399193800008,-0.66598960799996121,0],[113.68407984000009,-0.66619471299992483,0],[113.68425564500001,-0.66679049599997597,0],[113.68442281500006,-0.66768793799997184,0],[113.6844412160001,-0.66778672299994923,0],[113.68448907100003,-0.66791621399994483,0],[113.68454160700003,-0.66805836899993665,0],[113.68457835100003,-0.66815779299997757,0],[113.68477329200005,-0.66868527999997696,0],[113.68457795300003,-0.66922246099994709,0],[113.68448882500002,-0.66925216999993609,0],[113.68440057700002,-0.66928158599995413,0],[113.68436131600004,-0.66929467299996759,0],[113.68392554800005,-0.66943992999995316,0],[113.68369893000011,-0.66951546899997538,0],[113.68243899600009,-0.66984754499992505,0],[113.68209715400008,-0.67008195099992918,0],[113.68176507800001,-0.67042379299994082,0],[113.68173964300001,-0.67049532899994801,0],[113.68160880700009,-0.67086330499995483,0],[113.6816967100001,-0.67123444899993956,0],[113.68164129600007,-0.67164041899997073,0],[113.68148183700009,-0.6719669679999356,0],[113.68120836300011,-0.67225020899996935,0],[113.68118025700005,-0.67231016799996723,0],[113.68091535500002,-0.67287529299994731,0],[113.68074921800007,-0.6730829639999456,0],[113.68068094900002,-0.67316829999992933,0],[113.68033910600002,-0.67348084199994673,0],[113.67952845100001,-0.67408639199993559,0],[113.67918660900011,-0.67443800099994178,0],[113.67879593200007,-0.67474077599996463,0],[113.67837405100011,-0.67490766399993163,0],[113.67831278400001,-0.67512248999997837,0],[113.67822945000012,-0.67541469399992593,0],[113.67833688600001,-0.67568816799996512,0],[113.67835217400011,-0.6757207809999386,0],[113.67837658600001,-0.67577286099992762,0],[113.67848339000011,-0.67600070999992568,0],[113.67850106900005,-0.67606885599997213,0],[113.67862623100007,-0.67655131999993046,0],[113.67861725000012,-0.67662445499996693,0],[113.67860862800001,-0.67669465899996339,0],[113.67858131200001,-0.67691709499996477,0],[113.67854077100003,-0.67724721399997634,0],[113.67854133200001,-0.67727525299994795,0],[113.67855297900007,-0.67785764699993933,0],[113.67856152500008,-0.67808106599994744,0],[113.67847387100005,-0.67834528899993529,0],[113.67844153300007,-0.67844276899995748,0],[113.67831635200002,-0.67882011199992576,0],[113.67805242400004,-0.67961569399994914,0],[113.67802910900002,-0.67988296899994793,0],[113.6780030330001,-0.68018189899993331,0],[113.67800000000011,-0.68021666599997843,0],[113.67842227900007,-0.68042190499994604,0],[113.67848173200002,-0.68045080099994948,0],[113.67858073000002,-0.68049891699996579,0],[113.67930884500004,-0.68085280199994713,0],[113.67986863600004,-0.68112487699994517,0],[113.67990731600003,-0.68114367599997649,0],[113.68038912000009,-0.68137784699996473,0],[113.68082834900008,-0.68159132499994257,0],[113.68214982100005,-0.68223359799992522,0],[113.68226211300009,-0.68228817499993966,0],[113.68493338200005,-0.68358648799994626,0],[113.68495985300001,-0.6836982549999675,0],[113.6852375090001,-0.68487058099992737,0],[113.68526141000007,-0.68497149499995658,0],[113.68576142900008,-0.68708268699992914,0],[113.68579555300005,-0.68722676599998067,0],[113.68669737700009,-0.6910344649999729,0],[113.68672398100011,-0.69114679199992679,0],[113.68694234300006,-0.69206876399994144,0],[113.68694831500011,-0.69209397999992461,0],[113.68801271000007,-0.69243610699993496,0],[113.68805237700008,-0.69244885699993119,0],[113.68905165400008,-0.69277005299994698,0],[113.68909199500001,-0.69278301999997893,0],[113.6897666750001,-0.69299988199992413,0],[113.69006508400003,-0.69309579899993423,0],[113.69130737600005,-0.69349510699993289,0],[113.69167611800003,-0.69361363099994833,0],[113.69223239200005,-0.69379243299994187,0],[113.69279324000001,-0.69397270599995409,0],[113.69321699300008,-0.6941089119999333,0],[113.69386357400003,-0.69407883899992839,0],[113.69390388200009,-0.69407696399997576,0],[113.69485574700002,-0.69403269099996123,0],[113.69534027900011,-0.69401015499994401,0],[113.69624684000007,-0.69396798899992973,0],[113.69680338800003,-0.69394210299992665,0],[113.6968515640001,-0.69393986199997926,0],[113.69803044200012,-0.69388503099997934,0],[113.69805743600011,-0.69406908199994177,0],[113.69818972000007,-0.69497101099995007,0],[113.69820481400006,-0.69507392699995307,0],[113.69821191400001,-0.69512233799997603,0],[113.69836290500007,-0.69615181899996514,0],[113.69841553100002,-0.69651063299994576,0],[113.69854421100001,-0.69738799799995377,0],[113.69857306600011,-0.69758473799993226,0],[113.6985783670001,-0.69762088099997754,0],[113.69872829000008,-0.69864307899996447,0],[113.69874458700008,-0.6987541969999711,0],[113.69915079500004,-0.70152379899997186,0],[113.69916547200012,-0.70162386799995602,0],[113.69926179000004,-0.70228058199995758,0],[113.69918105800002,-0.70442463599994198,0],[113.69917555500001,-0.70457078999993428,0],[113.69902647600009,-0.7085299759999657,0],[113.69901936600002,-0.70871881399995118,0],[113.69894032700006,-0.71081792099994345,0],[113.69889271700004,-0.7127152469999487,0],[113.69882171100005,-0.71554492399997116,0],[113.69878285000004,-0.71709360399995603,0],[113.69748101200003,-0.71867173799995498,0],[113.69582321700011,-0.7206813769999485,0],[113.69537326000011,-0.72210517399997798,0],[113.69521050100002,-0.7226201919999653,0],[113.69512673000008,-0.72288526899995986,0],[113.69464787900006,-0.72440049399995132,0],[113.69273156200006,-0.726433401999941,0],[113.68945109000003,-0.72991346399993517,0],[113.68934361400011,-0.73002747899994347,0],[113.68777289500008,-0.7316937619999635,0],[113.68469577500002,-0.73602371999993466,0],[113.68457276600009,-0.73619681199994602,0],[113.68411787100001,-0.73683691599995882,0],[113.68406418300003,-0.73691246299995328,0],[113.68400000000008,-0.73700277699992967,0],[113.68400658000007,-0.73803449099995078,0],[113.68400742400001,-0.73816684899992424,0],[113.68401693900012,-0.73965892599994731,0],[113.68402312800004,-0.74062937799993733,0],[113.68409386300004,-0.74118111399997133,0],[113.68411264000008,-0.74132757599994648,0],[113.68442203900008,-0.74374088699994445,0],[113.68416264200005,-0.74491996399996196,0],[113.68412181800011,-0.74510552799995367,0],[113.68354443400005,-0.74773000199996886,0],[113.68304132600008,-0.74911355099993671,0],[113.68298880400005,-0.74925798599997506,0],[113.68258704700008,-0.75036281699993879,0],[113.68171373300004,-0.75221424099993328,0],[113.6812736490001,-0.75314721899997039,0],[113.68122452200009,-0.75325136799995107,0],[113.68059248900011,-0.75459127799996395,0],[113.68001474900007,-0.75651707899993426,0],[113.6798947740001,-0.75691699499992637,0],[113.67973734600002,-0.75744175499994526,0],[113.67963510200002,-0.75778256999996074,0],[113.68044851200011,-0.75916182999992543,0],[113.68147009500001,-0.76089407899996786,0],[113.68149702300002,-0.76120824299994183,0],[113.68150701900004,-0.76132486399995969,0],[113.68155456400007,-0.76187955999995438,0],[113.68170944100007,-0.76368645899992771,0],[113.68221296700005,-0.76405862999996543,0],[113.6831773450001,-0.7647714299999393,0],[113.68354443400005,-0.7650427569999465,0],[113.6837299770001,-0.76508334399994737,0],[113.68431496700009,-0.76521131099997319,0],[113.68609746700008,-0.76560123299992711,0],[113.68618478800011,-0.76589594399996486,0],[113.68625392400008,-0.76612927699994771,0],[113.68673572500006,-0.76775535499996295,0],[113.68678579300001,-0.76817591999997603,0],[113.68680076900011,-0.76830172199993285,0],[113.6871346370001,-0.77110621099996024,0],[113.68706971800009,-0.77245206999992888,0],[113.68705939800009,-0.77266601599995965,0],[113.68699590800009,-0.77398225699994327,0],[113.68675091400007,-0.77464433499994811,0],[113.68638517400007,-0.77563271899992969,0],[113.68636006000008,-0.7757005889999391,0],[113.6854902230001,-0.77805125999992697,0],[113.68541114700008,-0.77826495699997622,0],[113.68525685400004,-0.77868192199997566,0],[113.6846264620001,-0.78038551099996312,0],[113.68429625300007,-0.78127787699997953,0],[113.683699305,-0.78289108399997076,0],[113.68341158300007,-0.78366863199994441,0],[113.6826770560001,-0.78565363799992838,0],[113.68241702100011,-0.78635636299992484,0],[113.68200000000002,-0.78748333299995465,0],[113.68192870600001,-0.78783639099992797,0],[113.68213666700001,-0.78855625699992515,0],[113.68240861700008,-0.78908415899996953,0],[113.68247736600006,-0.78931004899993695,0],[113.68252059600002,-0.78945209099993008,0],[113.68271256000003,-0.78980402599995614,0],[113.68303250100007,-0.79004398099993978,0],[113.68332044800002,-0.79012396599995327,0],[113.68375236700001,-0.790347924999935,0],[113.68407198200009,-0.7906979789999582,0],[113.68413194400011,-0.7907636519999528,0],[113.68445492800004,-0.79111739599994735,0],[113.68454753500009,-0.7912188229999515,0],[113.68469619200005,-0.79148371399998041,0],[113.68485004700005,-0.79179142199996022,0],[113.68488458000002,-0.79186048899993011,0],[113.68488815700005,-0.79186764299993229,0],[113.6850001360001,-0.79236355099993716,0],[113.68496814200012,-0.79265149799994106,0],[113.68475431900004,-0.79315059499992913,0],[113.68471076200001,-0.79325226499997825,0],[113.68397236500005,-0.79497580299994297,0],[113.68377387900011,-0.79522164699994846,0],[113.68364038800007,-0.7953869899999404,0],[113.68346442100005,-0.79583490699997128,0],[113.68346442100005,-0.79599529299997585,0],[113.68346442100005,-0.79626682699995399,0],[113.68364311700009,-0.79640829499993515,0],[113.68394657100009,-0.79664852999997038,0],[113.68401038200011,-0.79669904699994731,0],[113.68461620700009,-0.79717865799995025,0],[113.68504812700007,-0.79730663399993773,0],[113.68550082700006,-0.79712091099997906,0],[113.68567201100007,-0.79705068199996276,0],[113.68655184800002,-0.79700269099993193,0],[113.68682379800009,-0.79711466999992808,0],[113.68721377800011,-0.79730185999994774,0],[113.68722372400009,-0.79730663399993773,0],[113.68751167000005,-0.79751459599992813,0],[113.68784760800008,-0.79761057799993296,0],[113.68791889400006,-0.79759932199993955,0],[113.68798890800008,-0.79758826699998053,0],[113.68875943900002,-0.79746660499995414,0],[113.68970326400006,-0.79714666399996759,0],[113.68981524300011,-0.7970186879999801,0],[113.69007500700002,-0.79690408599992679,0],[113.69035914200003,-0.7967787319999502,0],[113.69059909800001,-0.79676273499995887,0],[113.69133496100005,-0.79681072599993286,0],[113.69171889000006,-0.79708267599994542,0],[113.69162290800011,-0.79746660499995414,0],[113.69161150000002,-0.79749702599997363,0],[113.69150250600001,-0.79778767599992761,0],[113.69147893500008,-0.79785053299997344,0],[113.69149493200007,-0.79836243799996964,0],[113.69159091400002,-0.79871437299993886,0],[113.69170289300007,-0.79898632299995143,0],[113.69204956400006,-0.79929585099995393,0],[113.69215081000004,-0.79938624899995148,0],[113.69282268500001,-0.80028208199996698,0],[113.69286357600004,-0.80041157099992688,0],[113.69289551000008,-0.80051269499995215,0],[113.6929861860001,-0.8007998359999533,0],[113.69311063200007,-0.80119391299996323,0],[113.69368652500009,-0.80205775299992865,0],[113.69397750200005,-0.80239029899996694,0],[113.69458235900004,-0.8030815629999779,0],[113.69467244000009,-0.80321668399994905,0],[113.69474232900006,-0.80332151899995097,0],[113.69479217600008,-0.80341053099994042,0],[113.69496628800005,-0.80372144499995102,0],[113.69530222600008,-0.80405738199993948,0],[113.69567589300004,-0.80417235699997036,0],[113.69592611000007,-0.80424934699993855,0],[113.69624605000001,-0.8044413109999482,0],[113.69645401200012,-0.80471326099996077,0],[113.69654155800004,-0.80499049099995545,0],[113.69655590700006,-0.80503592799993839,0],[113.69664597600001,-0.80532114799996179,0],[113.69665096800009,-0.80536357899995892,0],[113.69667276600001,-0.80554885999993076,0],[113.69670996400009,-0.80586504699994066,0],[113.69670996400009,-0.80636095499994553,0],[113.69689233100007,-0.80674848299997848,0],[113.69693780400007,-0.80684511399994108,0],[113.69696591700006,-0.8069048539999244,0],[113.69713384300007,-0.80697202499993637,0],[113.69717589400011,-0.80698884499997803,0],[113.6972858580001,-0.80703283099995815,0],[113.69795923900006,-0.80720718899993926,0],[113.69810648500004,-0.80724531499993191,0],[113.69873836300007,-0.80740892599993686,0],[113.69907752500001,-0.80749674499998036,0],[113.69911375700008,-0.80752647399992838,0],[113.69933659300011,-0.80770931299997528,0],[113.69936325600008,-0.80773119099995938,0],[113.69978845000003,-0.80808006699993484,0],[113.69997438000007,-0.80823262499995963,0],[113.70032529400009,-0.80852055499997277,0],[113.7008116180001,-0.80899298399992858,0],[113.70088519000001,-0.80906445399995164,0],[113.70107485800008,-0.80923205299995971,0],[113.7012606400001,-0.80939621799996075,0],[113.70148457800008,-0.80959409799993409,0],[113.7020205980001,-0.80991546899997502,0],[113.70205821800005,-0.80993802399996184,0],[113.70246889600003,-0.81018424599994887,0],[113.70316200600007,-0.81058769699995992,0],[113.70324364100009,-0.81063521599998012,0],[113.7035406980001,-0.81080812999994123,0],[113.70458050500008,-0.8113040379999461,0],[113.70552433000012,-0.81191192599993656,0],[113.70581227600007,-0.81226385999997319,0],[113.70608424900001,-0.81272309599995651,0],[113.70654814000011,-0.81304771499992512,0],[113.70654814000011,-0.81352664499996763,0],[113.70654814000011,-0.81360516699993468,0],[113.70654814000011,-0.81386356399997339,0],[113.70659074000002,-0.81404461499994341,0],[113.70661212800007,-0.81413551299993969,0],[113.70663658600006,-0.81440454999994927,0],[113.70666011900005,-0.81466341499992723,0],[113.70659613100008,-0.81522331199994369,0],[113.70621855900004,-0.81558870499992508,0],[113.70610022300002,-0.81570322299995723,0],[113.70558831800008,-0.81584719599993605,0],[113.70537233900006,-0.81588686499992491,0],[113.70480446300007,-0.81599116899997171,0],[113.70426056400004,-0.81623112499994477,0],[113.70413706500005,-0.81640212299993209,0],[113.70405260300004,-0.81651907099995924,0],[113.70394062300011,-0.81691899699995929,0],[113.70392747900007,-0.81727389399992489,0],[113.70392462600012,-0.817350916999942,0],[113.70681400000001,-0.81832922799992502,0],[113.70695075700007,-0.81837553299993715,0],[113.71394656700011,-0.82074423899996418,0],[113.71420313800002,-0.82083111099996131,0],[113.72048087000007,-0.82295668399996202,0],[113.72075154700008,-0.823048331999928,0],[113.72737861900009,-0.82529218699994544,0],[113.72869965100006,-0.82573947399993131,0],[113.73171482600003,-0.82676037999993923,0],[113.73209327900008,-0.8268885199999545,0],[113.73755266600006,-0.83212263799993025,0],[113.73776969700009,-0.83233071399996561,0],[113.74335878200009,-0.83768917899993767,0],[113.74395511200009,-0.83826090299993439,0],[113.74800000000005,-0.84213888899995482,0],[113.74847374400008,-0.84311216899993724,0],[113.74870927900008,-0.84359606399993936,0],[113.74978409800008,-0.84580422099998032,0],[113.74994585100001,-0.8461365329999353,0],[113.75213296900006,-0.85062984499995764,0],[113.75395309900011,-0.85436919999995098,0],[113.75516695300007,-0.85686299599996119,0],[113.75951284300004,-0.86579138499996589,0],[113.75967053400007,-0.86611535299994102,0],[113.76203342800011,-0.87096978799996805,0],[113.76480411200009,-0.87666200499995739,0],[113.76552607300005,-0.87814523299994107,0],[113.76646226100002,-0.88006857799996396,0],[113.77300000000002,-0.89349999999996044,0],[113.78399415000001,-0.93057627099994988,0],[113.78400000000011,-0.93059599999997999,0],[113.78657572800012,-0.93349441599997363,0],[113.78705813100009,-0.93403725399997484,0],[113.79050048500005,-0.93791086699997095,0],[113.79327893900006,-0.94103740599996399,0],[113.79355426200004,-0.94134722199993348,0],[113.79749863000006,-0.94578573999996252,0],[113.80402113100001,-0.95312537999996039,0],[113.80458475600005,-0.95375961599995662,0],[113.80823291000002,-0.95786480999993273,0],[113.80851769700007,-0.95818527499994843,0],[113.80900000000008,-0.95872799999995095,0],[113.8161458300001,-0.96157992599995623,0],[113.8183852840001,-0.96247369999997545,0],[113.81937516100004,-0.96286876299996038,0],[113.82188203300007,-0.9638692639999249,0],[113.82288049500005,-0.96426775399993403,0],[113.83351704400002,-0.96851283699993473,0],[113.83681556700003,-0.96982928899996068,0],[113.84349832300006,-0.97249639999995452,0],[113.8504743850001,-0.97528056999993851,0],[113.85060947200009,-0.97533448399997269,0],[113.8516613920001,-0.97575430899996718,0],[113.85242945900006,-0.97606084699992834,0],[113.85507492600004,-0.97711666199995761,0],[113.85553643900005,-0.97730085399996369,0],[113.8576477900001,-0.97814350099997682,0],[113.86528206000003,-0.98119036399992865,0],[113.86700000000008,-0.98187599999994291,0],[113.91633649100004,-0.9963186509999673,0],[113.91783856500001,-0.9967583649999483,0],[113.92799998900011,-0.9997329979999563,0],[113.92800176800006,-0.99973540099995262,0],[113.93756164800004,-1.0127185279999367,0],[113.93881081300003,-1.0144150009999748,0],[113.94533399900001,-1.0232740399999329,0],[113.94813890000012,-1.0270833329999505,0],[113.94866380500002,-1.0274556779999671,0],[113.95399559000009,-1.031237813999951,0],[113.96188859600011,-1.0368367679999437,0],[113.96271978300001,-1.037426375999928,0],[113.97100000000012,-1.0432999999999311,0],[113.97118316900003,-1.0435939289999396,0],[113.97160694900003,-1.0442739649999453,0],[113.97564333800005,-1.0507511229999409,0],[113.97612296200009,-1.0515207709999572,0],[113.98096670200005,-1.0592934749999472,0],[113.98096700400004,-1.059293959999934,0],[113.98544806700011,-1.0664846809999631,0],[113.98485517800009,-1.0698726169999304,0],[113.98485506800012,-1.0698732479999649,0],[113.98485464700002,-1.0698756519999506,0],[113.98355107200007,-1.0773246539999377,0],[113.98319388300001,-1.0793657369999323,0],[113.98096948900002,-1.0920765599999527,0],[113.98066039700007,-1.092629216999967,0],[113.97615062300008,-1.1006926889999704,0],[113.97578467200003,-1.1013470089999373,0],[113.97000035200006,-1.1116893709999545,0],[113.97000000000003,-1.1116899999999532,0],[113.97082690700006,-1.1172900809999646,0],[113.97104520800008,-1.1187684869999543,0],[113.97124998300001,-1.1201552869999318,0],[113.97129690400004,-1.1204730519999657,0],[113.97206242100003,-1.1256573799999501,0],[113.97252619400001,-1.1287982009999382,0],[113.97288314900004,-1.1302067019999527,0],[113.97304349800004,-1.1308394199999725,0],[113.9778968170001,-1.1499900359999629,0],[113.97806230600008,-1.1506430349999732,0],[113.98302926300005,-1.1702420509999456,0],[113.98320592900006,-1.1709391539999388,0],[113.98537921000002,-1.1795146619999741,0],[113.9877019060001,-1.1894607869999732,0],[113.98775584400005,-1.1896917589999703,0],[113.98783788000003,-1.1900430509999751,0],[113.98805311100011,-1.1909646999999381,0],[113.98816649800006,-1.1914502399999378,0],[113.99179485800005,-1.2069874109999432,0],[113.99209191000011,-1.2082594299999414,0],[113.99408994900011,-1.2168153279999387,0],[113.99594374900005,-1.2247535699999617,0],[113.99597662600002,-1.2248943519999784,0],[113.99600000000009,-1.2249944439999467,0],[113.99612144300011,-1.2258969369999591,0],[113.99628123000002,-1.22708438199993,0],[113.99674990200003,-1.2305672719999734,0],[113.9970832350001,-1.2330444089999446,0],[113.99729461200002,-1.2346152379999467,0],[113.99766421700008,-1.2373619219999341,0],[113.99771135300011,-1.2377122069999587,0],[113.99872317200004,-1.2452314499999488,0],[113.99876194000001,-1.2455195529999514,0],[113.99971098300011,-1.2525722819999601,0],[113.99995434900006,-1.2543808329999706,0],[114.00017755200008,-1.256039545999954,0],[114.00098640100009,-1.2620504319999668,0],[114.00120838800001,-1.2637001059999307,0],[114.00226930000008,-1.2715841749999299,0],[114.00248323000005,-1.2731739749999633,0],[114.00252705300011,-1.2734996409999439,0],[114.00286171800008,-1.275986674999956,0],[114.00329129300007,-1.279179021999937,0],[114.00424540500001,-1.2862694149999356,0],[114.00472057400009,-1.2898005879999346,0],[114.00479440200002,-1.2903492309999365,0],[114.00453324900002,-1.2960133079999423,0],[114.0043233130001,-1.3005665679999652,0],[114.00344920900011,-1.3195248059999471,0],[114.00250977600001,-1.3398999399999525,0],[114.00221561600006,-1.3462799169999471,0],[114.00217187900012,-1.3472285139999371,0],[114.00200003700002,-1.3509555579999528,0],[114.00172354900008,-1.3569522479999705,0],[114.00161413700005,-1.3593252539999412,0],[114.00151369500009,-1.361503708999976,0],[114.00137869800005,-1.3644316379999282,0],[114.00137719600002,-1.3644642079999585,0],[114.00120549900009,-1.3681881109999381,0],[114.00117516500006,-1.3688460079999345,0],[114.00022507800008,-1.3894522189999634,0],[114.00002978300006,-1.393687922999959,0],[114.00043902400012,-1.3977874869999596,0],[114.00101114000006,-1.4035186419999377,0],[114.00106269500009,-1.4040350929999477,0],[114.00280148900003,-1.421453415999963,0],[114.00302657800012,-1.4237082359999249,0],[114.00304108800003,-1.4238535869999396,0],[114.0036281030001,-1.4297339979999606,0],[114.00365968500012,-1.4300503659999322,0],[114.00420700400002,-1.4355331159999309,0],[114.00421141100003,-1.4355772659999388,0],[114.00422471000002,-1.4357104919999415,0],[114.00441098900001,-1.4375765399999523,0],[114.00619658900007,-1.455463745999964,0],[114.00632088900011,-1.4567089189999365,0],[114.00725458200009,-1.4660621599999786,0],[114.00741596100011,-1.4676787679999279,0],[114.00743599900011,-1.4678794999999809,0],[114.00786517400002,-1.4721787519999339,0],[114.00800004600001,-1.4735298249999573,0],[114.00794071700011,-1.4737573439999778,0],[114.00788297500003,-1.4739787759999672,0],[114.00681557300004,-1.4780721309999763,0],[114.00674904200002,-1.4783272699999657,0],[114.00596004900001,-1.4813529609999705,0],[114.00591003800002,-1.4815447469999299,0],[114.00578883800006,-1.4820095349999747,0],[114.00462728200011,-1.4864639609999699,0],[114.00458325300008,-1.4866328059999319,0],[114.003588648,-1.4904469929999777,0],[114.00355581300005,-1.4905729099999689,0],[114.00264494600003,-1.4940659709999409,0],[114.00255829700006,-1.494398260999958,0],[114.00138373800007,-1.498902548999979,0],[114.00134918000003,-1.4990350759999274,0],[114.00030619000006,-1.5030348129999425,0],[114.00023272900012,-1.503316525999935,0],[113.99838146800005,-1.51041588399994,0],[113.99800084500009,-1.5118755279999618,0],[113.99793490900004,-1.5121283859999721,0],[113.99728701200002,-1.5146129899999323,0],[113.9952133920001,-1.5225650659999701,0],[113.99519154300003,-1.5226488549999431,0],[113.99297519800007,-1.5243863839999676,0],[113.99275095600001,-1.5245621809999648,0],[113.98848915500002,-1.5279032669999424,0],[113.98654051300002,-1.529430925999975,0],[113.98581452700012,-1.5300000709999608,0],[113.98311111100008,-1.5321194439999317,0],[113.98311813400005,-1.5321275879999803,0],[113.98311831000001,-1.5321277919999261,0],[113.98312253300003,-1.5321326889999796,0],[113.98313391500005,-1.5321458889999349,0],[113.98342602700006,-1.5324846439999646,0],[113.98353092100001,-1.532606287999954,0],[113.98360539600003,-1.5326926559999379,0],[113.98448972000006,-1.5337181889999556,0],[113.98511348800002,-1.5344415599999479,0],[113.985636107,-1.5350476299999514,0],[113.98607429100002,-1.5355557829999498,0],[113.98703138000008,-1.5366656999999577,0],[113.98832238200009,-1.5404116259999796,0],[113.98871787300004,-1.5415591689999246,0],[113.98952295200002,-1.5438951559999623,0],[113.9910491920001,-1.5483236399999782,0],[113.9916125530001,-1.5499582669999654,0],[113.99215481500005,-1.5515316749999783,0],[113.99252727700002,-1.5522173439999278,0],[113.9984424270001,-1.563106596999944,0],[114.0051394410001,-1.5673606789999326,0],[114.00744460400006,-1.5681492879999723,0],[114.0119230680001,-1.5696813939999288,0],[114.01755223300006,-1.5716071609999744,0],[114.01902006600005,-1.5721093139999311,0],[114.02387867500011,-1.5768250229999694,0],[114.02533456300011,-1.5789644479999652,0],[114.02541411000004,-1.5790813419999381,0],[114.02566948100002,-1.5794566099999656,0],[114.02654308100011,-1.5807403649999401,0],[114.02664102000006,-1.5808842859999572,0],[114.02742432500008,-1.582035350999945,0],[114.02746289600009,-1.5820920299999557,0],[114.027938027,-1.5827902339999582,0],[114.02863942200008,-1.58382093299997,0],[114.02865275700003,-1.5838405289999287,0],[114.02877800300007,-1.5840245779999691,0],[114.02903586600007,-1.5844035079999799,0],[114.0290513220001,-1.5844262199999548,0],[114.02926782100008,-1.5847443649999491,0],[114.02950426100006,-1.5850918129999627,0],[114.029603812,-1.5852381029999378,0],[114.02996742100004,-1.5857724259999486,0],[114.03005315000007,-1.5858984049999663,0],[114.03033179200008,-1.5863078689999384,0],[114.03035584300005,-1.5863432119999743,0],[114.03038970600005,-1.5863929739999776,0],[114.03044573600005,-1.5864753099999689,0],[114.03045629000007,-1.5864908189999483,0],[114.0304584700001,-1.5864940229999434,0],[114.03046694000011,-1.5865064699999607,0],[114.03047509500004,-1.5865184539999291,0],[114.03047977800009,-1.5865253359999656,0],[114.03048844600005,-1.5865380729999288,0],[114.03054218000011,-1.5866170349999607,0],[114.03057711600002,-1.5866683739999417,0],[114.03078587500011,-1.5869751459999293,0],[114.03093888900003,-1.5871999999999389,0],[114.03093779200003,-1.5872036689999618,0],[114.03083676400001,-1.5875414579999756,0],[114.03077017500004,-1.5877641009999479,0],[114.0306816210001,-1.5880601819999356,0],[114.03061089000005,-1.5882966749999241,0],[114.03047022600003,-1.5887669909999431,0],[114.02964160200008,-1.5915375199999744,0],[114.02628465000009,-1.6027615899999432,0],[114.02551979000009,-1.6053189209999346,0],[114.02547851400004,-1.6054569279999669,0],[114.02340971100011,-1.6123740309999448,0],[114.02314178300003,-1.6127176889999646,0],[114.00280377100012,-1.6388042529999325,0],[113.9915621020001,-1.6537224429999355,0],[113.98338762000003,-1.6645703399999547,0],[113.98194589900004,-1.6664835669999434,0],[113.98170758900005,-1.666799813999944,0],[113.9814923990001,-1.6670853809999358,0],[113.98162644800004,-1.6682009899999457,0],[113.98395778800011,-1.6876034039999581,0],[113.9850220830001,-1.6964609219999716,0],[113.98604241300006,-1.7049525489999269,0],[113.98605059200008,-1.7050206169999456,0],[113.98608793100004,-1.7053313709999429,0],[113.98609622300012,-1.7054003779999789,0],[113.98612512000011,-1.7056408709999573,0],[113.98614208300012,-1.7057820429999424,0],[113.98616787000003,-1.7059966519999534,0],[113.98618302500006,-1.7061227819999658,0],[113.98621915800004,-1.7064234929999316,0],[113.98621973600007,-1.7064283059999639,0],[113.98625789100004,-1.7067458449999435,0],[113.98626399500006,-1.7067966479999654,0],[113.98630554800002,-1.7071424659999366,0],[113.98630631000003,-1.707148808999932,0],[113.98633462300006,-1.7073844439999561,0],[113.98631370300006,-1.7074321089999671,0],[113.98517644700007,-1.7100232869999559,0],[113.98293883500003,-1.7151215699999511,0],[113.97984424800006,-1.7221724259999291,0],[113.97981961100004,-1.7222285599999623,0],[113.97896302900006,-1.724180237999974,0],[113.97721957400006,-1.7281526099999382,0],[113.97683259000007,-1.7290343329999587,0],[113.97637015800001,-1.7300879599999348,0],[113.97499396300009,-1.7332235489999448,0],[113.97443903500005,-1.7344879249999394,0],[113.97441666700001,-1.734538888999964,0],[113.97443265900006,-1.7346336909999422,0],[113.97444375500004,-1.7346994689999633,0],[113.97445215300002,-1.7347492539999507,0],[113.97471595000002,-1.7363130739999519,0],[113.97739285800003,-1.7521821269999691,0],[113.97770550100006,-1.7540355129999625,0],[113.97886754500007,-1.7609242549999635,0],[113.97912355400001,-1.7624419079999711,0],[113.97920513000008,-1.7629255019999732,0],[113.97930376500005,-1.7635102209999332,0],[113.97996662200001,-1.7674397279999425,0],[113.98126187000003,-1.7751181219999808,0],[113.981882799,-1.7787990659999764,0],[113.98269513300011,-1.7836146859999644,0],[113.98462718900009,-1.7950681599999712,0],[113.98498377400006,-1.7971820399999388,0],[113.98590292300003,-1.8026308689999269,0],[113.98595720800006,-1.8027984539999693,0],[113.98843435300012,-1.8104452919999403,0],[113.9893514150001,-1.8132762239999352,0],[113.99577702100009,-1.8331117909999648,0],[113.99595927000007,-1.8336743839999485,0],[114.00299204700002,-1.851718898999934,0],[114.00536028700003,-1.8577952669999718,0],[114.0061611110001,-1.8598499999999376,0],[114.00824128200009,-1.8636262959999499,0],[114.00825281400012,-1.8636472299999696,0],[114.00826525400009,-1.8636698139999339,0],[114.00827989700008,-1.8636963959999662,0],[114.01090780200002,-1.8684670339999343,0],[114.01455325800009,-1.8750849099999414,0],[114.02318908700011,-1.8907621929999436,0],[114.03196852400004,-1.906700179999973,0],[114.04617350700005,-1.9176055829999541,0],[114.04625818400007,-1.9176705909999328,0],[114.04626009300011,-1.9176720569999475,0],[114.0462606640001,-1.9176724949999766,0],[114.04626274900011,-1.9176740949999385,0],[114.04636569900003,-1.917753131999973,0],[114.04644442200004,-1.9178135689999749,0],[114.06400610700007,-1.931295969999951,0],[114.07291944400004,-1.9381388889999585,0],[114.07367936600008,-1.9413753229999315,0],[114.07597565100002,-1.9511549779999768,0],[114.07643029900009,-1.9530912779999312,0],[114.0777569820001,-1.9587414899999658,0],[114.08036778500002,-1.9698606439999367,0],[114.08140935000006,-1.9742965679999429,0],[114.09008552100011,-1.9859320659999753,0],[114.09557011300001,-1.9932873809999592,0],[114.10932718600009,-2.0117368109999347,0],[114.10933107900007,-2.0117417359999763,0],[114.11323375500001,-2.016678929999955,0],[114.12773299500009,-2.0350216139999588,0],[114.13154169600011,-2.0398917709999296,0],[114.15095395800006,-2.0647140879999597,0],[114.15095418800001,-2.0647143819999769,0],[114.17111111100007,-2.0904888889999711,0],[114.17111682600012,-2.0985183019999454,0],[114.17112536200011,-2.1105120449999504,0],[114.17113727500009,-2.1272512219999271,0],[114.17114344700008,-2.1359240429999318,0],[114.1711487450001,-2.1433686349999448,0],[114.17651158600006,-2.1617151979999676,0],[114.18440609200002,-2.1887227119999579,0],[114.2184179840001,-2.2205178129999581,0],[114.22780395900008,-2.2292920359999471,0],[114.25440113200011,-2.2297021329999325,0],[114.26002777800011,-2.2297888889999626,0],[114.26003463900008,-2.2297956409999529,0],[114.26189945600004,-2.2316308439999375,0],[114.26178759200002,-2.3026606939999397,0],[114.26181191100011,-2.3047133849999568,0],[114.2618953010001,-2.3117520059999492,0],[114.26214789900007,-2.3330729229999747,0],[114.26242629600006,-2.3779061319999641,0],[114.32470007100005,-2.3732813919999671,0],[114.32500000000005,-2.3730305559999465,0],[114.32505557400009,-2.373085347999961,0],[114.32526566500007,-2.3732924839999328,0],[114.32451574200002,-2.3888449229999651,0],[114.32447330400009,-2.3897250419999523,0],[114.32412352300003,-2.3996331179999402,0],[114.32329574300002,-2.4259231079999495,0],[114.32329570900004,-2.4259241799999245,0],[114.32315642300011,-2.4303478629999518,0],[114.3234418080001,-2.4308169949999296,0],[114.32398493700009,-2.4390472679999675,0],[114.32402174700007,-2.4396050649999665,0],[114.32489943200005,-2.4529050109999275,0],[114.32572344100004,-2.4653915869999423,0],[114.32572436900011,-2.4654056579999519,0],[114.32572554600006,-2.4654234879999422,0],[114.32603461100007,-2.4701068829999713,0],[114.32622714100012,-2.4730243719999407,0],[114.32741154600001,-2.493985423999959,0],[114.32775809000009,-2.5001183889999652,0],[114.32850329400003,-2.5133066639999697,0],[114.32852806000005,-2.5137631149999606,0],[114.32865164300006,-2.5160408589999292,0],[114.32910805000006,-2.5244528259999583,0],[114.33028712300006,-2.5461841339999296,0],[114.33053230400003,-2.5507030249999616,0],[114.33090389900008,-2.5574874499999396,0],[114.3309039510001,-2.5574883989999648,0],[114.33090398500008,-2.5574890169999662,0],[114.33131752600002,-2.5650392769999257,0],[114.33169767600009,-2.572319992999951,0],[114.33203046600011,-2.578693666999925,0],[114.33211464600004,-2.5803058989999386,0],[114.33188888900008,-2.5806805559999475,0],[114.33220030600012,-2.5811149159999331,0],[114.33247156500011,-2.5872624909999331,0],[114.33319454500008,-2.600137077999932,0],[114.33320112500007,-2.6002542449999737,0],[114.33346618000007,-2.6049742469999728,0],[114.33392575100004,-2.6145433889999481,0],[114.33398728200007,-2.6158245899999315,0],[114.33423070200001,-2.6234040759999289,0],[114.33430937000003,-2.6259667839999565,0],[114.33489385600001,-2.64500719199998,0],[114.33534099700012,-2.6566550499999266,0],[114.33542658900001,-2.6587941919999594,0],[114.33555049500001,-2.6618908729999475,0],[114.33595013900003,-2.6718788409999661,0],[114.33602394600007,-2.6719465979999768,0],[114.33620717800011,-2.6721148079999466,0],[114.33604135400003,-2.6723293659999285,0],[114.3359739330001,-2.6724165999999627,0],[114.33674806100009,-2.690058788999977,0],[114.33678841800008,-2.6909785109999689,0],[114.33681150400002,-2.6915046359999337,0],[114.33731594900007,-2.7022407639999528,0],[114.3374551930001,-2.7050908009999262,0],[114.33770284500008,-2.710159717999943,0],[114.33774460600011,-2.7110144889999788,0],[114.3378080650001,-2.7123133669999788,0],[114.33805834100008,-2.7174360019999426,0],[114.33820612700003,-2.717674810999938,0],[114.33835339400002,-2.7180356259999598,0],[114.34231887200008,-2.7226383079999437,0],[114.34437934900006,-2.7250298789999761,0],[114.34803780100003,-2.7292761999999584,0],[114.34821164100003,-2.7293662129999348,0],[114.34825403700006,-2.7293881649999321,0],[114.34884206900006,-2.7322007499999472,0],[114.34926023700007,-2.7342008709999277,0],[114.34871410700009,-2.7387908739999602,0],[114.34813180900005,-2.7436848469999404,0],[114.34829609600001,-2.7438187979999498,0],[114.34875000000011,-2.7441888889999291,0],[114.3482056580001,-2.7447209539999449,0],[114.34817419100011,-2.7447517109999353,0],[114.34816753200005,-2.7447582199999374,0],[114.34640625300005,-2.7464797759999442,0],[114.33850434400006,-2.7542034699999363,0],[114.33626677900008,-2.7563905709999403,0],[114.33476486500001,-2.75785861199995,0],[114.33470136400001,-2.757920679999927,0],[114.32404996800005,-2.7682518439999626,0],[114.32296833800001,-2.7693009549999488,0],[114.30566666700008,-2.7860611109999809,0],[114.30472329100007,-2.7869255689999477,0],[114.30377864400009,-2.7877911909999398,0],[114.30379397700005,-2.787815200999944,0],[114.30380555600004,-2.7878333329999805,0],[114.30376539800011,-2.7878389189999666,0],[114.3037253440001,-2.7878444909999303,0],[114.29855843500002,-2.792139964999933,0],[114.29491998500009,-2.7951647649999245,0],[114.28762104900011,-2.8012326849999454,0],[114.28469219900001,-2.8036675649999552,0],[114.28468175400008,-2.8076017929999466,0],[114.28372963900006,-2.8103300639999702,0],[114.28276773100004,-2.8129367109999635,0],[114.28255378800009,-2.8133073649999574,0],[114.28151277400002,-2.8143900199999621,0],[114.28149556200003,-2.814686824999967,0],[114.29064161100007,-2.8230684049999581,0],[114.29142277200003,-2.8296239479999485,0],[114.28937560800011,-2.8383745869999757,0],[114.28822096800002,-2.8433101189999661,0],[114.28520472000002,-2.8580667799999446,0],[114.2837533820001,-2.8651672929999563,0],[114.28375331100005,-2.8651676419999603,0],[114.2837194440001,-2.8653333329999668,0],[114.27264481500004,-2.8774948259999746,0],[114.25400000000002,-2.8979694439999548,0],[114.25341403800007,-2.8985214369999426,0],[114.24724359300001,-2.9043341689999806,0],[114.23721024800011,-2.9137858609999512,0],[114.23372409600006,-2.9170699129999775,0],[114.21414257600009,-2.9356548279999402,0],[114.21228333300007,-2.9374194439999428,0],[114.21278561000008,-2.9377985829999602,0],[114.21427872200002,-2.9402286079999271,0],[114.22023332300012,-2.9496988629999805,0],[114.22569418600006,-2.9583244089999425,0],[114.22600553700011,-2.9586336269999265,0],[114.22607041700007,-2.9588040459999547,0],[114.2261824520001,-2.9590983289999713,0],[114.23291394700004,-2.9696417199999701,0],[114.23636892400009,-2.9750026459999503,0],[114.23638815800007,-2.9750321389999499,0],[114.2434216470001,-2.9858172959999365,0],[114.24552050900002,-2.9889418859999637,0],[114.24689803900003,-2.9909926239999436,0],[114.2488538560001,-2.9938419069999327,0],[114.2506847520001,-2.9965092019999702,0],[114.25097358000005,-2.9969299739999542,0],[114.25195521900002,-2.9982397049999463,0],[114.25253631800001,-2.9990150239999593,0],[114.25654132000011,-3.0050653509999279,0],[114.26411942800007,-3.0165625899999782,0],[114.27054575700004,-3.0264769709999655,0],[114.27416035700003,-3.0319611529999406,0],[114.27574349800011,-3.0343897109999602,0],[114.28100296800005,-3.0424578039999801,0],[114.28100000000006,-3.0433888889999707,0],[114.28111984300006,-3.0441777379999735,0],[114.28114329800007,-3.0443321289999403,0],[114.28052214600007,-3.0459496609999519,0],[114.27890300200011,-3.0501660479999373,0],[114.27585117300009,-3.0581132689999322,0],[114.27522976000012,-3.0597314809999716,0],[114.27517814700002,-3.0598658849999651,0],[114.27291808000007,-3.0655928859999335,0],[114.27250516800007,-3.066639203999955,0],[114.27159682100012,-3.068940950999945,0],[114.27206605000003,-3.0691179829999555,0],[114.27085449900005,-3.071455971999967,0],[114.27057773900003,-3.0719900489999645,0],[114.26991158500005,-3.0732755579999775,0],[114.26933870200003,-3.0743810779999308,0],[114.26924486000007,-3.0745621689999325,0],[114.26877324200007,-3.0754722729999457,0],[114.26877110000009,-3.0756912859999375,0],[114.26876826500006,-3.075981052999964,0],[114.26875925700006,-3.0769019569999614,0],[114.26875476400005,-3.0773612149999394,0],[114.26875384100003,-3.0774556139999731,0],[114.26812870800006,-3.0790109589999588,0],[114.2673365500001,-3.0809818689999702,0],[114.26724472000001,-3.0812103439999419,0],[114.26702571200008,-3.0817552409999394,0],[114.26634956100008,-3.0834375199999613,0],[114.26618099100006,-3.0838569259999531,0],[114.26582624600007,-3.08473953999993,0],[114.26578177300007,-3.0848501899999405,0],[114.26466420200006,-3.0876307339999585,0],[114.26310884100008,-3.0915005099999462,0],[114.26281100900007,-3.0922415229999274,0],[114.26250343100003,-3.0930067839999538,0],[114.26239592100001,-3.0932742709999275,0],[114.2623776050001,-3.0933210719999806,0],[114.26211099500006,-3.0940023239999732,0],[114.26207516500006,-3.0940938789999564,0],[114.26040405400011,-3.0983639699999799,0],[114.25834832800001,-3.1036168459999658,0],[114.25590518500007,-3.1098596649999308,0],[114.2556763230001,-3.1104444619999754,0],[114.25300000000004,-3.1107555559999582,0],[114.25300020100008,-3.1107559119999451,0],[114.25308319600003,-3.1109028179999427,0],[114.25453418200004,-3.1134711359999301,0],[114.25298561500006,-3.1173189309999429,0],[114.24891865400002,-3.1274242949999689,0],[114.24202393500002,-3.1454061799999522,0],[114.24162396600002,-3.1464493259999244,0],[114.24095896000006,-3.1481837049999513,0],[114.24099925100006,-3.148938014999942,0],[114.2404354790001,-3.1493972299999768,0],[114.23851064900009,-3.1546212829999263,0],[114.23537714100007,-3.1631257279999545,0],[114.23429552900006,-3.1662305909999304,0],[114.23335459900011,-3.168931612999927,0],[114.23331991400005,-3.169040435999932,0],[114.23327862600001,-3.1691699779999567,0],[114.22998181600008,-3.1795137189999423,0],[114.2296090320001,-3.1806833299999653,0],[114.22954746200003,-3.1808765069999367,0],[114.22935852100011,-3.1814486689999626,0],[114.2261874400001,-3.1910514909999392,0],[114.22606330600001,-3.1914273999999523,0],[114.22592267700009,-3.1918532599999594,0],[114.22510820800005,-3.1923015519999467,0],[114.22500000000002,-3.1923611109999683,0],[114.22358367100003,-3.192340976999958,0],[114.2230702810001,-3.1923336789999439,0],[114.2226224210001,-3.1923273119999749,0],[114.21997342600002,-3.1922896539999783,0],[114.21867207800005,-3.1922711539999682,0],[114.21782372500002,-3.1922590939999509,0],[114.21756199000004,-3.1921825779999722,0],[114.21745524400001,-3.1921513719999552,0],[114.21734482700003,-3.1921190919999276,0],[114.21545580300005,-3.1915668509999477,0],[114.21063898700004,-3.1895108769999752,0],[114.20050921600011,-3.1852847409999754,0],[114.20014357000002,-3.185132193999948,0],[114.1993011620001,-3.1847807409999405,0],[114.19883183200011,-3.1845849369999542,0],[114.19834271900004,-3.1843808789999457,0],[114.19824854400008,-3.1843535049999332,0],[114.1961888510001,-3.1837548189999438,0],[114.19501461000004,-3.1834135049999759,0],[114.19409097900007,-3.1831450349999386,0],[114.19369786100003,-3.1830307679999805,0],[114.1664194440001,-3.1745805559999667,0],[114.16626431100008,-3.1747627419999276,0],[114.16339541200011,-3.1781319189999522,0],[114.163105083,-3.1784728759999439,0],[114.16291461100002,-3.1785772609999299,0],[114.15357626600007,-3.183694953999975,0],[114.15271878800002,-3.1841648779999332,0],[114.14839551700004,-3.1865341609999405,0],[114.14668888900007,-3.1874694439999303,0],[114.14698367400001,-3.1907314649999421,0],[114.14737637300004,-3.1950769719999244,0],[114.147567976,-3.1971972089999667,0],[114.14779445000011,-3.1997033099999612,0],[114.14790535900011,-3.2009306069999752,0],[114.14799496400008,-3.2019221509999625,0],[114.148545678,-3.2080162169999653,0],[114.14854743300009,-3.2080356419999703,0],[114.14888914800008,-3.2118169829999488,0],[114.14889237500006,-3.2118526869999755,0],[114.14913888900003,-3.2145805559999303,0],[114.14794017700001,-3.2225156439999409,0],[114.14632485900006,-3.2332085309999457,0],[114.14141944400001,-3.2668888889999721,0],[114.14519693200009,-3.275234854999951,0],[114.14519812100002,-3.2752374819999659,0],[114.15542434800011,-3.2978312689999711,0],[114.17086086300003,-3.3317938469999717,0],[114.1712222220001,-3.3325888889999646,0],[114.17135245700001,-3.3328357589999769,0],[114.17167741700007,-3.3334517459999802,0],[114.17198880000001,-3.3340419969999289,0],[114.17181807200006,-3.3344693549999533,0],[114.16820545700011,-3.343512250999936,0],[114.16691355300009,-3.3467247099999327,0],[114.16287546500007,-3.3567658489999417,0],[114.15917596600002,-3.3658614319999742,0],[114.15913971100008,-3.3659505689999492,0],[114.15576446800003,-3.3747036429999753,0],[114.15250000000003,-3.3831694439999751,0],[114.1524530370001,-3.3833475659999408,0],[114.15238179200003,-3.3836177849999558,0],[114.15234252100004,-3.3837667349999379,0],[114.15232022400005,-3.3838512999999466,0],[114.15277403900006,-3.3839211179999324,0],[114.1529445220001,-3.3840281649999611,0],[114.15323394600011,-3.3841748599999733,0],[114.1535392290001,-3.3844008489999737,0],[114.15372557100011,-3.3846506259999387,0],[114.15373582400002,-3.3847582829999396,0],[114.15374143000008,-3.3848171439999533,0],[114.15388812500009,-3.3849559089999275,0],[114.15408239600004,-3.3850114149999513,0],[114.15419003900001,-3.3849326259999657,0],[114.15445904400008,-3.3849757329999761,0],[114.15485155100009,-3.3850589919999265,0],[114.15544625900009,-3.3851779339999553,0],[114.15596960200003,-3.385324627999978,0],[114.15648501600003,-3.3854118519999474,0],[114.15698457000008,-3.3854792519999251,0],[114.15759513700004,-3.3855942289999348,0],[114.15809865600011,-3.3857250649999742,0],[114.15847926900005,-3.3858083239999246,0],[114.15897882400009,-3.385931229999926,0],[114.15930393100007,-3.3861096429999407,0],[114.15960921400006,-3.3862008309999396,0],[114.160215816,-3.3863911379999649,0],[114.16075105300001,-3.386490255999945,0],[114.16095801300003,-3.3866093569999407,0],[114.16123078400005,-3.3866448799999489,0],[114.16161536200002,-3.3867638209999313,0],[114.16187075200003,-3.3868774169999369,0],[114.16216645800012,-3.3869580919999294,0],[114.16256293000004,-3.3871246109999333,0],[114.16295147200003,-3.3872356229999809,0],[114.16332019100003,-3.3873188819999314,0],[114.16363736900007,-3.3874735059999352,0],[114.16398830000003,-3.3876008749999755,0],[114.16449464000004,-3.3877314649999448,0],[114.16485824200004,-3.3878616359999683,0],[114.16560694300006,-3.3880933509999522,0],[114.16604892700002,-3.3882667849999279,0],[114.16657919000011,-3.388432967999961,0],[114.16695583800004,-3.3885162269999682,0],[114.16720561600005,-3.388591556999927,0],[114.16747521700006,-3.3888373689999298,0],[114.16763380500004,-3.3890395699999658,0],[114.16786772400008,-3.3891743699999779,0],[114.16796684200006,-3.3893131349999521,0],[114.16797051500009,-3.3894343349999758,0],[114.16797080700007,-3.3894439709999347,0],[114.16798666500006,-3.3895946309999658,0],[114.16810560700003,-3.3896778899999731,0],[114.16831340300007,-3.3896748779999371,0],[114.16837917300006,-3.3896739249999541,0],[114.16864877300009,-3.3897571839999614,0],[114.16877168000008,-3.389884054999925,0],[114.16907696300007,-3.390022819999956,0],[114.16950911700008,-3.3902725969999778,0],[114.16971924800009,-3.3904311859999439,0],[114.17029809700011,-3.3907126809999681,0],[114.17069060400001,-3.3909584939999604,0],[114.17086108700005,-3.3910972589999346,0],[114.1712639210001,-3.3914450979999629,0],[114.17176968300009,-3.3917765099999428,0],[114.17219710500001,-3.3920503139999596,0],[114.17253193600004,-3.3922592949999739,0],[114.17295238800011,-3.392475698999931,0],[114.17347989500001,-3.3926924179999673,0],[114.17405035100001,-3.3928662289999352,0],[114.17422157400006,-3.3928882489999523,0],[114.17441427200004,-3.3928888149999352,0],[114.17460688600011,-3.3929180689999612,0],[114.17478501800008,-3.3930190049999283,0],[114.17501304500001,-3.3931416039999363,0],[114.17543637200004,-3.3931945949999545,0],[114.17560289100004,-3.3932302779999759,0],[114.17585266800006,-3.393234242999938,0],[114.17608262200008,-3.3932064899999546,0],[114.17646159600008,-3.3932319229999734,0],[114.17664713700003,-3.3932396399999334,0],[114.17676840200011,-3.3932615119999809,0],[114.17690394200008,-3.3932834269999717,0],[114.17693900100005,-3.3931827009999438,0],[114.17704208400005,-3.3930479009999317,0],[114.17693900100005,-3.3929408529999705,0],[114.17681609500005,-3.3929329239999788,0],[114.17667336500006,-3.3929567119999433,0],[114.17657424700008,-3.3929249939999409,0],[114.17659010600005,-3.3928338059999419,0],[114.17686367100009,-3.3927426169999535,0],[114.17707776600002,-3.3927307229999428,0],[114.17730375500003,-3.3927227939999511,0],[114.17749406200005,-3.3927307229999428,0],[114.17766454400009,-3.3927386529999808,0],[114.17782313300006,-3.3928100179999774,0],[114.17798172200003,-3.3928377709999609,0],[114.17831872300007,-3.3928456999999526,0],[114.17868744200007,-3.3927386529999808,0],[114.1790006550001,-3.3927188289999322,0],[114.17932972600011,-3.3926990059999298,0],[114.17968258600001,-3.3927545119999536,0],[114.17982531600001,-3.3927981229999773,0],[114.17996549700001,-3.3928833639999425,0],[114.18010681100009,-3.3929408529999705,0],[114.18026143500003,-3.3929091359999575,0],[114.18034610800009,-3.3928940419999662,0],[114.18070151900008,-3.3927901939999288,0],[114.18110592100004,-3.3926514289999545,0],[114.18156979300011,-3.3925879929999496,0],[114.18195040600006,-3.3926117819999604,0],[114.18223190100002,-3.3926633229999652,0],[114.18244203100005,-3.3927624409999453,0],[114.1826561260001,-3.3927981229999773,0],[114.18301295000003,-3.3927188289999322,0],[114.18320722200008,-3.3926474639999356,0],[114.18353629300009,-3.3925602399999661,0],[114.18373452900005,-3.3924769809999589,0],[114.18382175300007,-3.3923976869999706,0],[114.18392087100005,-3.3923064979999253,0],[114.1841349660001,-3.3921835919999808,0],[114.18426976600006,-3.3920606859999793,0],[114.18441646100007,-3.3920170739999662,0],[114.18475346200012,-3.3919536379999613,0],[114.18501513300009,-3.391874343999973,0],[114.18530059300008,-3.3918346969999789,0],[114.18551072300011,-3.3918148729999302,0],[114.18580411300002,-3.3917197199999691,0],[114.18614111400007,-3.3916245669999512,0],[114.18636313800005,-3.3915532019999546,0],[114.18645036200007,-3.3915968139999677,0],[114.18661291500007,-3.3915849189999676,0],[114.1866604920001,-3.3915095899999415,0],[114.18660895000005,-3.3914104719999614,0],[114.18658516200003,-3.3913589299999671,0],[114.18671599800007,-3.3912717069999303,0],[114.18719176400009,-3.3911527649999584,0],[114.18744947100004,-3.3911131179999643,0],[114.18780233100006,-3.3909981409999546,0],[114.18802832000006,-3.3909465999999497,0],[114.18814329700001,-3.3909426349999308,0],[114.18817105000005,-3.3909902119999629,0],[114.18833756800007,-3.3909822819999249,0],[114.18842875600001,-3.3908712699999342,0],[114.18849219200001,-3.3907642229999624,0],[114.18869042800009,-3.3907087169999386,0],[114.18898381700001,-3.3905778809999561,0],[114.18930495900008,-3.3904311859999439,0],[114.18969746700009,-3.3903162089999341,0],[114.19011376200001,-3.3901536559999386,0],[114.19049834000009,-3.3899673139999322,0],[114.19087895300004,-3.3898483729999498,0],[114.19124767200003,-3.3897215019999294,0],[114.19163224900001,-3.3895351599999799,0],[114.19203268600006,-3.3893289939999249,0],[114.19239744000004,-3.38917833499994,0],[114.19293267700004,-3.3889642399999502,0],[114.19338862000006,-3.3887184279999474,0],[114.19363046800004,-3.3886470629999508,0],[114.19405469300011,-3.3884488269999338,0],[114.19449477700005,-3.388234731999944,0],[114.19514895500004,-3.3878779069999609,0],[114.19571194500008,-3.3875765889999343,0],[114.19630268800006,-3.3872475169999348,0],[114.19693704300005,-3.3869343039999649,0],[114.19739298600007,-3.386775714999942,0],[114.19810663600003,-3.3864069959999483,0],[114.19867755500002,-3.3861215369999513,0],[114.19919296900002,-3.3858479709999756,0],[114.19965684100009,-3.3855862999999431,0],[114.19996212400008,-3.3853484169999319,0],[114.20022379500006,-3.3852255099999411,0],[114.20071145600002,-3.3850034859999596,0],[114.20116739900004,-3.3848012849999805,0],[114.20152422300009,-3.384678378999979,0],[114.20195241300007,-3.3844603189999702,0],[114.20232113200007,-3.3842700129999344,0],[114.20270174500001,-3.384087635999947,0],[114.20300702800012,-3.3839528349999455,0],[114.20349072400006,-3.383730810999964,0],[114.20371274800004,-3.3835801519999791,0],[114.20414490300004,-3.3832867629999441,0],[114.20455326900003,-3.3830607739999436,0],[114.20501317600008,-3.382830819999981,0],[114.20587748500009,-3.3823907359999339,0],[114.20623430900002,-3.38223611199993,0],[114.20654752200005,-3.3820656289999533,0],[114.20703121800011,-3.3818198169999505,0],[114.20755059600003,-3.381589862999931,0],[114.20809772700011,-3.3813519799999767,0],[114.20858538800007,-3.3810903079999548,0],[114.20883120000008,-3.3809555079999427,0],[114.20922767200011,-3.3807929539999577,0],[114.20981445100006,-3.38058282399993,0],[114.21042898200005,-3.3802815059999602,0],[114.21092457200007,-3.3800475869999786,0],[114.21163029200011,-3.3797502329999247,0],[114.21231222400002,-3.3794964909999408,0],[114.21278402500002,-3.3793577259999665,0],[114.21296243800009,-3.3792149959999733,0],[114.21308137900007,-3.3790801959999612,0],[114.21341045100007,-3.3790088309999646,0],[114.21370780500001,-3.3788185239999393,0],[114.21394568800008,-3.3787114769999675,0],[114.21419943000001,-3.3786321829999792,0],[114.2144611010001,-3.3785211699999422,0],[114.21467519600003,-3.3784458409999729,0],[114.21492100900002,-3.3783546519999277,0],[114.21538091600007,-3.3781722749999403,0],[114.2158804710001,-3.377989897999953,0],[114.21624522500008,-3.3778432029999408,0],[114.21639588400001,-3.3776766849999262,0],[114.21678839100002,-3.3775775669999462,0],[114.21724036900002,-3.3774110489999316,0],[114.21764873500001,-3.377248495999936,0],[114.21810467800003,-3.3770780129999594,0],[114.21846546800009,-3.3769590709999306,0],[114.21872713900007,-3.3768639179999695,0],[114.21923065800001,-3.3766339639999501,0],[114.21963902400012,-3.3764515869999627,0],[114.22007910800005,-3.3762771389999671,0],[114.22033285000009,-3.3761700919999384,0],[114.22055883900009,-3.3760907979999502,0],[114.22090773400009,-3.3759797859999594,0],[114.22119319400008,-3.375852914999939,0],[114.22151037200001,-3.375785513999972,0],[114.22160552500009,-3.3758291259999282,0],[114.22182358400005,-3.3758211969999365,0],[114.22192270200003,-3.3757617259999506,0],[114.22194649100004,-3.3756507139999599,0],[114.22209715000008,-3.3755515959999798,0],[114.22220023300008,-3.375500054999975,0],[114.22218833900001,-3.3754207599999404,0],[114.22232313900008,-3.3753850779999652,0],[114.22259670500011,-3.3753216419999603,0],[114.2227156460001,-3.3751868419999482,0],[114.22288612900002,-3.3751154769999516,0],[114.2231676240001,-3.375040146999936,0],[114.22348876600006,-3.3749013819999618,0],[114.22373854400007,-3.3748894879999511,0],[114.22383766200005,-3.3747943349999332,0],[114.22393281500001,-3.3747110749999365,0],[114.22408347400005,-3.3747586519999686,0],[114.22417069800008,-3.37488155799997,0],[114.22434514600002,-3.37488155799997,0],[114.22451166400003,-3.3748538049999297,0],[114.22467025300011,-3.3748379459999569,0],[114.22470593500009,-3.3749806759999501,0],[114.22470855500001,-3.3749875519999364,0],[114.22473765300003,-3.3750639349999574,0],[114.22488831200008,-3.3749886059999312,0],[114.22489816000007,-3.3749360849999448,0],[114.22491210100009,-3.3748617349999677,0],[114.22495571200011,-3.3748300169999652,0],[114.22501662500008,-3.37490311199997,0],[114.22503500700009,-3.3749251699999263,0],[114.2250786190001,-3.3750242879999632,0],[114.22517377200006,-3.3750282529999254,0],[114.2252411720001,-3.3749212059999536,0],[114.22526045400002,-3.3748352439999394,0],[114.22543799900006,-3.374784854999973,0],[114.22560196200004,-3.3748181229999545,0],[114.22575262100008,-3.3747546869999496,0],[114.2259191390001,-3.3747031459999448,0],[114.2260420450001,-3.3746476399999779,0],[114.22611930400001,-3.3745633579999321,0],[114.22612926900001,-3.3745524869999599,0],[114.22614499200006,-3.374553983999931,0],[114.22629578700003,-3.3745683459999327,0],[114.22648212900003,-3.3744731919999253,0],[114.22656999700007,-3.3743853239999453,0],[114.22659314100008,-3.3743621799999346,0],[114.22666835000007,-3.374344075999943,0],[114.22675966000008,-3.3744097569999667,0],[114.22686274200009,-3.3744256159999395,0],[114.22696186000007,-3.3743463209999618,0],[114.22705701400002,-3.3743383919999701,0],[114.22716009600003,-3.3743423569999322,0],[114.22728696700005,-3.3742828859999463,0],[114.22730285800003,-3.3742718839999384,0],[114.22733850900011,-3.3742472029999249,0],[114.22736626200003,-3.3741401559999531,0],[114.22757639200006,-3.3740529319999268,0],[114.2278499570001,-3.3739934609999409,0],[114.22823057000005,-3.3738705549999395,0],[114.22851603000004,-3.3738150489999725,0],[114.2288569960001,-3.3737397189999569,0],[114.22911073800003,-3.3736683539999603,0],[114.22937637400003,-3.3736326719999283,0],[114.22982042300009,-3.3735335539999483,0],[114.23021689500001,-3.3734066829999279,0],[114.23060940200003,-3.3732599879999725,0],[114.23090675600008,-3.3731410469999332,0],[114.23117635700009,-3.3730498579999448,0],[114.23165608800002,-3.3729150579999327,0],[114.23191379400009,-3.3728595519999658,0],[114.23208427700001,-3.3727723279999395,0],[114.23256400800005,-3.3726256329999273,0],[114.23298823300001,-3.3725225509999746,0],[114.23331730500001,-3.372387749999973,0],[114.23381289500003,-3.3722450199999798,0],[114.2341736840001,-3.3720626429999356,0],[114.23456619100011,-3.3719357719999721,0],[114.23487543900001,-3.3718921599999589,0],[114.23509746400009,-3.3718049359999327,0],[114.23534764600004,-3.3716869939999583,0],[114.23557342800007,-3.3716209919999756,0],[114.23566265800002,-3.3715734029999567,0],[114.23572214400008,-3.3715436599999293,0],[114.23576378500002,-3.3714901219999547,0],[114.23583516800011,-3.371448480999959,0],[114.23590060400011,-3.3714246869999442,0],[114.23597793600004,-3.3714246869999442,0],[114.23607906300003,-3.3714246869999442,0],[114.2361861390001,-3.3713830459999485,0],[114.23631700900012,-3.3713116619999255,0],[114.23641813600011,-3.3712343299999361,0],[114.23651331500002,-3.3711926889999404,0],[114.23667987700003,-3.3711094079999384,0],[114.23679290100006,-3.3710677679999321,0],[114.23690592600008,-3.3710023319999323,0],[114.23699515600003,-3.370960691999926,0],[114.23707248800008,-3.3709249999999429,0],[114.2371855130001,-3.3708714619999682,0],[114.23731638300001,-3.3708179239999367,0],[114.23746509900002,-3.3707584379999389,0],[114.23759597000003,-3.3707048999999643,0],[114.23768519900011,-3.3706632589999685,0],[114.23779227500006,-3.3705978239999581,0],[114.23789935100001,-3.3705323889999477,0],[114.23808375900001,-3.3704015179999374,0],[114.23814919400002,-3.3703479809999521,0],[114.23822652700005,-3.3703003909999438,0],[114.23832765400005,-3.3702706479999733,0],[114.23843473000011,-3.3702706479999733,0],[114.23849421600005,-3.3702706479999733,0],[114.23857749700005,-3.3702111619999755,0],[114.23860129200011,-3.3700921889999336,0],[114.23860129200011,-3.3699851129999274,0],[114.2386362850001,-3.3699239799999532,0],[114.2386696750001,-3.3699098009999489,0],[114.23880949500005,-3.3699375239999654,0],[114.23883923800008,-3.3699434719999317,0],[114.23891062200005,-3.3699851129999274,0],[114.23901769800011,-3.3700267529999337,0],[114.23907718400005,-3.3700148559999548,0],[114.23914856800002,-3.3699791639999717,0],[114.23920805400007,-3.3699196779999738,0],[114.23927349000007,-3.3698661399999423,0],[114.23936866800011,-3.3698482939999508,0],[114.23945194900011,-3.3698244989999466,0],[114.23957687100005,-3.3697947559999761,0],[114.23966015200006,-3.3697531149999804,0],[114.23977317600009,-3.3696995769999489,0],[114.23992784100005,-3.3696638859999553,0],[114.24005871200006,-3.3696341419999385,0],[114.24019553100004,-3.3696162959999469,0],[114.24034424700005,-3.3696103479999806,0],[114.24042800400002,-3.3696107049999569,0],[114.24048154200011,-3.3695928589999653,0],[114.24053508000009,-3.3695535979999249,0],[114.24057434100007,-3.3695071979999511,0],[114.24063501700005,-3.3694286759999272,0],[114.24065643200004,-3.3693822759999534,0],[114.24067784700003,-3.3693251689999784,0],[114.24067070900003,-3.3692787699999371,0],[114.24067427800003,-3.3692216629999621,0],[114.24069212400002,-3.369171693999931,0],[114.2407563700001,-3.3691181559999563,0],[114.24081704600007,-3.3691003099999648,0],[114.24085987600006,-3.3690967409999644,0],[114.24096338300001,-3.3691038789999652,0],[114.24099193600011,-3.3691360019999479,0],[114.24099193600011,-3.3691645559999301,0],[114.24098836700011,-3.3692216629999621,0],[114.2409955060001,-3.3692609239999456,0],[114.2410169210001,-3.3693108929999767,0],[114.24107045900007,-3.3693679999999517,0],[114.24114184200005,-3.3693965529999446,0],[114.24117753400003,-3.3693965529999446,0],[114.24121322600001,-3.3693715689999522,0],[114.24124891800011,-3.3693251689999784,0],[114.2412631950001,-3.3692894769999384,0],[114.2412596260001,-3.3692395089999536,0],[114.24124178000011,-3.369185970999979,0],[114.24124178000011,-3.3691467099999386,0],[114.24124891800011,-3.3690753259999724,0],[114.2412703330001,-3.3690075109999498,0],[114.24130245600008,-3.3689718189999667,0],[114.24134528600007,-3.3689504039999747,0],[114.24139525500004,-3.3689468349999743,0],[114.24145950000002,-3.3689539729999751,0],[114.24149162300012,-3.3689753889999565,0],[114.24151303800011,-3.3690075109999498,0],[114.24153802300009,-3.3690539109999804,0],[114.24155586900008,-3.3690931719999639,0],[114.24160226800007,-3.3691181559999563,0],[114.24164509800005,-3.3691431409999382,0],[114.24169149800002,-3.3691467099999386,0],[114.24179232800009,-3.3691050689999429,0],[114.24186371100006,-3.3690693769999598,0],[114.24190535200012,-3.3690039419999493,0],[114.24196483800006,-3.3689385069999389,0],[114.24201242800007,-3.3689028149999558,0],[114.24207191400001,-3.3688968659999432,0],[114.24210165700003,-3.3688790199999517,0],[114.24213734900002,-3.3688373799999454,0],[114.2422087330001,-3.3687957389999497,0],[114.24230928700001,-3.3687045259999309,0],[114.24233960400011,-3.3686410739999246,0],[114.24232770600008,-3.3685934849999626,0],[114.24227416800011,-3.3685696899999584,0],[114.24221468200005,-3.3685280499999521,0],[114.24218493900003,-3.3684983069999248,0],[114.24217304100011,-3.3684388199999376,0],[114.24219683600006,-3.3683852819999629,0],[114.24226227100007,-3.3683138979999399,0],[114.24232175800012,-3.3682901039999251,0],[114.24241693600004,-3.3682603599999652,0],[114.24250021700004,-3.3682425149999631,0],[114.24261919000003,-3.3682246689999715,0],[114.24271436900005,-3.3682008739999674,0],[114.24278575200003,-3.3681651819999274,0],[114.24283334200004,-3.3681116439999528,0],[114.24289282800009,-3.3680343119999634,0],[114.24294041700011,-3.3679688759999635,0],[114.24311887700003,-3.367784467999968,0],[114.24317241500012,-3.3677190329999576,0],[114.24324974700005,-3.367629802999943,0],[114.24330923400009,-3.367534624999962,0],[114.24336872000003,-3.3674691899999516,0],[114.24348174500005,-3.3673502169999665,0],[114.24352457500004,-3.367244330999938,0],[114.24354361100006,-3.367187223999963,0],[114.24361975400006,-3.3671301159999416,0],[114.24368637800001,-3.3671015629999488,0],[114.24377203900008,-3.3670444559999737,0],[114.24384818200008,-3.3669492769999465,0],[114.24388625300003,-3.3668826529999478,0],[114.24393384200005,-3.3667589209999278,0],[114.24401950300012,-3.3665971169999693,0],[114.24410516400008,-3.3664733849999493,0],[114.24420034200011,-3.3663306179999495,0],[114.24429552100003,-3.3661783319999472,0],[114.24437166300004,-3.3660260469999344,0],[114.2444858770001,-3.3657309929999428,0],[114.24455250200003,-3.36557870799993,0],[114.24466375000009,-3.3653510749999782,0],[114.24472382300007,-3.3652360659999658,0],[114.2448190020001,-3.3651408869999386,0],[114.24490466300006,-3.3650647439999375,0],[114.24498080500007,-3.3649981189999494,0],[114.24500935900005,-3.3649410119999743,0],[114.24504743000011,-3.3647221019999733,0],[114.24512357300011,-3.3645793339999273,0],[114.24518068000009,-3.3644175309999582,0],[114.24525682300009,-3.3642652449999559,0],[114.24530441200011,-3.3641319959999691,0],[114.24538055500011,-3.3640939239999739,0],[114.2454852510001,-3.3640272989999289,0],[114.26263600900006,-3.3734226009999588,0],[114.26260031700008,-3.373508261999973,0],[114.26258604100008,-3.3735796459999392,0],[114.26260031700008,-3.3736510289999728,0],[114.26260031700008,-3.373722412999939,0],[114.26258604100008,-3.3737652439999692,0],[114.26255748700009,-3.373836626999946,0],[114.26255034900009,-3.3738937339999779,0],[114.26252179500011,-3.3740150869999752,0],[114.26249324200001,-3.3741649929999653,0],[114.26247896500001,-3.3742934839999634,0],[114.26245755000002,-3.3743934209999793,0],[114.26242899600004,-3.3745219119999774,0],[114.26241471900005,-3.3746218489999364,0],[114.26240758100005,-3.3747217869999417,0],[114.26239330400006,-3.3748145859999568,0],[114.26238616600006,-3.374978768999938,0],[114.26237188900006,-3.3751072599999361,0],[114.26235761200007,-3.375207196999952,0],[114.26233619700008,-3.375321410999959,0],[114.26232192100008,-3.3754284869999651,0],[114.26232192100008,-3.375528423999981,0],[114.26239742100006,-3.3756170019999558,0],[114.26243420100002,-3.3757815499999424,0],[114.26249763700002,-3.375888596999971,0],[114.26252963400009,-3.3759808019999582,0],[114.26262887100006,-3.3760316799999259,0],[114.26266456300004,-3.3760745099999667,0],[114.26273594700001,-3.3761244789999409,0],[114.26282874600008,-3.3761387559999321,0],[114.26269311600004,-3.3765670589999672,0],[114.26255748700009,-3.3765170899999362,0],[114.26242185800004,-3.3764671209999619,0],[114.26233619700008,-3.3764314299999683,0],[114.26227909000011,-3.3764171529999771,0],[114.26219699900003,-3.3764207219999776,0],[114.26211490700007,-3.3764135839999767,0],[114.26207921500009,-3.3764171529999771,0],[114.26199552000003,-3.3764465159999304,0],[114.26179641900001,-3.3766092879999405,0],[114.26168660400003,-3.3766098889999512,0],[114.26164377400005,-3.3766170279999415,0],[114.26157952900007,-3.3765813359999584,0],[114.26161522100006,-3.3765385049999281,0],[114.26165091300004,-3.3764885369999433,0],[114.26165091300004,-3.3764492759999598,0],[114.26164377400005,-3.3764064449999296,0],[114.26161879000006,-3.3763850299999376,0],[114.26155811400008,-3.3763957379999283,0],[114.2615152840001,-3.3763850299999376,0],[114.26141534600004,-3.3763743229999363,0],[114.26139393100004,-3.3763743229999363,0],[114.26120833300001,-3.3763743229999363,0],[114.26110554000002,-3.3763529069999549,0],[114.26090566500011,-3.3763386309999532,0],[114.26077717400005,-3.3763243539999621,0],[114.26049163900007,-3.3762815239999782,0],[114.26022038100007,-3.3762815239999782,0],[114.25973497000007,-3.3762672469999302,0],[114.2593923280001,-3.3762957999999799,0],[114.25902113200004,-3.3763386309999532,0],[114.25872132000006,-3.3763671839999461,0],[114.25846433800007,-3.3764528449999602,0],[114.25816452600009,-3.3765670589999672,0],[114.25796465200006,-3.3766669959999263,0],[114.25782188400001,-3.3767669339999316,0],[114.25769339300007,-3.3768525939999563,0],[114.25760773200011,-3.3769525319999616,0],[114.25750779500004,-3.3770524689999775,0],[114.25736502700011,-3.3771666829999276,0],[114.25720798300006,-3.3772808969999346,0],[114.25706521500001,-3.3773665579999488,0],[114.25686534100009,-3.3774807719999558,0],[114.25659408200011,-3.377623539999945,0],[114.25627999300002,-3.3778234139999768,0],[114.2561086720001,-3.37800901199995,0],[114.25595162700006,-3.378237439999964,0],[114.25586596700009,-3.3784230379999372,0],[114.25573747600004,-3.3786229129999583,0],[114.25550904800002,-3.3788798949999546,0],[114.25536628000009,-3.3790226629999438,0],[114.25522351200004,-3.3791939839999259,0],[114.25503791400001,-3.3794081349999487,0],[114.25486659300009,-3.3796080099999699,0],[114.25462388800008,-3.379850714999975,0],[114.25435263000008,-3.3800791429999322,0],[114.25409564800009,-3.3802219109999783,0],[114.25389577300007,-3.3804503389999354,0],[114.25385294300008,-3.3805359999999496,0],[114.25375300600001,-3.3808215349999386,0],[114.25375300600001,-3.381092793999926,0],[114.25378155900012,-3.3813783289999719,0],[114.25386722000007,-3.3815353729999629,0],[114.25392432700005,-3.3816924179999432,0],[114.2540813710001,-3.3820207829999731,0],[114.25412420100008,-3.3821207209999784,0],[114.25418130900005,-3.3822634879999782,0],[114.2543240760001,-3.3823777029999746,0],[114.25452395100001,-3.3825061939999728,0],[114.25463816500007,-3.3825775769999495,0],[114.25475452100011,-3.3827132069999379,0],[114.25488301200005,-3.3827774519999707,0],[114.25497581100001,-3.3828131439999538,0],[114.25506861000008,-3.3828845279999769,0],[114.25510430100007,-3.3829344959999617,0],[114.25518282400003,-3.3830058799999279,0],[114.25529703800009,-3.3830772639999509,0],[114.25479735100009,-3.3836768879999681,0],[114.25469027500003,-3.3836340579999273,0],[114.25461889100006,-3.3835912279999434,0],[114.25452609200011,-3.3835341209999683,0],[114.25446184700002,-3.3834413219999533,0],[114.25441901700003,-3.3833984909999799,0],[114.25428868600011,-3.3833819159999621,0],[114.25417631200003,-3.3833699379999302,0],[114.25411206600006,-3.38336279899994,0],[114.2540121290001,-3.3833056919999649,0],[114.253969299,-3.3832414469999321,0],[114.25389791500004,-3.3832200319999401,0],[114.2537694240001,-3.3832128929999499,0],[114.25366234800003,-3.383227169999941,0],[114.25354813400008,-3.3832414469999321,0],[114.25346961200012,-3.3832414469999321,0],[114.25336253600005,-3.3832128929999499,0],[114.2532697370001,-3.3832200319999401,0],[114.25313410800004,-3.3832414469999321,0],[114.25303417000009,-3.3832557239999801,0],[114.25296992500012,-3.3832842769999729,0],[114.25286998800004,-3.3833271079999463,0],[114.25273435800011,-3.3833842149999782,0],[114.25247023800011,-3.3834627369999453,0],[114.25225608700009,-3.3835555359999603,0],[114.2519776900001,-3.3837125799999512,0],[114.25176353800009,-3.3838125179999565,0],[114.25162077100003,-3.3838981779999244,0],[114.25153511000008,-3.3839695619999475,0],[114.25146372600011,-3.3840338069999802,0],[114.25133523500006,-3.3841194679999376,0],[114.25129240500007,-3.3841480219999767,0],[114.25125671300009,-3.3841694369999686,0],[114.25117105200002,-3.3841837139999598,0],[114.25104970000007,-3.3842479589999357,0],[114.25086172200008,-3.3844121419999738,0],[114.25058808400001,-3.3846500879999439,0],[114.25038583000003,-3.384852341999931,0],[114.24999321900009,-3.3851378769999769,0],[114.24968388900004,-3.3853877209999723,0],[114.2493745590001,-3.3856851529999403,0],[114.24893435900003,-3.3860539699999777,0],[114.24845846700009,-3.3864227859999687,0],[114.24819672600006,-3.386636937999981,0],[114.2478398070001,-3.386851088999947,0],[114.24760186100002,-3.3870057539999721,0],[114.24741150400007,-3.3871366249999255,0],[114.247221147,-3.3872199059999275,0],[114.24706648200004,-3.3873388789999694,0],[114.24688802300011,-3.3875292359999776,0],[114.24666197400006,-3.3877909759999625,0],[114.24650730900009,-3.3879337439999517,0],[114.24636454100005,-3.388076511999941,0],[114.24629315700008,-3.388147895999964,0],[114.24620987600008,-3.3882668689999491,0],[114.24607900600006,-3.3883739439999658,0],[114.24594813500005,-3.3884691229999362,0],[114.24582916200006,-3.3885999929999571,0],[114.24573398400003,-3.3887189659999422,0],[114.24562690800008,-3.3889093229999503,0],[114.24556742200002,-3.3890758849999543,0],[114.24547224300011,-3.3893019339999455,0],[114.24540085900003,-3.3895160859999578,0],[114.24536516800003,-3.3896945449999407,0],[114.24534137300009,-3.3898849019999489,0],[114.24531757800003,-3.3900276699999381,0],[114.24526998900001,-3.3902061289999779,0],[114.24521050300007,-3.3903488969999671,0],[114.24506773500002,-3.3904797669999311,0],[114.24496065900007,-3.3905392539999752,0],[114.24487737800007,-3.3905868429999373,0],[114.24475840500008,-3.3906820219999645,0],[114.24465132900002,-3.3909318649999705,0],[114.24465132900002,-3.3910270429999514,0],[114.24461563700004,-3.3912292979999279,0],[114.24456804800002,-3.3913958599999319,0],[114.24449666400005,-3.3915505249999569,0],[114.24441338300005,-3.3917051899999251,0],[114.24438958900009,-3.3919431359999521,0],[114.24443717800011,-3.392074005999973,0],[114.24444907500003,-3.392157286999975,0],[114.2444728700001,-3.3922762599999601,0],[114.24453235600004,-3.3923833359999662,0],[114.24460374000012,-3.3924904119999724,0],[114.24462753500006,-3.3925617959999386,0],[114.24466322700005,-3.3926807689999805,0],[114.24468702100012,-3.3928354339999487,0],[114.2447227130001,-3.3929782009999485,0],[114.24481789200001,-3.3931328659999735,0],[114.24488927500011,-3.3932042499999397,0],[114.24498445400002,-3.3933113259999459,0],[114.24506773500002,-3.3934540939999351,0],[114.24510342700012,-3.3936444499999538,0],[114.24516291300006,-3.3937753209999642,0],[114.24526998900001,-3.3939061909999282,0],[114.24537706500007,-3.3940727529999322,0],[114.24549603800006,-3.3942512129999614,0],[114.24565070300002,-3.3944653649999736,0],[114.24576967600001,-3.3946438239999566,0],[114.24587675200007,-3.3949055649999309,0],[114.246023089,-3.3951324069999487,0],[114.24608495400003,-3.3952180669999734,0],[114.24616585600006,-3.3953132459999438,0],[114.24620392800011,-3.3953703529999757,0],[114.2462467580001,-3.3954417369999419,0],[114.24628482900005,-3.3955178789999536,0],[114.24630862400011,-3.3955892629999767,0],[114.24638476700011,-3.3957034769999268,0],[114.24641807900002,-3.3957796199999279,0],[114.24644187400008,-3.395851003999951,0],[114.24648470400007,-3.395922387999974,0],[114.24654657000008,-3.3959937719999402,0],[114.24663698900008,-3.3960651549999739,0],[114.24668457900009,-3.3961032269999691,0],[114.24679879300004,-3.3962793069999293,0],[114.24682734600003,-3.3963554499999304,0],[114.24688921200004,-3.3964030389999493,0],[114.24693680200005,-3.3964791819999505,0],[114.24700818500003,-3.3965648419999752,0],[114.24712715800001,-3.3966409849999764,0],[114.24719378300006,-3.3967028509999295,0],[114.24725089000003,-3.3967789939999307,0],[114.24729848000004,-3.3968694129999335,0],[114.2473365510001,-3.3969836269999405,0],[114.24734131000002,-3.3970550109999635,0],[114.24738889900004,-3.3971073589999605,0],[114.24744600600002,-3.3971835019999617,0],[114.24749359500004,-3.3972406089999367,0],[114.24755546100005,-3.3972977159999687,0],[114.24760305100006,-3.3973500639999656,0],[114.247641122,-3.397392894999939,0],[114.24767443400003,-3.3974595199999271,0],[114.24769822900009,-3.397516626999959,0],[114.24773630000004,-3.3975832519999472,0],[114.24784575600006,-3.3976403589999791,0],[114.24793617500006,-3.3976784299999281,0],[114.24801231800006,-3.3977165009999339,0],[114.24809797900002,-3.3978021619999481,0],[114.24816936200011,-3.3979068579999421,0],[114.24820743400005,-3.3979972779999343,0],[114.2482597820001,-3.3980924559999721,0],[114.24829785300005,-3.3981685989999733,0],[114.24833116600007,-3.3982304649999264,0],[114.24838351400001,-3.3982447419999744,0],[114.24848345100008,-3.3982780539999453,0],[114.24854055800006,-3.3983161259999406,0],[114.24859290600011,-3.3983922679999523,0],[114.24861194200003,-3.3984731699999315,0],[114.24864049600001,-3.3985207589999504,0],[114.24869284400006,-3.3985778659999255,0],[114.24873091500001,-3.3986302139999793,0],[114.24877374500011,-3.3987063569999805,0],[114.24884037000004,-3.3987587049999775,0],[114.24890699500008,-3.3987872589999597,0],[114.24898313800009,-3.3988681609999389,0],[114.24907355800008,-3.3989585799999418,0],[114.24914018200002,-3.3990442409999559,0],[114.24919253100006,-3.3991156239999327,0],[114.24932102100001,-3.3991870079999558,0],[114.24943047700003,-3.3992536329999439,0],[114.24947330700002,-3.3993154989999539,0],[114.24949234300004,-3.399372605999929,0],[114.24953993200006,-3.3994106779999811,0],[114.24959703900004,-3.3994392309999739,0],[114.24963986900002,-3.3994773029999692,0],[114.24968270000011,-3.3995439269999679,0],[114.2497112530001,-3.3995962759999543,0],[114.24973028900001,-3.3996391059999382,0],[114.24973980700008,-3.3996914539999352,0],[114.24976360100004,-3.3997390429999541,0],[114.24981119000006,-3.3997913909999511,0],[114.24985402100003,-3.3998247039999683,0],[114.24990636900009,-3.3998484979999262,0],[114.24994919900007,-3.3998675339999522,0],[114.25000630600005,-3.3999103639999362,0],[114.25003010100011,-3.3999484359999315,0],[114.25005389500006,-3.3999865069999373,0],[114.25005389500006,-3.4000388549999343,0],[114.25008244900005,-3.4000674089999734,0],[114.25014907400009,-3.4001054799999793,0],[114.25018714500004,-3.4001292749999266,0],[114.2502870830001,-3.4002720429999727,0],[114.25035370800003,-3.4003386669999713,0],[114.25044412700004,-3.4004195689999506,0],[114.25057261800009,-3.4004957119999517,0],[114.2506344840001,-3.4005575779999617,0],[114.25070110900003,-3.4005908899999326,0],[114.25077249300011,-3.4006099259999587,0],[114.25085815300008,-3.4006955869999729,0],[114.25086767100004,-3.400757452999926,0],[114.25086767100004,-3.4008098009999799,0],[114.2508914660001,-3.4008954609999478,0],[114.25096760800011,-3.4009478089999448,0],[114.25100092100001,-3.4009811219999619,0],[114.25108658200008,-3.4010762999999429,0],[114.2511627240001,-3.4011048539999251,0],[114.25126266200004,-3.401204790999941,0],[114.25135784000008,-3.4013475589999302,0],[114.25169096500008,-3.4016188169999282,0],[114.25179566100007,-3.4017092369999773,0],[114.25191463400006,-3.4017901389999565,0],[114.25203836600008,-3.4018948349999505,0],[114.25212402700004,-3.4019567009999605,0],[114.25228583000001,-3.4021137449999515,0],[114.25259516000006,-3.4022993429999246,0],[114.25277124000002,-3.4023992809999299,0],[114.25286641800005,-3.4024754229999417,0],[114.25294256100005,-3.40252301299995,0],[114.25304249800001,-3.4025658429999339,0],[114.25315671300007,-3.4026181909999309,0],[114.25328044500009,-3.4026562619999368,0],[114.25337562300001,-3.402694333999932,0],[114.25347556000008,-3.4027704769999332,0],[114.25354694400005,-3.4028275839999651,0],[114.25360405100002,-3.4028894499999751,0],[114.25364212300008,-3.4029322799999591,0],[114.25368495300006,-3.402984627999956,0],[114.25373254200008,-3.40302745799994,0],[114.25380868500008,-3.4030655299999353,0],[114.25385151500006,-3.4031083599999761,0],[114.25389434600004,-3.40315118999996,0],[114.25396572900002,-3.4032082969999351,0],[114.25403235400006,-3.4032606459999784,0],[114.2540989790001,-3.4032891989999712,0],[114.25414180900009,-3.4032987169999274,0],[114.2541893990001,-3.4033034759999623,0],[114.25423222900008,-3.4033225119999315,0],[114.25426554100011,-3.4033558239999593,0],[114.25427030000003,-3.4033938949999651,0],[114.2542798180001,-3.4034319669999604,0],[114.25431313100012,-3.4034462439999515,0],[114.25434168400011,-3.4034081719999563,0],[114.25439403200005,-3.4033938949999651,0],[114.2544463800001,-3.4034176899999693,0],[114.25447493400009,-3.4034462439999515,0],[114.25448445200004,-3.4034938329999704,0],[114.25448921100008,-3.4035556989999805,0],[114.25454631800005,-3.4036080469999774,0],[114.25459390700007,-3.4036128059999555,0],[114.25464149600009,-3.4036270829999467,0],[114.25466529100004,-3.4036699129999306,0],[114.25468908500011,-3.4036937069999453,0],[114.25476998700003,-3.4036937069999453,0],[114.25481757600005,-3.4036841899999786,0],[114.25485088900007,-3.4036984659999803,0],[114.25486516600006,-3.4037317789999406,0],[114.2548556480001,-3.4037841269999376,0],[114.25483185300004,-3.4038221979999435,0],[114.25484137100011,-3.4038793049999754,0],[114.25486516600006,-3.4039173769999707,0],[114.25494130800007,-3.4039459299999635,0],[114.25500317400008,-3.4039364119999505,0],[114.25505552200002,-3.4039078589999576,0],[114.25510787100006,-3.4039030999999795,0],[114.25513166500002,-3.4039268949999268,0],[114.25516973700007,-3.4039887609999369,0],[114.25521256700006,-3.4040173139999297,0],[114.25526015600008,-3.4040744209999616,0],[114.25528871000006,-3.4041267689999586,0],[114.25529822800002,-3.4041933939999467,0],[114.25531250400002,-3.404231465999942,0],[114.25536485200007,-3.4042267069999639,0],[114.25540768300004,-3.4041886349999686,0],[114.25545527200006,-3.4041981529999248,0],[114.25548382500006,-3.4042552599999567,0],[114.25549810200005,-3.404293331999952,0],[114.25554093300002,-3.4043266439999798,0],[114.25561231600011,-3.4043266439999798,0],[114.25568845900011,-3.404345679999949,0],[114.2557788790001,-3.4043837509999548,0],[114.25584550400004,-3.4044456169999648,0],[114.25589785200009,-3.4044979649999618,0],[114.25595020000003,-3.4045360369999571,0],[114.25601682500007,-3.4045645899999499,0],[114.25607869100008,-3.4045645899999499,0],[114.2561393420001,-3.4045169549999628,0],[114.25618558000008,-3.4045510579999245,0],[114.25616911000009,-3.4046169379999469,0],[114.25618338700008,-3.4046597689999771,0],[114.25619290500003,-3.4046978399999261,0],[114.25620718200003,-3.404735910999932,0],[114.25620718200003,-3.4047739829999273,0],[114.25620718200003,-3.404807294999955,0],[114.25625001200001,-3.4048501259999284,0],[114.25633091400005,-3.4048691609999651,0],[114.25638802100002,-3.4048644019999301,0],[114.25642133300005,-3.4048644019999301,0],[114.25645940400011,-3.4048644019999301,0],[114.25649747600005,-3.4048739199999432,0],[114.25650699400001,-3.4048929559999692,0],[114.25652602900004,-3.4049167499999271,0],[114.2565498240001,-3.4049405449999313,0],[114.25655934200006,-3.4049690989999704,0],[114.25657361900005,-3.4050166879999324,0],[114.25660693100008,-3.4050404819999471,0],[114.2566545200001,-3.4050452409999252,0],[114.25668783300011,-3.4050547589999383,0],[114.2567306630001,-3.4050833129999774,0],[114.25674494000009,-3.4051023479999571,0],[114.25677349300008,-3.4051309019999394,0],[114.25682108300009,-3.4051546969999436,0],[114.256854395,-3.4051737319999802,0],[114.25692102000005,-3.4052070449999405,0],[114.25702571600004,-3.4052879459999303,0],[114.25708758200005,-3.4053260179999256,0],[114.2571542070001,-3.4053640889999315,0],[114.25721131400007,-3.4053974019999487,0],[114.25725890300009,-3.4054449909999676,0],[114.25729221600011,-3.4054973389999645,0],[114.25732552800002,-3.4055401689999485,0],[114.25742070700005,-3.4055972759999804,0],[114.25749209100002,-3.4056496239999774,0],[114.25752540300005,-3.4056686599999466,0],[114.25758251000002,-3.4057067309999525,0],[114.25762058100008,-3.4057352849999347,0],[114.25767293000001,-3.4057448029999478,0],[114.2577300370001,-3.4057543209999608,0],[114.25775383100006,-3.4057828739999536,0],[114.25776810800005,-3.4058209459999489,0],[114.25777762600001,-3.4058542579999767,0],[114.25780142000008,-3.4058828119999589,0],[114.2578347330001,-3.4058780529999808,0],[114.25789184000007,-3.4058685349999678,0],[114.25789184000007,-3.4058970879999606,0],[114.25789184000007,-3.405939918999934,0],[114.25794418800001,-3.4059589539999706,0],[114.25799653600006,-3.4059589539999706,0],[114.25801557200009,-3.4059494359999576,0],[114.25806792000003,-3.4059589539999706,0],[114.25810599100009,-3.405992266999931,0],[114.25810599100009,-3.4060255789999587,0],[114.25809171500009,-3.4060684099999321,0],[114.25806554100006,-3.406115998999951,0],[114.25808695600006,-3.4061421729999779,0],[114.25810837100005,-3.406156449999969,0],[114.25813454500008,-3.4061540699999568,0],[114.25818213400009,-3.406146931999956,0],[114.25821306700004,-3.4061493109999788,0],[114.25823210300007,-3.4061588289999349,0],[114.25824875900003,-3.406177864999961,0],[114.25827731300001,-3.4062040389999311,0],[114.25831538400007,-3.406208797999966,0],[114.25837963000004,-3.4062230749999571,0],[114.25839628600011,-3.406239730999971,0],[114.2584177010001,-3.406270663999976,0],[114.25845101300001,-3.4062849399999777,0],[114.25847956700011,-3.406282560999955,0],[114.25852715600001,-3.4062754229999541,0],[114.2585771250001,-3.4062873199999331,0],[114.25861995500009,-3.406308734999925,0],[114.25864612900011,-3.4063253909999389,0],[114.25866516500002,-3.4063468059999309,0],[114.25867706200006,-3.40637535999997,0],[114.25867706200006,-3.4064015339999401,0],[114.25867706200006,-3.4064253289999442,0],[114.25869133900005,-3.4064491229999589,0],[114.25873416900004,-3.4064729179999631,0],[114.25878175800005,-3.4064919539999323,0],[114.25883172700003,-3.4064990919999332,0],[114.25888645500004,-3.4064990919999332,0],[114.2589173880001,-3.4065157479999471,0],[114.2589245260001,-3.4065490609999642,0],[114.25893642300002,-3.4065871319999701,0],[114.25895545900005,-3.406625202999976,0],[114.25896259700005,-3.4066704129999721,0],[114.25897687400004,-3.4067180019999341,0],[114.25900304800007,-3.4067703509999774,0],[114.25904572000002,-3.4068036629999483,0],[114.25908855000011,-3.4068060419999711,0],[114.25911948300006,-3.4067893859999572,0],[114.25914327800001,-3.4067727299999433,0],[114.25917421100007,-3.4067489349999391,0],[114.25921704100006,-3.4067370379999602,0],[114.25922893800009,-3.4067298999999593,0],[114.25927414800003,-3.4067180019999341,0],[114.25929794300009,-3.4067227609999691,0],[114.25932173700005,-3.4067298999999593,0],[114.25939788000005,-3.4067560739999294,0],[114.25942167500011,-3.4068250779999403,0],[114.25943119300007,-3.4068560109999453,0],[114.25945260800006,-3.4068964619999633,0],[114.25950257600005,-3.4069535689999384,0],[114.2595406480001,-3.4069845019999434,0],[114.25957871900005,-3.4070106759999703,0],[114.25964058500006,-3.4070439889999307,0],[114.2597000720001,-3.4070915779999495,0],[114.25975717900008,-3.4071344079999335,0],[114.25980952700002,-3.4071700999999734,0],[114.25984521900011,-3.4071986539999557,0],[114.25991422300001,-3.4072462429999746,0],[114.25995229500006,-3.4072724169999447,0],[114.25998322800001,-3.4072914529999707,0],[114.26001654000004,-3.4072938319999366,0],[114.26003795500003,-3.4073045399999273,0],[114.26007364700001,-3.4073223849999295,0],[114.26010220100011,-3.4073402309999778,0],[114.26011647700011,-3.4073759229999609,0],[114.2601200470001,-3.4074080459999436,0],[114.2601271850001,-3.4074365999999259,0],[114.26015930800008,-3.4074651529999755,0],[114.26020927600007,-3.4074758609999662,0],[114.26024853700005,-3.4074865679999675,0],[114.26026638300004,-3.4075079829999595,0],[114.26028779900003,-3.4075401059999422,0],[114.26032349100001,-3.4075508139999329,0],[114.26037345900011,-3.4075615209999341,0],[114.26040201300009,-3.4076043519999644,0],[114.26043413500008,-3.4076471819999483,0],[114.26050551900005,-3.4076400439999475,0],[114.26053050400003,-3.4076828739999314,0],[114.26056262600002,-3.4077114269999811,0],[114.26060902600011,-3.4077506879999646,0],[114.2606304410001,-3.4077828109999473,0],[114.26065185600009,-3.4078185029999304,0],[114.26067684000009,-3.4078541949999703,0],[114.26072680900006,-3.407886317999953,0],[114.26076607000005,-3.4079005949999441,0],[114.26081247000002,-3.4079005949999441,0],[114.26085886900012,-3.4079041639999446,0],[114.26090526900009,-3.407907732999945,0],[114.26095523700008,-3.4079148709999458,0],[114.26099449900005,-3.407929147999937,0],[114.26103732900003,-3.4079577019999761,0],[114.26107302100002,-3.4079933939999592,0],[114.2611336970001,-3.4080290849999528,0],[114.26121221900007,-3.4080469309999444,0],[114.26131215700002,-3.4081254539999577,0],[114.26136926400011,-3.4081718529999421,0],[114.26141209400009,-3.4082004069999243,0],[114.26145135500008,-3.408228959999974,0],[114.26147277000007,-3.4082468059999655,0],[114.26149061600006,-3.4082789289999482,0],[114.26150132400005,-3.408307481999941,0],[114.26149418500006,-3.4083324669999797,0],[114.26146563200007,-3.4083610199999725,0],[114.26143707800009,-3.4084002809999561,0],[114.26141209400009,-3.4084395419999396,0],[114.26140852500009,-3.4084823729999698,0],[114.26140852500009,-3.4085216339999533,0],[114.26145492400008,-3.4085501869999462,0],[114.26151203100005,-3.4085287719999542,0],[114.26154058500003,-3.4084823729999698,0],[114.26155843100003,-3.4084431119999294,0],[114.26159412300001,-3.4084145579999472,0],[114.26163338400011,-3.4084002809999561,0],[114.26166907600009,-3.4084002809999561,0],[114.26169762900008,-3.4084288349999383,0],[114.26170833700007,-3.4084466809999299,0],[114.26174046000006,-3.4085144949999631,0],[114.26177258200005,-3.4085430489999453,0],[114.26184753500002,-3.408553756999936,0],[114.2619010730001,-3.4085430489999453,0],[114.26194033400009,-3.4085466179999457,0],[114.26198673400006,-3.4085466179999457,0],[114.26206525600003,-3.408553756999936,0],[114.26210451700001,-3.4085787409999284,0],[114.26209737900001,-3.4086322789999599,0],[114.26208667100002,-3.4086608319999527,0],[114.26206525600003,-3.4087072319999265,0],[114.26206525600003,-3.4087464929999669,0],[114.26208667100002,-3.4087750459999597,0],[114.26214377800011,-3.4087714769999593,0],[114.26218660800009,-3.4087536309999678,0],[114.26221992100011,-3.4087523229999306,0],[114.26225561300009,-3.4087820659999579,0],[114.26227940700005,-3.408820731999981,0],[114.26230617600004,-3.408853449999981,0],[114.26232402200003,-3.4088921159999472,0],[114.26235376600005,-3.4089099619999388,0],[114.26240730300003,-3.4089278079999303,0],[114.26242812400005,-3.4089426789999493,0],[114.26245191800001,-3.4089783709999324,0],[114.2624965330001,-3.4090110889999323,0],[114.26252627700001,-3.4090497549999554,0],[114.26254709700004,-3.4090913959999511,0],[114.26254709700004,-3.4091270879999342,0],[114.26256494300003,-3.4091806259999657,0],[114.26259468600006,-3.4091925229999447,0],[114.26263930100004,-3.4091806259999657,0],[114.26267796700006,-3.409150881999949,0],[114.26273150500003,-3.4091627799999742,0],[114.26275232500006,-3.4091895489999615,0],[114.26277017100006,-3.409219291999932,0],[114.26279396600012,-3.4092430859999467,0],[114.26282668300007,-3.4092460609999762,0],[114.26285940100001,-3.4092430859999467,0],[114.26286832400001,-3.4092163169999594,0],[114.26287724700001,-3.4091479079999658,0],[114.2629129390001,-3.4091062669999701,0],[114.2629401050001,-3.4090848139999252,0],[114.26298727900007,-3.4091089769999599,0],[114.26300488200002,-3.4091611699999476,0],[114.26303488600001,-3.4091954969999279,0],[114.26304380900001,-3.409219291999932,0],[114.26306463000003,-3.4092311889999678,0],[114.26308950300006,-3.4092019609999511,0],[114.26310627000009,-3.4091627799999742,0],[114.26311816700002,-3.4091211389999785,0],[114.26313601300001,-3.4090765239999428,0],[114.26317765400006,-3.4090348839999365,0],[114.26323416600007,-3.4090021659999366,0],[114.26335908800002,-3.4091151899999659,0],[114.2633293450001,-3.40913898499997,0],[114.26330555000004,-3.4091627799999742,0],[114.26329365300001,-3.4091925229999447,0],[114.26326985800006,-3.4092252399999552,0],[114.26326093500006,-3.4092639069999677,0],[114.26326416800009,-3.4093170619999569,0],[114.26329652700008,-3.4093389309999793,0],[114.26349872800006,-3.4094975199999453,0],[114.26357026500011,-3.4096007489999351,0],[114.26361190600005,-3.4096602359999792,0],[114.26367139200011,-3.4097018759999287,0],[114.26376832900007,-3.4097235089999458,0],[114.26380821100008,-3.4097851569999307,0],[114.26393313300002,-3.4098149009999474,0],[114.26404020900009,-3.4097375679999686,0],[114.26411159200006,-3.4098208489999706,0],[114.26406400300004,-3.4098922329999368,0],[114.26403426000002,-3.4099279249999768,0],[114.26403426000002,-3.4099636169999599,0],[114.26405210600001,-3.409999308999943,0],[114.26408184900004,-3.4100468979999619,0],[114.26408779800011,-3.4100647439999534,0],[114.26409969500003,-3.4101004359999365,0],[114.26412943800005,-3.4101420769999322,0],[114.26417702800006,-3.410153973999968,0],[114.26426625700003,-3.410153973999968,0],[114.26431384700004,-3.4101480249999554,0],[114.26433169300003,-3.4101361279999765,0],[114.26438716000007,-3.4100975099999573,0],[114.26454144900003,-3.4101992749999681,0],[114.26472779100004,-3.4103142519999778,0],[114.26490620300001,-3.4104530169999521,0],[114.26508461600008,-3.4104966289999652,0],[114.26526302800005,-3.41054816999997,0],[114.2654969460001,-3.410714688999974,0],[114.26573879400007,-3.4109129249999341,0],[114.26591720700003,-3.4110080779999521,0],[114.26615905500012,-3.4111270189999345,0],[114.26635363800006,-3.411265215999947,0],[114.26655297900004,-3.4114474989999621,0],[114.26661939500002,-3.4115194169999654,0],[114.26676962100009,-3.4115155619999769,0],[114.26684098600003,-3.4116384679999783,0],[114.26688994800008,-3.411759285999949,0],[114.26701827700003,-3.4118122529999368,0],[114.26711455200007,-3.4119358219999754,0],[114.26723745800007,-3.4120230459999448,0],[114.26735786100005,-3.412051561999931,0],[114.26738811700011,-3.4120587279999768,0],[114.26743175500008,-3.412104443999965,0],[114.26747137700011,-3.4121459519999462,0],[114.26752688300007,-3.41220145799997,0],[114.26760714800002,-3.4122299629999588,0],[114.26769736500012,-3.4122411049999641,0],[114.26786388400001,-3.4123402229999442,0],[114.26795903700008,-3.412451234999935,0],[114.26810969600001,-3.4125741419999258,0],[114.26811874700002,-3.4125849439999456,0],[114.26823260300011,-3.4127208359999486,0],[114.26835947400002,-3.4128040949999559,0],[114.26857597600008,-3.4129021999999622,0],[114.26945919500008,-3.4135598469999309,0],[114.27025237000009,-3.4140881239999317,0],[114.27038148000008,-3.4141322759999753,0],[114.27052421000008,-3.4141203819999646,0],[114.27057971600004,-3.4141243469999267,0],[114.2707145170001,-3.4142551829999661,0],[114.27080174000002,-3.4143186179999248,0],[114.27086914100005,-3.4144772069999476,0],[114.27094447000002,-3.4144573829999558,0],[114.27098411800011,-3.4144454889999452,0],[114.27103169400004,-3.414500994999969,0],[114.27110947000006,-3.4146216809999714,0],[114.27126561300008,-3.4146437249999622,0],[114.27126957700011,-3.4145089249999501,0],[114.27116253000008,-3.4143820539999297,0],[114.2709801530001,-3.4142472529999282,0],[114.27084138800001,-3.414152099999967,0],[114.27080570500004,-3.4139974759999632,0],[114.27071848100002,-3.4139102519999369,0],[114.27059161000011,-3.4138032049999651,0],[114.27039733900006,-3.413597038999967,0],[114.27030218600009,-3.4133948389999773,0],[114.27038148000008,-3.4132679679999569,0],[114.27054403400007,-3.4132203909999248,0],[114.27071055200008,-3.4133274379999534,0],[114.27115856500006,-3.4136366859999612,0],[114.27161450800008,-3.4139221459999476,0],[114.27186032000009,-3.4141203819999646,0],[114.27201890900005,-3.4142710409999495,0],[114.27250260500011,-3.4145525369999632,0],[114.27283960600005,-3.4147904199999743,0],[114.27306956000007,-3.4149172909999379,0],[114.27350964400011,-3.4152225739999267,0],[114.27372770300008,-3.4153851279999685,0],[114.273878362,-3.4155238929999427,0],[114.27403695100008,-3.415603186999931,0],[114.27423122200003,-3.415698339999949,0],[114.27441359900001,-3.4158886469999743,0],[114.2746356240001,-3.4160194829999568,0],[114.27489729500007,-3.4161542829999689,0],[114.27520654300008,-3.4163247659999456,0],[114.27538892000007,-3.4164318129999742,0],[114.27564266200011,-3.4165824729999485,0],[114.27583693400004,-3.4167489909999631,0],[114.27589244000001,-3.4168243209999787,0],[114.27608671100006,-3.4169829089999553,0],[114.27651093600002,-3.4172168279999369,0],[114.27678204900008,-3.4173855709999543,0],[114.2768955140001,-3.4173873109999704,0],[114.27714925600003,-3.4175181459999635,0],[114.27741489200002,-3.417648981999946,0],[114.27760123400003,-3.4177639589999558,0],[114.27790651700002,-3.4179701239999645,0],[114.27825937700004,-3.4182238659999484,0],[114.27856862500005,-3.4184339959999761,0],[114.27885804900006,-3.4186718799999767,0],[114.27911972100003,-3.4188265039999806,0],[114.27925848600012,-3.418945444999963,0],[114.27952808700002,-3.4191872929999363,0],[114.27972632300009,-3.4193339879999485,0],[114.27990077100003,-3.4195123999999737,0],[114.28010297100002,-3.4196868479999694,0],[114.2802615600001,-3.4198731889999294,0],[114.28026948900003,-3.4200833199999465,0],[114.28028766400007,-3.4201863099999628,0],[114.28029327800004,-3.4202181199999586,0],[114.28044790200011,-3.4203925679999543,0],[114.28051530200003,-3.4205194389999747,0],[114.28064613800007,-3.4206026979999251,0],[114.28069141700007,-3.4205788659999712,0],[114.28072146700003,-3.420563050999931,0],[114.28078490300004,-3.4204797909999343,0],[114.28092366800001,-3.420539261999977,0],[114.28096728000003,-3.4206582039999489,0],[114.28110604500012,-3.4207533569999669,0],[114.28120912800011,-3.4208247219999635,0],[114.28126066900006,-3.4209436639999353,0],[114.28141529300001,-3.4209991699999591,0],[114.28156563200002,-3.4211650069999564,0],[114.28181189400004,-3.4214065679999521,0],[114.28196242400008,-3.4214789009999436,0],[114.28205757800004,-3.4215581949999319,0],[114.28209722500003,-3.4216692069999795,0],[114.28210125600003,-3.4217256419999558,0],[114.2821091190001,-3.4218357249999372,0],[114.28225184900009,-3.4220537849999459,0],[114.28239061400006,-3.422188584999958,0],[114.28250559100002,-3.4223630329999537,0],[114.28263642700006,-3.4225374809999494,0],[114.28277915600006,-3.4226881399999343,0],[114.28295756900002,-3.4228824109999323,0],[114.28304628700005,-3.4229594559999441,0],[114.28310029900001,-3.4231044349999706,0],[114.28320338100002,-3.4232194119999804,0],[114.28327871100009,-3.4233740359999274,0],[114.28333818200008,-3.423449365999943,0],[114.28337782900007,-3.4235365899999692,0],[114.28338575900011,-3.4236555309999517,0],[114.28342144100009,-3.4237982609999449,0],[114.28343333500004,-3.423937025999976,0],[114.28344126500008,-3.4240480389999561,0],[114.28355227700001,-3.4241194029999633,0],[114.28361967700005,-3.4241788739999492,0],[114.28365139500011,-3.424293850999959,0],[114.28365139500011,-3.4243890039999769,0],[114.28378223000004,-3.4243929689999391,0],[114.28382584200006,-3.4244643339999357,0],[114.28388134800002,-3.4245594869999536,0],[114.28385756000011,-3.4246625699999527,0],[114.28389324300008,-3.4247180759999765,0],[114.28392923300009,-3.4246993609999663,0],[114.28399236100006,-3.4246665349999716,0],[114.28402407800002,-3.4247101469999279,0],[114.28397253700007,-3.4247735819999434,0],[114.28395045200011,-3.424785692999933,0],[114.28384963100007,-3.4248409819999779,0],[114.28387738400011,-3.4248885589999531,0],[114.28396064300011,-3.4249163119999366,0],[114.28399457500007,-3.4248998599999254,0],[114.28409147800005,-3.4248528759999317,0],[114.2841826670001,-3.424904417999926,0],[114.28425006700002,-3.425007500999925,0],[114.28426681200006,-3.4251417549999701,0],[114.28419852600007,-3.4252136659999337,0],[114.28421438500004,-3.42530088999996,0],[114.28435315000002,-3.42530088999996,0],[114.28442055000005,-3.4253603599999565,0],[114.28449984500003,-3.42540000799994,0],[114.28454345600005,-3.425495160999958,0],[114.28460292700004,-3.425598243999957,0],[114.28469808000011,-3.4256378909999512,0],[114.28480512800002,-3.4257132199999774,0],[114.28483288100006,-3.4258044089999657,0],[114.28490028100009,-3.4258440559999599,0],[114.28504968200002,-3.4259569259999694,0],[114.28521571900001,-3.4261828699999342,0],[114.28522142300005,-3.4262722459999395,0],[114.28524124700004,-3.426335680999955,0],[114.28535781000005,-3.4263762289999704,0],[114.2854355180001,-3.4264070459999516,0],[114.28549498900009,-3.4264665169999375,0],[114.28544760300008,-3.4265089149999426,0],[114.28541965900001,-3.426533916999972,0],[114.28534433000004,-3.4265259879999803,0],[114.28522538800007,-3.4265378819999341,0],[114.28521349400012,-3.4266013179999391,0],[114.28532847100007,-3.426589422999939,0],[114.28539983600001,-3.4266369999999711,0],[114.28549102400007,-3.4266687179999735,0],[114.28555997900003,-3.4266687179999735,0],[114.28557428300007,-3.4266687179999735,0],[114.28576855500012,-3.426692505999938,0],[114.28591524900003,-3.426700435999976,0],[114.28614651600003,-3.4267020169999682,0],[114.28627933400003,-3.4267277869999475,0],[114.28639629400004,-3.4267733809999754,0],[114.28652118200012,-3.4268526759999531,0],[114.28661831800002,-3.426949810999929,0],[114.28668571800006,-3.4270846119999305,0],[114.28676303000009,-3.4272095009999362,0],[114.28684827200004,-3.4272848299999623,0],[114.28689922500007,-3.4273305839999466,0],[114.28694540700008,-3.4273720539999317,0],[114.28703461300006,-3.4274335069999324,0],[114.28708417200005,-3.4275246959999777,0],[114.28719122000007,-3.4276773369999773,0],[114.28728240800001,-3.4277308609999295,0],[114.28734782600009,-3.4278022259999261,0],[114.28737954400003,-3.4278755729999375,0],[114.28737030100001,-3.4279096749999667,0],[114.28739738500008,-3.4279707269999449,0],[114.28744297900005,-3.4279806379999513,0],[114.2875242560001,-3.4280064089999769,0],[114.2875876920001,-3.4280619149999438,0],[114.28760553300003,-3.4281253509999488,0],[114.28761544500003,-3.4282145569999329,0],[114.28764518000003,-3.4282859219999295,0],[114.28768681000008,-3.4283156569999278,0],[114.28771456300001,-3.4283671989999789,0],[114.28780971600008,-3.4284326159999523,0],[114.2879663220001,-3.428498033999972,0],[114.28806147600005,-3.4285634519999348,0],[114.2881724880001,-3.4286724819999677,0],[114.28827557000011,-3.4287636699999666,0],[114.28832711200005,-3.4288826119999385,0],[114.28840640600004,-3.4290075009999441,0],[114.28848570100001,-3.4290907599999514,0],[114.28852733000008,-3.4291740189999587,0],[114.28857292400005,-3.4292295249999256,0],[114.28867204200003,-3.4292592599999807,0],[114.28876521300003,-3.4292969249999601,0],[114.28887226100005,-3.4293266599999583,0],[114.28893767900001,-3.4293663079999419,0],[114.28895948500008,-3.4294198309999615,0],[114.28898922000008,-3.4295229139999606,0],[114.28903283200009,-3.4295784199999275,0],[114.28907049700001,-3.4296279789999744,0],[114.28909825000005,-3.4297290789999693,0],[114.28912402000003,-3.4298202679999577,0],[114.28917556200008,-3.4298638799999708,0],[114.28924494400007,-3.4299610159999361,0],[114.28932027400003,-3.4300363449999622,0],[114.28940749800006,-3.4300779749999606,0],[114.28948481000009,-3.430147356999953,0],[114.28955617500003,-3.4302325989999645,0],[114.28954031600006,-3.4303673989999766,0],[114.28957798100009,-3.4304149759999518,0],[114.28968304600005,-3.4304744469999378,0],[114.28982181100002,-3.4305398649999574,0],[114.28992489400002,-3.430593387999977,0],[114.28997048800011,-3.4306766469999275,0],[114.29000617000008,-3.4307499949999283,0],[114.29003392300001,-3.4308134299999438,0],[114.29007951800008,-3.4308808299999782,0],[114.29014890000008,-3.4309066009999469,0],[114.29022224700009,-3.4309581419999517,0],[114.29026189500007,-3.4310176129999377,0],[114.2903392070001,-3.4310314899999526,0],[114.29040066000005,-3.4310295069999484,0],[114.29042643100001,-3.4310691539999425,0],[114.29043039500004,-3.4311365549999664,0],[114.29046013100003,-3.4311920609999333,0],[114.29047400700006,-3.4313030729999809,0],[114.29053546000011,-3.4313744379999775,0],[114.29064052500007,-3.4314160669999296,0],[114.29076144900012,-3.4314279619999297,0],[114.29082885000003,-3.4314834679999535,0],[114.29088633800006,-3.4315528499999459,0],[114.29092202000004,-3.4316162859999508,0],[114.29098149100003,-3.4316836859999285,0],[114.29103303300008,-3.4317391919999523,0],[114.29107268000007,-3.4317828039999654,0],[114.29119162100005,-3.4318184859999405,0],[114.29127686300001,-3.431854168999962,0],[114.2913759810001,-3.4318819219999455,0],[114.29141761000005,-3.4319493219999799,0],[114.29144932800011,-3.4320603339999707,0],[114.29148501000009,-3.4322347819999663,0],[114.2915286220001,-3.4323140759999546,0],[114.29165945800003,-3.4323160589999588,0],[114.2917347880001,-3.4323358819999612,0],[114.29180020600006,-3.4323794939999743,0],[114.29183192300002,-3.4324825769999734,0],[114.29189337700006,-3.4325222239999675,0],[114.29201430000001,-3.4325202419999528,0],[114.29212333000009,-3.4325142949999758,0],[114.29218874800006,-3.4325598889999469,0],[114.29225218400006,-3.4326570239999796,0],[114.29228984800011,-3.4327521779999302,0],[114.29232553100007,-3.432892924999976,0],[114.2924028430001,-3.432906801999934,0],[114.29248412000004,-3.4329286079999406,0],[114.29253764300006,-3.4329841139999644,0],[114.29258125500007,-3.4330435849999503,0],[114.29263676100004,-3.4330257429999733,0],[114.29270019700004,-3.4330475489999799,0],[114.29275173800011,-3.4331030549999468,0],[114.2927913850001,-3.4331664909999517,0],[114.29281120900009,-3.4332378559999484,0],[114.2928944680001,-3.4332398379999631,0],[114.29297574500004,-3.4332556969999359,0],[114.29307486300002,-3.4333330089999663,0],[114.29308873900004,-3.4334023919999481,0],[114.2930907220001,-3.4334638449999488,0],[114.29312442200001,-3.4334935799999471,0],[114.29314424500001,-3.4334697919999257,0],[114.29319380400011,-3.4334678089999784,0],[114.29326715200011,-3.4335213329999306,0],[114.29327508100005,-3.4335808039999733,0],[114.29326318700009,-3.4336600979999616,0],[114.29333455200003,-3.4337076749999369,0],[114.2933761810001,-3.4337374099999352,0],[114.29336825200005,-3.4338087749999318,0],[114.29342177600006,-3.4338285989999804,0],[114.29344754600004,-3.4339178049999646,0],[114.29351494700006,-3.4339673639999546,0],[114.29355855900008,-3.434005028999934,0],[114.2935724350001,-3.4341318999999544,0],[114.29362001200002,-3.4341854239999634,0],[114.29372111200007,-3.4341834409999592,0],[114.29381428300007,-3.4342131769999469,0],[114.29386186000011,-3.4342706649999286,0],[114.29391340100005,-3.4343598709999696,0],[114.29398476600011,-3.4344708829999604,0],[114.2940541480001,-3.4344788129999415,0],[114.29414335500007,-3.4345184599999357,0],[114.29419093100012,-3.4345739659999595,0],[114.29430194300005,-3.4346155959999578,0],[114.29439907900007,-3.4346413659999371,0],[114.29455172100006,-3.4346889429999692,0],[114.2946092090001,-3.434740483999974,0],[114.29459731500003,-3.4348138319999748,0],[114.29460226600008,-3.4348608679999302,0],[114.2946092090001,-3.4349268259999803,0],[114.29467066200004,-3.4349565609999786,0],[114.29472616800001,-3.4349387199999342,0],[114.29480744500006,-3.4349862969999663,0],[114.29484312700004,-3.4350457679999522,0],[114.29494621000003,-3.4350854149999464,0],[114.29497396300007,-3.4351448859999323,0],[114.29499775200009,-3.4351984089999519,0],[114.29508299300005,-3.4352261619999354,0],[114.29518211100003,-3.4352777039999296,0],[114.29519202300003,-3.4353451039999641,0],[114.29527329900009,-3.4354164689999607,0],[114.29532285800008,-3.4354799039999762,0],[114.29536647000009,-3.4355334279999283,0],[114.29544774700003,-3.4355691109999498,0],[114.29550127100003,-3.4356305639999505,0],[114.29553497100005,-3.4356999459999429,0],[114.2955528120001,-3.4357514879999371,0],[114.29555677700012,-3.4358089759999757,0],[114.29561228300008,-3.4358208699999295,0],[114.29569752400005,-3.4358129409999378,0],[114.29579069500005,-3.4358426759999361,0],[114.29586602500001,-3.4358803409999723,0],[114.29587395400006,-3.4359497239999541,0],[114.29589774300007,-3.436054788999968,0],[114.29594135500008,-3.4361122769999497,0],[114.29600082500008,-3.436142011999948,0],[114.29604245500002,-3.4361459769999669,0],[114.29611580200003,-3.4361638179999545,0],[114.29625060300009,-3.4361975179999718,0],[114.29638143800003,-3.4362530249999281,0],[114.29641117400001,-3.4363144779999288,0],[114.29643298000008,-3.4364413489999492,0],[114.2964369450001,-3.4365206429999375,0],[114.29651623900008,-3.43655236099994,0],[114.29659156900004,-3.4365781319999655,0],[114.29661733900002,-3.4366276909999556,0],[114.29669266900009,-3.4366475139999579,0],[114.29673231600009,-3.4366257079999514,0],[114.29681161000008,-3.436637601999962,0],[114.29690676400003,-3.436693107999929,0],[114.29695235800011,-3.4367565439999339,0],[114.29698804000009,-3.4368556619999708,0],[114.29704552900012,-3.4369032379999567,0],[114.29715059400007,-3.4368695379999394,0],[114.29721204700002,-3.4368853969999691,0],[114.29725169400001,-3.4369607269999278,0],[114.29723583500004,-3.4370657919999417,0],[114.29728737700009,-3.4371113859999696,0],[114.29734883000003,-3.4371094039999548,0],[114.29742217700004,-3.4371292269999572,0],[114.29747768300001,-3.4371748219999745,0],[114.29755103100001,-3.4372560979999776,0],[114.29758869500006,-3.4373353929999553,0],[114.29763230700007,-3.437446404999946,0],[114.29765014900011,-3.4375514699999599,0],[114.29771754900003,-3.437595081999973,0],[114.29785433200004,-3.4376010289999499,0],[114.29792966100001,-3.4375831879999623,0],[114.29802481400009,-3.4376228349999565,0],[114.29808825000009,-3.4376763589999655,0],[114.29816556200001,-3.437704111999949,0],[114.29823692700006,-3.4377457409999579,0],[114.29830036200008,-3.4378052119999438,0],[114.29831225700002,-3.4378745949999256,0],[114.2983677630001,-3.437898382999947,0],[114.29843318100006,-3.4379221709999683,0],[114.29846291600006,-3.4380351659999633,0],[114.29849661600008,-3.4381164419999664,0],[114.29858384000011,-3.4381362659999581,0],[114.29867106400002,-3.4381580719999647,0],[114.29874837600005,-3.4381977189999589,0],[114.29879991700011,-3.4382472779999489,0],[114.29889308800011,-3.4383483789999332,0],[114.29896247000011,-3.4384574079999766,0],[114.29911313000002,-3.438540666999927,0],[114.29924396600006,-3.4385822969999253,0],[114.29938669500007,-3.4386615909999705,0],[114.29950761900011,-3.4387488149999399,0],[114.29964638500007,-3.4388598269999306,0],[114.29970189100004,-3.4389292099999693,0],[114.29976730800001,-3.4389886809999552,0],[114.29984660300011,-3.4391214989999526,0],[114.29992788000004,-3.4391690749999384,0],[114.30002501500007,-3.4392364759999623,0],[114.30014990400002,-3.4393633469999259,0],[114.30028074000006,-3.439456517999929,0],[114.30037589300002,-3.4395179709999297,0],[114.30047897600002,-3.4396349299999542,0],[114.30056818200001,-3.4397300829999722,0],[114.30060584700004,-3.4398430779999671,0],[114.30063954700006,-3.4399659839999686,0],[114.3007267700001,-3.4400274369999693,0],[114.3008298530001,-3.4400730309999403,0],[114.30096068900002,-3.44013844899996,0],[114.30099042400002,-3.4402018849999649,0],[114.30109548900009,-3.4402712669999573,0],[114.30119460700007,-3.4403267729999811,0],[114.30125011300004,-3.4404258909999612,0],[114.30134130200008,-3.4404536439999447,0],[114.30144042000006,-3.4404873439999619,0],[114.30150385500008,-3.440536902999952,0],[114.30156332600006,-3.4406221449999634,0],[114.30165847900003,-3.4406300739999551,0],[114.30171002100008,-3.4406637739999724,0],[114.30172588000005,-3.4407391039999311,0],[114.3017972450001,-3.4407985749999739,0],[114.30186266200008,-3.4408461519999491,0],[114.30190231000006,-3.4409095869999646,0],[114.30197565700007,-3.4409373399999481,0],[114.30201728600002,-3.4409769869999423,0],[114.30205098700003,-3.4410265459999323,0],[114.30212235200008,-3.4410404229999472,0],[114.30219966400011,-3.4410741229999644,0],[114.30224724000004,-3.4411137699999585,0],[114.30232455200007,-3.441195046999951,0],[114.30235230500011,-3.4412564999999518,0],[114.30235825200009,-3.4413516529999697,0],[114.30241970500003,-3.4414091419999409,0],[114.30250296500003,-3.4414408589999539,0],[114.3025445940001,-3.4414725769999563,0],[114.30256838200012,-3.4415637659999447,0],[114.30263578300003,-3.4415716949999364,0],[114.30267543000002,-3.4416153069999496,0],[114.3027309360001,-3.4416351309999413,0],[114.30279040700009,-3.4416846899999314,0],[114.30282410700011,-3.4417897549999452,0],[114.30289150700003,-3.4418095779999476,0],[114.30298467800003,-3.4418135429999666,0],[114.3030263070001,-3.4418631019999566,0],[114.30311353100001,-3.4418650839999714,0],[114.30317696700001,-3.4418948199999591,0],[114.3032225610001,-3.4419265369999721,0],[114.30328004900002,-3.4419225729999425,0],[114.30332167900008,-3.4419661849999557,0],[114.30331969700001,-3.4420534079999356,0],[114.30336529100009,-3.4421108969999636,0],[114.30342872600011,-3.4421505439999578,0],[114.30348225000012,-3.4422417329999462,0],[114.30354766800008,-3.4422992209999279,0],[114.30363885700001,-3.4423745509999435,0],[114.30371418600009,-3.44238446199995,0],[114.30374590400004,-3.442441950999978,0],[114.30375185100002,-3.4425152979999325,0],[114.30383114500012,-3.4425668399999267,0],[114.303904493,-3.4426282929999275,0],[114.30398576900006,-3.442739304999975,0],[114.30403731100012,-3.4427789519999692,0],[114.30411462300003,-3.4428007579999758,0],[114.30415030500001,-3.4428384229999551,0],[114.30421572300008,-3.4428423879999741,0],[114.30431682300002,-3.4428661759999386,0],[114.3043624180001,-3.4428681579999534,0],[114.30446946500001,-3.4429652939999755,0],[114.30453290100002,-3.4430089059999318,0],[114.30462607200002,-3.4430307119999384,0],[114.30474501300012,-3.4431100059999267,0],[114.30479259000003,-3.4431635299999357,0],[114.30487584900004,-3.4432269649999512,0],[114.30494919600005,-3.4432606649999684,0],[114.30498686100009,-3.4433161709999354,0],[114.30505227900005,-3.4433776249999255,0],[114.30510183800004,-3.4434212359999492,0],[114.30513553800006,-3.4434866539999689,0],[114.30523069100002,-3.4435500899999738,0],[114.3052663740001,-3.4436274019999473,0],[114.30533575600009,-3.4436630839999793,0],[114.30542298000012,-3.4437582379999299,0],[114.30551416900005,-3.4438573559999668,0],[114.30558355100004,-3.4439386319999699,0],[114.30566284600002,-3.4439604379999764,0],[114.30573619300003,-3.4440040499999327,0],[114.30578971700004,-3.4440635209999755,0],[114.30585711700007,-3.4441229919999614,0],[114.3059740760001,-3.4441745329999662,0],[114.30608707100009,-3.4442062509999687,0],[114.30616240000006,-3.4442518449999397,0],[114.30623178300004,-3.4442617569999356,0],[114.30628728900001,-3.4443212279999784,0],[114.3063130590001,-3.4444243099999312,0],[114.30637847700007,-3.4445154989999764,0],[114.30643794800005,-3.4445353229999682,0],[114.30651129500006,-3.4446066869999754,0],[114.30655292500001,-3.444678051999972,0],[114.30658860700009,-3.4447632939999266,0],[114.30667186700009,-3.4448306939999611,0],[114.30674719600006,-3.4448703409999553,0],[114.30677296700003,-3.4449080059999346,0],[114.30689190800001,-3.4449595469999394,0],[114.3070108500001,-3.4449952299999609,0],[114.30714565000005,-3.4450428069999361,0],[114.30724476800003,-3.4450784889999682,0],[114.30732604500008,-3.4451359769999499,0],[114.30756194600008,-3.44523509499993,0],[114.30774234100011,-3.4452549189999786,0],[114.30787119400009,-3.4452965489999769,0],[114.30800401200008,-3.4453698959999315,0],[114.3081110600001,-3.4454591019999725,0],[114.30821216000004,-3.4455046959999436,0],[114.30838066000001,-3.4455562379999378,0],[114.30844013100011,-3.445595884999932,0],[114.30846193700006,-3.4456672499999286,0],[114.30853726700002,-3.4456751789999771,0],[114.30859872000008,-3.4456890559999351,0],[114.30864827900007,-3.4457584379999275,0],[114.30868197900008,-3.4458139439999513,0],[114.30877316800002,-3.4458654859999456,0],[114.30889805600009,-3.4458952209999438,0],[114.30896149200009,-3.44593288599998,0],[114.30900708600007,-3.4460062329999346,0],[114.30913990400006,-3.4461053509999715,0],[114.30926281000006,-3.446101386999942,0],[114.30936589300006,-3.446101386999942,0],[114.30947095800002,-3.4461449979999657,0],[114.3095998120001,-3.4462203279999244,0],[114.30966126500005,-3.4462758339999482,0],[114.30974452400005,-3.446380898999962,0],[114.30980003000002,-3.4464661409999735,0],[114.30989320100002,-3.4465137169999593,0],[114.31006368400006,-3.4465712059999305,0],[114.3101846080001,-3.4466009409999288,0],[114.31024209600002,-3.4466742879999401,0],[114.31029363700009,-3.446783317999973,0],[114.31040663200008,-3.4468923479999489,0],[114.31050376700011,-3.4469002769999406,0],[114.31054737900001,-3.4469359599999621,0],[114.31059693800012,-3.4469894839999711,0],[114.31072380900002,-3.446977588999971,0],[114.31078526300007,-3.4470033599999397,0],[114.31082094500005,-3.4470330949999379,0],[114.31091411600005,-3.447044989999938,0],[114.31094583400011,-3.44708067199997,0],[114.3109953930001,-3.4470965309999428,0],[114.31104891600012,-3.4471203189999642,0],[114.31106874000011,-3.4471639309999773,0],[114.31104891600012,-3.4472194369999443,0],[114.31112424600008,-3.4472174549999295,0],[114.31118569900002,-3.4472055609999757,0],[114.311274905,-3.4472491729999319,0],[114.31134230600003,-3.4473185549999243,0],[114.31145133500002,-3.4473998319999737,0],[114.31154847100004,-3.447496967999939,0],[114.31165551800007,-3.4475604029999545,0],[114.31182005400001,-3.4476258209999742,0],[114.31187754300004,-3.4476833089999559,0],[114.31191124300005,-3.4477487269999756,0],[114.31198260800011,-3.4477685509999674,0],[114.31210353200004,-3.4478260389999491,0],[114.31221850800011,-3.4478954219999309,0],[114.31223238500002,-3.4479608399999506,0],[114.31226013800006,-3.4480242749999661,0],[114.31232753800009,-3.4480559929999686,0],[114.31241278000005,-3.4480599579999307,0],[114.31247026800008,-3.4480936579999479,0],[114.31254758000011,-3.4481610579999256,0],[114.31260903300006,-3.4482205289999683,0],[114.31275374500001,-3.4482581939999477,0],[114.31321167100009,-3.4487696419999452,0],[114.3132850180001,-3.4488271309999732,0],[114.31336034700007,-3.4488529009999525,0],[114.31342973000005,-3.4489203019999763,0],[114.31347136000011,-3.4489995959999646,0],[114.31355461900012,-3.4490947489999257,0],[114.31366166600003,-3.4491145729999744,0],[114.31383611400008,-3.4491958499999669,0],[114.31389558500007,-3.449291002999928,0],[114.31396893200008,-3.4493643499999393,0],[114.31404822600007,-3.4493722799999773,0],[114.31412355600003,-3.4493861559999459,0],[114.31419293800002,-3.4494634679999763,0],[114.3142286210001,-3.4495308679999539,0],[114.31429007400004,-3.4495586209999374,0],[114.31442091000008,-3.449629985999934,0],[114.31453192200001,-3.4497013509999306,0],[114.31454381600008,-3.4497509099999775,0],[114.31456165700001,-3.4498163279999403,0],[114.31462707500009,-3.449846063999928,0],[114.31473015800009,-3.4498619219999682,0],[114.31481539900005,-3.4499194109999394,0],[114.31488081700002,-3.4499987049999277,0],[114.31502354700001,-3.4500700699999811,0],[114.31516033000003,-3.4501255759999481,0],[114.31522773000006,-3.4501989239999489,0],[114.31532883000011,-3.4502326239999661,0],[114.31539424800008,-3.4502504649999537,0],[114.3154814720001,-3.4502782179999372,0],[114.31558059000008,-3.4503456179999716,0],[114.31569754900011,-3.4503614769999444,0],[114.31578477300002,-3.4504169829999682,0],[114.31587199700004,-3.4505101539999714,0],[114.31597508000004,-3.4505002419999755,0],[114.31610591500009,-3.4505537659999277,0],[114.3161693510001,-3.4506310779999581,0],[114.31613168600006,-3.450690548999944,0],[114.31616142100006,-3.4507282139999802,0],[114.31626648700001,-3.4507440719999636,0],[114.31636956900002,-3.4507480369999257,0],[114.31648058100006,-3.4507857019999619,0],[114.3165083340001,-3.4508134549999454,0],[114.31657573500001,-3.4508332789999372,0],[114.31669269400004,-3.4508372429999667,0],[114.31684930000006,-3.4508689609999692,0],[114.31692264700007,-3.4509185199999592,0],[114.31699599500007,-3.4509997969999517,0],[114.31717837200006,-3.4510632319999672,0],[114.31730524300008,-3.4510671969999294,0],[114.31743013200003,-3.4511127909999573,0],[114.31760259700002,-3.4511405439999407,0],[114.31776316800006,-3.4511127909999573,0],[114.31800303300008,-3.4511147739999615,0],[114.31817153400004,-3.4510929679999549,0],[114.31825875800007,-3.451083055999959,0],[114.31842131100007,-3.4510275499999352,0],[114.31851844700009,-3.4509879029999411,0],[114.31863540600011,-3.4509542029999807,0],[114.31874641800005,-3.4508630139999354,0],[114.31886337700007,-3.4507876839999767,0],[114.31897240700005,-3.4507361429999719,0],[114.31907350800009,-3.4506846019999671,0],[114.31945015600002,-3.450884819999942,0],[114.31942240300009,-3.4509542029999807,0],[114.3194025790001,-3.45107909099994,0],[114.31942438500005,-3.451227767999967,0],[114.31939465000005,-3.4513447269999347,0],[114.31941843800007,-3.4514101449999544,0],[114.31947989100001,-3.451477544999932,0],[114.31948782100005,-3.4515191749999303,0],[114.31950368000003,-3.4516262219999589,0],[114.31956711500004,-3.4517233579999811,0],[114.3195889210001,-3.4517887759999439,0],[114.31962460300008,-3.4519057349999684,0],[114.31970588000001,-3.4520524299999806,0],[114.31979310400004,-3.4521574949999376,0],[114.31978913900002,-3.4523002249999308,0],[114.31976733300007,-3.452484583999933,0],[114.31974156300009,-3.4525757729999782,0],[114.3197613860001,-3.4526134369999681,0],[114.31978121000009,-3.4527621139999383,0],[114.3198347340001,-3.4528176199999621,0],[114.31991997500006,-3.4528612319999752,0],[114.32002305800006,-3.4529425089999677,0],[114.32010631700007,-3.4530515389999437,0],[114.32021732900012,-3.4531387629999699,0],[114.32036005900011,-3.4532140919999392,0],[114.32050873600008,-3.4533092459999466,0],[114.32054640100012,-3.4534043989999645,0],[114.32054838300007,-3.4535074819999636,0],[114.32061578300011,-3.4535867759999519,0],[114.32068714800005,-3.453683911999974,0],[114.3207585130001,-3.4537433819999706,0],[114.3208516840001,-3.453788976999931,0],[114.32095674900006,-3.4538742179999531,0],[114.32111335500008,-3.4539594599999646,0],[114.32122436800012,-3.4540308239999717,0],[114.32126203200005,-3.4541121009999642,0],[114.32133538000005,-3.4542508659999385,0],[114.32141269200008,-3.4543123199999286,0],[114.32154352700002,-3.4543678259999524,0],[114.32162282200011,-3.454421348999972,0],[114.32172392200005,-3.4544411729999638,0],[114.32182700500005,-3.454476854999939,0],[114.32192612300003,-3.4545184849999373,0],[114.32201334700005,-3.4545918319999487,0],[114.3221243590001,-3.4546275149999701,0],[114.32218383000009,-3.4546790559999749,0],[114.32231863000004,-3.4547345619999419,0],[114.32240981900009,-3.454778173999955,0],[114.3225664250001,-3.4548336799999788,0],[114.32270519000008,-3.4549308159999441,0],[114.32282809600008,-3.4549922689999448,0],[114.32294505600009,-3.4550537219999455,0],[114.32305507700005,-3.45512112199998,0],[114.32316807100005,-3.4551468929999487,0],[114.32330287200011,-3.4551905049999618,0],[114.32343172500009,-3.4552440279999246,0],[114.32362203100001,-3.4553094459999443,0],[114.32390352600009,-3.455424422999954,0],[114.32425242200009,-3.4555294879999678,0],[114.32457356400005,-3.455618693999952,0],[114.3248074820001,-3.45567618299998,0],[114.32506320700008,-3.4557534949999535,0],[114.32527531900007,-3.4557990889999246,0],[114.32550329100002,-3.4558526129999336,0],[114.32563016200004,-3.4559041539999384,0],[114.32576496200011,-3.4559477659999516,0],[114.32589976200006,-3.4560012899999606,0],[114.32609403400011,-3.4560528309999654,0],[114.32623279900008,-3.4561083369999324,0],[114.32669072400006,-3.4562490849999676,0],[114.32694644800006,-3.4563283789999559,0],[114.32725173200004,-3.4563482029999477,0],[114.32772749800006,-3.4563581149999436,0],[114.3279911520001,-3.4563343259999328,0],[114.32844709400001,-3.4562550319999445,0],[114.32861163000007,-3.4562173669999652,0],[114.3287821130001,-3.4562114199999314,0],[114.32898431400008,-3.4562312439999801,0],[114.32915281400005,-3.45621934899998,0],[114.32941052100011,-3.4561717729999373,0],[114.3296028100001,-3.4561380729999769,0],[114.32986051700004,-3.456070671999953,0],[114.32995666200009,-3.456039958999952,0],[114.33002901700002,-3.4559913779999647,0],[114.33010038200007,-3.4559041539999384,0],[114.33023320000007,-3.4557554769999683,0],[114.3302510420001,-3.455672217999961,0],[114.33033430100011,-3.4556147299999793,0],[114.33044729500011,-3.4556048179999266,0],[114.33054641300009,-3.4555810299999621,0],[114.33067724900002,-3.455573099999981,0],[114.33086953800012,-3.4555889589999538,0],[114.33113319200004,-3.455636535999929,0],[114.33149794600001,-3.4557257419999701,0],[114.33203412100011,-3.4559123729999328,0],[114.33232160600005,-3.4560015929999395,0],[114.33244056600006,-3.4559470699999792,0],[114.33261404900009,-3.4558479369999304,0],[114.33326832700004,-3.4557488039999384,0],[114.33408617400005,-3.4558082839999429,0],[114.33473053800003,-3.4558380239999451,0],[114.3351915070001,-3.455942112999935,0],[114.33599393700001,-3.4562788199999659,0],[114.33652124500009,-3.4564909329999409,0],[114.33705449900003,-3.4568061279999256,0],[114.33741727100005,-3.4569924699999319,0],[114.33764326000005,-3.4570003989999805,0],[114.33777211300003,-3.4569528219999484,0],[114.33788709000009,-3.4568933519999518,0],[114.33794457900001,-3.4569111929999394,0],[114.33792872000004,-3.456968680999978,0],[114.33789303700007,-3.4570479759999557,0],[114.3379505260001,-3.4571153759999333,0],[114.33800603200007,-3.4571074459999522,0],[114.33800801400002,-3.4570598699999664,0],[114.33800405000011,-3.4570063459999574,0],[114.33812299100009,-3.4569627339999442,0],[114.33823400300003,-3.4569488579999756,0],[114.33827563300008,-3.4568973159999246,0],[114.33823400300003,-3.4568655989999684,0],[114.33823995000012,-3.4568318979999617,0],[114.3383390680001,-3.4568021629999635,0],[114.3384223270001,-3.4568021629999635,0],[114.33845801000007,-3.4567664809999314,0],[114.33845801000007,-3.4567089919999603,0],[114.33846395700004,-3.4566495209999744,0],[114.33855118100007,-3.4566158209999571,0],[114.33864236900001,-3.4566138389999423,0],[114.33875932800004,-3.4565385089999268,0],[114.33886835800001,-3.4564631799999574,0],[114.33897144100001,-3.456381902999965,0],[114.33909236500006,-3.4563283789999559,0],[114.33919544800005,-3.4563204499999642,0],[114.33929853000006,-3.4562629609999362,0],[114.33941945400011,-3.4561876319999669,0],[114.33955821900008,-3.4561360899999727,0],[114.33979610200004,-3.4560449019999737,0],[114.33997055000009,-3.4559398369999599,0],[114.34020843300004,-3.4558149479999543,0],[114.34035512800006,-3.455767370999979,0],[114.34045028100002,-3.4556801479999422,0],[114.34060490500008,-3.4556167119999373,0],[114.34077538800011,-3.4555255239999383,0],[114.34080908800001,-3.4554620879999334,0],[114.34088441800009,-3.4554065819999664,0],[114.34104102400011,-3.4553371989999278,0],[114.34120754200001,-3.455275745999927,0],[114.34134234300006,-3.4551944699999808,0],[114.34188154500009,-3.4554422639999416,0],[114.34187956200003,-3.4556067999999414,0],[114.34192515700011,-3.4556841119999717,0],[114.34202427500009,-3.4557693539999264,0],[114.34211149800001,-3.4558288249999691,0],[114.34214519800003,-3.4559081189999574,0],[114.34211819200004,-3.4560048919999531,0],[114.3420976220001,-3.4560786019999341,0],[114.34205599200004,-3.4561816849999332,0],[114.34200841600011,-3.4562649439999404,0],[114.34192912100002,-3.4563204499999642,0],[114.3418914560001,-3.4563898319999566,0],[114.34190533300011,-3.4564453379999804,0],[114.34191524500011,-3.4565424739999457,0],[114.34183000300004,-3.4566554679999513,0],[114.34177449700007,-3.4567367449999438,0],[114.34171106200006,-3.4568755099999748,0],[114.34165159100007,-3.4569666989999632,0],[114.34156833200007,-3.4570717639999771,0],[114.34150093200003,-3.4571609699999613,0],[114.34145732000002,-3.4572343169999726,0],[114.34145533700007,-3.4573056819999692,0],[114.34141172500006,-3.4574087649999683,0],[114.34131459000002,-3.4574464299999477,0],[114.34126106600002,-3.4574959889999377,0],[114.34123529500005,-3.4575574419999384,0],[114.34119366600009,-3.4575911419999557,0],[114.34116194800004,-3.4576684539999292,0],[114.34115005400008,-3.4577794659999768,0],[114.34114014200009,-3.4578766019999421,0],[114.34110247700005,-3.4579618429999641,0],[114.3410806710001,-3.4580232969999543,0],[114.34115005400008,-3.4581006089999278,0],[114.34115798300002,-3.4581620619999285,0],[114.34121745400012,-3.4582671269999423,0],[114.34127550500011,-3.4582826069999442,0],[114.3412769250001,-3.458282985999972,0],[114.34133044900011,-3.4583107389999554,0],[114.34133243100007,-3.4583721919999562,0],[114.34133936400008,-3.4584443449999753,0],[114.34137802500004,-3.458473291999951,0],[114.34145335500011,-3.4584812219999321,0],[114.34149894900008,-3.4585466389999624,0],[114.34147119600004,-3.4586477399999467,0],[114.34144740800002,-3.458685404999926,0],[114.34143374200005,-3.4587315449999778,0],[114.34147714300002,-3.4587904699999399,0],[114.34150612500002,-3.4587917869999387,0],[114.34160797900006,-3.4587964169999736,0],[114.34168925600011,-3.4588439929999595,0],[114.34179035600005,-3.4588578699999744,0],[114.34186370300006,-3.4589351819999479,0],[114.34200417800002,-3.4589626969999472,0],[114.3420877100001,-3.4589351819999479,0],[114.34216502200002,-3.4589074289999644,0],[114.3422106160001,-3.4589470759999585,0],[114.34228792800002,-3.4589569879999544,0],[114.34233352300009,-3.4589569879999544,0],[114.34245841100005,-3.4590105119999635,0],[114.34256744100003,-3.459087823999937,0],[114.3426625940001,-3.4591175589999352,0],[114.34270033300004,-3.4591647319999765,0],[114.34271810000007,-3.4591869419999739,0],[114.34279739500005,-3.4591948709999656,0],[114.34289651300003,-3.4591710829999442,0],[114.34296490200006,-3.4591758189999382,0],[114.34299761300008,-3.459232535999945,0],[114.34307096000009,-3.4592246059999638,0],[114.3431076170001,-3.4591953489999696,0],[114.34315223700003,-3.4591869419999739,0],[114.3431879200001,-3.4592127119999532,0],[114.34318109700007,-3.4592448749999676,0],[114.34317404300009,-3.4592781299999729,0],[114.34323946100005,-3.4593276889999629,0],[114.34330882000006,-3.4593634329999645,0],[114.34330289600007,-3.4594208599999661,0],[114.34323153100001,-3.4594842949999247,0],[114.34317999000007,-3.4595794489999321,0],[114.34313836100011,-3.4596666729999583,0],[114.34320972600005,-3.4597083019999673,0],[114.34331875500004,-3.4596666729999583,0],[114.34341787300002,-3.4596825309999417,0],[114.34346786000003,-3.4597128439999665,0],[114.34358172800012,-3.4598375009999245,0],[114.34369572900005,-3.4599143379999759,0],[114.34386678600004,-3.4600104639999358,0],[114.34389220900005,-3.4600233269999308,0],[114.34394914600011,-3.4600016909999454,0],[114.34403042200006,-3.4600056559999643,0],[114.34411566400001,-3.4600710739999272,0],[114.34418901100003,-3.4600988269999675,0],[114.34427623500005,-3.4601047739999444,0],[114.34428812900001,-3.4601602799999682,0],[114.34428812900001,-3.4602236469999639,0],[114.34428812900001,-3.4602296629999501,0],[114.34425244700003,-3.4602831859999696,0],[114.34428020000007,-3.4603525689999515,0],[114.34434561800003,-3.4604239339999481,0],[114.34438328200008,-3.4604060929999605,0],[114.34437337100007,-3.4603525689999515,0],[114.34432777600011,-3.4603030099999614,0],[114.34433074100002,-3.4602452059999678,0],[114.34433174100002,-3.4602256979999311,0],[114.34439517700002,-3.4601701919999641,0],[114.3444506830001,-3.4601741569999263,0],[114.34445861200004,-3.4602316449999648,0],[114.3444903300001,-3.46026732699994,0],[114.34458151800004,-3.4602019099999666,0],[114.34465883000007,-3.4601939799999286,0],[114.34475398400002,-3.4602395739999565,0],[114.34467865400006,-3.4602911159999508,0],[114.34463306000009,-3.4603327449999597,0],[114.34468063600002,-3.4603624809999474,0],[114.34482138400006,-3.4603604979999432,0],[114.34490662500002,-3.4603129219999573,0],[114.34500772600006,-3.4602970629999277,0],[114.34507611700008,-3.4603386919999366,0],[114.34513558800006,-3.4603565339999705,0],[114.34519902300008,-3.4603545509999662,0],[114.34521488200005,-3.4604120399999374,0],[114.34520100600002,-3.4604675459999612,0],[114.34518712900001,-3.4605547699999306,0],[114.34516135800004,-3.4605983809999543,0],[114.34512964100009,-3.4606162229999313,0],[114.34512567600007,-3.4606578519999402,0],[114.3451633410001,-3.4607074109999303,0],[114.34521488200005,-3.4607708469999352,0],[114.34528228200008,-3.4607629169999541,0],[114.34538536500008,-3.4607490409999286,0],[114.34546862400009,-3.4607430939999517,0],[114.34556972500002,-3.4607292169999369,0],[114.34560342500004,-3.4607748109999648,0],[114.34565100100008,-3.4607589529999245,0],[114.34569659600004,-3.4607470579999244,0],[114.34573029600006,-3.4608104939999293,0],[114.34578183700012,-3.4608441939999466,0],[114.34582544900002,-3.4608382469999697,0],[114.34586509600001,-3.4607966169999713,0],[114.34589086700009,-3.4607807589999311,0],[114.34590276100005,-3.4608104939999293,0],[114.34592060200009,-3.4608996999999704,0],[114.34598205500004,-3.4609076299999515,0],[114.34602170200003,-3.4608996999999704,0],[114.34604747300011,-3.4609452939999414,0],[114.34609505000003,-3.4609789949999481,0],[114.34615055600011,-3.4610107119999611,0],[114.34621795600003,-3.4610146769999801,0],[114.34626553300006,-3.4609809769999629,0],[114.34628733900001,-3.4609889059999546,0],[114.34636068600003,-3.461020623999957,0],[114.34637654500011,-3.4610523419999595,0],[114.34632103900003,-3.4610701829999471,0],[114.34628733900001,-3.4611177599999792,0],[114.34624174400005,-3.4611534419999543,0],[114.34615253800007,-3.4611732659999461,0],[114.34615055600011,-3.461214894999955,0],[114.34623381500001,-3.461218859999974,0],[114.34632103900003,-3.4612089479999781,0],[114.34639636800011,-3.4611930889999485,0],[114.34650341600002,-3.4611673189999692,0],[114.34657279800001,-3.4611593889999313,0],[114.34663425200006,-3.4611950719999527,0],[114.34659064000004,-3.4612565249999534,0],[114.34653116900006,-3.4613021189999245,0],[114.34646178600008,-3.4613041009999392,0],[114.34644394500003,-3.4613298719999648,0],[114.34647169800007,-3.4613655549999294,0],[114.3465291870001,-3.4613596079999525,0],[114.34672544000011,-3.4613378019999459,0],[114.34681068200007,-3.4613338369999269,0],[114.34686618800004,-3.4613080659999582,0],[114.346941517,-3.4612704009999788,0],[114.34697125300011,-3.4612129129999403,0],[114.3470208120001,-3.4611237069999561,0],[114.34707037100009,-3.4610602709999512,0],[114.3471139830001,-3.460984941999925,0],[114.34716155900003,-3.4609552059999373,0],[114.34719724200011,-3.4609234879999349,0],[114.34723887100006,-3.4609472769999456,0],[114.34729834200004,-3.4609591709999563,0],[114.34733204200006,-3.4609651179999332,0],[114.34731816600004,-3.4610265709999339,0],[114.3473249220001,-3.4610547229999611,0],[114.3473300600001,-3.4610761299999808,0],[114.34737961900009,-3.4610999179999453,0],[114.3473994420001,-3.4611256889999709,0],[114.34740142500004,-3.4611871419999716,0],[114.34745098400003,-3.4612902249999706,0],[114.34748666600001,-3.4613734839999779,0],[114.34754217200009,-3.4613972719999424,0],[114.34763137800007,-3.4614091669999425,0],[114.34768292000001,-3.4613814129999696,0],[114.34772058500005,-3.4613576249999483,0],[114.34774635500003,-3.4613675369999442,0],[114.34778402000006,-3.4613972719999424,0],[114.34781772000008,-3.4613913249999655,0],[114.34782364000012,-3.4613744109999516,0],[114.34783159700009,-3.4613516779999713,0],[114.34784547300001,-3.4612902249999706,0],[114.34787719100007,-3.4612704009999788,0],[114.34794260900003,-3.4613041009999392,0],[114.34793269700003,-3.4613715019999631,0],[114.34790692600006,-3.4613913249999655,0],[114.34788969800002,-3.461413251999943,0],[114.34788512000011,-3.461419077999949,0],[114.34788908500002,-3.4614567429999283,0],[114.34792278500004,-3.4614745839999728,0],[114.34797316400011,-3.4614623299999607,0],[114.34799613300004,-3.4614567429999283,0],[114.34804569200003,-3.4614131309999721,0],[114.34810912700004,-3.4613933079999697,0],[114.34814679200008,-3.4614230429999679,0],[114.34815868600003,-3.4614963899999793,0],[114.34816023500002,-3.4615490519999526,0],[114.34820229800005,-3.4615875789999677,0],[114.34822962100009,-3.4615789149999614,0],[114.3482835750001,-3.4615618079999422,0],[114.34832916900007,-3.4615499139999315,0],[114.34835494000004,-3.461581631999934,0],[114.34833115100002,-3.461617313999966,0],[114.34833398600006,-3.4616238339999654,0],[114.34835097500002,-3.4616629089999265,0],[114.34838269300008,-3.4616748029999371,0],[114.34841179800003,-3.4616611059999514,0],[114.34845009300011,-3.4616430849999347,0],[114.34846198700006,-3.4615935259999446,0],[114.34850559900008,-3.4615637909999464,0],[114.34854524600007,-3.4615776669999718,0],[114.34854921100009,-3.4616490319999684,0],[114.34855317600011,-3.4616847139999436,0],[114.34854128100005,-3.4617243619999272,0],[114.34853852600008,-3.4617408919999662,0],[114.34853533400008,-3.4617600439999592,0],[114.34857101700004,-3.4617838319999805,0],[114.34859057600011,-3.4617736619999278,0],[114.34862057600003,-3.4617580619999444,0],[114.34864039900003,-3.4617045379999354,0],[114.34871969400001,-3.4616748029999371,0],[114.34876330600002,-3.4616371379999578,0],[114.34879304100002,-3.4615915439999299,0],[114.34883268800002,-3.4616054199999553,0],[114.34885052900006,-3.461670837999975,0],[114.3488584590001,-3.461720396999965,0],[114.34884061800005,-3.4617699559999551,0],[114.34879304100002,-3.4617521149999675,0],[114.34875735900005,-3.4617501319999633,0],[114.34872167600008,-3.4617996909999533,0],[114.34870185300008,-3.4618333909999706,0],[114.34874150000007,-3.4618631269999582,0],[114.34881484700009,-3.4618809679999458,0],[114.34887828300009,-3.461865108999973,0],[114.3489615420001,-3.4618869149999796,0],[114.34907651800006,-3.4619602619999341,0],[114.34913202500002,-3.4620316269999307,0],[114.34916968900006,-3.4621010099999694,0],[114.34921924800005,-3.462168409999947,0],[114.34929854300003,-3.4622159869999791,0],[114.34932380000009,-3.4622391389999621,0],[114.34939369600011,-3.4623032109999485,0],[114.34941946700008,-3.4623587169999723,0],[114.34941748400001,-3.4624399929999754,0],[114.34947497300004,-3.4624142229999393,0],[114.34948686700011,-3.4623587169999723,0],[114.34951498100008,-3.462361226999974,0],[114.34959787900004,-3.4623686289999682,0],[114.34967915600009,-3.4624340459999416,0],[114.34975448500006,-3.4624935169999276,0],[114.34982386800004,-3.462564881999981,0],[114.3498952330001,-3.462564881999981,0],[114.34994677400005,-3.4625946169999793,0],[114.35000029800005,-3.4626501239999357,0],[114.35007364500007,-3.4626461589999735,0],[114.35015294000004,-3.4626600349999421,0],[114.35014302800005,-3.4627353649999577,0],[114.35011725700008,-3.4627869059999625,0],[114.35011823700006,-3.46280209899993,0],[114.3501212220001,-3.4628483599999527,0],[114.35015492200012,-3.4628899889999616,0],[114.35020569000005,-3.4628676819999669,0],[114.35028575800004,-3.4628325009999799,0],[114.35035514000003,-3.4628245709999419,0],[114.35038091100012,-3.4628780949999509,0],[114.35048399400011,-3.4629058479999344,0],[114.35056130600003,-3.4628225889999271,0],[114.35073178900006,-3.4627769949999561,0],[114.3507991890001,-3.4628206059999798,0],[114.35090821900008,-3.4628126769999312,0],[114.35095183100009,-3.4628543069999296,0],[114.35093597200012,-3.4629177419999451,0],[114.35093047500004,-3.4629666169999496,0],[114.3510822290001,-3.4631583339999565,0],[114.35121646900006,-3.4632939839999608,0],[114.35138200300003,-3.4633122319999643,0],[114.35152275000007,-3.4633300729999519,0],[114.35161592100008,-3.4633776489999377,0],[114.3517427920001,-3.4633617909999543,0],[114.35187164500007,-3.4633796319999419,0],[114.3519588690001,-3.4634172969999781,0],[114.35197076300005,-3.4634787499999788,0],[114.35192852500006,-3.4635325079999575,0],[114.35192715100004,-3.4635342559999458,0],[114.35190931000011,-3.4635739029999399,0],[114.35193508100008,-3.463627426999949,0],[114.35201437500007,-3.4635996739999655,0],[114.35204234500009,-3.4635928929999409,0],[114.35204413200006,-3.4635783589999392,0],[114.35204639500012,-3.4635599439999396,0],[114.3520464180001,-3.463559757999974,0],[114.35204669900008,-3.4635574709999446,0],[114.35204687000009,-3.4635560819999682,0],[114.35204687400005,-3.4635560519999444,0],[114.35204669800009,-3.4635483329999488,0],[114.35204666800007,-3.4635473079999315,0],[114.35204646600005,-3.4635409239999717,0],[114.3520463320001,-3.4635366919999342,0],[114.35204558300006,-3.463512962999971,0],[114.35203918900004,-3.4633104629999707,0],[114.35203870800001,-3.4632952189999742,0],[114.35203699500005,-3.4632409619999294,0],[114.35196640600009,-3.4610052409999525,0],[114.35186399600002,-3.457761712999968,0],[114.35184976800008,-3.457311079999954,0],[114.35179363300006,-3.4555331589999696,0],[114.35171848300001,-3.4531530199999452,0],[114.35167141700003,-3.4516623389999381,0],[114.3521593910001,-3.4494246039999439,0],[114.35216119200004,-3.4494163449999746,0],[114.35215813700006,-3.4494094489999725,0],[114.35208463400011,-3.4492435729999329,0],[114.35208157300008,-3.4492366659999334,0],[114.35210549600004,-3.4488104469999712,0],[114.35221927700002,-3.447933791999958,0],[114.35271887600004,-3.4471130459999699,0],[114.35298379300002,-3.446677837999971,0],[114.35309052400009,-3.4463501609999412,0],[114.3536251490001,-3.4447088069999268,0],[114.35378647800007,-3.4442135099999405,0],[114.35413386700009,-3.443052249999937,0],[114.35426771800007,-3.4426048079999418,0],[114.35461578600007,-3.4415529529999276,0],[114.35462999900005,-3.4415100009999264,0],[114.35365715800003,-3.4413757479999276,0],[114.3530977370001,-3.441366999999957,0],[114.35114243800001,-3.440921484999933,0],[114.35101011900008,-3.440891335999936,0],[114.34942247400011,-3.4397284129999548,0],[114.34849050100001,-3.4385673199999474,0],[114.34759116900011,-3.436623625999971,0],[114.3471290330001,-3.4346496839999645,0],[114.34671418200003,-3.4325799809999467,0],[114.34670422200008,-3.4323793049999267,0],[114.34663582100006,-3.4310010479999278,0],[114.34677629900011,-3.4299492099999611,0],[114.34710916300003,-3.4292303849999257,0],[114.34749844000009,-3.4282621739999399,0],[114.34805228200003,-3.4272944199999529,0],[114.34821978000002,-3.4265473649999763,0],[114.34825124000008,-3.4255581619999589,0],[114.3477332220001,-3.423952088999954,0],[114.34712248200003,-3.4225001489999727,0],[114.34703273400009,-3.4215739219999364,0],[114.34709776000011,-3.4200927609999781,0],[114.34721231500009,-3.4197514859999387,0],[114.34753233000004,-3.4187981189999732,0],[114.34827246100008,-3.4178434649999758,0],[114.3495961640001,-3.4171373799999287,0],[114.3517180660001,-3.4165260649999709,0],[114.35310308100009,-3.4160052639999776,0],[114.35401107600001,-3.4151861069999541,0],[114.35405802100001,-3.4151437549999741,0],[114.35474098100008,-3.4133006469999714,0],[114.35475000400004,-3.4110000039999591,0],[114.3549491760001,-3.4104113589999656,0],[114.35558172200001,-3.4085418979999531,0],[114.35777709000001,-3.4020535859999654,0],[114.35847207300003,-3.3999995969999759,0],[114.35928689800005,-3.3975914279999415,0],[114.36282999900004,-3.3871199969999566,0],[114.3627150530001,-3.38693027599993,0],[114.35617285700005,-3.3761321959999577,0],[114.35452766900005,-3.3734167669999806,0],[114.35147000000006,-3.3683699989999809,0],[114.3515850870001,-3.3682515829999602,0],[114.35175624700003,-3.3680754739999657,0],[114.35547363600006,-3.3642505779999397,0],[114.3604428970001,-3.359137604999944,0],[114.36046000300007,-3.3591200039999762,0],[114.35983183100006,-3.3585240749999343,0],[114.3495500030001,-3.3487699959999304,0],[114.34966158200007,-3.3485719399999425,0],[114.3526246350001,-3.3433124329999373,0],[114.35267794100002,-3.343217812999967,0],[114.35450910300005,-3.3399674489999711,0],[114.35663941100006,-3.3371550319999415,0],[114.36159362500007,-3.3306145169999581,0],[114.36214999700007,-3.3298799989999566,0],[114.35947373400006,-3.3249628329999723,0],[114.35797000400009,-3.322199995999938,0],[114.35863982400008,-3.320241532999944,0],[114.35993999700008,-3.3164400019999789,0],[114.3639284190001,-3.3085340579999638,0],[114.3672358880001,-3.3019779159999416,0],[114.36747018400001,-3.3015134899999339,0],[114.36829602800003,-3.2998764889999279,0],[114.37448859100004,-3.2959918239999411,0],[114.37411965100011,-3.2954365649999318,0],[114.3720825370001,-3.2923706959999777,0],[114.37401150400001,-3.2885469819999571,0],[114.37467620700011,-3.287229368999931,0],[114.37478714400004,-3.2870094639999365,0],[114.37520000000006,-3.2874700039999425,0],[114.37622999600001,-3.2885099989999276,0],[114.37646995000011,-3.2883315999999354,0],[114.38925000100005,-3.2788299959999563,0],[114.40436985200006,-3.2674972979999666,0],[114.40907121400005,-3.2639735109999606,0],[114.41028999600007,-3.2630600039999536,0],[114.41034051800011,-3.2630765219999489,0],[114.41155781100008,-3.2634745109999699,0],[114.41195999700005,-3.2636060039999393,0],[114.41469971900005,-3.2612294339999721,0],[114.42474000200002,-3.252519996999979,0],[114.42798236900001,-3.2495160459999397,0],[114.43299034500001,-3.244876311999974,0],[114.43592999800001,-3.2426099949999525,0],[114.43616649600006,-3.2419073309999362,0],[114.43711998900005,-3.2390743849999808,0],[114.43971566300002,-3.232881205999945,0],[114.44090223600006,-3.2300500899999633,0],[114.44114798900011,-3.2294637329999318,0],[114.44348764000006,-3.2238814139999477,0],[114.44518424700004,-3.2198333119999347,0],[114.44590709300007,-3.2181086039999514,0],[114.44629086500004,-3.2171929469999441,0],[114.44633134900005,-3.2170963529999312,0],[114.44756514800008,-3.2141525799999613,0],[114.44800607100001,-3.2131005649999338,0],[114.44896165400007,-3.210820617999957,0],[114.44943985700002,-3.2096796509999308,0],[114.44949000400004,-3.2095600019999324,0],[114.44948198900011,-3.20955056899993,0],[114.4487764380001,-3.20872017399995,0],[114.44855335200009,-3.208391967999944,0],[114.4467740770001,-3.2057742819999362,0],[114.44656222600008,-3.2054626049999797,0],[114.44591600500007,-3.2045118789999378,0],[114.44583242200008,-3.2043889109999668,0],[114.44469505800009,-3.202715613999942,0],[114.4434346700001,-3.200861323999959,0],[114.44191577600009,-3.1986267199999361,0],[114.44165199600002,-3.1982386449999467,0],[114.44162535400005,-3.1981994489999579,0],[114.43952606700009,-3.1951197069999466,0],[114.43918764600005,-3.1946232299999338,0],[114.4386045760001,-3.1937678429999323,0],[114.4362911390001,-3.1903739389999259,0],[114.43553095000004,-3.1892587139999478,0],[114.43513436500007,-3.1886769089999802,0],[114.43480212300005,-3.1881894969999394,0],[114.43377999800009,-3.1866900039999564,0],[114.43363383000008,-3.1867738069999518,0],[114.43116459900011,-3.1881894979999288,0],[114.43078622700011,-3.1884064309999758,0],[114.42981047900003,-3.1889658589999499,0],[114.42974084200011,-3.1890057849999494,0],[114.42832449200012,-3.1898178249999773,0],[114.42703000000006,-3.1905600009999375,0],[114.42638784400003,-3.1885325389999366,0],[114.42627919300003,-3.1881894979999288,0],[114.42506371600007,-3.1843519049999713,0],[114.42381995300002,-3.1804250059999504,0],[114.42366000200002,-3.1799199979999457,0],[114.4319828560001,-3.1726517849999709,0],[114.43286643200008,-3.1718801719999306,0],[114.4331300020001,-3.1716500009999322,0],[114.43645412900003,-3.1681116719999523,0],[114.44886129100007,-3.154905011999972,0],[114.44950638600005,-3.1542183479999721,0],[114.44979828300006,-3.1539076419999788,0],[114.45384390000004,-3.1506803629999354,0],[114.45406999600004,-3.1505000009999549,0],[114.45673008000006,-3.1469581989999256,0],[114.45784428000002,-3.1454746819999286,0],[114.4599518120001,-3.1432902629999262,0],[114.46213580000006,-3.141226339999946,0],[114.46384598100008,-3.1397244769999588,0],[114.46580977300005,-3.138218022999979,0],[114.47737000200004,-3.1293499989999418,0],[114.48005787700004,-3.126512795999929,0],[114.48020285100006,-3.1263597679999293,0],[114.48025000300004,-3.1263099969999644,0],[114.48056216700002,-3.1259525889999509,0],[114.48162999700003,-3.1247299959999282,0],[114.48497625100003,-3.1216413589999661,0],[114.48578370900009,-3.1207723239999723,0],[114.48737103400003,-3.1190639489999512,0],[114.48781848200008,-3.1185823779999282,0],[114.48871662100009,-3.1178470389999688,0],[114.48886214200002,-3.1177278949999732,0],[114.49052373900008,-3.1163674829999763,0],[114.49199525900008,-3.1151626939999346,0],[114.49461413300003,-3.1127454179999745,0],[114.49462000300002,-3.1127399989999276,0],[114.49462727400009,-3.1127340339999705,0],[114.49664707200009,-3.1110770389999516,0],[114.51160000000004,-3.0988100009999471,0],[114.51750150700002,-3.0938724159999538,0],[114.51955906000001,-3.0921509329999708,0],[114.52611000000002,-3.086670000999959,0],[114.52604444700012,-3.0865957959999264,0],[114.52557769900011,-3.0860674479999375,0],[114.52471241300009,-3.0850879619999318,0],[114.52097539700003,-3.0808577339999488,0],[114.52052208900011,-3.0803445979999537,0],[114.51840094400006,-3.07794350599994,0],[114.51823000100001,-3.0777500009999699,0],[114.51824770600001,-3.0777341839999508,0],[114.52002023600005,-3.0761506029999737,0],[114.52413999800001,-3.0724700019999318,0],[114.52829390000011,-3.0763894409999466,0],[114.52870553000002,-3.0767778369999519,0],[114.53199382500009,-3.079880525999954,0],[114.53315665500008,-3.0809777219999432,0],[114.53350053400004,-3.0813021909999634,0],[114.53353000200002,-3.0813299959999654,0],[114.5381940850001,-3.0762025459999336,0],[114.54311096100002,-3.0707971879999718,0],[114.54312898300009,-3.0707773749999774,0],[114.54581000400003,-3.0678299989999687,0],[114.54133987700004,-3.0635312269999417,0],[114.53990697100005,-3.0621532489999481,0],[114.53981000400006,-3.062059999999974,0],[114.53972619300009,-3.0619700619999435,0],[114.53504246700004,-3.0569439759999568,0],[114.53426124000009,-3.056127025999956,0],[114.53414095100004,-3.0558954159999416,0],[114.53361782200011,-3.0548881609999512,0],[114.53137739100009,-3.0508665649999784,0],[114.52843877400005,-3.045591720999937,0],[114.52807577400006,-3.0448904799999355,0],[114.52805999600002,-3.0448599999999715,0],[114.5280868210001,-3.0448018819999447,0],[114.52861352700006,-3.0436607299999423,0],[114.52912236200007,-3.0426122089999694,0],[114.53014223200012,-3.040510630999961,0],[114.53303000000005,-3.0345600019999779,0],[114.52879825100001,-3.0301642299999685,0],[114.52666012300006,-3.0279432269999802,0],[114.52659717600011,-3.0278778399999737,0],[114.52658000400004,-3.0278600029999438,0],[114.52741987000002,-3.0269780469999432,0],[114.52852236500007,-3.0258203009999534,0],[114.53094439000006,-3.0232768949999809,0],[114.53096056400011,-3.0232599099999788,0],[114.53096100400001,-3.0232594479999761,0],[114.53097000000002,-3.0232500019999407,0],[114.52716299800011,-3.0189507629999639,0],[114.52464651900004,-3.0161088899999413,0],[114.52358979400003,-3.0149155259999247,0],[114.51914793900005,-3.0098993149999274,0],[114.51908272200001,-3.0098256659999265,0],[114.51905999700011,-3.0098000019999631,0],[114.52255997400005,-3.0043343539999796,0],[114.52258297700007,-3.0042984319999277,0],[114.51275061900003,-3.0016944179999427,0],[114.50525728500008,-2.9997098749999509,0],[114.50521999800003,-2.9996999999999616,0],[114.50598178500002,-2.9988083119999374,0],[114.50948924600004,-2.9947027569999705,0],[114.51050040600001,-2.9935191729999246,0],[114.51242005200004,-2.9907965819999731,0],[114.51271951100011,-2.9903718659999754,0],[114.51497582100001,-2.9879814669999405,0],[114.51566037800001,-2.9873150389999523,0],[114.51812238200012,-2.9849182369999312,0],[114.51919380600009,-2.9837758749999352,0],[114.51932199600003,-2.9836391969999454,0],[114.51934000300002,-2.9836199979999378,0],[114.52001468700007,-2.9828016989999355,0],[114.52018516300006,-2.9825949349999519,0],[114.52104587400004,-2.9814724399999477,0],[114.52696273000004,-2.9737559689999671,0],[114.52926606800008,-2.970897119999961,0],[114.53015000200003,-2.9698000009999532,0],[114.5300718850001,-2.96966081599993,0],[114.52892770100004,-2.9676221499999542,0],[114.52678362400002,-2.9635489659999621,0],[114.52577309100002,-2.9616292179999277,0],[114.52331000300001,-2.9569499959999348,0],[114.52523477200009,-2.953818872999932,0],[114.52591211200001,-2.9527170069999329,0],[114.53610486200012,-2.9594828589999338,0],[114.5394635880001,-2.9551477719999752,0],[114.54210591300011,-2.9517373399999656,0],[114.54327359400008,-2.9502302209999698,0],[114.5442256880001,-2.9490013589999649,0],[114.53977273100008,-2.9448829439999713,0],[114.53968883900006,-2.9443077179999477,0],[114.53951999600008,-2.9431500019999248,0],[114.53758843000003,-2.9388566319999541,0],[114.53640813100003,-2.9362331319999271,0],[114.53539133100003,-2.9339730459999487,0],[114.53530415200009,-2.933779268999956,0],[114.53521000400008,-2.933570002999943,0],[114.5329904890001,-2.9318805569999427,0],[114.51841716000001,-2.9207876629999419,0],[114.51686999700007,-2.9196099969999523,0],[114.51691689000006,-2.9195965029999797,0],[114.51756520900005,-2.9194099379999443,0],[114.51826000200003,-2.9192099989999747,0],[114.52752557500003,-2.9229383199999575,0],[114.53587817400012,-2.9262992799999665,0],[114.53839000400001,-2.9273100029999455,0],[114.53843838600005,-2.927174890999936,0],[114.53904339000007,-2.9254853359999515,0],[114.53992629200002,-2.923019715999942,0],[114.54056000000003,-2.9212500019999652,0],[114.54359235700008,-2.9135174159999337,0],[114.54387724200001,-2.9127909529999556,0],[114.54463849800004,-2.9108497309999279,0],[114.54543079600001,-2.9085659669999586,0],[114.54570000000001,-2.9077899959999627,0],[114.54612127100006,-2.9070440069999677,0],[114.54720453500011,-2.9051257509999573,0],[114.54735817800008,-2.9048242459999756,0],[114.55238154100005,-2.894966515999954,0],[114.55355224000004,-2.8924205629999733,0],[114.5538100010001,-2.8918600019999303,0],[114.55381423100005,-2.891851691999932,0],[114.55438674600009,-2.890727022999954,0],[114.55782000000011,-2.8839826159999689,0],[114.56057541500002,-2.8785697949999758,0],[114.5611034100001,-2.8775305459999458,0],[114.56112867000002,-2.8774808259999531,0],[114.56427474500003,-2.8705255209999336,0],[114.56459495100012,-2.8698176139999418,0],[114.56723999600001,-2.8639699979999591,0],[114.56752606300006,-2.8641654409999546,0],[114.56769791800002,-2.8642828529999633,0],[114.57386061900002,-2.8684932439999784,0],[114.57579908500009,-2.8698176149999313,0],[114.57683523800006,-2.8705255199999442,0],[114.57779313500009,-2.8711799619999283,0],[114.58048606800003,-2.8729015849999655,0],[114.5806400030001,-2.8729999979999548,0],[114.58444522600007,-2.8753394039999307,0],[114.5910767260001,-2.8791913839999665,0],[114.59241750600006,-2.8811903199999733,0],[114.59411252100006,-2.8837173769999254,0],[114.59692284800008,-2.8879072239999459,0],[114.59695662200011,-2.8879575759999625,0],[114.59888999900011,-2.8908399989999793,0],[114.60034387600001,-2.8902744049999569,0],[114.61231593000002,-2.8856169869999349,0],[114.61528999800009,-2.8844600029999583,0],[114.61384544700002,-2.8782792229999359,0],[114.61380860700001,-2.8781215969999607,0],[114.61309888200003,-2.8750849009999797,0],[114.61296538000011,-2.8745136869999328,0],[114.61279617100001,-2.8737896959999603,0],[114.61223999600008,-2.8714100009999584,0],[114.61184347400001,-2.8705255199999442,0],[114.6093167460001,-2.8648894159999259,0],[114.60931652700003,-2.8648886209999773,0],[114.6093163270001,-2.8648878939999349,0],[114.60931612700006,-2.8648871629999348,0],[114.60931591600001,-2.8648863979999533,0],[114.60931571800006,-2.8648856749999254,0],[114.60931549300005,-2.864884854999957,0],[114.60931530500011,-2.8648841729999504,0],[114.60931503400002,-2.8648831869999754,0],[114.60931473300002,-2.8648820909999699,0],[114.60931446000006,-2.8648810989999447,0],[114.60931422500005,-2.8648802429999591,0],[114.60931387000005,-2.8648789499999339,0],[114.60931357700008,-2.8648778849999417,0],[114.60931237500006,-2.8648736089999716,0],[114.60931170100002,-2.8648714399999449,0],[114.60931166700004,-2.8648713299999713,0],[114.60931163300006,-2.8648712199999409,0],[114.60571726800003,-2.8533016489999454,0],[114.60521575500002,-2.851687376999962,0],[114.60518875300011,-2.8516004629999543,0],[114.60327370300001,-2.8454362849999484,0],[114.60206595700004,-2.8415487809999718,0],[114.60241732500003,-2.8385679919999802,0],[114.60244742400005,-2.8383126499999776,0],[114.60247008100009,-2.8380183999999531,0],[114.60250999700008,-2.837500003999935,0],[114.60241034500007,-2.8370780509999349,0],[114.60219710100012,-2.8361751199999503,0],[114.60144430100002,-2.8329875749999474,0],[114.60140000100012,-2.8327999989999739,0],[114.60131474000002,-2.8325564609999674,0],[114.60045175500011,-2.8300914439999474,0],[114.60038465500008,-2.8298997789999589,0],[114.59996540600002,-2.8287022439999419,0],[114.59906163400001,-2.8261207239999635,0],[114.59895037600006,-2.8258029289999627,0],[114.5988763360001,-2.8251366049999547,0],[114.59881207100011,-2.824558245999981,0],[114.59872777400005,-2.8237996189999421,0],[114.59845710700006,-2.8213637479999534,0],[114.59806472500009,-2.8178324989999624,0],[114.59806369500006,-2.817823227999952,0],[114.59806000300011,-2.8177900029999705,0],[114.59802521900008,-2.8175887549999743,0],[114.5977377260001,-2.8159254179999493,0],[114.59768137300011,-2.8155993799999806,0],[114.59792361100006,-2.815543641999966,0],[114.60204383900009,-2.8145955899999535,0],[114.60737602800009,-2.8133686689999422,0],[114.60997628400003,-2.8129198099999257,0],[114.61032558600004,-2.8128595139999675,0],[114.61180282500004,-2.8124498069999504,0],[114.61181376900004,-2.8124467719999302,0],[114.61323216500011,-2.8119787899999551,0],[114.61328403000005,-2.8119616779999319,0],[114.61427612500006,-2.8116563829999563,0],[114.61449552200008,-2.8115684909999459,0],[114.61489152000001,-2.8114098499999614,0],[114.6152863100001,-2.8112516929999742,0],[114.61746918500012,-2.8106776619999323,0],[114.62425203700002,-2.8078712939999377,0],[114.62603789400009,-2.8073145039999758,0],[114.62617326000009,-2.8072772309999436,0],[114.62683157900005,-2.8070959639999273,0],[114.62805829200011,-2.8067581899999254,0],[114.62982620200012,-2.8063640629999327,0],[114.63163913200003,-2.8060242599999583,0],[114.63243867300002,-2.8059512639999298,0],[114.63347931600003,-2.8058562569999594,0],[114.63483403200007,-2.8056749949999471,0],[114.6359415610001,-2.8055268069999784,0],[114.63788094500001,-2.8052053269999533,0],[114.64009070700001,-2.8048572739999713,0],[114.64090576100011,-2.8047729469999467,0],[114.64277442500008,-2.804579609999962,0],[114.64283281100006,-2.804573568999956,0],[114.64411362500005,-2.8043772949999379,0],[114.64616119700008,-2.8042639249999297,0],[114.64747809700009,-2.804230428999972,0],[114.64830800100003,-2.8042501849999439,0],[114.64948050700002,-2.8043610269999704,0],[114.65206522500011,-2.8043113419999486,0],[114.65416198700007,-2.8042710369999782,0],[114.65544279200003,-2.8041289849999771,0],[114.65713851600003,-2.8036985019999747,0],[114.65759270600006,-2.8036173319999307,0],[114.6582389130001,-2.8035018459999606,0],[114.65920408500006,-2.803223561999971,0],[114.66006087300002,-2.8027461879999578,0],[114.66108920800002,-2.8023957119999636,0],[114.66229769900008,-2.8018196059999809,0],[114.66328985700011,-2.8011707489999367,0],[114.66437229000007,-2.800558227999943,0],[114.66528326600007,-2.7998188079999409,0],[114.66612190900003,-2.7990611619999299,0],[114.6666721580001,-2.7986193249999474,0],[114.66704192600002,-2.7981590449999771,0],[114.66745682300007,-2.7977892519999727,0],[114.66868342300006,-2.7964628829999469,0],[114.66887221500008,-2.7962438219999513,0],[114.66975667200006,-2.7952175609999586,0],[114.6705773430001,-2.7941796429999499,0],[114.67162361400005,-2.7927534699999796,0],[114.67261677100009,-2.7915060419999804,0],[114.67283674800001,-2.7912297449999528,0],[114.67343277600003,-2.790481118999935,0],[114.67385115900004,-2.7899556209999332,0],[114.67553775100009,-2.7878075379999245,0],[114.6766019160001,-2.78637234699994,0],[114.6771520420001,-2.7851169269999332,0],[114.67776525700003,-2.783870669999942,0],[114.67812587500009,-2.7832114879999494,0],[114.67829716600011,-2.7825971309999318,0],[114.67829705100007,-2.782380178999972,0],[114.67894643000011,-2.7809351179999453,0],[114.67898983800001,-2.7807305959999553,0],[114.6793971080001,-2.7788116869999726,0],[114.67954133800004,-2.7777362519999542,0],[114.67970335700011,-2.7763726359999623,0],[114.67970348200004,-2.7763715819999675,0],[114.67970144900005,-2.77636279099994,0],[114.67955915500011,-2.7757475599999566,0],[114.67940562000001,-2.7745901799999615,0],[114.6793332960001,-2.773875903999965,0],[114.67924600100002,-2.7733645639999622,0],[114.67921597100008,-2.7731886579999809,0],[114.67895420900004,-2.7714254069999242,0],[114.67862924000008,-2.7703580869999769,0],[114.6782773110001,-2.7695167049999441,0],[114.67792561800002,-2.7687386009999386,0],[114.67760983900007,-2.7681684809999751,0],[114.6770323610001,-2.7669560309999497,0],[114.67677073900006,-2.7664583339999353,0],[114.67655412500005,-2.7660692029999723,0],[114.67531820700003,-2.7644577119999667,0],[114.67451540000002,-2.763778158999969,0],[114.67424764000009,-2.7634997589999557,0],[114.6737575730001,-2.7629902179999704,0],[114.67306296200002,-2.7621933629999376,0],[114.67273812200006,-2.7615689899999438,0],[114.67223292500012,-2.7607725079999454,0],[114.67152913200005,-2.7591982289999351,0],[114.67095159200005,-2.7576965159999531,0],[114.67055451100009,-2.7562222779999388,0],[114.67050012600009,-2.7546492789999775,0],[114.67052612300006,-2.7543908339999348,0],[114.67059921900011,-2.7536641549999672,0],[114.67097795600012,-2.7522276009999587,0],[114.67132955000011,-2.7506011609999632,0],[114.67144416400004,-2.7500056669999253,0],[114.67144433600004,-2.7500047709999649,0],[114.67194823900002,-2.7485955779999358,0],[114.67253217300004,-2.7473582939999801,0],[114.67335948000004,-2.7459678109999572,0],[114.67381664700008,-2.7452003369999716,0],[114.67391594100002,-2.7449815739999508,0],[114.67441105300009,-2.7438907519999702,0],[114.67502846000002,-2.7427258449999385,0],[114.67629745600004,-2.7411283059999505,0],[114.67723484600003,-2.7402171299999623,0],[114.67851522700005,-2.7390987069999255,0],[114.67934972900002,-2.7385850709999318,0],[114.68141881000008,-2.7374410579999449,0],[114.68250494200004,-2.7368736689999764,0],[114.68301901200005,-2.7367416349999303,0],[114.68564879700011,-2.7360661999999252,0],[114.68665480200002,-2.7358421579999685,0],[114.68839236300005,-2.7356737719999273,0],[114.69166200900008,-2.7356077839999671,0],[114.69233648700003,-2.7357085259999394,0],[114.69537711300006,-2.7358467249999308,0],[114.69666904600001,-2.7360947579999788,0],[114.69750092900006,-2.7364075719999619,0],[114.69806117500002,-2.7366182419999632,0],[114.69824651300007,-2.7366867379999462,0],[114.69950728300012,-2.7371526829999766,0],[114.70206464500006,-2.7382643129999451,0],[114.70438309500003,-2.7392487109999593,0],[114.70524214800002,-2.7395478389999539,0],[114.70658826500005,-2.7398766979999323,0],[114.70823980400007,-2.7403212909999297,0],[114.71032860200012,-2.7407000979999339,0],[114.71117264700001,-2.7407626079999545,0],[114.71379489700007,-2.7409568129999684,0],[114.71456941000008,-2.7410195369999428,0],[114.71562422000011,-2.7411049619999517,0],[114.71666271600009,-2.7410617539999294,0],[114.71689628400009,-2.7410206399999311,0],[114.71803438900008,-2.7408203059999323,0],[114.71924814900001,-2.7403706339999303,0],[114.71999120600003,-2.740155098999935,0],[114.72091730000011,-2.7397952739999596,0],[114.72191193100002,-2.7394174979999661,0],[114.72306657800004,-2.7388501889999475,0],[114.72407255200005,-2.7382735529999422,0],[114.72531866100007,-2.737878172999956,0],[114.72635889100002,-2.7375366379999377,0],[114.72720481900001,-2.7370681719999652,0],[114.73006302700003,-2.7358893779999676,0],[114.73153776800007,-2.7351961019999749,0],[114.73308106200011,-2.7346204739999393,0],[114.73389940700008,-2.7342078739999351,0],[114.73508167300008,-2.7336117899999408,0],[114.73551629700012,-2.733394402999977,0],[114.73580189800009,-2.7332515539999349,0],[114.7365298950001,-2.7328549159999511,0],[114.73687665700004,-2.7326659889999405,0],[114.73819114100002,-2.731954314999939,0],[114.7390269760001,-2.7315751559999626,0],[114.73924295100005,-2.7314771829999245,0],[114.7399124320001,-2.7311015149999776,0],[114.74067195500004,-2.7306753209999783,0],[114.74330130600003,-2.7291886749999321,0],[114.74486746500008,-2.7281610589999445,0],[114.74531425800001,-2.7278823849999299,0],[114.74982402700005,-2.7250695499999438,0],[114.74999730000002,-2.7249614759999758,0],[114.75000191800007,-2.7249595449999333,0],[114.7518047750001,-2.7242054979999466,0],[114.75315342600004,-2.7237344579999672,0],[114.75584674000004,-2.7227937709999424,0],[114.75837144500008,-2.7220300809999571,0],[114.76007431900007,-2.7213460439999722,0],[114.76055598100004,-2.7211525629999755,0],[114.76148517200011,-2.7207793119999337,0],[114.76179017300001,-2.7205990769999744,0],[114.76202016000002,-2.7203915809999444,0],[114.76217355200004,-2.7201839419999487,0],[114.76296385900002,-2.7170685549999689,0],[114.76300166600004,-2.7169195179999406,0],[114.76309225800003,-2.7165624039999443,0],[114.76323012400007,-2.7160189369999443,0],[114.76331049300006,-2.7157021219999251,0],[114.76342365300002,-2.7154065499999547,0],[114.76455211900009,-2.712458996999942,0],[114.76792486800002,-2.7052421129999402,0],[114.76808005300006,-2.7048924149999607,0],[114.770879132,-2.6985849099999655,0],[114.77352081200002,-2.6949194269999452,0],[114.77611252300005,-2.6924742719999699,0],[114.77727225600006,-2.6915831859999457,0],[114.77821358400001,-2.6908599119999508,0],[114.77926403400011,-2.689975148999963,0],[114.78110582800002,-2.6884238589999541,0],[114.78187640300007,-2.6877748259999521,0],[114.78410296700008,-2.6856664399999772,0],[114.78463019500009,-2.6851671949999627,0],[114.78646365500003,-2.6830279739999696,0],[114.78701093000006,-2.682242457999962,0],[114.78776537500005,-2.6797534209999299,0],[114.78873136600009,-2.6765664559999323,0],[114.78925039400008,-2.6748540989999583,0],[114.78991867900004,-2.6726493169999799,0],[114.79023114000006,-2.671618455999976,0],[114.7907574620001,-2.6698820329999648,0],[114.79186897300008,-2.6642790029999333,0],[114.7918704870001,-2.6642648669999289,0],[114.79187590800007,-2.6642142619999731,0],[114.79299124300007,-2.6538014399999383,0],[114.79307264900001,-2.6530414349999774,0],[114.79321760000005,-2.6516881669999748,0],[114.79312751200007,-2.65017844099998,0],[114.79294833600011,-2.6471757349999621,0],[114.79284191300007,-2.645392261999973,0],[114.7927368930001,-2.6436323159999802,0],[114.79241811700001,-2.6408382659999461,0],[114.79190310000001,-2.6318081029999689,0],[114.79187565100005,-2.6313268099999618,0],[114.79186516100003,-2.631118120999929,0],[114.79166884000006,-2.6272124339999436,0],[114.79165660100011,-2.6269689529999596,0],[114.79168284900004,-2.6267695039999808,0],[114.79204135000009,-2.6240453699999762,0],[114.79205380100007,-2.6239507559999424,0],[114.79245353400006,-2.6209133069999666,0],[114.79247345400006,-2.619345558999953,0],[114.79247884900008,-2.6189209809999738,0],[114.79252015700001,-2.6156699969999408,0],[114.79262092800002,-2.6144132719999789,0],[114.79300867400002,-2.6095776339999475,0],[114.79308156200011,-2.6089525469999444,0],[114.79345458100011,-2.6057535519999533,0],[114.79353458900005,-2.6050674019999747,0],[114.79391277500008,-2.6022745829999394,0],[114.79417462700007,-2.6011329159999264,0],[114.79424177600004,-2.6008401489999642,0],[114.79479505900008,-2.5984278439999571,0],[114.79495325200003,-2.5977381269999569,0],[114.79533363500002,-2.5965043199999513,0],[114.79551642800004,-2.5959114149999323,0],[114.79579815500006,-2.5949833169999579,0],[114.79594048000001,-2.5945144559999562,0],[114.79601189200002,-2.5942792019999388,0],[114.79609834500002,-2.5939900219999572,0],[114.7962522790001,-2.5934751289999554,0],[114.79628236500002,-2.5933835959999669,0],[114.79648507800005,-2.5927668559999688,0],[114.79690630700009,-2.5920601939999415,0],[114.79727237900011,-2.591583858999968,0],[114.79730138900004,-2.5915461109999569,0],[114.79571048000003,-2.5898652539999603,0],[114.78708044000007,-2.5849321709999344,0],[114.78675774500005,-2.5848557149999465,0],[114.78635159000009,-2.5866608569999698,0],[114.7861536260001,-2.5875406969999517,0],[114.78579950800008,-2.5891145439999264,0],[114.78555324400008,-2.5902090389999444,0],[114.78536864800003,-2.5910294499999509,0],[114.78534361000004,-2.5910991209999565,0],[114.78461536700001,-2.5931255449999639,0],[114.78431537100005,-2.5939603149999471,0],[114.78382799300005,-2.5953164919999381,0],[114.78376752200006,-2.5954681429999482,0],[114.78103778000002,-2.6023138699999322,0],[114.7806785570001,-2.6032147269999655,0],[114.77977851000003,-2.6054718469999329,0],[114.77947880600004,-2.6062046169999462,0],[114.77784985400001,-2.6051159639999355,0],[114.75033800600011,-2.5868909529999655,0],[114.74709296700007,-2.5848608409999656,0],[114.74306697400004,-2.5823421489999419,0],[114.74277101000007,-2.5821569909999766,0],[114.73755847600012,-2.5790092949999348,0],[114.73637060700003,-2.5782919729999776,0],[114.72562219100007,-2.5718012429999249,0],[114.72498433900012,-2.5714160549999292,0],[114.71858941400001,-2.5675542549999477,0],[114.71734447800009,-2.567492007999931,0],[114.71798047200002,-2.5663771089999727,0],[114.72054344600008,-2.5618841669999597,0],[114.72156805000009,-2.5600879999999506,0],[114.72298320800007,-2.557607154999971,0],[114.72473572400008,-2.5545348779999699,0],[114.72600902400006,-2.5523026769999433,0],[114.72706820400003,-2.5504458349999481,0],[114.72747185900005,-2.549738184999967,0],[114.72762755200006,-2.5494652379999252,0],[114.72763290800003,-2.5494592759999364,0],[114.72952081400001,-2.5473578059999795,0],[114.73423495700001,-2.5421103189999599,0],[114.73569936700005,-2.5404802089999521,0],[114.73680450100005,-2.5392500209999298,0],[114.73821118700005,-2.5370395149999467,0],[114.73898598700009,-2.535965383999951,0],[114.74151897200011,-2.5324537989999385,0],[114.74446681900008,-2.5283670179999262,0],[114.74485119200006,-2.5278341339999315,0],[114.75014493100002,-2.520755329999929,0],[114.75150807400007,-2.5190848199999323,0],[114.75535935500011,-2.5143650829999729,0],[114.75609222900005,-2.5134597699999404,0],[114.75668841200002,-2.5127233099999557,0],[114.75763684600008,-2.5115517109999246,0],[114.75853706400005,-2.5101439319999486,0],[114.75955728200006,-2.5085484849999489,0],[114.75983603800012,-2.5081125569999472,0],[114.76078514200003,-2.5066283119999753,0],[114.76467237200006,-2.5007975409999403,0],[114.76537490200008,-2.4997437479999576,0],[114.76548936100005,-2.4995720589999451,0],[114.76694705700004,-2.4973855049999543,0],[114.76717372400003,-2.4970455019999349,0],[114.76850366700012,-2.4950505599999246,0],[114.76867092800001,-2.494799665999949,0],[114.76915002800001,-2.4940810019999731,0],[114.76941422900006,-2.4936846929999774,0],[114.76954659800003,-2.4934861359999445,0],[114.7695799490001,-2.493436107999969,0],[114.7697136700001,-2.4932355209999741,0],[114.76974674200005,-2.4931859129999339,0],[114.76975306700001,-2.4931764239999552,0],[114.76975682400007,-2.4931707879999294,0],[114.76976113600006,-2.4931643209999379,0],[114.76975643900005,-2.4931489149999493,0],[114.76956940800005,-2.4925355619999436,0],[114.76954908100004,-2.492468902999974,0],[114.76954469100008,-2.4924545039999657,0],[114.76951057500003,-2.4923426239999458,0],[114.76948586200001,-2.4922615799999335,0],[114.76947965700003,-2.49224123099998,0],[114.76946293700007,-2.49218639999998,0],[114.76945157500006,-2.4921491379999452,0],[114.76945018800006,-2.492144590999942,0],[114.76943862500002,-2.4921066719999772,0],[114.76943657600009,-2.4920999519999327,0],[114.76941831600004,-2.4920400679999375,0],[114.7694075710001,-2.4920048309999743,0],[114.76938885000004,-2.4919434379999643,0],[114.76938421900002,-2.491928249999944,0],[114.76937180400012,-2.4918875369999682,0],[114.76936855000008,-2.4918768649999379,0],[114.76936810600012,-2.4918754089999311,0],[114.76936398000009,-2.491861877999952,0],[114.76936156700003,-2.4918539669999404,0],[114.76935951200005,-2.491847226999937,0],[114.76935699900002,-2.4918389849999585,0],[114.76935444500009,-2.491830608999976,0],[114.76935436500003,-2.491830345999972,0],[114.76935221200006,-2.4918232859999421,0],[114.76935197100011,-2.4918224969999301,0],[114.76935170700006,-2.4918216299999472,0],[114.76935130200002,-2.4918203029999404,0],[114.76935098100012,-2.4918192489999456,0],[114.76935074100004,-2.4918184619999693,0],[114.76935028900004,-2.4918170159999704,0],[114.76935021000008,-2.4918167159999598,0],[114.76934794100009,-2.4918089449999457,0],[114.76934986900005,-2.4918156039999531,0],[114.76934607900012,-2.4918031749999727,0],[114.76934169300011,-2.49178878999993,0],[114.7693416410001,-2.4917886199999657,0],[114.7693333950001,-2.491761576999977,0],[114.76932011500003,-2.4917180269999335,0],[114.76929744400002,-2.4916436779999458,0],[114.76928651000003,-2.4916078219999349,0],[114.76928251100003,-2.4915947069999334,0],[114.76926480000009,-2.4915366249999806,0],[114.76922414100011,-2.4914032869999687,0],[114.76921021500004,-2.4913576179999382,0],[114.76915668800007,-2.4911820809999767,0],[114.76907937100009,-2.4909285259999479,0],[114.76895726500004,-2.4905280909999306,0],[114.76882304600008,-2.4900879319999376,0],[114.76866476000009,-2.48956884699993,0],[114.76864058000001,-2.4894895499999734,0],[114.76843664400008,-2.4888207589999638,0],[114.76810998200006,-2.487749502999975,0],[114.76793530600003,-2.4871766659999253,0],[114.76756615700003,-2.4859660789999793,0],[114.76748364500008,-2.485695489999955,0],[114.76721594200001,-2.4848074559999418,0],[114.76688222200005,-2.4837004289999527,0],[114.76661860200011,-2.4828259439999556,0],[114.76593554100009,-2.4805600759999606,0],[114.76583080500006,-2.4802126469999735,0],[114.76559682400011,-2.4794364779999682,0],[114.76538603600011,-2.4787372519999735,0],[114.76471340600006,-2.4765059959999576,0],[114.76457632500001,-2.4760512699999708,0],[114.76444566500004,-2.4756178439999417,0],[114.76400415100011,-2.474153251999951,0],[114.76377559100001,-2.4733950719999598,0],[114.76137247500003,-2.4654234879999422,0],[114.76136710000003,-2.4654056579999519,0],[114.76125403700007,-2.4650306079999496,0],[114.75986678200002,-2.4612156539999432,0],[114.7591263060001,-2.4591793439999492,0],[114.75884257600001,-2.4583990899999435,0],[114.75884257700011,-2.457760958999927,0],[114.74349369700008,-2.4593332019999252,0],[114.7405019580001,-2.4585868229999619,0],[114.73989743000004,-2.4587691049999307,0],[114.72735490900004,-2.4625510199999781,0],[114.7268169350001,-2.462650875999941,0],[114.7273758230001,-2.4603325759999279,0],[114.72739030800005,-2.4602964239999778,0],[114.72896687000002,-2.4568127419999541,0],[114.73046911900008,-2.4534932269999672,0],[114.73185954400003,-2.4504207749999409,0],[114.7329675740001,-2.4479723149999586,0],[114.73512315400001,-2.4432089769999266,0],[114.73570537300009,-2.4419223939999597,0],[114.7363262990001,-2.4405502679999245,0],[114.73650428400003,-2.440156955999953,0],[114.73651519900011,-2.4401328359999752,0],[114.73662123600002,-2.4398985149999248,0],[114.73684391800009,-2.439406427999927,0],[114.73685189800005,-2.439356825999937,0],[114.73683151600005,-2.4393485249999571,0],[114.72468128800006,-2.4344000709999705,0],[114.72116523500006,-2.43296806099994,0],[114.72010196700001,-2.4325622099999578,0],[114.70437578200006,-2.4265594259999261,0],[114.70434714700002,-2.4265504759999317,0],[114.69407682200006,-2.4226274529999614,0],[114.69371560700006,-2.4224894759999529,0],[114.69301277500006,-2.4222210079999513,0],[114.67852412400009,-2.4170082809999371,0],[114.67381779100003,-2.4153150069999469,0],[114.65938112300012,-2.4101208039999733,0],[114.65712397900006,-2.4093086889999427,0],[114.65213400000005,-2.4075358979999351,0],[114.64512921000005,-2.4050472789999731,0],[114.64495154200006,-2.4049841579999338,0],[114.64456714300002,-2.4048475899999744,0],[114.64433632800001,-2.4047655869999289,0],[114.64527283700011,-2.4026539629999775,0],[114.64532892700004,-2.4025274909999439,0],[114.64960516700012,-2.3928852879999454,0],[114.65222589200005,-2.3869758319999619,0],[114.65649455500011,-2.3775984749999566,0],[114.65715172500006,-2.3761547819999578,0],[114.66040972300004,-2.368997401999934,0],[114.66573671200001,-2.3571871659999601,0],[114.66861058000006,-2.3507740359999616,0],[114.67478005400005,-2.3371100729999625,0],[114.67802760100005,-2.3300165479999464,0],[114.67806775100007,-2.3299288469999624,0],[114.67979080500004,-2.3261651569999344,0],[114.68053875800001,-2.3245313799999394,0],[114.68048896200003,-2.3237298459999352,0],[114.68042011000011,-2.3226215549999552,0],[114.68043306200002,-2.3055716989999269,0],[114.68049290800002,-2.2969586389999677,0],[114.68062223200002,-2.2900680659999466,0],[114.68084184000008,-2.2783628069999509,0],[114.68091259800008,-2.2745902009999668,0],[114.68092462800007,-2.273948761999975,0],[114.68101383600003,-2.2697043089999624,0],[114.68107423600009,-2.2668777669999258,0],[114.68109615100002,-2.2658521269999596,0],[114.68118184000002,-2.261841540999967,0],[114.6811923140001,-2.2613512779999496,0],[114.68120450800006,-2.2607804829999623,0],[114.68120925700009,-2.2605581689999781,0],[114.68121511000004,-2.2602842079999732,0],[114.68122208700004,-2.2599576139999726,0],[114.68122411100001,-2.2598628759999428,0],[114.68124722200002,-2.258781006999925,0],[114.68126555900005,-2.2579226149999272,0],[114.68126849700002,-2.2577850879999346,0],[114.68128873700005,-2.2568375189999301,0],[114.68131089800011,-2.2558000599999559,0],[114.68131875800009,-2.2554320739999412,0],[114.68132099800005,-2.255327174999934,0],[114.68133159000001,-2.2548313099999291,0],[114.68133696700011,-2.2545795309999335,0],[114.68134744200006,-2.2540891309999438,0],[114.6813574680001,-2.2536197109999421,0],[114.68136935000007,-2.2530633839999723,0],[114.68138743700001,-2.252216490999956,0],[114.68141639300006,-2.2508606559999293,0],[114.68147218100012,-2.2482482759999698,0],[114.68147218500008,-2.2482481039999698,0],[114.68147228000009,-2.2482436629999256,0],[114.68147230900001,-2.2482422969999334,0],[114.68147244200009,-2.2482360439999525,0],[114.68147248900004,-2.2482338659999641,0],[114.68147261100012,-2.2482281239999793,0],[114.68147288300008,-2.2482154149999474,0],[114.68147377300011,-2.2481737179999755,0],[114.68147380800008,-2.2481720889999792,0],[114.68147431400007,-2.2481483969999658,0],[114.68148357000007,-2.2477149499999314,0],[114.6814893610001,-2.2474437549999493,0],[114.68149161000008,-2.2473384179999698,0],[114.68149504400003,-2.247177603999944,0],[114.68153697800005,-2.2452137269999639,0],[114.68154519100005,-2.2448290669999551,0],[114.6815681380001,-2.243754360999958,0],[114.68161964100011,-2.2413420189999442,0],[114.68164319300001,-2.2402388269999278,0],[114.68168130400011,-2.2384535699999333,0],[114.68170282700009,-2.2374453339999718,0],[114.68174575700004,-2.235434143999953,0],[114.68177348100005,-2.2341352359999291,0],[114.6817888700001,-2.2334142129999464,0],[114.68179104600006,-2.2333122539999408,0],[114.68179141300004,-2.2332950779999692,0],[114.6817925900001,-2.2332399179999243,0],[114.68179700100006,-2.2330332809999618,0],[114.68179976900001,-2.2329806849999727,0],[114.68166343700011,-2.2321937569999477,0],[114.68741666700009,-2.2164999999999395,0],[114.69383333300004,-2.1983333329999368,0],[114.69138888900011,-2.1704166669999267,0],[114.69408333300009,-2.1550833329999364,0],[114.67632068400007,-2.1230193279999412,0],[114.67490757200005,-2.1204684669999665,0],[114.6506143470001,-2.0881591579999395,0],[114.63348235100011,-2.0518962919999808,0],[114.6168370150001,-2.0166641109999546,0],[114.61889367500009,-1.9381220469999789,0],[114.61898918800011,-1.9362727569999265,0],[114.62046819300008,-1.9076365539999642,0],[114.61614860600002,-1.8668540289999669,0],[114.60935382700006,-1.7946748939999679,0],[114.60801015900006,-1.7803769429999647,0],[114.60284857900001,-1.7254526139999484,0],[114.59683525600008,-1.6703598639999768,0],[114.59680536300004,-1.6698986019999325,0],[114.59737775800011,-1.6698972249999429,0],[114.59775798700002,-1.6689493309999648,0],[114.59826169100006,-1.6676936129999262,0],[114.5984616500001,-1.6671951179999382,0],[114.60013312500007,-1.6630281419999733,0],[114.60195554100005,-1.6584848059999331,0],[114.60214550900002,-1.6580032059999326,0],[114.60442073500008,-1.6522350829999368,0],[114.60558739200007,-1.6492773489999308,0],[114.6058588410001,-1.648617627999954,0],[114.60657477000007,-1.6468776479999292,0],[114.6088702720001,-1.6412986409999348,0],[114.60900669300008,-1.640967079999939,0],[114.6096674910001,-1.6393610509999803,0],[114.60983694000004,-1.6389492159999577,0],[114.6110577070001,-1.6364188269999431,0],[114.6121923180001,-1.6341993929999603,0],[114.61316043700003,-1.632305626999937,0],[114.61400996000009,-1.6306438399999479,0],[114.61511260700001,-1.6275301269999431,0],[114.61563530500007,-1.6260540959999616,0],[114.61726371000009,-1.6217124969999759,0],[114.61879380100004,-1.6176329659999737,0],[114.61978788500005,-1.6149825079999687,0],[114.62031184400007,-1.6135855029999675,0],[114.62245878700003,-1.6082738529999574,0],[114.62293336900007,-1.6070997009999246,0],[114.62366049800005,-1.6053007189999562,0],[114.62379266900007,-1.6049737179999397,0],[114.62384591300008,-1.6048419849999505,0],[114.62401385600003,-1.6044264769999472,0],[114.62416483600009,-1.604052936999949,0],[114.62203238400002,-1.5943241669999679,0],[114.61377117100005,-1.5515131039999801,0],[114.62685925100004,-1.5180548479999629,0],[114.63937297700011,-1.4776413779999302,0],[114.64964651300011,-1.4467388959999425,0],[114.65069172700009,-1.4435949259999461,0],[114.66188888900001,-1.4081666669999322,0],[114.66224675700005,-1.3896126219999587,0],[114.66221624200011,-1.3746969539999441,0],[114.66215884400003,-1.346640845999957,0],[114.66807938800002,-1.3193118999999456,0],[114.66808055500007,-1.3193083299999557,0],[114.66808035800011,-1.3193074179999371,0],[114.65824301600003,-1.291782431999934,0],[114.66345311100008,-1.2810658489999582,0],[114.66177682700004,-1.276378637999926,0],[114.66105194400006,-1.2696734559999641,0],[114.66181022800004,-1.2653751709999597,0],[114.67566134000003,-1.2533873879999646,0],[114.68356751400006,-1.2428310249999299,0],[114.68792964500005,-1.2257618179999668,0],[114.68887793400006,-1.2141926889999581,0],[114.68868827600011,-1.2066063749999785,0],[114.68641238200007,-1.2024339029999283,0],[114.6853355720001,-1.1996314959999381,0],[114.6858434080001,-1.1965545099999417,0],[114.68760542900009,-1.1934370029999286,0],[114.69399985100006,-1.1860196169999426,0],[114.69400000000007,-1.1860194439999532,0],[114.69705832800003,-1.1694042069999568,0],[114.69737876500005,-1.1642772109999555,0],[114.68728499100007,-1.1607524009999679,0],[114.67719121700009,-1.1559458409999479,0],[114.67194907400005,-1.1585812139999803,0],[114.6687931670001,-1.1619798829999581,0],[114.66151030600008,-1.1656213139999636,0],[114.65252811100004,-1.1714476029999332,0],[114.6390548170001,-1.1726614129999575,0],[114.62671054200007,-1.1709985609999762,0],[114.61556746600002,-1.1610070519999454,0],[114.61171025100009,-1.1580044719999592,0],[114.60684826700003,-1.1579144349999524,0],[114.60360694400003,-1.1564738469999725,0],[114.60036562100004,-1.1565638839999792,0],[114.59757448200003,-1.1584546559999467,0],[114.59226231300011,-1.1580945089999659,0],[114.5859357920001,-1.1583130829999391,0],[114.58077099100001,-1.1590379679999501,0],[114.57731621300002,-1.1552133329999492,0],[114.57362470700002,-1.1533225619999712,0],[114.56799490200001,-1.1492520269999318,0],[114.56437048000009,-1.1446308889999273,0],[114.5624601510001,-1.142158004999942,0],[114.56239279100009,-1.1421729739999478,0],[114.56083948900005,-1.1425181519999796,0],[114.55975034200003,-1.1435125909999329,0],[114.55876864400011,-1.1444089229999577,0],[114.5575101280001,-1.1448063499999535,0],[114.5570579460001,-1.144949143999952,0],[114.55525721100003,-1.1460295849999511,0],[114.55437743800007,-1.1452954939999245,0],[114.55400000000009,-1.1449805559999504,0],[114.55396370900007,-1.1449827469999718,0],[114.54857000200002,-1.145308393999926,0],[114.54786442600005,-1.1453509939999549,0],[114.54706386700002,-1.1453993279999395,0],[114.54423741700009,-1.1430867779999403,0],[114.54409265400011,-1.1429683349999777,0],[114.54343371900006,-1.1423917669999355,0],[114.54337236000003,-1.1423380779999661,0],[114.54337236000003,-1.1401771969999572,0],[114.54373250700007,-1.138466497999957,0],[114.54319228600002,-1.1372059829999444,0],[114.54317931300011,-1.1370438169999488,0],[114.54301221300011,-1.1349550649999287,0],[114.54286561900005,-1.134222091999959,0],[114.54274210300002,-1.1336045139999555,0],[114.54202180900006,-1.1323439989999429,0],[114.54085133100011,-1.1319838519999621,0],[114.53896056000008,-1.1311735219999264,0],[114.5369797510001,-1.1297329339999465,0],[114.53514551500007,-1.1293599469999549,0],[114.53247791400008,-1.1282023089999598,0],[114.5309472890001,-1.1276620879999655,0],[114.52851629700001,-1.1282923459999665,0],[114.52608530400005,-1.1290126399999281,0],[114.5240144600001,-1.1291026759999454,0],[114.52309063500002,-1.1290028029999348,0],[114.52068310000004,-1.1287425289999646,0],[114.51960265900004,-1.1277521249999722,0],[114.51807203400006,-1.1270318309999539,0],[114.51796130100001,-1.1270195279999484,0],[114.51564104200008,-1.1267617209999798,0],[114.51438052700007,-1.1261314629999788,0],[114.51330008600007,-1.1255912429999739,0],[114.51140931400005,-1.1255012059999672,0],[114.51005876400006,-1.1259513899999547,0],[114.50992757100005,-1.1256249369999409,0],[114.50882620900006,-1.1228843549999397,0],[114.510203391,-1.1091353099999424,0],[114.51148050600011,-1.105893402999925,0],[114.51698192300012,-1.1038303719999476,0],[114.51973263100001,-1.1005884649999302,0],[114.52301266600011,-1.0962719419999303,0],[114.52366221500006,-1.0952835269999355,0],[114.52358942500007,-1.0945416689999661,0],[114.52125789400009,-1.0914575329999252,0],[114.51614385100004,-1.0893912539999633,0],[114.51169434700012,-1.0874521379999464,0],[114.50694890600005,-1.0854136649999759,0],[114.50018183900011,-1.0838639549999698,0],[114.49635973500006,-1.0816254639999556,0],[114.48893383200004,-1.081736297999953,0],[114.48806779500001,-1.0780989459999546,0],[114.48591423000005,-1.0755144169999653,0],[114.48260951000009,-1.0727659959999301,0],[114.48000000000002,-1.0677611109999248,0],[114.47853131200009,-1.0664492489999589,0],[114.47815449200004,-1.0648375729999771,0],[114.47859102700011,-1.0627823179999609,0],[114.48354629200003,-1.0571191579999777,0],[114.48413620400004,-1.0541695959999515,0],[114.48425418700003,-1.0465007339999488,0],[114.48319234400003,-1.0433152059999315,0],[114.47988883400001,-1.0416634509999767,0],[114.47481558700008,-1.0400116969999544,0],[114.47198400700006,-1.0377700289999439,0],[114.47047566600008,-1.0347178629999689,0],[114.46761865500002,-1.0315169569999512,0],[114.46100000000001,-1.0279999999999632,0],[114.45682036300002,-1.0263674979999564,0],[114.45446261200004,-1.0244027059999326,0],[114.45362776900004,-1.0185931999999411,0],[114.45505205000006,-1.014087548999953,0],[114.45701684200003,-1.0111403619999351,0],[114.46094642600008,-1.0077019759999644,0],[114.46375535400011,-1.0070342379999602,0],[114.46706491000009,-1.0053426869999385,0],[114.46890383200002,-1.0045583099999362,0],[114.47096686400005,-1.0022005589999594,0],[114.47126158200001,-1.0007269659999452,0],[114.47067214500009,-0.99542202799995039,0],[114.47165454000003,-0.99129596499994932,0],[114.47490324100011,-0.99003927799992653,0],[114.47931108800003,-0.98584827299993094,0],[114.48299507200011,-0.97863380299997971,0],[114.47759266600008,-0.97283912199992528,0],[114.47300000000007,-0.96723999999994703,0],[114.47259737900004,-0.96646698699993294,0],[114.47259737900004,-0.96519745899996678,0],[114.47499657200001,-0.96280823399996507,0],[114.47866785600002,-0.95879792799996721,0],[114.48637205900002,-0.9545344039999577,0],[114.49610835800001,-0.95564247399994429,0],[114.5044585710001,-0.95037541699997519,0],[114.50253159900001,-0.93611582399995541,0],[114.49888866300012,-0.93259856099996341,0],[114.49957690800011,-0.92763714699992761,0],[114.5010964600001,-0.92462595899996813,0],[114.50588002100005,-0.91971974299997328,0],[114.51800000000003,-0.91833333299996411,0],[114.5195279190001,-0.91001959099997975,0],[114.52155997600005,-0.90344437699997115,0],[114.52753203900011,-0.90251124199994592,0],[114.53947616200003,-0.90680366199995888,0],[114.5432578650001,-0.91097660799994173,0],[114.5473502860001,-0.91506902899993747,0],[114.55102297200006,-0.91716770699997596,0],[114.5554301950001,-0.91559369899994181,0],[114.55569453900011,-0.91297585299997763,0],[114.55564006200007,-0.90856312899995828,0],[114.55952261600009,-0.90415590699996073,0],[114.55902388100003,-0.89909620199995288,0],[114.5580716070001,-0.88943532799993363,0],[114.56047241100009,-0.88751468599997452,0],[114.56111080200003,-0.88700397299993483,0],[114.56543957700001,-0.88354095299996516,0],[114.5653720570001,-0.88259568299997682,0],[114.56531329900008,-0.88177307199993038,0],[114.56519397700004,-0.88010256699993761,0],[114.56973755800004,-0.87531338699994876,0],[114.57218252300004,-0.87470991499992579,0],[114.58128059800003,-0.87246430499993721,0],[114.58487251700001,-0.87196752099993091,0],[114.59442025500005,-0.87064700699994546,0],[114.60522661000005,-0.86659462399995846,0],[114.6359977300001,-0.86269750999997541,0],[114.63600000000008,-0.86269722199995158,0],[114.63599810800008,-0.86269699999996874,0],[114.63551738600006,-0.86264046899992763,0],[114.63551735600004,-0.86264046599995936,0],[114.63551732500002,-0.86264046199994482,0],[114.58508333300006,-0.8569999999999709,0],[114.54352950700002,-0.85167419899994457,0],[114.52808333300004,-0.84969444399996519,0],[114.52177138200011,-0.84808202099992513,0],[114.51340852600003,-0.84594568299996808,0],[114.50922638600002,-0.84487732699994922,0],[114.5016319020001,-0.84293726499993227,0],[114.49009413800002,-0.8399898439999447,0],[114.46833333300003,-0.83441666699997086,0],[114.46749772500004,-0.83443304499996884,0],[114.44367599500004,-0.83489996499997687,0],[114.43891232100009,-0.8349441929999557,0],[114.43478551800001,-0.8350742229999355,0],[114.42984696600001,-0.835171020999951,0],[114.39322220000008,-0.83588888799994265,0],[114.39225944900011,-0.83653616199995895,0],[114.36372222200009,-0.8557222219999403,0],[114.32483333300002,-0.85886111099995333,0],[114.31232325200006,-0.86036467399992489,0],[114.31203702900007,-0.86039907499997526,0],[114.29844581900011,-0.86203251099993849,0],[114.27583333300004,-0.86474999999995816,0],[114.27401489900001,-0.86454107299994121,0],[114.26212734900002,-0.86317526399994904,0],[114.25433793200011,-0.86228029199997991,0],[114.24886497800003,-0.86165145899997242,0],[114.23425000000009,-0.85997222199995349,0],[114.23322914800008,-0.85856832499996472,0],[114.22306623000009,-0.84459207399993375,0],[114.21811453500004,-0.83826810099992599,0],[114.21790178200001,-0.83799638599992932,0],[114.21786111100005,-0.83794444399995882,0],[114.21802408000008,-0.83376686999997673,0],[114.21807233900006,-0.83252978999996685,0],[114.21825173100001,-0.82793123999994123,0],[114.21830637200003,-0.82653056099997002,0],[114.21850328400001,-0.82148290099996757,0],[114.21859722900001,-0.81907470099997681,0],[114.21876597500011,-0.81474902599995858,0],[114.2188933970001,-0.81148267299994359,0],[114.21889964500008,-0.81132250599995359,0],[114.21890876900011,-0.81108862199994292,0],[114.21893686500005,-0.81036840199993776,0],[114.2189374510001,-0.81035336899992672,0],[114.21896506900009,-0.80964540299993359,0],[114.21897253900011,-0.80945393199993987,0],[114.21900000000005,-0.80874999999997499,0],[114.21874698000011,-0.80876604499997029,0],[114.21786246200008,-0.80882213699993599,0],[114.21526048600003,-0.80898713999994243,0],[114.20992917300009,-0.80932522299997345,0],[114.1734444440001,-0.81163888899993708,0],[114.15297222200002,-0.79572222199993803,0],[114.15139030700004,-0.79245543799993357,0],[114.14848871700008,-0.7864634179999257,0],[114.14598131900004,-0.78128543699995134,0],[114.12106196600007,-0.7296561619999693,0],[114.12100000000009,-0.72952777799997648,0],[114.12063151200005,-0.72725210899994863,0],[114.11991119100003,-0.72280362199995807,0],[114.11939463300007,-0.71961351699997067,0],[114.11911404700004,-0.71778582999996843,0],[114.11729922000006,-0.70596436399995355,0],[114.11473073900004,-0.68923585699997147,0],[114.11391895700001,-0.68394872399994711,0],[114.11366666700007,-0.68230555599996023,0],[114.11205044900009,-0.67751699699994106,0],[114.10178729100005,-0.64710913699997263,0],[114.09817465300011,-0.63640555299997459,0],[114.09575000000007,-0.62922222199995304,0],[114.09434400600003,-0.62699217799996632,0],[114.09431739600006,-0.62694997099993088,0],[114.0860969470001,-0.61391152999993892,0],[114.08574519700005,-0.61335361899995178,0],[114.08519941000009,-0.61248794799996631,0],[114.08498258400004,-0.612144040999965,0],[114.08139482600006,-0.60645350299995471,0],[114.07888961100002,-0.6024799859999348,0],[114.07297098100003,-0.5930924559999653,0],[114.06972250500007,-0.58794005299995433,0],[114.06743190500003,-0.58430693599996175,0],[114.06675295500008,-0.5832300909999617,0],[114.06328722000001,-0.57773331699996788,0],[114.0631268090001,-0.57747889999996005,0],[114.0630000000001,-0.57726944399996682,0],[114.06366319200004,-0.57675008499995783,0],[114.06414860200005,-0.57635033499997235,0],[114.06432369300001,-0.5762611069999366,0],[114.06483781800011,-0.57599910399994769,0],[114.06529074300011,-0.57580781799993019,0],[114.06560726200007,-0.57544356899995819,0],[114.06597602800002,-0.57515108699993789,0],[114.06607566000002,-0.57481463599992821,0],[114.0662656400001,-0.57417308099996944,0],[114.0663952860001,-0.57367375199993376,0],[114.06653639100011,-0.57309166399994638,0],[114.06664866100004,-0.5728018909999264,0],[114.06695288900005,-0.57224062799997455,0],[114.06698039900004,-0.57218780399995239,0],[114.06717884600005,-0.57180675499995459,0],[114.06739772900005,-0.57158011699993949,0],[114.06770232700001,-0.57123568399993019,0],[114.06815918300003,-0.57091886999995722,0],[114.06879687900005,-0.57075979199993299,0],[114.0691062090001,-0.57037907799997356,0],[114.06926135800006,-0.56989605699993717,0],[114.06941553900003,-0.56873724999996966,0],[114.06955830700008,-0.56830894699993451,0],[114.06973622200007,-0.5679952349999553,0],[114.06993902000011,-0.56690506499995763,0],[114.07012937700006,-0.56645296699997516,0],[114.07039111800009,-0.56585810199993603,0],[114.07084321500008,-0.56552497799992807,0],[114.07120013500003,-0.56512046899996449,0],[114.07134290200008,-0.56481113899997126,0],[114.07136669700003,-0.56443042599994442,0],[114.07136674600008,-0.56392168999997239,0],[114.07117634000008,-0.56300274899996339,0],[114.07115254500002,-0.56240788399992425,0],[114.07129531300006,-0.56102779599996211,0],[114.07162843800006,-0.55952873599994746,0],[114.07163669800002,-0.5594213599999307,0],[114.07167602700008,-0.55891007599996101,0],[114.07167602700008,-0.55843418399996381,0],[114.07160464300011,-0.55807726499995169,0],[114.0717236160001,-0.55764896199997338,0],[114.07203294600004,-0.55729204299996127,0],[114.0723898650001,-0.55710168599995313,0],[114.0727229900001,-0.55693512299995973,0],[114.07303232000004,-0.55703030199993009,0],[114.07336544400005,-0.55703030199993009,0],[114.07360339000002,-0.55703030199993009,0],[114.07382560600001,-0.55696012799995742,0],[114.07405548800011,-0.55688753399994084,0],[114.07457896900007,-0.55672097199993686,0],[114.0748461070001,-0.55657492899996441,0],[114.07550695900011,-0.55624507999993966,0],[114.07617320800011,-0.55581677699996135,0],[114.07672048400002,-0.5552695009999411,0],[114.07702188900009,-0.55493191699997624,0],[114.07748191200005,-0.55446048399994652,0],[114.07818389500005,-0.55361648599995306,0],[114.07845749100011,-0.5530803969999738,0],[114.07838610700003,-0.55255691499996828,0],[114.07836559100008,-0.5524201449999282,0],[114.07831472300006,-0.55208102299997108,0],[114.07771985800002,-0.55160513099997388,0],[114.07714878700006,-0.55115303299993457,0],[114.07689842400009,-0.55075662399997327,0],[114.07686325200007,-0.55070093599994152,0],[114.07655392200002,-0.55032022199992525,0],[114.07637776700005,-0.54998240099996565,0],[114.0757924940001,-0.54948740999992651,0],[114.0751738350001,-0.54917807999993329,0],[114.07479312100008,-0.54901151799992931,0],[114.07472173700012,-0.54896392899996727,0],[114.07450758500011,-0.54882116099997802,0],[114.07446622600003,-0.54877064599997993,0],[114.07440805200008,-0.54869959199993446,0],[114.07428937300006,-0.54858000199993739,0],[114.0741588090001,-0.54848431299996037,0],[114.0739333140001,-0.54826904499992679,0],[114.07381464100001,-0.54813750199997457,0],[114.07363660500005,-0.54799397699997598,0],[114.07357729500006,-0.54787441599995645,0],[114.0734289610001,-0.54769504599994434,0],[114.07329845800007,-0.54747384899997087,0],[114.07316197800003,-0.54733631999994259,0],[114.07309078200001,-0.54724065999994309,0],[114.07304337100004,-0.54706731599992509,0],[114.07299592000004,-0.54697764499996993,0],[114.07297990900008,-0.54691450599995051,0],[114.07270554400009,-0.54677340599994295,0],[114.0725312510001,-0.54668839999993679,0],[114.07227098300007,-0.54665213099997345,0],[114.07222052500003,-0.54662018599992734,0],[114.07217088900006,-0.54658876199994211,0],[114.07209373700005,-0.5465349349999542,0],[114.07201067900007,-0.54641536299993732,0],[114.07193947500002,-0.54633763299995053,0],[114.07183267500011,-0.54620609599993486,0],[114.07178523000005,-0.54610447099997828,0],[114.07177338500003,-0.54604469999992489,0],[114.07175561800011,-0.54595504299993536,0],[114.07170225600009,-0.54581157899997379,0],[114.07167262700011,-0.54569800999996687,0],[114.0716726710001,-0.54560836199993901,0],[114.07165488600003,-0.54555456399992863,0],[114.07160743500003,-0.5454648919999272,0],[114.07156590900001,-0.54539912999996432,0],[114.07148876800011,-0.54532139599996299,0],[114.0713878680001,-0.54526755799997773,0],[114.07128696200004,-0.54522567299994762,0],[114.07113264200007,-0.54514790199993968,0],[114.0710435960001,-0.54513590499993825,0],[114.07088332800004,-0.54508203699992919,0],[114.07067552500007,-0.54511181799995256,0],[114.07027774900007,-0.54512955299992427,0],[114.07016494700008,-0.54513547399994877,0],[114.06999279600007,-0.54509953099994846,0],[114.06983846200001,-0.5450516419999758,0],[114.06971974900011,-0.54500377199997274,0],[114.06959902800008,-0.54495509099996298,0],[114.06908241400004,-0.54468089899995675,0],[114.0686065220001,-0.54403844499995557,0],[114.06810683500009,-0.54344357899992701,0],[114.06744058600009,-0.54258697299997038,0],[114.06679813200003,-0.54151621599993405,0],[114.06660777500008,-0.54096893999997064,0],[114.06634603400005,-0.54068340499992473,0],[114.06596532000003,-0.54051684199993133,0],[114.06551322300004,-0.54039786899994624,0],[114.06479938500001,-0.54020751199993811,0],[114.06447875000003,-0.54022839799995381,0],[114.06405458200004,-0.54025602699994124,0],[114.06337947500003,-0.54025519899994379,0],[114.06330032400001,-0.54025510199994642,0],[114.06280063700001,-0.54020751199993811,0],[114.06244371800005,-0.54018371799998022,0],[114.06214281900009,-0.54008025299992823,0],[114.06161090700004,-0.5398267989999681,0],[114.06096845200011,-0.53942228999994768,0],[114.0607493550001,-0.53918892699994103,0],[114.06060809100006,-0.53903846499997599,0],[114.06004046300006,-0.53875604099994234,0],[114.05965736000007,-0.5383714649999547,0],[114.05918385700011,-0.53782805099996267,0],[114.0591170560001,-0.53710938099993655,0],[114.05944542100008,-0.53640981999996029,0],[114.05975951000005,-0.53535333899992565,0],[114.05939959300008,-0.53474828999992496,0],[114.05825586700007,-0.53435403799994674,0],[114.057565823,-0.53411609199997656,0],[114.05625712000005,-0.53411609199997656,0],[114.05516256700002,-0.53418747599994276,0],[114.0540680150001,-0.53406850299995767,0],[114.05318612500002,-0.53373779399993282,0],[114.05254516000002,-0.53349743199993327,0],[114.05185511700006,-0.533140512999978,0],[114.05126025100003,-0.53233149699997284,0],[114.0509985110001,-0.53180801499996733,0],[114.05088627000009,-0.53131696199994849,0],[114.05080815400004,-0.53097520399995801,0],[114.05090333200008,-0.53011859799994454,0],[114.0509985110001,-0.52911922399994182,0],[114.05092712700002,-0.52835779699995555,0],[114.05078435900009,-0.52747739599993793,0],[114.05059400200003,-0.52654940599995825,0],[114.05018949400005,-0.52602592499994216,0],[114.04957083400006,-0.52569279999994478,0],[114.04890458500006,-0.52540726499995571,0],[114.04823833600005,-0.52521690799994758,0],[114.04745311400006,-0.5250503459999436,0],[114.04700101600008,-0.52478860499996927,0],[114.04675479900004,-0.52448083299992732,0],[114.04652512400003,-0.52419373999993013,0],[114.04635856200002,-0.52362266899996257,0],[114.04633476700008,-0.52305159899992759,0],[114.04628717800006,-0.52219499299997096,0],[114.0464299460001,-0.52117182399996409,0],[114.04647753500001,-0.52045798599993986,0],[114.04664409700001,-0.51926825599997528,0],[114.04666789200007,-0.51874477399996977,0],[114.04662030200006,-0.51807852499996443,0],[114.04666789200007,-0.51715053499992791,0],[114.04659650800011,-0.5167222319999496,0],[114.04642765200003,-0.5162405839999451,0],[114.0464299460001,-0.51553250199992817,0],[114.0464299460001,-0.5150090199999795,0],[114.04652512400003,-0.51443794999994452,0],[114.04669168600003,-0.51389067399992427,0],[114.04683445400008,-0.5134385759999418,0],[114.04692963200011,-0.51308165699992969,0],[114.04704280700003,-0.5127647689999435,0],[114.0470486050001,-0.51274853199993231,0],[114.04721516800009,-0.51222505099997306,0],[114.04735793500004,-0.51196330999994188,0],[114.04742931900012,-0.51165397999994866,0],[114.04745311400006,-0.51120188299995561,0],[114.04740552500004,-0.51070219599995426,0],[114.04726275700011,-0.51008353599996781,0],[114.04709619500011,-0.5097266169999557,0],[114.04621579400009,-0.50951246599993283,0],[114.04573990200004,-0.50958384899996645,0],[114.04519262600002,-0.50946487599992452,0],[114.04496385700008,-0.50939206699996475,0],[114.04405048500007,-0.50891759999996111,0],[114.04353304600011,-0.50856851999992614,0],[114.0424800400001,-0.50801340499992875,0],[114.04240482400007,-0.50796326099992939,0],[114.04212312100003,-0.50777545899995857,0],[114.04148066700009,-0.50765648599997348,0],[114.04090959600001,-0.50765648599997348,0],[114.04072415500002,-0.50765648599997348,0],[114.04048129300008,-0.50765648599997348,0],[114.03981504400008,-0.50734715599998026,0],[114.03938674100004,-0.50718059399997628,0],[114.03867290300002,-0.50675229099994112,0],[114.03849934000004,-0.50633357599997453,0],[114.03831598400006,-0.50570532799997636,0],[114.03838736700004,-0.50494389999994382,0],[114.0384111620001,-0.50442041899992773,0],[114.03831323400004,-0.50371198499993852,0],[114.03827962700007,-0.50354967599997735,0],[114.03800665400001,-0.50223131499996043,0],[114.0377449130001,-0.50142229799996585,0],[114.03748317200007,-0.50073225399995636,0],[114.03691210200009,-0.5003991299999484,0],[114.0359603170001,-0.50016118399997822,0],[114.03556392900009,-0.50003921799992668,0],[114.03534165700012,-0.49997082699997009,0],[114.03475459700007,-0.4993022229999724,0],[114.03412813200009,-0.49878109599995923,0],[114.03360465100002,-0.49821002599992426,0],[114.03339105000009,-0.49744944999997642,0],[114.03281942900003,-0.4959971269999528,0],[114.03284090800003,-0.49522387899997966,0],[114.0328432230001,-0.49514052099993933,0],[114.03343214000006,-0.49437909399995306,0],[114.03408649200003,-0.49372474199992666,0],[114.03438392400005,-0.4931893629999422,0],[114.03445887700002,-0.49263363099993285,0],[114.03432036300001,-0.4920983189999788,0],[114.03387828900009,-0.49191040299996303,0],[114.03346188300009,-0.49185091599997577,0],[114.03271830200003,-0.49182117299994843,0],[114.03224622900007,-0.49169643899995208,0],[114.03173677400002,-0.49143451099996582,0],[114.03137985500007,-0.49107759099996429,0],[114.03128689200003,-0.49092067999993105,0],[114.03118341600009,-0.49045906299994613,0],[114.03100000000006,-0.48992222199996149,0],[114.03024961100004,-0.48902530599997363,0],[114.02955141300004,-0.48866375299996889,0],[114.02870296100002,-0.48744891299998017,0],[114.02795937900009,-0.48673507499995594,0],[114.02697785200007,-0.48596174999994446,0],[114.02569889200004,-0.48530739799997491,0],[114.02427121500011,-0.48420689799996808,0],[114.02357361400004,-0.48352177799995388,0],[114.02257584900008,-0.48251153199993269,0],[114.02159432100007,-0.48185717999996314,0],[114.02096971300011,-0.481262314999924,0],[114.02019638800004,-0.48057821999992711,0],[114.01927434700008,-0.48022130099997185,0],[114.01844914600008,-0.48023708099992746,0],[114.01813228000003,-0.48037384799994243,0],[114.01772769700005,-0.4805484759999672,0],[114.01707334500009,-0.48042950299992526,0],[114.01632976400003,-0.48022130099997185,0],[114.01555643900008,-0.47986438099997031,0],[114.01515698600008,-0.47948229599995784,0],[114.01487234400008,-0.47921002999993334,0],[114.01473824900006,-0.47854167699995287,0],[114.01463439800011,-0.4773362039999256,0],[114.01460358000008,-0.47622336599994242,0],[114.01466414100003,-0.47528391899993494,0],[114.01466951200007,-0.47485379299996566,0],[114.0147455550001,-0.47406047599997692,0],[114.01463439800011,-0.47343983699994396,0],[114.0144856820001,-0.47305317399997193,0],[114.01445593800008,-0.47254753899994739,0],[114.0144856820001,-0.47216087599997536,0],[114.01467417700007,-0.47170310099994595,0],[114.01469388400005,-0.47165524099995082,0],[114.01489917800006,-0.47139467699997795,0],[114.0151697770001,-0.47109011899993902,0],[114.01528875000008,-0.47079268599992474,0],[114.01534823600002,-0.47040602399994214,0],[114.01494306500001,-0.47007676399994125,0],[114.01403953300007,-0.46900809099997787,0],[114.01381785900003,-0.46878641699993295,0],[114.013266208,-0.46823476599996638,0],[114.01314723500002,-0.46766964399995459,0],[114.01308339700006,-0.46706751099992516,0],[114.01307312000006,-0.46679358199997978,0],[114.01305800500006,-0.46639068299992914,0],[114.01309326700004,-0.4655422259999682,0],[114.01347441100006,-0.46430865499996798,0],[114.01383133000002,-0.46365430299994159,0],[114.01421799200011,-0.4630594379999593,0],[114.01481289100002,-0.46264301099995464,0],[114.01523702500003,-0.46231985899993333,0],[114.01543746600009,-0.46216713999996273,0],[114.01570515500009,-0.46166150499993819,0],[114.01558618200011,-0.46047177399992734,0],[114.01540772300007,-0.45972819299993262,0],[114.01493183000002,-0.4585682049999491,0],[114.01478311400001,-0.45773539399993979,0],[114.01469388400005,-0.45666463699996029,0],[114.01484260100005,-0.45547490599994944,0],[114.01487234400008,-0.45499901399995224,0],[114.01478311400001,-0.45437440499995319,0],[114.01427747900004,-0.45413645899992616,0],[114.01378225100007,-0.4539529609999704,0],[114.01268884300009,-0.45349457899993695,0],[114.01265051400003,-0.45347851099995751,0],[114.01186994900002,-0.4531512799999291,0],[114.010495031,-0.45251100799993083,0],[114.00986283600002,-0.45215463399995315,0],[114.00893835000011,-0.4517566909999573,0],[114.00839716100006,-0.45149956599993857,0],[114.00743652800008,-0.4510431599999265,0],[114.00618731100008,-0.45000214599997435,0],[114.0055329600001,-0.44925856399993336,0],[114.00550907000002,-0.44922784699997464,0],[114.00533953100012,-0.44900986099997908,0],[114.00484886400011,-0.44845549599995138,0],[114.0043451790001,-0.44747464699997863,0],[114.00413591800009,-0.44714153699993631,0],[114.00404579600001,-0.44699807599994301,0],[114.00383759400006,-0.44646269799994798,0],[114.00383759400006,-0.44574885899993433,0],[114.00397197700011,-0.44506871999993791,0],[114.00461368500009,-0.44435456299993348,0],[114.00467040500007,-0.44429143899992596,0],[114.00514629700001,-0.44384528999995609,0],[114.00565193300008,-0.44336939799995889,0],[114.00571675600008,-0.44279145599995218,0],[114.00594936500011,-0.44214992399997755,0],[114.00618731100008,-0.44149557299994058,0],[114.00618875100008,-0.44128416499995637,0],[114.00648474400009,-0.44051404499992941,0],[114.00675243300009,-0.43941354399993315,0],[114.00702012300007,-0.4382832999999664,0],[114.0070349240001,-0.43803168699997741,0],[114.0070498660001,-0.43777766499994186,0],[114.0068137180001,-0.43707680399995752,0],[114.00693089300012,-0.4357253799999512,0],[114.00699037900006,-0.43489256799995246,0],[114.0070498660001,-0.43394078399995806,0],[114.00690115000009,-0.43337566199994626,0],[114.00669294700003,-0.4329295129999764,0],[114.00661307100006,-0.43255315799996197,0],[114.00672269000006,-0.43197772899992515,0],[114.00693089300012,-0.43144234999994069,0],[114.00734729900012,-0.431234146999941,0],[114.0079470180001,-0.43079303899997967,0],[114.00839716100006,-0.43028715199994849,0],[114.00850728600005,-0.43016338999996151,0],[114.00918406800008,-0.42971476499997152,0],[114.00949139800002,-0.42932479399996737,0],[114.01014316500004,-0.42849776699995346,0],[114.01029188200005,-0.42733777999995937,0],[114.01032162500007,-0.42576138699996591,0],[114.01014443300005,-0.42461964299997135,0],[114.00951855700009,-0.42225168199996688,0],[114.00928061100001,-0.42144861399992806,0],[114.00919380500011,-0.42134994699995332,0],[114.00876832200004,-0.42086633099995652,0],[114.00839716100006,-0.42032283499997902,0],[114.0081503670001,-0.41996145099994919,0],[114.00779344700004,-0.41936658499997748,0],[114.00768426100001,-0.41849370199997793,0],[114.00744736000001,-0.41736711999993759,0],[114.00719858200011,-0.41618405599996322,0],[114.00690115000009,-0.41558919099992409,0],[114.00583039200001,-0.41365587899997536,0],[114.00535450000007,-0.4125553779999791,0],[114.00472989100001,-0.41169282399994245,0],[114.00355201000002,-0.41044360899996946,0],[114.00229094400004,-0.40898618699992539,0],[114.00160684900004,-0.40761799699993162,0],[114.00151761900008,-0.40660672599994996,0],[114.00116946700007,-0.40455432699997118,0],[114.00095105500009,-0.40316210199995339,0],[114.00083352400009,-0.40241292599995404,0],[114.00026840200007,-0.40104473599996027,0],[114.00006627400001,-0.40069215499994471,0],[113.99990717800006,-0.40041463699992619,0],[113.99976276700011,-0.39961705899997924,0],[113.99973302300009,-0.39878424799996992,0],[113.99983153700009,-0.39857475799993836,0],[113.99997096900006,-0.39789194999997335,0],[114.00012960800007,-0.39742135199998074,0],[114.00017917200012,-0.39664273299996466,0],[113.99965526200003,-0.39627510399992616,0],[113.9987812390001,-0.39598838099993827,0],[113.99806598900011,-0.39586285499996166,0],[113.99658382700011,-0.3951060959999495,0],[113.99648831900004,-0.39505733199996484,0],[113.99580691300002,-0.39470942099995909,0],[113.99479792400007,-0.39428788799995118,0],[113.99417103300004,-0.39348994699997775,0],[113.99404157300012,-0.39318237199995565,0],[113.99353138900005,-0.39264887499996348,0],[113.99280284300005,-0.39256790599995384,0],[113.99229720800008,-0.39274636499993676,0],[113.99167259900003,-0.39253816199993707,0],[113.99130914400007,-0.39214029299995445,0],[113.99090797000008,-0.39159762499997441,0],[113.99091253900008,-0.39102969899994378,0],[113.99060184200005,-0.39036690399996132,0],[113.99006646300006,-0.38977203899997903,0],[113.9900619660001,-0.38924069299997655,0],[113.99036389600008,-0.38727360499996166,0],[113.99009620600009,-0.38602438799995298,0],[113.98988800300003,-0.385221319999971,0],[113.98962705700001,-0.38477642399993783,0],[113.98911467900007,-0.38403158899996015,0]]]},"properties":{"objectid":526,"namobj":"Kapuas","fcode":"BA03050040","remark":null,"metadata":"TASWIL5000020240905KABKOTA","srs_id":"4326","kdbbps":null,"kdcbps":null,"kdcpum":null,"kdebps":null,"kdepum":null,"kdpbps":null,"kdpkab":"62.03","kdppum":"62","luaswh":17033.539854929997,"tipadm":4,"wadmkc":null,"wadmkd":null,"wadmkk":"Kapuas","wadmpr":"Kalimantan Tengah","wiadkc":null,"wiadkk":null,"wiadpr":null,"wiadkd":null,"st_area(shape)":1.3845752895704901,"st_length(shape)":9.0997496382077045}}]}